ID,YEAR,CANTIDAD,ID_PAIS
1,1960,54608.0,157
2,1960,8622466.0,161
3,1960,5357195.0,135
4,1960,1608800.0,190
5,1960,9443.0,134
6,1960,133426.0,187
7,1960,20349744.0,16
8,1960,1904148.0,36
9,1960,20085.0,158
10,1960,55342.0,136
11,1960,10276477.0,17
12,1960,7047539.0,13
13,1960,3894500.0,193
14,1960,2746628.0,208
15,1960,9153489.0,18
16,1960,2512284.0,89
17,1960,4783259.0,75
18,1960,50396429.0,197
19,1960,7867374.0,22
20,1960,160691.0,188
21,1960,3262539.0,39
22,1960,8198000.0,20
23,1960,91403.0,163
24,1960,44400.0,38
25,1960,3707515.0,164
26,1960,73092515.0,21
27,1960,232550.0,162
28,1960,85346.0,198
29,1960,221266.0,19
30,1960,512865.0,165
31,1960,1679728.0,76
32,1960,17909356.0,23
33,1960,5327827.0,107
34,1960,8141820.0,43
35,1960,5117608.0,82
36,1960,15687688.0,25
37,1960,194852.0,209
38,1960,209849.0,210
39,1960,1346302.0,26
40,1960,7267395.0,85
41,1960,8473.0,186
42,1960,585725.0,27
43,1960,9602006.0,88
44,1960,85940.0,195
45,1960,59379.0,199
46,1960,4579603.0,28
47,1960,3298021.0,86
48,1960,11394307.0,114
49,1960,4618158.0,90
50,1960,993568.0,219
51,1960,30455000.0,29
52,1960,1211537.0,30
53,1960,21739710.0,130
54,1960,4429634.0,31
55,1960,401841.0,131
56,1960,46649927.0,1
57,1960,513340.0,132
58,1960,6911510.0,5
59,1960,3516814.0,140
60,1960,267351.0,211
61,1960,8331725.0,6
62,1960,93772.0,139
63,1960,4128880.0,7
64,1960,72374.0,35
65,1960,2078617.0,141
66,1960,4140181.0,87
67,1960,3901139.0,8
68,1960,9983967.0,10
69,1960,88382881.0,12
70,1960,445954579.0,15
71,1960,2828600.0,46
72,1960,7084678.0,47
73,1960,175574.0,48
74,1960,2114020.0,49
75,1960,1642331.0,51
76,1960,847936.0,52
77,1960,93216000.0,53
78,1960,9319283.0,93
79,1960,7751435.0,94
80,1960,5541676.0,77
81,1960,47093.0,224
82,1960,305415.0,56
83,1960,1798092.0,59
84,1960,1137026.0,145
85,1960,1426986.0,58
86,1960,16472.0,184
87,1960,9783871.0,117
88,1960,737838.0,146
89,1960,2778550.0,60
90,1960,313970.0,61
91,1960,2120979.0,57
92,1960,11769774.0,63
93,1960,21797.0,98
94,1960,5073342.0,62
95,1960,91650.0,200
96,1960,36268055.0,66
97,1960,15374.0,225
98,1960,1462368.0,182
99,1960,5346792.0,148
100,1960,326550.0,97
101,1960,21720697.0,150
102,1960,977903.0,96
103,1960,6788375.0,149
104,1960,838478.0,205
105,1960,676683.0,65
106,1960,3621081.0,147
107,1960,7833782.0,64
108,1960,590181.0,151
109,1960,3497431.0,153
110,1960,44928342.0,67
111,1960,1789684.0,133
112,1960,3581239.0,68
113,1960,10167941.0,152
114,1960,4582.0,202
115,1960,2371800.0,69
116,1960,536553.0,155
117,1960,45954226.0,70
118,1960,1126989.0,156
119,1960,10172207.0,72
120,1960,28486871.0,73
121,1960,9446.0,222
122,1960,1985666.0,166
123,1960,29637450.0,74
124,1960,2358000.0,84
125,1960,8857716.0,99
126,1960,1894829.0,71
127,1960,36385.0,115
128,1960,18406905.0,101
129,1960,119897000.0,103
130,1960,2966162.0,189
131,1960,8326462.0,118
132,1960,3273177.0,160
133,1960,1646400.0,116
134,1960,133440.0,106
135,1960,2301310.0,171
136,1960,2779327.0,92
137,1960,15556.0,105
138,1960,2870732.0,215
139,1960,268396.0,119
140,1960,1584720.0,104
141,1960,7484656.0,108
142,1960,345065.0,172
143,1960,41700.0,170
144,1960,4610712.0,173
145,1960,1651367.0,177
146,1960,26596584.0,109
147,1960,2131992.0,176
148,1960,1602052.0,11
149,1960,67428.0,175
150,1960,847063.0,121
151,1960,4195467.0,122
152,1960,5404.0,226
153,1960,7617746.0,123
154,1960,42767251.0,111
155,1960,2529021.0,124
156,1960,8372311.0,125
157,1960,7850.0,206
158,1960,64608.0,178
159,1960,113335.0,168
160,1960,16520441.0,102
161,1960,3119430.0,154
162,1960,3806310.0,113
163,1961,55811.0,157
164,1961,8790140.0,161
165,1961,5441333.0,135
166,1961,1659800.0,190
167,1961,10216.0,134
168,1961,140984.0,187
169,1961,20680653.0,16
170,1961,1971530.0,36
171,1961,20626.0,158
172,1961,56245.0,136
173,1961,10483000.0,17
174,1961,7086299.0,13
175,1961,4045750.0,193
176,1961,2815972.0,208
177,1961,9183948.0,18
178,1961,2551216.0,89
179,1961,4852833.0,75
180,1961,51882769.0,197
181,1961,7943118.0,22
182,1961,166970.0,188
183,1961,3325333.0,39
184,1961,8271216.0,20
185,1961,93757.0,163
186,1961,45500.0,38
187,1961,3784744.0,164
188,1961,75330008.0,21
189,1961,233698.0,162
190,1961,89561.0,198
191,1961,227071.0,19
192,1961,524403.0,165
193,1961,1710364.0,76
194,1961,18271000.0,23
195,1961,5434294.0,107
196,1961,8313535.0,43
197,1961,5200355.0,82
198,1961,16182414.0,25
199,1961,198617.0,209
200,1961,214788.0,210
201,1961,1396138.0,26
202,1961,7418518.0,85
203,1961,8626.0,186
204,1961,594771.0,27
205,1961,9586651.0,88
206,1961,89270.0,195
207,1961,60395.0,199
208,1961,4611687.0,28
209,1961,3408415.0,86
210,1961,11598608.0,114
211,1961,4751507.0,90
212,1961,1016932.0,219
213,1961,30739250.0,29
214,1961,1225077.0,30
215,1961,22281675.0,130
216,1961,4461005.0,31
217,1961,414534.0,131
218,1961,47161641.0,1
219,1961,519329.0,132
220,1961,7109029.0,5
221,1961,3578631.0,140
222,1961,272264.0,211
223,1961,8398050.0,6
224,1961,95096.0,139
225,1961,4251911.0,7
226,1961,73873.0,35
227,1961,2139928.0,141
228,1961,4167292.0,87
229,1961,3974934.0,8
230,1961,10029321.0,10
231,1961,90816938.0,12
232,1961,456351876.0,15
233,1961,2824400.0,46
234,1961,7260714.0,47
235,1961,179029.0,48
236,1961,2185000.0,49
237,1961,1663754.0,51
238,1961,891848.0,52
239,1961,94055000.0,53
240,1961,9639302.0,93
241,1961,8047470.0,94
242,1961,5664654.0,77
243,1961,48275.0,224
244,1961,339697.0,56
245,1961,1853295.0,59
246,1961,1165005.0,145
247,1961,1478760.0,58
248,1961,16834.0,184
249,1961,10022888.0,117
250,1961,760895.0,146
251,1961,2823550.0,60
252,1961,316845.0,61
253,1961,2152681.0,57
254,1961,12081713.0,63
255,1961,21907.0,98
256,1961,5206239.0,62
257,1961,93952.0,200
258,1961,37439317.0,66
259,1961,15867.0,225
260,1961,1481112.0,182
261,1961,5420247.0,148
262,1961,325250.0,97
263,1961,22203109.0,150
264,1961,1011502.0,96
265,1961,6917521.0,149
266,1961,861663.0,205
267,1961,680757.0,65
268,1961,3708193.0,147
269,1961,8074805.0,64
270,1961,601424.0,151
271,1961,3602530.0,153
272,1961,45855507.0,67
273,1961,1844630.0,133
274,1961,3609800.0,68
275,1961,10365144.0,152
276,1961,4753.0,202
277,1961,2419700.0,69
278,1961,546443.0,155
279,1961,47060915.0,70
280,1961,1160832.0,156
281,1961,10478096.0,72
282,1961,29342411.0,73
283,1961,9639.0,222
284,1961,2035672.0,166
285,1961,29964000.0,74
286,1961,2399722.0,84
287,1961,8929316.0,99
288,1961,1941208.0,71
289,1961,40111.0,115
290,1961,18555250.0,101
291,1961,121236000.0,103
292,1961,3046654.0,189
293,1961,8577490.0,118
294,1961,3367082.0,160
295,1961,1702400.0,116
296,1961,136780.0,106
297,1961,2341065.0,171
298,1961,2858896.0,92
299,1961,15895.0,105
300,1961,2945662.0,215
301,1961,277969.0,119
302,1961,1594131.0,104
303,1961,7519998.0,108
304,1961,352971.0,172
305,1961,42889.0,170
306,1961,4751534.0,173
307,1961,1678788.0,177
308,1961,27399963.0,109
309,1961,2208026.0,176
310,1961,1658569.0,11
311,1961,69391.0,175
312,1961,865028.0,121
313,1961,4236386.0,122
314,1961,5436.0,226
315,1961,7838440.0,123
316,1961,43365219.0,111
317,1961,2561153.0,124
318,1961,8692048.0,125
319,1961,7885.0,206
320,1961,66462.0,178
321,1961,116820.0,168
322,1961,16989464.0,102
323,1961,3219451.0,154
324,1961,3925952.0,113
325,1962,56682.0,157
326,1962,8969047.0,161
327,1962,5521400.0,135
328,1962,1711319.0,190
329,1962,11014.0,134
330,1962,148877.0,187
331,1962,21020359.0,16
332,1962,2039346.0,36
333,1962,21272.0,158
334,1962,57008.0,136
335,1962,10742000.0,17
336,1962,7129864.0,13
337,1962,4168150.0,193
338,1962,2887398.0,208
339,1962,9220578.0,18
340,1962,2593302.0,89
341,1962,4924497.0,75
342,1962,53461661.0,197
343,1962,8012946.0,22
344,1962,173359.0,188
345,1962,3387512.0,39
346,1962,8351928.0,20
347,1962,96188.0,163
348,1962,46600.0,38
349,1962,3864140.0,164
350,1962,77599218.0,21
351,1962,234829.0,162
352,1962,93837.0,198
353,1962,233417.0,19
354,1962,536428.0,165
355,1962,1742502.0,76
356,1962,18614000.0,23
357,1962,5573815.0,107
358,1962,8486120.0,43
359,1962,5303841.0,82
360,1962,16691282.0,25
361,1962,202527.0,209
362,1962,221484.0,210
363,1962,1447037.0,26
364,1962,7574265.0,85
365,1962,8799.0,186
366,1962,601095.0,27
367,1962,9624660.0,88
368,1962,93122.0,195
369,1962,61224.0,199
370,1962,4647727.0,28
371,1962,3521164.0,86
372,1962,11778260.0,114
373,1962,4890425.0,90
374,1962,1041552.0,219
375,1962,31023366.0,29
376,1962,1241623.0,30
377,1962,22852158.0,130
378,1962,4491443.0,31
379,1962,427695.0,131
380,1962,47679792.0,1
381,1962,525754.0,132
382,1962,7281192.0,5
383,1962,3642324.0,140
384,1962,277490.0,211
385,1962,8448233.0,6
386,1962,96052.0,139
387,1962,4378604.0,7
388,1962,75412.0,35
389,1962,2202854.0,141
390,1962,4196712.0,87
391,1962,4049504.0,8
392,1962,10061734.0,10
393,1962,93345489.0,12
394,1962,467024193.0,15
395,1962,2836050.0,46
396,1962,7481832.0,47
397,1962,182378.0,48
398,1962,2293000.0,49
399,1962,1683761.0,51
400,1962,934615.0,52
401,1962,94933000.0,53
402,1962,9959414.0,93
403,1962,8363578.0,94
404,1962,5788854.0,77
405,1962,49508.0,224
406,1962,378190.0,56
407,1962,1911959.0,59
408,1962,1194085.0,145
409,1962,1535157.0,58
410,1962,17221.0,184
411,1962,10267067.0,117
412,1962,784681.0,146
413,1962,2863350.0,60
414,1962,320750.0,61
415,1962,2181586.0,57
416,1962,12404757.0,63
417,1962,22106.0,98
418,1962,5343117.0,62
419,1962,96332.0,200
420,1962,38683283.0,66
421,1962,16387.0,225
422,1962,1497338.0,182
423,1962,5494845.0,148
424,1962,323900.0,97
425,1962,22699703.0,150
426,1962,1045315.0,96
427,1962,7060376.0,149
428,1962,885938.0,205
429,1962,700349.0,65
430,1962,3799155.0,147
431,1962,8324218.0,64
432,1962,613808.0,151
433,1962,3711068.0,153
434,1962,46821845.0,67
435,1962,1901451.0,133
436,1962,3638918.0,68
437,1962,10570716.0,152
438,1962,4950.0,202
439,1962,2482000.0,69
440,1962,557139.0,155
441,1962,48161841.0,70
442,1962,1196289.0,156
443,1962,10792094.0,72
444,1962,30185979.0,73
445,1962,9851.0,222
446,1962,2082562.0,166
447,1962,30308500.0,74
448,1962,2450322.0,84
449,1962,8993985.0,99
450,1962,1989376.0,71
451,1962,45123.0,115
452,1962,18676550.0,101
453,1962,122591000.0,103
454,1962,3122124.0,189
455,1962,8841338.0,118
456,1962,3463524.0,160
457,1962,1750200.0,116
458,1962,140254.0,106
459,1962,2382914.0,171
460,1962,2937821.0,92
461,1962,16242.0,105
462,1962,3022827.0,215
463,1962,288291.0,119
464,1962,1603649.0,104
465,1962,7561588.0,108
466,1962,361070.0,172
467,1962,44042.0,170
468,1962,4894995.0,173
469,1962,1706841.0,177
470,1962,28242174.0,109
471,1962,2287181.0,176
472,1962,1716868.0,11
473,1962,71388.0,175
474,1962,881519.0,121
475,1962,4281744.0,122
476,1962,5471.0,226
477,1962,8068828.0,123
478,1962,43924755.0,111
479,1962,2592441.0,124
480,1962,9038222.0,125
481,1962,7902.0,206
482,1962,68391.0,178
483,1962,120163.0,168
484,1962,17503133.0,102
485,1962,3323427.0,154
486,1962,4049778.0,113
487,1963,57475.0,157
488,1963,9157465.0,161
489,1963,5599827.0,135
490,1963,1762621.0,190
491,1963,11839.0,134
492,1963,157006.0,187
493,1963,21364017.0,16
494,1963,2106142.0,36
495,1963,21949.0,158
496,1963,57778.0,136
497,1963,10950000.0,17
498,1963,7175811.0,13
499,1963,4293550.0,193
500,1963,2948133.0,208
501,1963,9289770.0,18
502,1963,2638082.0,89
503,1963,4998671.0,75
504,1963,55094115.0,197
505,1963,8078145.0,22
506,1963,179891.0,188
507,1963,3448532.0,39
508,1963,8437232.0,20
509,1963,98862.0,163
510,1963,47700.0,38
511,1963,3945729.0,164
512,1963,79915555.0,21
513,1963,235875.0,162
514,1963,98277.0,198
515,1963,240268.0,19
516,1963,549041.0,165
517,1963,1776214.0,76
518,1963,18964000.0,23
519,1963,5694247.0,107
520,1963,8656006.0,43
521,1963,5427511.0,82
522,1963,17210956.0,25
523,1963,206546.0,209
524,1963,228814.0,210
525,1963,1498647.0,26
526,1963,7736352.0,85
527,1963,8985.0,186
528,1963,607072.0,27
529,1963,9670685.0,88
530,1963,97670.0,195
531,1963,62031.0,199
532,1963,4684483.0,28
533,1963,3635798.0,86
534,1963,11969451.0,114
535,1963,5034334.0,90
536,1963,1067295.0,219
537,1963,31296651.0,29
538,1963,1258857.0,30
539,1963,23448979.0,130
540,1963,4523309.0,31
541,1963,441385.0,131
542,1963,48189939.0,1
543,1963,532592.0,132
544,1963,7458243.0,5
545,1963,3707945.0,140
546,1963,283018.0,211
547,1963,8479625.0,6
548,1963,96882.0,139
549,1963,4508444.0,7
550,1963,76996.0,35
551,1963,2267708.0,141
552,1963,4225675.0,87
553,1963,4122260.0,8
554,1963,10087947.0,10
555,1963,95962527.0,12
556,1963,477933619.0,15
557,1963,2852650.0,46
558,1963,7735824.0,47
559,1963,185653.0,48
560,1963,2379000.0,49
561,1963,1703868.0,51
562,1963,978607.0,52
563,1963,95900000.0,53
564,1963,10277790.0,93
565,1963,8697200.0,94
566,1963,5913680.0,77
567,1963,50780.0,224
568,1963,420494.0,56
569,1963,1971511.0,59
570,1963,1224169.0,145
571,1963,1594758.0,58
572,1963,17625.0,184
573,1963,10517531.0,117
574,1963,809138.0,146
575,1963,2898950.0,60
576,1963,324100.0,61
577,1963,2210919.0,57
578,1963,12726686.0,63
579,1963,22442.0,98
580,1963,5484252.0,62
581,1963,98775.0,200
582,1963,39982118.0,66
583,1963,16947.0,225
584,1963,1511854.0,182
585,1963,5570462.0,148
586,1963,322550.0,97
587,1963,23210687.0,150
588,1963,1075888.0,96
589,1963,7209807.0,149
590,1963,911290.0,205
591,1963,718861.0,65
592,1963,3893628.0,147
593,1963,8579350.0,64
594,1963,627358.0,151
595,1963,3822697.0,153
596,1963,47822569.0,67
597,1963,1960155.0,133
598,1963,3666537.0,68
599,1963,10782717.0,152
600,1963,5198.0,202
601,1963,2531800.0,69
602,1963,568603.0,155
603,1963,49325050.0,70
604,1963,1233267.0,156
605,1963,11112665.0,72
606,1963,31043711.0,73
607,1963,10076.0,222
608,1963,2129222.0,166
609,1963,30712000.0,74
610,1963,2504530.0,84
611,1963,9030355.0,99
612,1963,2039390.0,71
613,1963,50950.0,115
614,1963,18797850.0,101
615,1963,123960000.0,103
616,1963,3191311.0,189
617,1963,9115091.0,118
618,1963,3562469.0,160
619,1963,1795000.0,116
620,1963,143863.0,106
621,1963,2426750.0,171
622,1963,3014885.0,92
623,1963,16583.0,105
624,1963,3102170.0,215
625,1963,299332.0,119
626,1963,1616971.0,104
627,1963,7604328.0,108
628,1963,369527.0,172
629,1963,45176.0,170
630,1963,5045245.0,173
631,1963,1736697.0,177
632,1963,29114124.0,109
633,1963,2368868.0,176
634,1963,1776387.0,11
635,1963,73441.0,175
636,1963,897658.0,121
637,1963,4332926.0,122
638,1963,5503.0,226
639,1963,8311013.0,123
640,1963,44445903.0,111
641,1963,2622936.0,124
642,1963,9394588.0,125
643,1963,7919.0,206
644,1963,70400.0,178
645,1963,123416.0,168
646,1963,18042215.0,102
647,1963,3431381.0,154
648,1963,4177931.0,113
649,1964,58178.0,157
650,1964,9355514.0,161
651,1964,5673199.0,135
652,1964,1814135.0,190
653,1964,12690.0,134
654,1964,165305.0,187
655,1964,21708487.0,16
656,1964,2171029.0,36
657,1964,22656.0,158
658,1964,58664.0,136
659,1964,11167000.0,17
660,1964,7223801.0,13
661,1964,4439250.0,193
662,1964,3033221.0,208
663,1964,9378113.0,18
664,1964,2685619.0,89
665,1964,5076111.0,75
666,1964,56774465.0,197
667,1964,8144340.0,22
668,1964,186587.0,188
669,1964,3507959.0,39
670,1964,8524224.0,20
671,1964,101772.0,163
672,1964,48900.0,38
673,1964,4029472.0,164
674,1964,82262794.0,21
675,1964,236834.0,162
676,1964,102904.0,198
677,1964,247444.0,19
678,1964,562274.0,165
679,1964,1811694.0,76
680,1964,19325000.0,23
681,1964,5789228.0,107
682,1964,8825046.0,43
683,1964,5556209.0,82
684,1964,17739754.0,25
685,1964,210665.0,209
686,1964,236362.0,210
687,1964,1550661.0,26
688,1964,7902286.0,85
689,1964,9172.0,186
690,1964,612338.0,27
691,1964,9727804.0,88
692,1964,102945.0,195
693,1964,62843.0,199
694,1964,4722072.0,28
695,1964,3752313.0,86
696,1964,12179099.0,114
697,1964,5183283.0,90
698,1964,1094042.0,219
699,1964,31609195.0,29
700,1964,1277086.0,30
701,1964,24073696.0,130
702,1964,4548543.0,31
703,1964,455214.0,131
704,1964,48733997.0,1
705,1964,539830.0,132
706,1964,7640196.0,5
707,1964,3775510.0,140
708,1964,288852.0,211
709,1964,8510429.0,6
710,1964,97613.0,139
711,1964,4640795.0,7
712,1964,78621.0,35
713,1964,2334492.0,141
714,1964,4252876.0,87
715,1964,4196349.0,8
716,1964,10119835.0,10
717,1964,98675061.0,12
718,1964,489059309.0,15
719,1964,2866550.0,46
720,1964,7997655.0,47
721,1964,188983.0,48
722,1964,2475000.0,49
723,1964,1725181.0,51
724,1964,1029447.0,52
725,1964,96903000.0,53
726,1964,10590934.0,93
727,1964,9047387.0,94
728,1964,6040847.0,77
729,1964,52092.0,224
730,1964,465748.0,56
731,1964,2030440.0,59
732,1964,1255197.0,145
733,1964,1652102.0,58
734,1964,18058.0,184
735,1964,10774086.0,117
736,1964,834215.0,146
737,1964,2935200.0,60
738,1964,327750.0,61
739,1964,2240623.0,57
740,1964,13044254.0,63
741,1964,22766.0,98
742,1964,5630024.0,62
743,1964,101241.0,200
744,1964,41333878.0,66
745,1964,17537.0,225
746,1964,1529507.0,182
747,1964,5647380.0,148
748,1964,321250.0,97
749,1964,23737818.0,150
750,1964,1104017.0,96
751,1964,7363639.0,149
752,1964,937830.0,205
753,1964,736381.0,65
754,1964,3990361.0,147
755,1964,8835925.0,64
756,1964,642054.0,151
757,1964,3937008.0,153
758,1964,48856332.0,67
759,1964,2020941.0,133
760,1964,3694339.0,68
761,1964,11002819.0,152
762,1964,5484.0,202
763,1964,2585400.0,69
764,1964,580824.0,155
765,1964,50552592.0,70
766,1964,1271461.0,156
767,1964,11442301.0,72
768,1964,31916622.0,73
769,1964,10318.0,222
770,1964,2175409.0,166
771,1964,31139450.0,74
772,1964,2554066.0,84
773,1964,9035365.0,99
774,1964,2090840.0,71
775,1964,57531.0,115
776,1964,18919126.0,101
777,1964,125345000.0,103
778,1964,3263640.0,189
779,1964,9406702.0,118
780,1964,3664599.0,160
781,1964,1841600.0,116
782,1964,147609.0,106
783,1964,2472686.0,171
784,1964,3095170.0,92
785,1964,16926.0,105
786,1964,3183590.0,215
787,1964,310288.0,119
788,1964,1632114.0,104
789,1964,7661354.0,108
790,1964,378531.0,172
791,1964,46322.0,170
792,1964,5202846.0,173
793,1964,1772652.0,177
794,1964,30013573.0,109
795,1964,2452671.0,176
796,1964,1836621.0,11
797,1964,75544.0,175
798,1964,913399.0,121
799,1964,4389417.0,122
800,1964,5525.0,226
801,1964,8564755.0,123
802,1964,44941406.0,111
803,1964,2652376.0,124
804,1964,9758147.0,125
805,1964,7949.0,206
806,1964,72493.0,178
807,1964,126582.0,168
808,1964,18603097.0,102
809,1964,3542764.0,154
810,1964,4310332.0,113
811,1965,58782.0,157
812,1965,9565147.0,161
813,1965,5736582.0,135
814,1965,1864791.0,190
815,1965,13563.0,134
816,1965,173797.0,187
817,1965,22053661.0,16
818,1965,2234051.0,36
819,1965,23391.0,158
820,1965,59644.0,136
821,1965,11388000.0,17
822,1965,7270889.0,13
823,1965,4574650.0,193
824,1965,3118134.0,208
825,1965,9463667.0,18
826,1965,2735843.0,89
827,1965,5157929.0,75
828,1965,58500159.0,197
829,1965,8204168.0,22
830,1965,193012.0,188
831,1965,3565517.0,39
832,1965,8610000.0,20
833,1965,104838.0,163
834,1965,50100.0,38
835,1965,4115511.0,164
836,1965,84623747.0,21
837,1965,237694.0,162
838,1965,107686.0,198
839,1965,255010.0,19
840,1965,570975.0,165
841,1965,1849171.0,76
842,1965,19678000.0,23
843,1965,5856472.0,107
844,1965,8994936.0,43
845,1965,5690086.0,82
846,1965,18275814.0,25
847,1965,214939.0,209
848,1965,244156.0,210
849,1965,1602736.0,26
850,1965,8067651.0,85
851,1965,9366.0,186
852,1965,617345.0,27
853,1965,9779358.0,88
854,1965,108772.0,195
855,1965,63744.0,199
856,1965,4759012.0,28
857,1965,3868712.0,86
858,1965,12381256.0,114
859,1965,5337351.0,90
860,1965,1121739.0,219
861,1965,31954292.0,29
862,1965,1294566.0,30
863,1965,24727506.0,130
864,1965,4563732.0,31
865,1965,469010.0,131
866,1965,49282756.0,1
867,1965,547535.0,132
868,1965,7827726.0,5
869,1965,3845074.0,140
870,1965,295010.0,211
871,1965,8550333.0,6
872,1965,98226.0,139
873,1965,4774984.0,7
874,1965,80255.0,35
875,1965,2403465.0,141
876,1965,4280923.0,87
877,1965,4274348.0,8
878,1965,10147935.0,10
879,1965,101157868.0,12
880,1965,500114346.0,15
881,1965,2877300.0,46
882,1965,8270544.0,47
883,1965,192286.0,48
884,1965,2563000.0,49
885,1965,1746977.0,51
886,1965,1093474.0,52
887,1965,97952000.0,53
888,1965,10897644.0,93
889,1965,9417207.0,94
890,1965,6170727.0,77
891,1965,53444.0,224
892,1965,513840.0,56
893,1965,2087445.0,59
894,1965,1287315.0,145
895,1965,1700072.0,58
896,1965,18500.0,184
897,1965,11035224.0,117
898,1965,860220.0,146
899,1965,2971450.0,60
900,1965,331500.0,61
901,1965,2265919.0,57
902,1965,13381880.0,63
903,1965,23022.0,98
904,1965,5780453.0,62
905,1965,104566.0,200
906,1965,42737991.0,66
907,1965,18154.0,225
908,1965,1547982.0,182
909,1965,5726382.0,148
910,1965,318800.0,97
911,1965,24286878.0,150
912,1965,1134072.0,96
913,1965,7524154.0,149
914,1965,965621.0,205
915,1965,753000.0,65
916,1965,4089097.0,147
917,1965,9091016.0,64
918,1965,657887.0,151
919,1965,4053524.0,153
920,1965,49925799.0,67
921,1965,2084097.0,133
922,1965,3723168.0,68
923,1965,11232951.0,152
924,1965,5804.0,202
925,1965,2628400.0,69
926,1965,593808.0,155
927,1965,51841626.0,70
928,1965,1310556.0,156
929,1965,11781581.0,72
930,1965,32805538.0,73
931,1965,10563.0,222
932,1965,2222178.0,166
933,1965,31444950.0,74
934,1965,2594000.0,84
935,1965,8998595.0,99
936,1965,2143153.0,71
937,1965,64843.0,115
938,1965,19031576.0,101
939,1965,126745000.0,103
940,1965,3348631.0,189
941,1965,9712785.0,118
942,1965,3770874.0,160
943,1965,1886900.0,116
944,1965,151495.0,106
945,1965,2520576.0,171
946,1965,3179506.0,92
947,1965,17273.0,105
948,1965,3267593.0,215
949,1965,321069.0,119
950,1965,1649160.0,104
951,1965,7733853.0,108
952,1965,388317.0,172
953,1965,47500.0,170
954,1965,5368451.0,173
955,1965,1820396.0,177
956,1965,30940270.0,109
957,1965,2538295.0,176
958,1965,1897095.0,11
959,1965,77686.0,175
960,1965,928462.0,121
961,1965,4457282.0,122
962,1965,5548.0,226
963,1965,8829056.0,123
964,1965,45387091.0,111
965,1965,2680427.0,124
966,1965,10130096.0,125
967,1965,8018.0,206
968,1965,74677.0,178
969,1965,129789.0,168
970,1965,19187194.0,102
971,1965,3658024.0,154
972,1965,4447149.0,113
973,1966,59291.0,157
974,1966,9783147.0,161
975,1966,5787044.0,135
976,1966,1914573.0,190
977,1966,14546.0,134
978,1966,182509.0,187
979,1966,22403116.0,16
980,1966,2295496.0,36
981,1966,24122.0,158
982,1966,60615.0,136
983,1966,11651000.0,17
984,1966,7322066.0,13
985,1966,4708150.0,193
986,1966,3193378.0,208
987,1966,9527807.0,18
988,1966,2788642.0,89
989,1966,5242797.0,75
990,1966,60265259.0,197
991,1966,8258057.0,22
992,1966,199019.0,188
993,1966,3620849.0,39
994,1966,8696496.0,20
995,1966,108062.0,163
996,1966,51000.0,38
997,1966,4204065.0,164
998,1966,86979283.0,21
999,1966,238494.0,162
1000,1966,112597.0,198
1001,1966,262976.0,19
1002,1966,574855.0,165
1003,1966,1888853.0,76
1004,1966,20048000.0,23
1005,1966,5918002.0,107
1006,1966,9161649.0,43
1007,1966,5829580.0,82
1008,1966,18811407.0,25
1009,1966,219369.0,209
1010,1966,252238.0,210
1011,1966,1654619.0,26
1012,1966,8230450.0,85
1013,1966,9566.0,186
1014,1966,622566.0,27
1015,1966,9821040.0,88
1016,1966,114874.0,195
1017,1966,64728.0,199
1018,1966,4797381.0,28
1019,1966,3987090.0,86
1020,1966,12613389.0,114
1021,1966,5495761.0,90
1022,1966,1150264.0,219
1023,1966,32283194.0,29
1024,1966,1308597.0,30
1025,1966,25377645.0,130
1026,1966,4580869.0,31
1027,1966,482358.0,131
1028,1966,49817041.0,1
1029,1966,555748.0,132
1030,1966,8019658.0,5
1031,1966,3916780.0,140
1032,1966,301517.0,211
1033,1966,8613651.0,6
1034,1966,98692.0,139
1035,1966,4910790.0,7
1036,1966,81879.0,35
1037,1966,2474523.0,141
1038,1966,4310701.0,87
1039,1966,4352949.0,8
1040,1966,10178653.0,10
1041,1966,103561105.0,12
1042,1966,510992617.0,15
1043,1966,2888800.0,46
1044,1966,8553883.0,47
1045,1966,195570.0,48
1046,1966,2629000.0,49
1047,1966,1768803.0,51
1048,1966,1172770.0,52
1049,1966,98851000.0,53
1050,1966,11197568.0,93
1051,1966,9802605.0,94
1052,1966,6299230.0,77
1053,1966,54428.0,224
1054,1966,565463.0,56
1055,1966,2145646.0,59
1056,1966,1320315.0,145
1057,1966,1739831.0,58
1058,1966,18957.0,184
1059,1966,11299721.0,117
1060,1966,887841.0,146
1061,1966,3008050.0,60
1062,1966,333895.0,61
1063,1966,2283217.0,57
1064,1966,13738502.0,63
1065,1966,23198.0,98
1066,1966,5936461.0,62
1067,1966,108713.0,200
1068,1966,44180437.0,66
1069,1966,18794.0,225
1070,1966,1567707.0,182
1071,1966,5806572.0,148
1072,1966,315200.0,97
1073,1966,24854704.0,150
1074,1966,1165746.0,96
1075,1966,7689643.0,149
1076,1966,994697.0,205
1077,1966,768813.0,65
1078,1966,4190764.0,147
1079,1966,9340240.0,64
1080,1966,674818.0,151
1081,1966,4172501.0,153
1082,1966,51020296.0,67
1083,1966,2150003.0,133
1084,1966,3753012.0,68
1085,1966,11470199.0,152
1086,1966,6021.0,202
1087,1966,2675900.0,69
1088,1966,607538.0,155
1089,1966,53199414.0,70
1090,1966,1350462.0,156
1091,1966,12127990.0,72
1092,1966,33704749.0,73
1093,1966,10813.0,222
1094,1966,2271490.0,166
1095,1966,31681000.0,74
1096,1966,2624995.0,84
1097,1966,8930990.0,99
1098,1966,2195955.0,71
1099,1966,73102.0,115
1100,1966,19215450.0,101
1101,1966,127468000.0,103
1102,1966,3444021.0,189
1103,1966,10014505.0,118
1104,1966,3881994.0,160
1105,1966,1934400.0,116
1106,1966,155514.0,106
1107,1966,2569736.0,171
1108,1966,3266436.0,92
1109,1966,17588.0,105
1110,1966,3353665.0,215
1111,1966,332142.0,119
1112,1966,1669905.0,104
1113,1966,7807797.0,108
1114,1966,398861.0,172
1115,1966,48699.0,170
1116,1966,5542003.0,173
1117,1966,1882458.0,177
1118,1966,31883754.0,109
1119,1966,2625653.0,176
1120,1966,1957557.0,11
1121,1966,79794.0,175
1122,1966,942599.0,121
1123,1966,4548972.0,122
1124,1966,5591.0,226
1125,1966,9104743.0,123
1126,1966,45809120.0,111
1127,1966,2707030.0,124
1128,1966,10504969.0,125
1129,1966,8139.0,206
1130,1966,76945.0,178
1131,1966,132976.0,168
1132,1966,19789771.0,102
1133,1966,3777680.0,154
1134,1966,4588529.0,113
1135,1967,59522.0,157
1136,1967,10010030.0,161
1137,1967,5827503.0,135
1138,1967,1965598.0,190
1139,1967,15745.0,134
1140,1967,191404.0,187
1141,1967,22757014.0,16
1142,1967,2355997.0,36
1143,1967,24848.0,158
1144,1967,61617.0,136
1145,1967,11799000.0,17
1146,1967,7376998.0,13
1147,1967,4832000.0,193
1148,1967,3274493.0,208
1149,1967,9580991.0,18
1150,1967,2843739.0,89
1151,1967,5330613.0,75
1152,1967,62104488.0,197
1153,1967,8310226.0,22
1154,1967,204916.0,188
1155,1967,3673367.0,39
1156,1967,8785648.0,20
1157,1967,111411.0,163
1158,1967,52000.0,38
1159,1967,4295269.0,164
1160,1967,89323288.0,21
1161,1967,239238.0,162
1162,1967,117628.0,198
1163,1967,271339.0,19
1164,1967,578723.0,165
1165,1967,1930861.0,76
1166,1967,20412000.0,23
1167,1967,5991785.0,107
1168,1967,9326268.0,43
1169,1967,5975087.0,82
1170,1967,19343961.0,25
1171,1967,224321.0,209
1172,1967,260648.0,210
1173,1967,1706062.0,26
1174,1967,8390962.0,85
1175,1967,9771.0,186
1176,1967,627695.0,27
1177,1967,9852899.0,88
1178,1967,121168.0,195
1179,1967,65760.0,199
1180,1967,4835354.0,28
1181,1967,4108916.0,86
1182,1967,12897115.0,114
1183,1967,5658446.0,90
1184,1967,1179554.0,219
1185,1967,32682947.0,29
1186,1967,1318946.0,30
1187,1967,26051596.0,130
1188,1967,4605744.0,31
1189,1967,494632.0,131
1190,1967,50334012.0,1
1191,1967,564436.0,132
1192,1967,8216086.0,5
1193,1967,3990760.0,140
1194,1967,308374.0,211
1195,1967,8684088.0,6
1196,1967,98977.0,139
1197,1967,5047435.0,7
1198,1967,83480.0,35
1199,1967,2547497.0,141
1200,1967,4338683.0,87
1201,1967,4432716.0,8
1202,1967,10216604.0,10
1203,1967,106260749.0,12
1204,1967,521987069.0,15
1205,1967,2902450.0,46
1206,1967,8848502.0,47
1207,1967,198751.0,48
1208,1967,2745000.0,49
1209,1967,1790580.0,51
1210,1967,1265680.0,52
1211,1967,99879000.0,53
1212,1967,11491228.0,93
1213,1967,10201068.0,94
1214,1967,6426445.0,77
1215,1967,54990.0,224
1216,1967,621242.0,56
1217,1967,2203202.0,59
1218,1967,1354287.0,145
1219,1967,1778578.0,58
1220,1967,19467.0,184
1221,1967,11571008.0,117
1222,1967,918923.0,146
1223,1967,3044400.0,60
1224,1967,334995.0,61
1225,1967,2301220.0,57
1226,1967,14109755.0,63
1227,1967,23281.0,98
1228,1967,6099529.0,62
1229,1967,112547.0,200
1230,1967,45656963.0,66
1231,1967,19665.0,225
1232,1967,1588649.0,182
1233,1967,5888497.0,148
1234,1967,311550.0,97
1235,1967,25440029.0,150
1236,1967,1198197.0,96
1237,1967,7859471.0,149
1238,1967,1024992.0,205
1239,1967,783917.0,65
1240,1967,4295762.0,147
1241,1967,9582086.0,64
1242,1967,693063.0,151
1243,1967,4294283.0,153
1244,1967,52106681.0,67
1245,1967,2219001.0,133
1246,1967,3784539.0,68
1247,1967,11715579.0,152
1248,1967,6114.0,202
1249,1967,2724100.0,69
1250,1967,622042.0,155
1251,1967,54629793.0,70
1252,1967,1391072.0,156
1253,1967,12481626.0,72
1254,1967,34616857.0,73
1255,1967,10992.0,222
1256,1967,2322647.0,166
1257,1967,31987155.0,74
1258,1967,2645674.0,84
1259,1967,8874520.0,99
1260,1967,2248882.0,71
1261,1967,82517.0,115
1262,1967,19534242.0,101
1263,1967,128196000.0,103
1264,1967,3549461.0,189
1265,1967,10320500.0,118
1266,1967,3997869.0,160
1267,1967,1977600.0,116
1268,1967,159667.0,106
1269,1967,2620396.0,171
1270,1967,3354611.0,92
1271,1967,17907.0,105
1272,1967,3441799.0,215
1273,1967,343620.0,119
1274,1967,1689528.0,104
1275,1967,7867931.0,108
1276,1967,409638.0,172
1277,1967,49911.0,170
1278,1967,5723306.0,173
1279,1967,1957164.0,177
1280,1967,32839341.0,109
1281,1967,2714959.0,176
1282,1967,2018024.0,11
1283,1967,81725.0,175
1284,1967,955681.0,121
1285,1967,4661271.0,122
1286,1967,5657.0,226
1287,1967,9393432.0,123
1288,1967,46235370.0,111
1289,1967,2731847.0,124
1290,1967,10881533.0,125
1291,1967,8337.0,206
1292,1967,79311.0,178
1293,1967,135752.0,168
1294,1967,20410677.0,102
1295,1967,3901288.0,154
1296,1967,4734694.0,113
1297,1968,59471.0,157
1298,1968,10247780.0,161
1299,1968,5868203.0,135
1300,1968,2022272.0,190
1301,1968,17079.0,134
1302,1968,213582.0,187
1303,1968,23112971.0,16
1304,1968,2416461.0,36
1305,1968,25608.0,158
1306,1968,62658.0,136
1307,1968,12009000.0,17
1308,1968,7415403.0,13
1309,1968,4948500.0,193
1310,1968,3352397.0,208
1311,1968,9618756.0,18
1312,1968,2901218.0,89
1313,1968,5422119.0,75
1314,1968,63995652.0,197
1315,1968,8369603.0,22
1316,1968,210801.0,188
1317,1968,3723067.0,39
1318,1968,8874552.0,20
1319,1968,114825.0,163
1320,1968,53000.0,38
1321,1968,4389249.0,164
1322,1968,91659246.0,21
1323,1968,239905.0,162
1324,1968,122764.0,198
1325,1968,280102.0,19
1326,1968,582655.0,165
1327,1968,1975257.0,76
1328,1968,20744000.0,23
1329,1968,6067714.0,107
1330,1968,9491502.0,43
1331,1968,6127193.0,82
1332,1968,19872503.0,25
1333,1968,229971.0,209
1334,1968,269408.0,210
1335,1968,1756333.0,26
1336,1968,8550286.0,85
1337,1968,9981.0,186
1338,1968,632452.0,27
1339,1968,9876346.0,88
1340,1968,127668.0,195
1341,1968,66865.0,199
1342,1968,4864883.0,28
1343,1968,4230877.0,86
1344,1968,13190975.0,114
1345,1968,5825663.0,90
1346,1968,1209602.0,219
1347,1968,33113134.0,29
1348,1968,1331214.0,30
1349,1968,26778653.0,130
1350,1968,4626469.0,31
1351,1968,505979.0,131
1352,1968,50817020.0,1
1353,1968,573611.0,132
1354,1968,8418152.0,5
1355,1968,4067333.0,140
1356,1968,315325.0,211
1357,1968,8740765.0,6
1358,1968,99056.0,139
1359,1968,5184095.0,7
1360,1968,85046.0,35
1361,1968,2622982.0,141
1362,1968,4365628.0,87
1363,1968,4514006.0,8
1364,1968,10255815.0,10
1365,1968,109138723.0,12
1366,1968,533431909.0,15
1367,1968,2915550.0,46
1368,1968,9156132.0,47
1369,1968,201488.0,48
1370,1968,2803000.0,49
1371,1968,1812209.0,51
1372,1968,1366644.0,52
1373,1968,101011000.0,53
1374,1968,11777849.0,93
1375,1968,10613877.0,94
1376,1968,6553109.0,77
1377,1968,55511.0,224
1378,1968,681117.0,56
1379,1968,2262291.0,59
1380,1968,1389453.0,145
1381,1968,1819393.0,58
1382,1968,20011.0,184
1383,1968,11846815.0,117
1384,1968,952992.0,146
1385,1968,3078850.0,60
1386,1968,335850.0,61
1387,1968,2323619.0,57
1388,1968,14490077.0,63
1389,1968,23481.0,98
1390,1968,6270528.0,62
1391,1968,116049.0,200
1392,1968,47170337.0,66
1393,1968,21001.0,225
1394,1968,1610537.0,182
1395,1968,5973762.0,148
1396,1968,307900.0,97
1397,1968,26044111.0,150
1398,1968,1230406.0,96
1399,1968,8035529.0,149
1400,1968,1056393.0,205
1401,1968,798413.0,65
1402,1968,4403430.0,147
1403,1968,9821308.0,64
1404,1968,712427.0,151
1405,1968,4417954.0,153
1406,1968,53210119.0,67
1407,1968,2291300.0,133
1408,1968,3816486.0,68
1409,1968,11970411.0,152
1410,1968,6288.0,202
1411,1968,2748100.0,69
1412,1968,637379.0,155
1413,1968,56124743.0,70
1414,1968,1432255.0,156
1415,1968,12843249.0,72
1416,1968,35544973.0,73
1417,1968,11079.0,222
1418,1968,2375356.0,166
1419,1968,32294655.0,74
1420,1968,2662064.0,84
1421,1968,8836650.0,99
1422,1968,2301887.0,71
1423,1968,93022.0,115
1424,1968,19799831.0,101
1425,1968,128928000.0,103
1426,1968,3662010.0,189
1427,1968,10638899.0,118
1428,1968,4117659.0,160
1429,1968,2012000.0,116
1430,1968,163973.0,106
1431,1968,2672370.0,171
1432,1968,3443251.0,92
1433,1968,18291.0,105
1434,1968,3532420.0,215
1435,1968,355468.0,119
1436,1968,1704546.0,104
1437,1968,7912273.0,108
1438,1968,420373.0,172
1439,1968,51134.0,170
1440,1968,5912715.0,173
1441,1968,2038765.0,177
1442,1968,33807357.0,109
1443,1968,2806566.0,176
1444,1968,2078581.0,11
1445,1968,83430.0,175
1446,1968,967699.0,121
1447,1968,4785003.0,122
1448,1968,5729.0,226
1449,1968,9696370.0,123
1450,1968,46635196.0,111
1451,1968,2754417.0,124
1452,1968,11261600.0,125
1453,1968,8649.0,206
1454,1968,81782.0,178
1455,1968,138154.0,168
1456,1968,21050540.0,102
1457,1968,4029173.0,154
1458,1968,4886347.0,113
1459,1969,59330.0,157
1460,1969,10494489.0,161
1461,1969,5928386.0,135
1462,1969,2081695.0,190
1463,1969,18449.0,134
1464,1969,253261.0,187
1465,1969,23472028.0,16
1466,1969,2476359.0,36
1467,1969,26396.0,158
1468,1969,63742.0,136
1469,1969,12263000.0,17
1470,1969,7441055.0,13
1471,1969,5063300.0,193
1472,1969,3424429.0,208
1473,1969,9646032.0,18
1474,1969,2961166.0,89
1475,1969,5515747.0,75
1476,1969,65866908.0,197
1477,1969,8434172.0,22
1478,1969,216696.0,188
1479,1969,3770376.0,39
1480,1969,8960304.0,20
1481,1969,118145.0,163
1482,1969,54000.0,38
1483,1969,4486098.0,164
1484,1969,94000381.0,21
1485,1969,240594.0,162
1486,1969,128012.0,198
1487,1969,289296.0,19
1488,1969,586737.0,165
1489,1969,2021519.0,76
1490,1969,21028000.0,23
1491,1969,6136387.0,107
1492,1969,9656299.0,43
1493,1969,6286232.0,82
1494,1969,20392264.0,25
1495,1969,236002.0,209
1496,1969,278524.0,210
1497,1969,1805968.0,26
1498,1969,8709654.0,85
1499,1969,10181.0,186
1500,1969,636821.0,27
1501,1969,9896580.0,88
1502,1969,135390.0,195
1503,1969,68007.0,199
1504,1969,4891860.0,28
1505,1969,4352954.0,86
1506,1969,13491016.0,114
1507,1969,5997037.0,90
1508,1969,1240562.0,219
1509,1969,33441054.0,29
1510,1969,1345249.0,30
1511,1969,27530388.0,130
1512,1969,4623785.0,31
1513,1969,516952.0,131
1514,1969,51272683.0,1
1515,1969,584628.0,132
1516,1969,8629855.0,5
1517,1969,4145194.0,140
1518,1969,318846.0,211
1519,1969,8772764.0,6
1520,1969,98975.0,139
1521,1969,5320100.0,7
1522,1969,86534.0,35
1523,1969,2701381.0,141
1524,1969,4391490.0,87
1525,1969,4596642.0,8
1526,1969,10298723.0,10
1527,1969,112149246.0,12
1528,1969,545314670.0,15
1529,1969,2932650.0,46
1530,1969,9476737.0,47
1531,1969,203369.0,48
1532,1969,2877000.0,49
1533,1969,1834615.0,51
1534,1969,1466428.0,52
1535,1969,102219000.0,53
1536,1969,12042478.0,93
1537,1969,11039551.0,94
1538,1969,6679708.0,77
1539,1969,56324.0,224
1540,1969,743044.0,56
1541,1969,2323823.0,59
1542,1969,1425879.0,145
1543,1969,1862823.0,58
1544,1969,20558.0,184
1545,1969,12119207.0,117
1546,1969,987909.0,146
1547,1969,3107321.0,60
1548,1969,337500.0,61
1549,1969,2343173.0,57
1550,1969,14876982.0,63
1551,1969,23875.0,98
1552,1969,6450324.0,62
1553,1969,119569.0,200
1554,1969,48714394.0,66
1555,1969,22623.0,225
1556,1969,1633502.0,182
1557,1969,6061764.0,148
1558,1969,304300.0,97
1559,1969,26659479.0,150
1560,1969,1261887.0,96
1561,1969,8217930.0,149
1562,1969,1088832.0,205
1563,1969,812405.0,65
1564,1969,4512861.0,147
1565,1969,10061684.0,64
1566,1969,732881.0,151
1567,1969,4542993.0,153
1568,1969,54360750.0,67
1569,1969,2366635.0,133
1570,1969,3847707.0,68
1571,1969,12231874.0,152
1572,1969,6508.0,202
1573,1969,2772800.0,69
1574,1969,653593.0,155
1575,1969,57676805.0,70
1576,1969,1473965.0,156
1577,1969,13213739.0,72
1578,1969,36477170.0,73
1579,1969,11159.0,222
1580,1969,2430922.0,166
1581,1969,32548300.0,74
1582,1969,2684150.0,84
1583,1969,8757705.0,99
1584,1969,2355122.0,71
1585,1969,104517.0,115
1586,1969,20009141.0,101
1587,1969,129664000.0,103
1588,1969,3777879.0,189
1589,1969,10966145.0,118
1590,1969,4240859.0,160
1591,1969,2042500.0,116
1592,1969,168399.0,106
1593,1969,2724901.0,171
1594,1969,3530958.0,92
1595,1969,18403.0,105
1596,1969,3625274.0,215
1597,1969,367618.0,119
1598,1969,1713874.0,104
1599,1969,7968072.0,108
1600,1969,431366.0,172
1601,1969,52365.0,170
1602,1969,6111364.0,173
1603,1969,2120486.0,177
1604,1969,34787583.0,109
1605,1969,2899854.0,176
1606,1969,2139557.0,11
1607,1969,84997.0,175
1608,1969,978642.0,121
1609,1969,4915162.0,122
1610,1969,5779.0,226
1611,1969,10006526.0,123
1612,1969,46990889.0,111
1613,1969,2773957.0,124
1614,1969,11641640.0,125
1615,1969,9117.0,206
1616,1969,84350.0,178
1617,1969,140457.0,168
1618,1969,21704214.0,102
1619,1969,4159007.0,154
1620,1969,5044163.0,113
1621,1970,59106.0,157
1622,1970,10752971.0,161
1623,1970,6029700.0,135
1624,1970,2135479.0,190
1625,1970,19860.0,134
1626,1970,298084.0,187
1627,1970,23842803.0,16
1628,1970,2534377.0,36
1629,1970,27075.0,158
1630,1970,64517.0,136
1631,1970,12507000.0,17
1632,1970,7467086.0,13
1633,1970,5172050.0,193
1634,1970,3497834.0,208
1635,1970,9655549.0,18
1636,1970,3023443.0,89
1637,1970,5611666.0,75
1638,1970,67541860.0,197
1639,1970,8489574.0,22
1640,1970,222555.0,188
1641,1970,3815561.0,39
1642,1970,9040000.0,20
1643,1970,120905.0,163
1644,1970,55000.0,38
1645,1970,4585693.0,164
1646,1970,96369875.0,21
1647,1970,241397.0,162
1648,1970,133343.0,198
1649,1970,298894.0,19
1650,1970,592244.0,165
1651,1970,2067356.0,76
1652,1970,21324000.0,23
1653,1970,6180877.0,107
1654,1970,9820481.0,43
1655,1970,6452787.0,82
1656,1970,20905254.0,25
1657,1970,242351.0,209
1658,1970,287262.0,210
1659,1970,1855697.0,26
1660,1970,8869636.0,85
1661,1970,10533.0,186
1662,1970,640804.0,27
1663,1970,9858071.0,88
1664,1970,144379.0,195
1665,1970,68895.0,199
1666,1970,4928757.0,28
1667,1970,4475871.0,86
1668,1970,13795915.0,114
1669,1970,6172215.0,90
1670,1970,1272748.0,219
1671,1970,33814531.0,29
1672,1970,1360076.0,30
1673,1970,28308246.0,130
1674,1970,4606307.0,31
1675,1970,527634.0,131
1676,1970,51724116.0,1
1677,1970,597192.0,132
1678,1970,8861895.0,5
1679,1970,4222374.0,140
1680,1970,316955.0,211
1681,1970,8792806.0,6
1682,1970,98794.0,139
1683,1970,5455197.0,7
1684,1970,88300.0,35
1685,1970,2782753.0,141
1686,1970,4412252.0,87
1687,1970,4680812.0,8
1688,1970,10337910.0,10
1689,1970,115228394.0,12
1690,1970,557501301.0,15
1691,1970,2957250.0,46
1692,1970,9811347.0,47
1693,1970,204438.0,48
1694,1970,2974000.0,49
1695,1970,1859091.0,51
1696,1970,1557374.0,52
1697,1970,103403000.0,53
1698,1970,12265305.0,93
1699,1970,11473087.0,94
1700,1970,6708525.0,77
1701,1970,57437.0,224
1702,1970,802786.0,56
1703,1970,2381791.0,59
1704,1970,1463563.0,145
1705,1970,1909177.0,58
1706,1970,21089.0,184
1707,1970,12388769.0,117
1708,1970,1023481.0,146
1709,1970,3139689.0,60
1710,1970,339171.0,61
1711,1970,2359164.0,57
1712,1970,15274351.0,63
1713,1970,24270.0,98
1714,1970,6639751.0,62
1715,1970,123243.0,200
1716,1970,50289306.0,66
1717,1970,23969.0,225
1718,1970,1656783.0,182
1719,1970,6153587.0,148
1720,1970,302650.0,97
1721,1970,27284112.0,150
1722,1970,1293880.0,96
1723,1970,8411676.0,149
1724,1970,1122198.0,205
1725,1970,826000.0,65
1726,1970,4625141.0,147
1727,1970,10306508.0,64
1728,1970,754467.0,151
1729,1970,4669708.0,153
1730,1970,55569264.0,67
1731,1970,2444767.0,133
1732,1970,3875763.0,68
1733,1970,12501285.0,152
1734,1970,6663.0,202
1735,1970,2810700.0,69
1736,1970,670693.0,155
1737,1970,59290872.0,70
1738,1970,1516188.0,156
1739,1970,13562371.0,72
1740,1970,37435586.0,73
1741,1970,11366.0,222
1742,1970,2489059.0,166
1743,1970,32664300.0,74
1744,1970,2718000.0,84
1745,1970,8680431.0,99
1746,1970,2408787.0,71
1747,1970,118007.0,115
1748,1970,20250398.0,101
1749,1970,130404000.0,103
1750,1970,3896367.0,189
1751,1970,11305206.0,118
1752,1970,4367744.0,160
1753,1970,2074507.0,116
1754,1970,172833.0,106
1755,1970,2778557.0,171
1756,1970,3619090.0,92
1757,1970,18169.0,105
1758,1970,3720977.0,215
1759,1970,379918.0,119
1760,1970,1724891.0,104
1761,1970,8042801.0,108
1762,1970,442865.0,172
1763,1970,53600.0,170
1764,1970,6319199.0,173
1765,1970,2197383.0,177
1766,1970,35791728.0,109
1767,1970,2993019.0,176
1768,1970,2201432.0,11
1769,1970,86484.0,175
1770,1970,988890.0,121
1771,1970,5047404.0,122
1772,1970,5814.0,226
1773,1970,10317212.0,123
1774,1970,47279086.0,111
1775,1970,2790265.0,124
1776,1970,12011361.0,125
1777,1970,9581.0,206
1778,1970,87019.0,178
1779,1970,142771.0,168
1780,1970,22368306.0,102
1781,1970,4281671.0,154
1782,1970,5202918.0,113
1783,1971,58816.0,157
1784,1971,11015857.0,161
1785,1971,6177049.0,135
1786,1971,2187853.0,190
1787,1971,21322.0,134
1788,1971,344513.0,187
1789,1971,24223379.0,16
1790,1971,2590923.0,36
1791,1971,27593.0,158
1792,1971,64769.0,136
1793,1971,12937000.0,17
1794,1971,7500482.0,13
1795,1971,5282950.0,193
1796,1971,3582070.0,208
1797,1971,9673162.0,18
1798,1971,3088381.0,89
1799,1971,5707793.0,75
1800,1971,68376204.0,197
1801,1971,8536395.0,22
1802,1971,230992.0,188
1803,1971,3859242.0,39
1804,1971,9115576.0,20
1805,1971,123091.0,163
1806,1971,54600.0,38
1807,1971,4688267.0,164
1808,1971,98766288.0,21
1809,1971,242350.0,162
1810,1971,138666.0,198
1811,1971,308837.0,19
1812,1971,604139.0,165
1813,1971,2111224.0,76
1814,1971,21962032.0,23
1815,1971,6213399.0,107
1816,1971,9984378.0,43
1817,1971,6627350.0,82
1818,1971,21405413.0,25
1819,1971,249066.0,209
1820,1971,293505.0,210
1821,1971,1905486.0,26
1822,1971,9025709.0,85
1823,1971,11117.0,186
1824,1971,644413.0,27
1825,1971,9826815.0,88
1826,1971,154225.0,195
1827,1971,69430.0,199
1828,1971,4963126.0,28
1829,1971,4599841.0,86
1830,1971,14110271.0,114
1831,1971,6350944.0,90
1832,1971,1306234.0,219
1833,1971,34224490.0,29
1834,1971,1376955.0,30
1835,1971,29099594.0,130
1836,1971,4612124.0,31
1837,1971,538000.0,131
1838,1971,52185222.0,1
1839,1971,609693.0,132
1840,1971,9108878.0,5
1841,1971,4298087.0,140
1842,1971,311952.0,211
1843,1971,8831036.0,6
1844,1971,98535.0,139
1845,1971,5589563.0,7
1846,1971,90505.0,35
1847,1971,2867501.0,141
1848,1971,4431275.0,87
1849,1971,4766423.0,8
1850,1971,10367537.0,10
1851,1971,118347135.0,12
1852,1971,569999178.0,15
1853,1971,2992050.0,46
1854,1971,10154928.0,47
1855,1971,206098.0,48
1856,1971,3069000.0,49
1857,1971,1886143.0,51
1858,1971,1636320.0,52
1859,1971,105697000.0,53
1860,1971,12444338.0,93
1861,1971,11898457.0,94
1862,1971,6696324.0,77
1863,1971,58535.0,224
1864,1971,858734.0,56
1865,1971,2442137.0,59
1866,1971,1501658.0,145
1867,1971,1958320.0,58
1868,1971,21517.0,184
1869,1971,12654651.0,117
1870,1971,1059879.0,146
1871,1971,3179041.0,60
1872,1971,342421.0,61
1873,1971,2376389.0,57
1874,1971,15677300.0,63
1875,1971,24610.0,98
1876,1971,6840457.0,62
1877,1971,127066.0,200
1878,1971,51897675.0,66
1879,1971,24680.0,225
1880,1971,1679012.0,182
1881,1971,6247878.0,148
1882,1971,302700.0,97
1883,1971,27914953.0,150
1884,1971,1327781.0,96
1885,1971,8622890.0,149
1886,1971,1156361.0,205
1887,1971,839230.0,65
1888,1971,4742480.0,147
1889,1971,10552557.0,64
1890,1971,776995.0,151
1891,1971,4797068.0,153
1892,1971,56837614.0,67
1893,1971,2525481.0,133
1894,1971,3903039.0,68
1895,1971,12774870.0,152
1896,1971,6778.0,202
1897,1971,2853000.0,69
1898,1971,688803.0,155
1899,1971,60878781.0,70
1900,1971,1559072.0,156
1901,1971,13911968.0,72
1902,1971,38421746.0,73
1903,1971,11740.0,222
1904,1971,2549315.0,166
1905,1971,32783500.0,74
1906,1971,2762190.0,84
1907,1971,8643756.0,99
1908,1971,2463777.0,71
1909,1971,133096.0,115
1910,1971,20461567.0,101
1911,1971,131155000.0,103
1912,1971,4015403.0,189
1913,1971,11668921.0,118
1914,1971,4498616.0,160
1915,1971,2112900.0,116
1916,1971,177264.0,106
1917,1971,2832392.0,171
1918,1971,3708010.0,92
1919,1971,18212.0,105
1920,1971,3818389.0,215
1921,1971,392026.0,119
1922,1971,1738335.0,104
1923,1971,8098334.0,108
1924,1971,454913.0,172
1925,1971,54695.0,170
1926,1971,6538526.0,173
1927,1971,2267211.0,177
1928,1971,36807997.0,109
1929,1971,3085961.0,176
1930,1971,2264434.0,11
1931,1971,87904.0,175
1932,1971,1000130.0,121
1933,1971,5182040.0,122
1934,1971,5854.0,226
1935,1971,10616338.0,123
1936,1971,47597756.0,111
1937,1971,2805492.0,124
1938,1971,12370120.0,125
1939,1971,9813.0,206
1940,1971,89796.0,178
1941,1971,145064.0,168
1942,1971,23031441.0,102
1943,1971,4399919.0,154
1944,1971,5363423.0,113
1945,1972,58855.0,157
1946,1972,11286753.0,161
1947,1972,6364731.0,135
1948,1972,2243126.0,190
1949,1972,22832.0,134
1950,1972,392368.0,187
1951,1972,24612794.0,16
1952,1972,2648048.0,36
1953,1972,28063.0,158
1954,1972,64695.0,136
1955,1972,13177000.0,17
1956,1972,7544201.0,13
1957,1972,5391450.0,193
1958,1972,3579195.0,208
1959,1972,9711115.0,18
1960,1972,3156408.0,89
1961,1972,5805283.0,75
1962,1972,69346705.0,197
1963,1972,8576200.0,22
1964,1972,243143.0,188
1965,1972,3901895.0,39
1966,1972,9188968.0,20
1967,1972,125054.0,163
1968,1972,54200.0,38
1969,1972,4793804.0,164
1970,1972,101194394.0,21
1971,1972,243458.0,162
1972,1972,143886.0,198
1973,1972,319128.0,19
1974,1972,626601.0,165
1975,1972,2153613.0,76
1976,1972,22218463.0,23
1977,1972,6260956.0,107
1978,1972,10145765.0,43
1979,1972,6809468.0,82
1980,1972,21898055.0,25
1981,1972,256187.0,209
1982,1972,296818.0,210
1983,1972,1955547.0,26
1984,1972,9169289.0,85
1985,1972,11778.0,186
1986,1972,647620.0,27
1987,1972,9867632.0,88
1988,1972,165234.0,195
1989,1972,69870.0,199
1990,1972,4991596.0,28
1991,1972,4724801.0,86
1992,1972,14439748.0,114
1993,1972,6533630.0,90
1994,1972,1340838.0,219
1995,1972,34604469.0,29
1996,1972,1392518.0,30
1997,1972,29891328.0,130
1998,1972,4639657.0,31
1999,1972,547918.0,131
2000,1972,52637888.0,1
2001,1972,622289.0,132
2002,1972,9365952.0,5
2003,1972,4372212.0,140
2004,1972,305362.0,211
2005,1972,8888628.0,6
2006,1972,98225.0,139
2007,1972,5723759.0,7
2008,1972,92815.0,35
2009,1972,2956021.0,141
2010,1972,4450564.0,87
2011,1972,4853117.0,8
2012,1972,10398489.0,10
2013,1972,121504145.0,12
2014,1972,582837973.0,15
2015,1972,3036850.0,46
2016,1972,10507315.0,47
2017,1972,209137.0,48
2018,1972,3148000.0,49
2019,1972,1915299.0,51
2020,1972,1704787.0,52
2021,1972,107188000.0,53
2022,1972,12611997.0,93
2023,1972,12322903.0,94
2024,1972,6766289.0,77
2025,1972,59606.0,224
2026,1972,913785.0,56
2027,1972,2505965.0,59
2028,1972,1540995.0,145
2029,1972,2012796.0,58
2030,1972,21873.0,184
2031,1972,12914457.0,117
2032,1972,1097242.0,146
2033,1972,3213622.0,60
2034,1972,346600.0,61
2035,1972,2395674.0,57
2036,1972,16081438.0,63
2037,1972,24889.0,98
2038,1972,7051090.0,62
2039,1972,130990.0,200
2040,1972,53543436.0,66
2041,1972,25084.0,225
2042,1972,1701498.0,182
2043,1972,6347158.0,148
2044,1972,302450.0,97
2045,1972,28551949.0,150
2046,1972,1363835.0,96
2047,1972,8860585.0,149
2048,1972,1191376.0,205
2049,1972,852053.0,65
2050,1972,4865978.0,147
2051,1972,10801619.0,64
2052,1972,800610.0,151
2053,1972,4926318.0,153
2054,1972,58173834.0,67
2055,1972,2603182.0,133
2056,1972,3933004.0,68
2057,1972,13052220.0,152
2058,1972,6883.0,202
2059,1972,2903900.0,69
2060,1972,708045.0,155
2061,1972,62509565.0,70
2062,1972,1602646.0,156
2063,1972,14292437.0,72
2064,1972,39412479.0,73
2065,1972,12172.0,222
2066,1972,2610700.0,166
2067,1972,33055650.0,74
2068,1972,2817256.0,84
2069,1972,8630430.0,99
2070,1972,2521508.0,71
2071,1972,148338.0,115
2072,1972,20657957.0,101
2073,1972,131909000.0,103
2074,1972,4135579.0,189
2075,1972,12057260.0,118
2076,1972,4633452.0,160
2077,1972,2152400.0,116
2078,1972,181876.0,106
2079,1972,2886642.0,171
2080,1972,3798109.0,92
2081,1972,18575.0,105
2082,1972,3918220.0,215
2083,1972,397529.0,119
2084,1972,1752233.0,104
2085,1972,8122300.0,108
2086,1972,467512.0,172
2087,1972,56029.0,170
2088,1972,6768544.0,173
2089,1972,2330704.0,177
2090,1972,37834384.0,109
2091,1972,3180461.0,176
2092,1972,2328374.0,11
2093,1972,89275.0,175
2094,1972,1013031.0,121
2095,1972,5320148.0,122
2096,1972,5891.0,226
2097,1972,10885563.0,123
2098,1972,47974187.0,111
2099,1972,2821086.0,124
2100,1972,12733242.0,125
2101,1972,9907.0,206
2102,1972,92687.0,178
2103,1972,147332.0,168
2104,1972,23698507.0,102
2105,1972,4523581.0,154
2106,1972,5532842.0,113
2107,1973,59365.0,157
2108,1973,11575305.0,161
2109,1973,6578230.0,135
2110,1973,2296752.0,190
2111,1973,24393.0,134
2112,1973,441546.0,187
2113,1973,25020588.0,16
2114,1973,2706852.0,36
2115,1973,28529.0,158
2116,1973,64463.0,136
2117,1973,13380000.0,17
2118,1973,7586115.0,13
2119,1973,5493900.0,193
2120,1973,3571450.0,208
2121,1973,9741720.0,18
2122,1973,3227380.0,89
2123,1973,5907742.0,75
2124,1973,71144818.0,197
2125,1973,8620967.0,22
2126,1973,256632.0,188
2127,1973,3943152.0,39
2128,1973,9257272.0,20
2129,1973,126875.0,163
2130,1973,53800.0,38
2131,1973,4902248.0,164
2132,1973,103666904.0,21
2133,1973,244643.0,162
2134,1973,149065.0,198
2135,1973,329800.0,19
2136,1973,657246.0,165
2137,1973,2195905.0,76
2138,1973,22491777.0,23
2139,1973,6307347.0,107
2140,1973,10307842.0,43
2141,1973,6998688.0,82
2142,1973,22396318.0,25
2143,1973,263728.0,209
2144,1973,299191.0,210
2145,1973,2006247.0,26
2146,1973,9297924.0,85
2147,1973,12443.0,186
2148,1973,650705.0,27
2149,1973,9922266.0,88
2150,1973,177327.0,195
2151,1973,70334.0,199
2152,1973,5021861.0,28
2153,1973,4851183.0,86
2154,1973,14786469.0,114
2155,1973,6720443.0,90
2156,1973,1376516.0,219
2157,1973,34988947.0,29
2158,1973,1405951.0,30
2159,1973,30694316.0,130
2160,1973,4666081.0,31
2161,1973,557244.0,131
2162,1973,53053660.0,1
2163,1973,635288.0,132
2164,1973,9637197.0,5
2165,1973,4445207.0,140
2166,1973,298050.0,211
2167,1973,8929086.0,6
2168,1973,97886.0,139
2169,1973,5858466.0,7
2170,1973,95100.0,35
2171,1973,3046715.0,141
2172,1973,4470161.0,87
2173,1973,4940710.0,8
2174,1973,10432055.0,10
2175,1973,124709058.0,12
2176,1973,596107483.0,15
2177,1973,3085950.0,46
2178,1973,10872139.0,47
2179,1973,212317.0,48
2180,1973,3278000.0,49
2181,1973,1945320.0,51
2182,1973,1767414.0,52
2183,1973,108707000.0,53
2184,1973,12789985.0,93
2185,1973,12760405.0,94
2186,1973,6852360.0,77
2187,1973,60598.0,224
2188,1973,970527.0,56
2189,1973,2569841.0,59
2190,1973,1582697.0,145
2191,1973,2084256.0,58
2192,1973,22251.0,184
2193,1973,13169737.0,117
2194,1973,1135631.0,146
2195,1973,3244438.0,60
2196,1973,350450.0,61
2197,1973,2415819.0,57
2198,1973,16489452.0,63
2199,1973,25102.0,98
2200,1973,7268560.0,62
2201,1973,134940.0,200
2202,1973,55228203.0,66
2203,1973,25522.0,225
2204,1973,1725228.0,182
2205,1973,6455257.0,148
2206,1973,302200.0,97
2207,1973,29165356.0,150
2208,1973,1402309.0,96
2209,1973,9123668.0,149
2210,1973,1227358.0,205
2211,1973,864819.0,65
2212,1973,4996239.0,147
2213,1973,11062664.0,64
2214,1973,824918.0,151
2215,1973,5059382.0,153
2216,1973,59605446.0,67
2217,1973,2682747.0,133
2218,1973,3960612.0,68
2219,1973,13335963.0,152
2220,1973,6990.0,202
2221,1973,2961300.0,69
2222,1973,728597.0,155
2223,1973,64285624.0,70
2224,1973,1646580.0,156
2225,1973,14674785.0,72
2226,1973,40406234.0,73
2227,1973,12541.0,222
2228,1973,2672144.0,166
2229,1973,33357200.0,74
2230,1973,2878786.0,84
2231,1973,8633100.0,99
2232,1973,2583160.0,71
2233,1973,163734.0,115
2234,1973,20835681.0,101
2235,1973,132669000.0,103
2236,1973,4259484.0,189
2237,1973,12469591.0,118
2238,1973,4772039.0,160
2239,1973,2193000.0,116
2240,1973,186816.0,106
2241,1973,2942333.0,171
2242,1973,3890639.0,92
2243,1973,19010.0,105
2244,1973,4022336.0,215
2245,1973,396331.0,119
2246,1973,1766697.0,104
2247,1973,8136312.0,108
2248,1973,480668.0,172
2249,1973,56892.0,170
2250,1973,7003114.0,173
2251,1973,2390909.0,177
2252,1973,38873060.0,109
2253,1973,3277487.0,176
2254,1973,2393323.0,11
2255,1973,90611.0,175
2256,1973,1026563.0,121
2257,1973,5463650.0,122
2258,1973,5934.0,226
2259,1973,11146099.0,123
2260,1973,48301548.0,111
2261,1973,2836825.0,124
2262,1973,13107928.0,125
2263,1973,10018.0,206
2264,1973,95687.0,178
2265,1973,149587.0,168
2266,1973,24382513.0,102
2267,1973,4653289.0,154
2268,1973,5712712.0,113
2269,1974,60028.0,157
2270,1974,11869879.0,161
2271,1974,6802494.0,135
2272,1974,2350124.0,190
2273,1974,26003.0,134
2274,1974,491955.0,187
2275,1974,25449754.0,16
2276,1974,2767646.0,36
2277,1974,29012.0,158
2278,1974,64218.0,136
2279,1974,13723000.0,17
2280,1974,7599038.0,13
2281,1974,5594100.0,193
2282,1974,3660032.0,208
2283,1974,9772419.0,18
2284,1974,3301276.0,89
2285,1974,6018141.0,75
2286,1974,72947807.0,197
2287,1974,8678745.0,22
2288,1974,270627.0,188
2289,1974,3983063.0,39
2290,1974,9317584.0,20
2291,1974,128620.0,163
2292,1974,53400.0,38
2293,1974,5013765.0,164
2294,1974,106167372.0,21
2295,1974,245851.0,162
2296,1974,154314.0,198
2297,1974,340842.0,19
2298,1974,691569.0,165
2299,1974,2239305.0,76
2300,1974,22807969.0,23
2301,1974,6341405.0,107
2302,1974,10472743.0,43
2303,1974,7194697.0,82
2304,1974,22897871.0,25
2305,1974,271719.0,209
2306,1974,301682.0,210
2307,1974,2058235.0,26
2308,1974,9413105.0,85
2309,1974,13118.0,186
2310,1974,648585.0,27
2311,1974,9988459.0,88
2312,1974,191389.0,195
2313,1974,70822.0,199
2314,1974,5045297.0,28
2315,1974,4978582.0,86
2316,1974,15153602.0,114
2317,1974,6911123.0,90
2318,1974,1413220.0,219
2319,1974,35373335.0,29
2320,1974,1418169.0,30
2321,1974,31488613.0,130
2322,1974,4690574.0,31
2323,1974,566296.0,131
2324,1974,53415250.0,1
2325,1974,648922.0,132
2326,1974,9918979.0,5
2327,1974,4517073.0,140
2328,1974,290558.0,211
2329,1974,8962022.0,6
2330,1974,97528.0,139
2331,1974,5994300.0,7
2332,1974,97329.0,35
2333,1974,3136539.0,141
2334,1974,4490660.0,87
2335,1974,5030652.0,8
2336,1974,10478720.0,10
2337,1974,127945196.0,12
2338,1974,609721951.0,15
2339,1974,3137500.0,46
2340,1974,11243146.0,47
2341,1974,215209.0,48
2342,1974,3377000.0,49
2343,1974,1974880.0,51
2344,1974,1827584.0,52
2345,1974,110162000.0,53
2346,1974,12972497.0,93
2347,1974,13203949.0,94
2348,1974,6913408.0,77
2349,1974,60953.0,224
2350,1974,1030426.0,56
2351,1974,2632880.0,59
2352,1974,1626283.0,145
2353,1974,2179446.0,58
2354,1974,22638.0,184
2355,1974,13418276.0,117
2356,1974,1175369.0,146
2357,1974,3273894.0,60
2358,1974,355050.0,61
2359,1974,2437186.0,57
2360,1974,16902383.0,63
2361,1974,25262.0,98
2362,1974,7491935.0,62
2363,1974,138944.0,200
2364,1974,56945880.0,66
2365,1974,26174.0,225
2366,1974,1749329.0,182
2367,1974,6569273.0,148
2368,1974,301996.0,97
2369,1974,29751936.0,150
2370,1974,1443130.0,96
2371,1974,9404221.0,149
2372,1974,1264352.0,205
2373,1974,878042.0,65
2374,1974,5134199.0,147
2375,1974,11335187.0,64
2376,1974,850091.0,151
2377,1974,5196579.0,153
2378,1974,61157931.0,67
2379,1974,2769211.0,133
2380,1974,3985258.0,68
2381,1974,13626301.0,152
2382,1974,7096.0,202
2383,1974,3023700.0,69
2384,1974,754676.0,155
2385,1974,66149169.0,70
2386,1974,1690676.0,156
2387,1974,15057175.0,72
2388,1974,41388324.0,73
2389,1974,12662.0,222
2390,1974,2733313.0,166
2391,1974,33678899.0,74
2392,1974,2939299.0,84
2393,1974,8754365.0,99
2394,1974,2648082.0,71
2395,1974,179299.0,115
2396,1974,21029429.0,101
2397,1974,133432000.0,103
2398,1974,4386369.0,189
2399,1974,12950962.0,118
2400,1974,4911421.0,160
2401,1974,2229800.0,116
2402,1974,192155.0,106
2403,1974,2998843.0,171
2404,1974,3984049.0,92
2405,1974,19439.0,105
2406,1974,4125823.0,215
2407,1974,394519.0,119
2408,1974,1776132.0,104
2409,1974,8159955.0,108
2410,1974,494624.0,172
2411,1974,57937.0,170
2412,1974,7244901.0,173
2413,1974,2450335.0,177
2414,1974,39900961.0,109
2415,1974,3377758.0,176
2416,1974,2459325.0,11
2417,1974,92007.0,175
2418,1974,1040291.0,121
2419,1974,5613116.0,122
2420,1974,6100.0,226
2421,1974,11428676.0,123
2422,1974,48602694.0,111
2423,1974,2853588.0,124
2424,1974,13494711.0,125
2425,1974,10146.0,206
2426,1974,98790.0,178
2427,1974,152240.0,168
2428,1974,25077016.0,102
2429,1974,4789038.0,154
2430,1974,5903530.0,113
2431,1975,60715.0,157
2432,1975,12157386.0,161
2433,1975,7032713.0,135
2434,1975,2404831.0,190
2435,1975,27640.0,134
2436,1975,543394.0,187
2437,1975,25875558.0,16
2438,1975,2830798.0,36
2439,1975,29573.0,158
2440,1975,64035.0,136
2441,1975,13893000.0,17
2442,1975,7578903.0,13
2443,1975,5689050.0,193
2444,1975,3749232.0,208
2445,1975,9800700.0,18
2446,1975,3378703.0,89
2447,1975,6138444.0,75
2448,1975,74700345.0,197
2449,1975,8720742.0,22
2450,1975,285116.0,188
2451,1975,4022090.0,39
2452,1975,9367000.0,20
2453,1975,130801.0,163
2454,1975,53000.0,38
2455,1975,5127776.0,164
2456,1975,108700515.0,21
2457,1975,247090.0,162
2458,1975,159653.0,198
2459,1975,352269.0,19
2460,1975,727930.0,165
2461,1975,2283927.0,76
2462,1975,23143275.0,23
2463,1975,6338632.0,107
2464,1975,10639531.0,43
2465,1975,7397417.0,82
2466,1975,23403731.0,25
2467,1975,280036.0,209
2468,1975,304375.0,210
2469,1975,2111850.0,26
2470,1975,9514305.0,85
2471,1975,13791.0,186
2472,1975,644982.0,27
2473,1975,10058620.0,88
2474,1975,208582.0,195
2475,1975,71300.0,199
2476,1975,5059862.0,28
2477,1975,5106453.0,86
2478,1975,15724692.0,114
2479,1975,7105786.0,90
2480,1975,1450867.0,219
2481,1975,35757900.0,29
2482,1975,1429352.0,30
2483,1975,32252783.0,130
2484,1975,4711440.0,31
2485,1975,575804.0,131
2486,1975,53715733.0,1
2487,1975,663340.0,132
2488,1975,10209848.0,5
2489,1975,4588006.0,140
2490,1975,283262.0,211
2491,1975,9046541.0,6
2492,1975,97165.0,139
2493,1975,6131151.0,7
2494,1975,99478.0,35
2495,1975,3231631.0,141
2496,1975,4512082.0,87
2497,1975,5124560.0,8
2498,1975,10540525.0,10
2499,1975,131213215.0,12
2500,1975,623524219.0,15
2501,1975,3189550.0,46
2502,1975,11617622.0,47
2503,1975,217979.0,48
2504,1975,3455000.0,49
2505,1975,2003094.0,51
2506,1975,1886636.0,52
2507,1975,111573000.0,53
2508,1975,13158942.0,93
2509,1975,13651908.0,94
2510,1975,6727922.0,77
2511,1975,60675.0,224
2512,1975,1095998.0,56
2513,1975,2691586.0,59
2514,1975,1671632.0,145
2515,1975,2291841.0,58
2516,1975,23030.0,184
2517,1975,13662873.0,117
2518,1975,1216180.0,146
2519,1975,3301652.0,60
2520,1975,358950.0,61
2521,1975,2456130.0,57
2522,1975,17325325.0,63
2523,1975,25524.0,98
2524,1975,7720859.0,62
2525,1975,143126.0,200
2526,1975,58691882.0,66
2527,1975,27047.0,225
2528,1975,1774013.0,182
2529,1975,6687293.0,148
2530,1975,304222.0,97
2531,1975,30344276.0,150
2532,1975,1485691.0,96
2533,1975,9703732.0,149
2534,1975,1302436.0,205
2535,1975,892000.0,65
2536,1975,5280965.0,147
2537,1975,11617947.0,64
2538,1975,876572.0,151
2539,1975,5339497.0,153
2540,1975,62851312.0,67
2541,1975,2857461.0,133
2542,1975,4007313.0,68
2543,1975,13925541.0,152
2544,1975,7199.0,202
2545,1975,3083100.0,69
2546,1975,787194.0,155
2547,1975,68126999.0,70
2548,1975,1734876.0,156
2549,1975,15441497.0,72
2550,1975,42394433.0,73
2551,1975,12607.0,222
2552,1975,2794462.0,166
2553,1975,34015199.0,74
2554,1975,2994000.0,84
2555,1975,9093470.0,99
2556,1975,2714664.0,71
2557,1975,195043.0,115
2558,1975,21293583.0,101
2559,1975,134200000.0,103
2560,1975,4515756.0,189
2561,1975,13497543.0,118
2562,1975,5047922.0,160
2563,1975,2262600.0,116
2564,1975,197853.0,106
2565,1975,3055916.0,171
2566,1975,4076751.0,92
2567,1975,19803.0,105
2568,1975,4228289.0,215
2569,1975,392137.0,119
2570,1975,1793581.0,104
2571,1975,8192437.0,108
2572,1975,509535.0,172
2573,1975,59292.0,170
2574,1975,7497126.0,173
2575,1975,2509713.0,177
2576,1975,40908471.0,109
2577,1975,3482125.0,176
2578,1975,2525760.0,11
2579,1975,93477.0,175
2580,1975,1054017.0,121
2581,1975,5769074.0,122
2582,1975,6381.0,226
2583,1975,11730959.0,123
2584,1975,48892187.0,111
2585,1975,2871947.0,124
2586,1975,13894347.0,125
2587,1975,10282.0,206
2588,1975,102010.0,178
2589,1975,155263.0,168
2590,1975,25777964.0,102
2591,1975,4931249.0,154
2592,1975,6097083.0,113
2593,1976,61193.0,157
2594,1976,12425267.0,161
2595,1976,7266780.0,135
2596,1976,2458526.0,190
2597,1976,29294.0,134
2598,1976,614177.0,187
2599,1976,26290257.0,16
2600,1976,2896311.0,36
2601,1976,30198.0,158
2602,1976,63990.0,136
2603,1976,14033000.0,17
2604,1976,7565525.0,13
2605,1976,5781000.0,193
2606,1976,3830889.0,208
2607,1976,9818227.0,18
2608,1976,3460329.0,89
2609,1976,6269765.0,75
2610,1976,76380080.0,197
2611,1976,8758599.0,22
2612,1976,300044.0,188
2613,1976,4060039.0,39
2614,1976,9411000.0,20
2615,1976,133471.0,163
2616,1976,53200.0,38
2617,1976,5244355.0,164
2618,1976,111286504.0,21
2619,1976,248359.0,162
2620,1976,165064.0,198
2621,1976,364119.0,19
2622,1976,766424.0,165
2623,1976,2318349.0,76
2624,1976,23449808.0,23
2625,1976,6302504.0,107
2626,1976,10804869.0,43
2627,1976,7598028.0,82
2628,1976,23913002.0,25
2629,1976,288810.0,209
2630,1976,307015.0,210
2631,1976,2167544.0,26
2632,1976,9600862.0,85
2633,1976,14456.0,186
2634,1976,648868.0,27
2635,1976,10125939.0,88
2636,1976,229304.0,195
2637,1976,71748.0,199
2638,1976,5072596.0,28
2639,1976,5235318.0,86
2640,1976,16500516.0,114
2641,1976,7304349.0,90
2642,1976,1489656.0,219
2643,1976,36137812.0,29
2644,1976,1439576.0,30
2645,1976,33062216.0,130
2646,1976,4725664.0,31
2647,1976,586607.0,131
2648,1976,53966558.0,1
2649,1976,678660.0,132
2650,1976,10509006.0,5
2651,1976,4658743.0,140
2652,1976,276000.0,211
2653,1976,9188150.0,6
2654,1976,96781.0,139
2655,1976,6269983.0,7
2656,1976,101590.0,35
2657,1976,3334814.0,141
2658,1976,4535934.0,87
2659,1976,5222342.0,8
2660,1976,10598677.0,10
2661,1976,134521025.0,12
2662,1976,637451448.0,15
2663,1976,3238050.0,46
2664,1976,11999342.0,47
2665,1976,220154.0,48
2666,1976,3533000.0,49
2667,1976,2029486.0,51
2668,1976,1945141.0,52
2669,1976,112775000.0,53
2670,1976,13346173.0,93
2671,1976,14102268.0,94
2672,1976,6307122.0,77
2673,1976,60310.0,224
2674,1976,1168791.0,56
2675,1976,3070419.0,59
2676,1976,1718482.0,145
2677,1976,2413760.0,58
2678,1976,23416.0,184
2679,1976,13910170.0,117
2680,1976,1256478.0,146
2681,1976,3328664.0,60
2682,1976,360731.0,61
2683,1976,2470989.0,57
2684,1976,17756516.0,63
2685,1976,25898.0,98
2686,1976,7955197.0,62
2687,1976,147468.0,200
2688,1976,60452543.0,66
2689,1976,27964.0,225
2690,1976,1799332.0,182
2691,1976,6807648.0,148
2692,1976,305774.0,97
2693,1976,30941375.0,150
2694,1976,1529084.0,96
2695,1976,10019210.0,149
2696,1976,1341604.0,205
2697,1976,906507.0,65
2698,1976,5438226.0,147
2699,1976,11910081.0,64
2700,1976,901840.0,151
2701,1976,5488658.0,153
2702,1976,64658315.0,67
2703,1976,2947454.0,133
2704,1976,4026152.0,68
2705,1976,14230738.0,152
2706,1976,7306.0,202
2707,1976,3110500.0,69
2708,1976,824081.0,155
2709,1976,70230923.0,70
2710,1976,1779037.0,156
2711,1976,15826813.0,72
2712,1976,43474370.0,73
2713,1976,12539.0,222
2714,1976,2855837.0,166
2715,1976,34356300.0,74
2716,1976,3043854.0,84
2717,1976,9355810.0,99
2718,1976,2782624.0,71
2719,1976,210990.0,115
2720,1976,21551634.0,101
2721,1976,135147000.0,103
2722,1976,4648207.0,189
2723,1976,14066007.0,118
2724,1976,5181195.0,160
2725,1976,2293300.0,116
2726,1976,204082.0,106
2727,1976,3112863.0,171
2728,1976,4166890.0,92
2729,1976,20160.0,105
2730,1976,4333779.0,215
2731,1976,389231.0,119
2732,1976,1820249.0,104
2733,1976,8222286.0,108
2734,1976,525457.0,172
2735,1976,60504.0,170
2736,1976,7758673.0,173
2737,1976,2569671.0,177
2738,1976,41882128.0,109
2739,1976,3590606.0,176
2740,1976,2592280.0,11
2741,1976,94921.0,175
2742,1976,1067696.0,121
2743,1976,5929998.0,122
2744,1976,6677.0,226
2745,1976,12045227.0,123
2746,1976,49144535.0,111
2747,1976,2891094.0,124
2748,1976,14307397.0,125
2749,1976,10428.0,206
2750,1976,105341.0,178
2751,1976,158136.0,168
2752,1976,26480300.0,102
2753,1976,5079672.0,154
2754,1976,6288387.0,113
2755,1977,61465.0,157
2756,1977,12687301.0,161
2757,1977,7511895.0,135
2758,1977,2513546.0,190
2759,1977,30949.0,134
2760,1977,706861.0,187
2761,1977,26713780.0,16
2762,1977,2965523.0,36
2763,1977,30816.0,158
2764,1977,64117.0,136
2765,1977,14192000.0,17
2766,1977,7568430.0,13
2767,1977,5876150.0,193
2768,1977,3927428.0,208
2769,1977,9830358.0,18
2770,1977,3546454.0,89
2771,1977,6416569.0,75
2772,1977,78137788.0,197
2773,1977,8804183.0,22
2774,1977,315337.0,188
2775,1977,4096516.0,39
2776,1977,9463000.0,20
2777,1977,136183.0,163
2778,1977,53400.0,38
2779,1977,5363917.0,164
2780,1977,113939886.0,21
2781,1977,249663.0,162
2782,1977,170560.0,198
2783,1977,376387.0,19
2784,1977,806968.0,165
2785,1977,2342048.0,76
2786,1977,23725843.0,23
2787,1977,6281174.0,107
2788,1977,10969861.0,43
2789,1977,7796825.0,82
2790,1977,24443926.0,25
2791,1977,298152.0,209
2792,1977,309389.0,210
2793,1977,2225630.0,26
2794,1977,9672546.0,85
2795,1977,15116.0,186
2796,1977,656414.0,27
2797,1977,10186755.0,88
2798,1977,253083.0,195
2799,1977,72142.0,199
2800,1977,5088419.0,28
2801,1977,5365074.0,86
2802,1977,17134192.0,114
2803,1977,7506665.0,90
2804,1977,1529802.0,219
2805,1977,36511638.0,29
2806,1977,1450211.0,30
2807,1977,33695018.0,130
2808,1977,4738902.0,31
2809,1977,599289.0,131
2810,1977,54221988.0,1
2811,1977,694931.0,132
2812,1977,10825496.0,5
2813,1977,4730375.0,140
2814,1977,271377.0,211
2815,1977,9308479.0,6
2816,1977,96329.0,139
2817,1977,6412667.0,7
2818,1977,103676.0,35
2819,1977,3441122.0,141
2820,1977,4559571.0,87
2821,1977,5323827.0,8
2822,1977,10648031.0,10
2823,1977,137861540.0,12
2824,1977,651685628.0,15
2825,1977,3282200.0,46
2826,1977,12400190.0,47
2827,1977,221799.0,48
2828,1977,3613000.0,49
2829,1977,2054927.0,51
2830,1977,2005418.0,52
2831,1977,113872000.0,53
2832,1977,13543521.0,93
2833,1977,14577346.0,94
2834,1977,6040197.0,77
2835,1977,59894.0,224
2836,1977,1247225.0,56
2837,1977,3457617.0,59
2838,1977,1768092.0,145
2839,1977,2541805.0,58
2840,1977,23803.0,184
2841,1977,14159052.0,117
2842,1977,1294435.0,146
2843,1977,3355036.0,60
2844,1977,361358.0,61
2845,1977,2485073.0,57
2846,1977,18206472.0,63
2847,1977,26242.0,98
2848,1977,8195142.0,62
2849,1977,151792.0,200
2850,1977,62262505.0,66
2851,1977,28912.0,225
2852,1977,1825299.0,182
2853,1977,6935336.0,148
2854,1977,306970.0,97
2855,1977,31554598.0,150
2856,1977,1572516.0,96
2857,1977,10363575.0,149
2858,1977,1381329.0,205
2859,1977,921379.0,65
2860,1977,5611712.0,147
2861,1977,12218924.0,64
2862,1977,926109.0,151
2863,1977,5644703.0,153
2864,1977,66589655.0,67
2865,1977,3038680.0,133
2866,1977,4043205.0,68
2867,1977,14550430.0,152
2868,1977,7441.0,202
2869,1977,3120200.0,69
2870,1977,866124.0,155
2871,1977,72451105.0,70
2872,1977,1823146.0,156
2873,1977,16224613.0,72
2874,1977,44646518.0,73
2875,1977,12463.0,222
2876,1977,2917572.0,166
2877,1977,34689050.0,74
2878,1977,3088690.0,84
2879,1977,9455675.0,99
2880,1977,2852430.0,71
2881,1977,227177.0,115
2882,1977,21756096.0,101
2883,1977,136100000.0,103
2884,1977,4783252.0,189
2885,1977,14667218.0,118
2886,1977,5308297.0,160
2887,1977,2325300.0,116
2888,1977,210932.0,106
2889,1977,3172195.0,171
2890,1977,4256699.0,92
2891,1977,20482.0,105
2892,1977,4449505.0,215
2893,1977,385810.0,119
2894,1977,1842377.0,104
2895,1977,8251540.0,108
2896,1977,542328.0,172
2897,1977,61786.0,170
2898,1977,8029313.0,173
2899,1977,2630626.0,177
2900,1977,42843802.0,109
2901,1977,3703010.0,176
2902,1977,2659019.0,11
2903,1977,95847.0,175
2904,1977,1081693.0,121
2905,1977,6092769.0,122
2906,1977,6984.0,226
2907,1977,12369253.0,123
2908,1977,49357430.0,111
2909,1977,2909327.0,124
2910,1977,14731709.0,125
2911,1977,10578.0,206
2912,1977,108769.0,178
2913,1977,160362.0,168
2914,1977,27199838.0,102
2915,1977,5233292.0,154
2916,1977,6453044.0,113
2917,1978,61738.0,157
2918,1978,12938862.0,161
2919,1978,7771590.0,135
2920,1978,2566266.0,190
2921,1978,32574.0,134
2922,1978,805231.0,187
2923,1978,27146121.0,16
2924,1978,3038224.0,36
2925,1978,31428.0,158
2926,1978,64329.0,136
2927,1978,14358000.0,17
2928,1978,7562305.0,13
2929,1978,5976150.0,193
2930,1978,4039410.0,208
2931,1978,9839534.0,18
2932,1978,3636927.0,89
2933,1978,6577779.0,75
2934,1978,80007550.0,197
2935,1978,8814032.0,22
2936,1978,330912.0,188
2937,1978,4131521.0,39
2938,1978,9525000.0,20
2939,1978,138933.0,163
2940,1978,53600.0,38
2941,1978,5486132.0,164
2942,1978,116664382.0,21
2943,1978,251009.0,162
2944,1978,176176.0,198
2945,1978,389072.0,19
2946,1978,849394.0,165
2947,1978,2365957.0,76
2948,1978,23963203.0,23
2949,1978,6281738.0,107
2950,1978,11137748.0,43
2951,1978,8013279.0,82
2952,1978,25003608.0,25
2953,1978,307938.0,209
2954,1978,311685.0,210
2955,1978,2286210.0,26
2956,1978,9729986.0,85
2957,1978,15746.0,186
2958,1978,663975.0,27
2959,1978,10242098.0,88
2960,1978,278425.0,195
2961,1978,72478.0,199
2962,1978,5104248.0,28
2963,1978,5495443.0,86
2964,1978,17632645.0,114
2965,1978,7712718.0,90
2966,1978,1571193.0,219
2967,1978,36864898.0,29
2968,1978,1460188.0,30
2969,1978,34259065.0,130
2970,1978,4752528.0,31
2971,1978,613611.0,131
2972,1978,54486195.0,1
2973,1978,712135.0,132
2974,1978,11163230.0,5
2975,1978,4804926.0,140
2976,1978,270866.0,211
2977,1978,9429959.0,6
2978,1978,95811.0,139
2979,1978,6561919.0,7
2980,1978,105710.0,35
2981,1978,3550368.0,141
2982,1978,4581085.0,87
2983,1978,5428667.0,8
2984,1978,10684822.0,10
2985,1978,141250964.0,12
2986,1978,666267760.0,15
2987,1978,3329100.0,46
2988,1978,12819707.0,47
2989,1978,223537.0,48
2990,1978,3690000.0,49
2991,1978,2080485.0,51
2992,1978,2069104.0,52
2993,1978,114913000.0,53
2994,1978,13750291.0,93
2995,1978,15087423.0,94
2996,1978,5961193.0,77
2997,1978,59465.0,224
2998,1978,1329074.0,56
2999,1978,3183405.0,59
3000,1978,1820861.0,145
3001,1978,2676117.0,58
3002,1978,24205.0,184
3003,1978,14414816.0,117
3004,1978,1331213.0,146
3005,1978,3379514.0,60
3006,1978,362007.0,61
3007,1978,2497921.0,57
3008,1978,18679859.0,63
3009,1978,26553.0,98
3010,1978,8440919.0,62
3011,1978,156025.0,200
3012,1978,64123997.0,66
3013,1978,29892.0,225
3014,1978,1851978.0,182
3015,1978,7072938.0,148
3016,1978,310182.0,97
3017,1978,32185601.0,150
3018,1978,1615868.0,96
3019,1978,10741128.0,149
3020,1978,1421786.0,205
3021,1978,933499.0,65
3022,1978,5808810.0,147
3023,1978,12543892.0,64
3024,1978,942023.0,151
3025,1978,5810351.0,153
3026,1978,68633344.0,67
3027,1978,3128544.0,133
3028,1978,4058671.0,68
3029,1978,14888770.0,152
3030,1978,7541.0,202
3031,1978,3121200.0,69
3032,1978,912750.0,155
3033,1978,74789330.0,70
3034,1978,1867313.0,156
3035,1978,16638480.0,72
3036,1978,45890739.0,73
3037,1978,12387.0,222
3038,1978,2979606.0,166
3039,1978,34965600.0,74
3040,1978,3129421.0,84
3041,1978,9558250.0,99
3042,1978,2924370.0,71
3043,1978,243624.0,115
3044,1978,21951464.0,101
3045,1978,137060000.0,103
3046,1978,4921953.0,189
3047,1978,15305806.0,118
3048,1978,5433225.0,160
3049,1978,2353600.0,116
3050,1978,218193.0,106
3051,1978,3235170.0,171
3052,1978,4346522.0,92
3053,1978,20795.0,105
3054,1978,4777703.0,215
3055,1978,381885.0,119
3056,1978,1862548.0,104
3057,1978,8275599.0,108
3058,1978,560236.0,172
3059,1978,62150.0,170
3060,1978,8310217.0,173
3061,1978,2693400.0,177
3062,1978,43806715.0,109
3063,1978,3818114.0,176
3064,1978,2726327.0,11
3065,1978,96227.0,175
3066,1978,1096569.0,121
3067,1978,6254876.0,122
3068,1978,7297.0,226
3069,1978,12701999.0,123
3070,1978,49536615.0,111
3071,1978,2925840.0,124
3072,1978,15154314.0,125
3073,1978,10727.0,206
3074,1978,112185.0,178
3075,1978,161988.0,168
3076,1978,27943445.0,102
3077,1978,5391355.0,154
3078,1978,6549349.0,113
3079,1979,62006.0,157
3080,1979,12986369.0,161
3081,1979,8043218.0,135
3082,1979,2617832.0,190
3083,1979,34142.0,134
3084,1979,908452.0,187
3085,1979,27584134.0,16
3086,1979,3097058.0,36
3087,1979,32045.0,158
3088,1979,64609.0,136
3089,1979,14514000.0,17
3090,1979,7549425.0,13
3091,1979,6071300.0,193
3092,1979,4137437.0,208
3093,1979,9848382.0,18
3094,1979,3732394.0,89
3095,1979,6749939.0,75
3096,1979,81908151.0,197
3097,1979,8825940.0,22
3098,1979,346697.0,188
3099,1979,4165511.0,39
3100,1979,9584000.0,20
3101,1979,141823.0,163
3102,1979,53800.0,38
3103,1979,5610380.0,164
3104,1979,119447303.0,21
3105,1979,252334.0,162
3106,1979,181951.0,198
3107,1979,402063.0,19
3108,1979,893500.0,165
3109,1979,2390329.0,76
3110,1979,24201544.0,23
3111,1979,6294365.0,107
3112,1979,11304331.0,43
3113,1979,8243377.0,82
3114,1979,25579323.0,25
3115,1979,318123.0,209
3116,1979,313995.0,210
3117,1979,2349258.0,26
3118,1979,9774711.0,85
3119,1979,16378.0,186
3120,1979,671611.0,27
3121,1979,10292341.0,88
3122,1979,302856.0,195
3123,1979,72768.0,199
3124,1979,5116801.0,28
3125,1979,5625864.0,86
3126,1979,18166981.0,114
3127,1979,7922490.0,90
3128,1979,1613829.0,219
3129,1979,37191330.0,29
3130,1979,1468333.0,30
3131,1979,34758823.0,130
3132,1979,4764690.0,31
3133,1979,628859.0,131
3134,1979,54753575.0,1
3135,1979,730188.0,132
3136,1979,11515675.0,5
3137,1979,4885199.0,140
3138,1979,273925.0,211
3139,1979,9548258.0,6
3140,1979,95242.0,139
3141,1979,6720582.0,7
3142,1979,107790.0,35
3143,1979,3662736.0,141
3144,1979,4594778.0,87
3145,1979,5536423.0,8
3146,1979,10704152.0,10
3147,1979,144693087.0,12
3148,1979,681248383.0,15
3149,1979,3373750.0,46
3150,1979,13233830.0,47
3151,1979,225735.0,48
3152,1979,3786000.0,49
3153,1979,2106937.0,51
3154,1979,2138078.0,52
3155,1979,115890000.0,53
3156,1979,13957795.0,93
3157,1979,15620613.0,94
3158,1979,6051808.0,77
3159,1979,59775.0,224
3160,1979,1412266.0,56
3161,1979,2902164.0,59
3162,1979,1875566.0,145
3163,1979,2816917.0,58
3164,1979,24616.0,184
3165,1979,14680387.0,117
3166,1979,1368917.0,146
3167,1979,3397842.0,60
3168,1979,362856.0,61
3169,1979,2505953.0,57
3170,1979,19167661.0,63
3171,1979,26834.0,98
3172,1979,8692289.0,62
3173,1979,160326.0,200
3174,1979,65972912.0,66
3175,1979,30902.0,225
3176,1979,1879354.0,182
3177,1979,7218079.0,148
3178,1979,313342.0,97
3179,1979,32821779.0,150
3180,1979,1657448.0,96
3181,1979,11127844.0,149
3182,1979,1463514.0,205
3183,1979,949888.0,65
3184,1979,6029140.0,147
3185,1979,12875011.0,64
3186,1979,957334.0,151
3187,1979,5987151.0,153
3188,1979,70750307.0,67
3189,1979,3214311.0,133
3190,1979,4072517.0,68
3191,1979,15238564.0,152
3192,1979,7586.0,202
3193,1979,3109000.0,69
3194,1979,963351.0,155
3195,1979,77407341.0,70
3196,1979,1911814.0,156
3197,1979,17059185.0,72
3198,1979,47154232.0,73
3199,1979,12300.0,222
3200,1979,3041902.0,166
3201,1979,35247217.0,74
3202,1979,3168088.0,84
3203,1979,9661265.0,99
3204,1979,2999415.0,71
3205,1979,260368.0,115
3206,1979,22090488.0,101
3207,1979,138027000.0,103
3208,1979,5074374.0,189
3209,1979,15973034.0,118
3210,1979,5564474.0,160
3211,1979,2383500.0,116
3212,1979,225786.0,106
3213,1979,3300032.0,171
3214,1979,4433041.0,92
3215,1979,21087.0,105
3216,1979,5408813.0,215
3217,1979,377362.0,119
3218,1979,1882599.0,104
3219,1979,8293678.0,108
3220,1979,579091.0,172
3221,1979,62686.0,170
3222,1979,8600747.0,173
3223,1979,2761240.0,177
3224,1979,44760091.0,109
3225,1979,3932682.0,176
3226,1979,2794392.0,11
3227,1979,96506.0,175
3228,1979,1112310.0,121
3229,1979,6416191.0,122
3230,1979,7552.0,226
3231,1979,13011511.0,123
3232,1979,49739734.0,111
3233,1979,2940729.0,124
3234,1979,15558907.0,125
3235,1979,10876.0,206
3236,1979,115344.0,178
3237,1979,163489.0,168
3238,1979,28697014.0,102
3239,1979,5553462.0,154
3240,1979,6655833.0,113
3241,1980,62267.0,157
3242,1980,12486631.0,161
3243,1980,8330047.0,135
3244,1980,2671997.0,190
3245,1980,35611.0,134
3246,1980,1014048.0,187
3247,1980,28024803.0,16
3248,1980,3135123.0,36
3249,1980,32886.0,158
3250,1980,64889.0,136
3251,1980,14692000.0,17
3252,1980,7549433.0,13
3253,1980,6160500.0,193
3254,1980,4312834.0,208
3255,1980,9859242.0,18
3256,1980,3833939.0,89
3257,1980,6932967.0,75
3258,1980,83929765.0,197
3259,1980,8861535.0,22
3260,1980,362595.0,188
3261,1980,4199820.0,39
3262,1980,9643000.0,20
3263,1980,145133.0,163
3264,1980,54670.0,38
3265,1980,5736088.0,164
3266,1980,122288383.0,21
3267,1980,253575.0,162
3268,1980,187921.0,198
3269,1980,415257.0,19
3270,1980,938578.0,165
3271,1980,2415276.0,76
3272,1980,24515667.0,23
3273,1980,6319408.0,107
3274,1980,11469828.0,43
3275,1980,8519891.0,82
3276,1980,26176195.0,25
3277,1980,328328.0,209
3278,1980,317234.0,210
3279,1980,2414303.0,26
3280,1980,9809107.0,85
3281,1980,17100.0,186
3282,1980,679327.0,27
3283,1980,10304193.0,88
3284,1980,324121.0,195
3285,1980,72978.0,199
3286,1980,5123027.0,28
3287,1980,5755800.0,86
3288,1980,18739378.0,114
3289,1980,8135845.0,90
3290,1980,1657982.0,219
3291,1980,37491165.0,29
3292,1980,1477219.0,30
3293,1980,34945469.0,130
3294,1980,4779535.0,31
3295,1980,644582.0,131
3296,1980,55052582.0,1
3297,1980,749078.0,132
3298,1980,11865246.0,5
3299,1980,4972609.0,140
3300,1980,282509.0,211
3301,1980,9642505.0,6
3302,1980,94838.0,139
3303,1980,6890346.0,7
3304,1980,110286.0,35
3305,1980,3777990.0,141
3306,1980,4599782.0,87
3307,1980,5646676.0,8
3308,1980,10711122.0,10
3309,1980,148177096.0,12
3310,1980,696828385.0,15
3311,1980,3412800.0,46
3312,1980,13653369.0,47
3313,1980,228138.0,48
3314,1980,3878000.0,49
3315,1980,2135546.0,51
3316,1980,2216903.0,52
3317,1980,116807000.0,53
3318,1980,14172710.0,93
3319,1980,16187124.0,94
3320,1980,6198959.0,77
3321,1980,60813.0,224
3322,1980,1493870.0,56
3323,1980,2963702.0,59
3324,1980,1932169.0,145
3325,1980,2962720.0,58
3326,1980,25003.0,184
3327,1980,14943645.0,117
3328,1980,1407672.0,146
3329,1980,3413202.0,60
3330,1980,364150.0,61
3331,1980,2511701.0,57
3332,1980,19678444.0,63
3333,1980,27076.0,98
3334,1980,8948162.0,62
3335,1980,164887.0,200
3336,1980,67705186.0,66
3337,1980,31988.0,225
3338,1980,1907023.0,182
3339,1980,7372581.0,148
3340,1980,316645.0,97
3341,1980,33465781.0,150
3342,1980,1697780.0,96
3343,1980,11413587.0,149
3344,1980,1506694.0,205
3345,1980,966039.0,65
3346,1980,6267369.0,147
3347,1980,13215707.0,64
3348,1980,975994.0,151
3349,1980,6173177.0,153
3350,1980,72951439.0,67
3351,1980,3303309.0,133
3352,1980,4085620.0,68
3353,1980,15600442.0,152
3354,1980,7635.0,202
3355,1980,3112900.0,69
3356,1980,1017462.0,155
3357,1980,80624057.0,70
3358,1980,1956987.0,156
3359,1980,17492406.0,72
3360,1980,48419546.0,73
3361,1980,12252.0,222
3362,1980,3104788.0,166
3363,1980,35574150.0,74
3364,1980,3206000.0,84
3365,1980,9766312.0,99
3366,1980,3078912.0,71
3367,1980,277450.0,115
3368,1980,22207282.0,101
3369,1980,139010000.0,103
3370,1980,5247532.0,189
3371,1980,16673586.0,118
3372,1980,5703869.0,160
3373,1980,2413945.0,116
3374,1980,233668.0,106
3375,1980,3367477.0,171
3376,1980,4508992.0,92
3377,1980,21346.0,105
3378,1980,5892224.0,215
3379,1980,375112.0,119
3380,1980,1901315.0,104
3381,1980,8310531.0,108
3382,1980,598564.0,172
3383,1980,63261.0,170
3384,1980,8898954.0,173
3385,1980,2838110.0,177
3386,1980,45737753.0,109
3387,1980,4045965.0,176
3388,1980,2862903.0,11
3389,1980,96708.0,175
3390,1980,1127852.0,121
3391,1980,6578156.0,122
3392,1980,7731.0,226
3393,1980,13284026.0,123
3394,1980,49973920.0,111
3395,1980,2953750.0,124
3396,1980,15947129.0,125
3397,1980,11109.0,206
3398,1980,118156.0,178
3399,1980,164905.0,168
3400,1980,29463549.0,102
3401,1980,5720438.0,154
3402,1980,7049926.0,113
3403,1981,62614.0,157
3404,1981,11155195.0,161
3405,1981,8631457.0,135
3406,1981,2726056.0,190
3407,1981,36987.0,134
3408,1981,1100180.0,187
3409,1981,28471285.0,16
3410,1981,3167876.0,36
3411,1981,34059.0,158
3412,1981,65076.0,136
3413,1981,14923260.0,17
3414,1981,7568710.0,13
3415,1981,6257750.0,193
3416,1981,4490743.0,208
3417,1981,9858982.0,18
3418,1981,3941569.0,89
3419,1981,7123730.0,75
3420,1981,86154836.0,197
3421,1981,8891117.0,22
3422,1981,377430.0,188
3423,1981,4235970.0,39
3424,1981,9710000.0,20
3425,1981,148764.0,163
3426,1981,55050.0,38
3427,1981,5862990.0,164
3428,1981,125168060.0,21
3429,1981,254684.0,162
3430,1981,194099.0,198
3431,1981,428641.0,19
3432,1981,982747.0,165
3433,1981,2441010.0,76
3434,1981,24819915.0,23
3435,1981,6354074.0,107
3436,1981,11637613.0,43
3437,1981,8829048.0,82
3438,1981,26785982.0,25
3439,1981,337986.0,209
3440,1981,321634.0,210
3441,1981,2481334.0,26
3442,1981,9848560.0,85
3443,1981,17904.0,186
3444,1981,687170.0,27
3445,1981,10300591.0,88
3446,1981,341316.0,195
3447,1981,72932.0,199
3448,1981,5121572.0,28
3449,1981,5885244.0,86
3450,1981,19351357.0,114
3451,1981,8352602.0,90
3452,1981,1703789.0,219
3453,1981,37758631.0,29
3454,1981,1487666.0,30
3455,1981,35818844.0,130
3456,1981,4799964.0,31
3457,1981,660630.0,131
3458,1981,55371044.0,1
3459,1981,768904.0,132
3460,1981,12212960.0,5
3461,1981,5067427.0,140
3462,1981,296950.0,211
3463,1981,9729350.0,6
3464,1981,95222.0,139
3465,1981,7071186.0,7
3466,1981,113221.0,35
3467,1981,3895736.0,141
3468,1981,4611509.0,87
3469,1981,5760197.0,8
3470,1981,10711848.0,10
3471,1981,151686337.0,12
3472,1981,712869298.0,15
3473,1981,3453000.0,46
3474,1981,14067260.0,47
3475,1981,230755.0,48
3476,1981,3956000.0,49
3477,1981,2166657.0,51
3478,1981,2306655.0,52
3479,1981,117661000.0,53
3480,1981,14397391.0,93
3481,1981,16785962.0,94
3482,1981,6364472.0,77
3483,1981,61875.0,224
3484,1981,1573026.0,56
3485,1981,3027222.0,59
3486,1981,1989690.0,145
3487,1981,3112015.0,58
3488,1981,25346.0,184
3489,1981,15198918.0,117
3490,1981,1447501.0,146
3491,1981,3432947.0,60
3492,1981,365225.0,61
3493,1981,2519421.0,57
3494,1981,20208260.0,63
3495,1981,27284.0,98
3496,1981,9207310.0,62
3497,1981,169663.0,200
3498,1981,69233769.0,66
3499,1981,33219.0,225
3500,1981,1935200.0,182
3501,1981,7532864.0,148
3502,1981,318982.0,97
3503,1981,34110098.0,150
3504,1981,1739221.0,96
3505,1981,11640015.0,149
3506,1981,1551687.0,205
3507,1981,980462.0,65
3508,1981,6519891.0,147
3509,1981,13564594.0,64
3510,1981,987394.0,151
3511,1981,6366262.0,153
3512,1981,75175387.0,67
3513,1981,3397659.0,133
3514,1981,4099702.0,68
3515,1981,15969792.0,152
3516,1981,7691.0,202
3517,1981,3124900.0,69
3518,1981,1075624.0,155
3519,1981,84270202.0,70
3520,1981,2003092.0,156
3521,1981,17932344.0,72
3522,1981,49679330.0,73
3523,1981,12386.0,222
3524,1981,3169073.0,166
3525,1981,35898587.0,74
3526,1981,3242552.0,84
3527,1981,9851362.0,99
3528,1981,3163299.0,71
3529,1981,294887.0,115
3530,1981,22353070.0,101
3531,1981,139941000.0,103
3532,1981,5441966.0,189
3533,1981,17404336.0,118
3534,1981,5852029.0,160
3535,1981,2532835.0,116
3536,1981,241827.0,106
3537,1981,3437108.0,171
3538,1981,4549173.0,92
3539,1981,21596.0,105
3540,1981,5934938.0,215
3541,1981,375859.0,119
3542,1981,1906531.0,104
3543,1981,8320503.0,108
3544,1981,616210.0,172
3545,1981,64035.0,170
3546,1981,9203635.0,173
3547,1981,2925865.0,177
3548,1981,46727292.0,109
3549,1981,4160745.0,176
3550,1981,2932934.0,11
3551,1981,96846.0,175
3552,1981,1142695.0,121
3553,1981,6744050.0,122
3554,1981,7874.0,226
3555,1981,13563558.0,123
3556,1981,50221000.0,111
3557,1981,2966076.0,124
3558,1981,16335642.0,125
3559,1981,11472.0,206
3560,1981,120887.0,178
3561,1981,166190.0,168
3562,1981,30232561.0,102
3563,1981,5897481.0,154
3564,1981,7506526.0,113
3565,1982,63116.0,157
3566,1982,10088289.0,161
3567,1982,8947152.0,135
3568,1982,2784278.0,190
3569,1982,38598.0,134
3570,1982,1167856.0,187
3571,1982,28922762.0,16
3572,1982,3202011.0,36
3573,1982,35367.0,158
3574,1982,65231.0,136
3575,1982,15184247.0,17
3576,1982,7574140.0,13
3577,1982,6357550.0,193
3578,1982,4602271.0,208
3579,1982,9856303.0,18
3580,1982,4054385.0,89
3581,1982,7321817.0,75
3582,1982,88555336.0,197
3583,1982,8917457.0,22
3584,1982,391017.0,188
3585,1982,4274013.0,39
3586,1982,9776000.0,20
3587,1982,152409.0,163
3588,1982,55449.0,38
3589,1982,5991118.0,164
3590,1982,128065095.0,21
3591,1982,255642.0,162
3592,1982,200630.0,198
3593,1982,442201.0,19
3594,1982,1023009.0,165
3595,1982,2467635.0,76
3596,1982,25116942.0,23
3597,1982,6391309.0,107
3598,1982,11807408.0,43
3599,1982,9046986.0,82
3600,1982,27405194.0,25
3601,1982,347053.0,209
3602,1982,326319.0,210
3603,1982,2550780.0,26
3604,1982,9908874.0,85
3605,1982,18729.0,186
3606,1982,696227.0,27
3607,1982,10314826.0,88
3608,1982,355110.0,195
3609,1982,72626.0,199
3610,1982,5117810.0,28
3611,1982,6014979.0,86
3612,1982,20000096.0,114
3613,1982,8572607.0,90
3614,1982,1751045.0,219
3615,1982,37986012.0,29
3616,1982,1498414.0,30
3617,1982,37213393.0,130
3618,1982,4826933.0,31
3619,1982,676967.0,131
3620,1982,55694106.0,1
3621,1982,789585.0,132
3622,1982,12584976.0,5
3623,1982,5170731.0,140
3624,1982,315741.0,211
3625,1982,9789513.0,6
3626,1982,96534.0,139
3627,1982,7262658.0,7
3628,1982,116189.0,35
3629,1982,4015647.0,141
3630,1982,4634234.0,87
3631,1982,5877684.0,8
3632,1982,10705535.0,10
3633,1982,155228658.0,12
3634,1982,729169466.0,15
3635,1982,3485800.0,46
3636,1982,14467682.0,47
3637,1982,233860.0,48
3638,1982,4031000.0,49
3639,1982,2199606.0,51
3640,1982,2406349.0,52
3641,1982,118480000.0,53
3642,1982,14634179.0,93
3643,1982,17411491.0,94
3644,1982,6619699.0,77
3645,1982,62977.0,224
3646,1982,1652921.0,56
3647,1982,3070133.0,59
3648,1982,2047602.0,145
3649,1982,3265457.0,58
3650,1982,25689.0,184
3651,1982,15438753.0,117
3652,1982,1488399.0,146
3653,1982,3457179.0,60
3654,1982,365525.0,61
3655,1982,2531080.0,57
3656,1982,20746765.0,63
3657,1982,27573.0,98
3658,1982,9470990.0,62
3659,1982,174523.0,200
3660,1982,70656783.0,66
3661,1982,34569.0,225
3662,1982,1958275.0,182
3663,1982,7696349.0,148
3664,1982,325898.0,97
3665,1982,34742586.0,150
3666,1982,1781797.0,96
3667,1982,11901827.0,149
3668,1982,1598332.0,205
3669,1982,992521.0,65
3670,1982,6784347.0,147
3671,1982,13921029.0,64
3672,1982,1005520.0,151
3673,1982,6564445.0,153
3674,1982,77388067.0,67
3675,1982,3491906.0,133
3676,1982,4114787.0,68
3677,1982,16347124.0,152
3678,1982,7672.0,202
3679,1982,3156100.0,69
3680,1982,1138301.0,155
3681,1982,87828198.0,70
3682,1982,2050247.0,156
3683,1982,18374372.0,72
3684,1982,50938522.0,73
3685,1982,12666.0,222
3686,1982,3235264.0,166
3687,1982,36230481.0,74
3688,1982,3277453.0,84
3689,1982,9911771.0,99
3690,1982,3251678.0,71
3691,1982,312608.0,115
3692,1982,22475741.0,101
3693,1982,140823000.0,103
3694,1982,5652900.0,189
3695,1982,18128631.0,118
3696,1982,6008392.0,160
3697,1982,2646466.0,116
3698,1982,250250.0,106
3699,1982,3509197.0,171
3700,1982,4599904.0,92
3701,1982,21804.0,105
3702,1982,5951805.0,215
3703,1982,377288.0,119
3704,1982,1910334.0,104
3705,1982,8325263.0,108
3706,1982,634439.0,172
3707,1982,64413.0,170
3708,1982,9510754.0,173
3709,1982,3023343.0,177
3710,1982,47700340.0,109
3711,1982,4278908.0,176
3712,1982,3005972.0,11
3713,1982,96931.0,175
3714,1982,1157140.0,121
3715,1982,6914963.0,122
3716,1982,7993.0,226
3717,1982,13880052.0,123
3718,1982,50384000.0,111
3719,1982,2979182.0,124
3720,1982,16735643.0,125
3721,1982,11889.0,206
3722,1982,123748.0,178
3723,1982,166885.0,168
3724,1982,31022417.0,102
3725,1982,6090818.0,154
3726,1982,7803855.0,113
3727,1983,63683.0,157
3728,1983,9951449.0,161
3729,1983,9276707.0,135
3730,1983,2843960.0,190
3731,1983,40432.0,134
3732,1983,1237572.0,187
3733,1983,29377137.0,16
3734,1983,3238291.0,36
3735,1983,36735.0,158
3736,1983,65408.0,136
3737,1983,15393472.0,17
3738,1983,7561910.0,13
3739,1983,6459800.0,193
3740,1983,4726506.0,208
3741,1983,9855520.0,18
3742,1983,4171526.0,89
3743,1983,7531184.0,75
3744,1983,91045478.0,197
3745,1983,8939738.0,22
3746,1983,404772.0,188
3747,1983,4312521.0,39
3748,1983,9843000.0,20
3749,1983,156053.0,163
3750,1983,55930.0,38
3751,1983,6120620.0,164
3752,1983,130977370.0,21
3753,1983,256505.0,162
3754,1983,207523.0,198
3755,1983,456033.0,19
3756,1983,1060717.0,165
3757,1983,2495097.0,76
3758,1983,25366451.0,23
3759,1983,6418773.0,107
3760,1983,11976513.0,43
3761,1983,9240672.0,82
3762,1983,28042329.0,25
3763,1983,356137.0,209
3764,1983,330971.0,210
3765,1983,2622532.0,26
3766,1983,9984591.0,85
3767,1983,19572.0,186
3768,1983,707477.0,27
3769,1983,10323856.0,88
3770,1983,367726.0,195
3771,1983,72269.0,199
3772,1983,5114297.0,28
3773,1983,6147213.0,86
3774,1983,20682111.0,114
3775,1983,8795873.0,90
3776,1983,1799814.0,219
3777,1983,38171525.0,29
3778,1983,1508745.0,30
3779,1983,38235187.0,130
3780,1983,4855787.0,31
3781,1983,693593.0,131
3782,1983,55992656.0,1
3783,1983,811098.0,132
3784,1983,12984131.0,5
3785,1983,5282274.0,140
3786,1983,336744.0,211
3787,1983,9846627.0,6
3788,1983,98177.0,139
3789,1983,7462585.0,7
3790,1983,119067.0,35
3791,1983,4137784.0,141
3792,1983,4658254.0,87
3793,1983,5997739.0,8
3794,1983,10689463.0,10
3795,1983,158790611.0,12
3796,1983,745826546.0,15
3797,1983,3510600.0,46
3798,1983,14903737.0,47
3799,1983,236977.0,48
3800,1983,4105000.0,49
3801,1983,2232782.0,51
3802,1983,2514785.0,52
3803,1983,119307000.0,53
3804,1983,14885966.0,93
3805,1983,18069461.0,94
3806,1983,6881962.0,77
3807,1983,64121.0,224
3808,1983,1736028.0,56
3809,1983,3106990.0,59
3810,1983,2109151.0,145
3811,1983,3423592.0,58
3812,1983,26055.0,184
3813,1983,15658442.0,117
3814,1983,1530331.0,146
3815,1983,3485192.0,60
3816,1983,365622.0,61
3817,1983,2546011.0,57
3818,1983,21287381.0,63
3819,1983,27985.0,98
3820,1983,9740088.0,62
3821,1983,179339.0,200
3822,1983,72080310.0,66
3823,1983,35975.0,225
3824,1983,1974441.0,182
3825,1983,7863944.0,148
3826,1983,330524.0,97
3827,1983,35424262.0,150
3828,1983,1825773.0,96
3829,1983,12163328.0,149
3830,1983,1646343.0,205
3831,1983,1001691.0,65
3832,1983,7058317.0,147
3833,1983,14292862.0,64
3834,1983,1033085.0,151
3835,1983,6766606.0,153
3836,1983,79351586.0,67
3837,1983,3584610.0,133
3838,1983,4128432.0,68
3839,1983,16740664.0,152
3840,1983,7832.0,202
3841,1983,3199300.0,69
3842,1983,1204626.0,155
3843,1983,91080372.0,70
3844,1983,2098499.0,156
3845,1983,18826906.0,72
3846,1983,52219685.0,73
3847,1983,12973.0,222
3848,1983,3303677.0,166
3849,1983,36571808.0,74
3850,1983,3311138.0,84
3851,1983,9957865.0,99
3852,1983,3343276.0,71
3853,1983,330454.0,115
3854,1983,22560478.0,101
3855,1983,141668000.0,103
3856,1983,5859396.0,189
3857,1983,18733995.0,118
3858,1983,6171874.0,160
3859,1983,2681061.0,116
3860,1983,258945.0,106
3861,1983,3585773.0,171
3862,1983,4689680.0,92
3863,1983,21973.0,105
3864,1983,6142513.0,215
3865,1983,379409.0,119
3866,1983,1922321.0,104
3867,1983,8329033.0,108
3868,1983,655505.0,172
3869,1983,64335.0,170
3870,1983,9835461.0,173
3871,1983,3126635.0,177
3872,1983,48670565.0,109
3873,1983,4401502.0,176
3874,1983,3082202.0,11
3875,1983,96981.0,175
3876,1983,1171273.0,121
3877,1983,7091270.0,122
3878,1983,8099.0,226
3879,1983,14228932.0,123
3880,1983,50564000.0,111
3881,1983,2993285.0,124
3882,1983,17152857.0,125
3883,1983,12315.0,206
3884,1983,126743.0,178
3885,1983,166944.0,168
3886,1983,31865176.0,102
3887,1983,6291070.0,154
3888,1983,8106356.0,113
3889,1984,64174.0,157
3890,1984,10243686.0,161
3891,1984,9617702.0,135
3892,1984,2904429.0,190
3893,1984,42181.0,134
3894,1984,1308331.0,187
3895,1984,29832197.0,16
3896,1984,3272102.0,36
3897,1984,38168.0,158
3898,1984,65362.0,136
3899,1984,15579391.0,17
3900,1984,7561434.0,13
3901,1984,6567850.0,193
3902,1984,4842268.0,208
3903,1984,9855372.0,18
3904,1984,4293070.0,89
3905,1984,7751476.0,75
3906,1984,93534239.0,197
3907,1984,8960679.0,22
3908,1984,419217.0,188
3909,1984,4349597.0,39
3910,1984,9910000.0,20
3911,1984,159721.0,163
3912,1984,56423.0,38
3913,1984,6251926.0,164
3914,1984,133888775.0,21
3915,1984,257279.0,162
3916,1984,214682.0,198
3917,1984,470165.0,19
3918,1984,1099170.0,165
3919,1984,2523538.0,76
3920,1984,25607053.0,23
3921,1984,6441865.0,107
3922,1984,12147758.0,43
3923,1984,9508570.0,82
3924,1984,28689032.0,25
3925,1984,365664.0,209
3926,1984,335473.0,210
3927,1984,2696200.0,26
3928,1984,10065539.0,85
3929,1984,20433.0,186
3930,1984,719678.0,27
3931,1984,10330213.0,88
3932,1984,382156.0,195
3933,1984,71936.0,199
3934,1984,5111619.0,28
3935,1984,6282104.0,86
3936,1984,21393530.0,114
3937,1984,9022979.0,90
3938,1984,1849594.0,219
3939,1984,38330364.0,29
3940,1984,1518617.0,30
3941,1984,39202890.0,130
3942,1984,4881803.0,31
3943,1984,710561.0,131
3944,1984,56275701.0,1
3945,1984,833417.0,132
3946,1984,13342487.0,5
3947,1984,5402084.0,140
3948,1984,357995.0,211
3949,1984,9895801.0,6
3950,1984,99618.0,139
3951,1984,7669863.0,7
3952,1984,121885.0,35
3953,1984,4261919.0,141
3954,1984,4680285.0,87
3955,1984,6119932.0,8
3956,1984,10668095.0,10
3957,1984,162331962.0,12
3958,1984,762895156.0,15
3959,1984,3532423.0,46
3960,1984,15377032.0,47
3961,1984,239511.0,48
3962,1984,4159000.0,49
3963,1984,2264095.0,51
3964,1984,2629939.0,52
3965,1984,120083000.0,53
3966,1984,15147590.0,93
3967,1984,18753176.0,94
3968,1984,7133899.0,77
3969,1984,65338.0,224
3970,1984,1813986.0,56
3971,1984,3163558.0,59
3972,1984,2174194.0,145
3973,1984,3564547.0,58
3974,1984,26420.0,184
3975,1984,15872577.0,117
3976,1984,1573267.0,146
3977,1984,3514205.0,60
3978,1984,365998.0,61
3979,1984,2562047.0,57
3980,1984,21817271.0,63
3981,1984,28407.0,98
3982,1984,10015017.0,62
3983,1984,184388.0,200
3984,1984,73489654.0,66
3985,1984,37437.0,225
3986,1984,1988682.0,182
3987,1984,8030099.0,148
3988,1984,330593.0,97
3989,1984,36159838.0,150
3990,1984,1871652.0,96
3991,1984,12426223.0,149
3992,1984,1695675.0,205
3993,1984,1012221.0,65
3994,1984,7339002.0,147
3995,1984,14686454.0,64
3996,1984,1061995.0,151
3997,1984,6973849.0,153
3998,1984,81337553.0,67
3999,1984,3674501.0,133
4000,1984,4140099.0,68
4001,1984,17141610.0,152
4002,1984,8125.0,202
4003,1984,3227100.0,69
4004,1984,1273306.0,155
4005,1984,94003867.0,70
4006,1984,2147577.0,156
4007,1984,19285646.0,72
4008,1984,53514959.0,73
4009,1984,13299.0,222
4010,1984,3374465.0,166
4011,1984,36904134.0,74
4012,1984,3344190.0,84
4013,1984,9996232.0,99
4014,1984,3437892.0,71
4015,1984,348241.0,115
4016,1984,22640547.0,101
4017,1984,142745000.0,103
4018,1984,6056729.0,189
4019,1984,19165837.0,118
4020,1984,6341801.0,160
4021,1984,2732221.0,116
4022,1984,267913.0,106
4023,1984,3666262.0,171
4024,1984,4782219.0,92
4025,1984,22096.0,105
4026,1984,6369020.0,215
4027,1984,382617.0,119
4028,1984,1932154.0,104
4029,1984,8336605.0,108
4030,1984,677303.0,172
4031,1984,64717.0,170
4032,1984,10183138.0,173
4033,1984,3232244.0,177
4034,1984,49636724.0,109
4035,1984,4529501.0,176
4036,1984,3162165.0,11
4037,1984,97022.0,175
4038,1984,1184747.0,121
4039,1984,7279157.0,122
4040,1984,8197.0,226
4041,1984,14617944.0,123
4042,1984,50754000.0,111
4043,1984,3008255.0,124
4044,1984,17594364.0,125
4045,1984,12753.0,206
4046,1984,129873.0,178
4047,1984,166779.0,168
4048,1984,32768207.0,102
4049,1984,6488072.0,154
4050,1984,8398567.0,113
4051,1985,64478.0,157
4052,1985,10512221.0,161
4053,1985,9970621.0,135
4054,1985,2964762.0,190
4055,1985,43809.0,134
4056,1985,1379536.0,187
4057,1985,30287112.0,16
4058,1985,3300896.0,36
4059,1985,39663.0,158
4060,1985,65048.0,136
4061,1985,15788312.0,17
4062,1985,7564985.0,13
4063,1985,6670150.0,193
4064,1985,4948024.0,208
4065,1985,9858308.0,18
4066,1985,4419552.0,89
4067,1985,7979185.0,75
4068,1985,95959099.0,197
4069,1985,8960547.0,22
4070,1985,434375.0,188
4071,1985,4383306.0,39
4072,1985,9975000.0,20
4073,1985,163436.0,163
4074,1985,56898.0,38
4075,1985,6385630.0,164
4076,1985,136783180.0,21
4077,1985,257911.0,162
4078,1985,222119.0,198
4079,1985,484528.0,19
4080,1985,1138704.0,165
4081,1985,2553075.0,76
4082,1985,25842116.0,23
4083,1985,6470365.0,107
4084,1985,12326396.0,43
4085,1985,9804254.0,82
4086,1985,29326260.0,25
4087,1985,375650.0,209
4088,1985,339874.0,210
4089,1985,2771463.0,26
4090,1985,10149044.0,85
4091,1985,21313.0,186
4092,1985,731664.0,27
4093,1985,10337118.0,88
4094,1985,400709.0,195
4095,1985,71596.0,199
4096,1985,5113691.0,28
4097,1985,6417798.0,86
4098,1985,22132905.0,114
4099,1985,9254311.0,90
4100,1985,1899243.0,219
4101,1985,38469512.0,29
4102,1985,1528781.0,30
4103,1985,40285965.0,130
4104,1985,4902206.0,31
4105,1985,727461.0,131
4106,1985,56569195.0,1
4107,1985,856482.0,132
4108,1985,13651443.0,5
4109,1985,5531661.0,140
4110,1985,378379.0,211
4111,1985,9934300.0,6
4112,1985,100576.0,139
4113,1985,7884034.0,7
4114,1985,124675.0,35
4115,1985,4387693.0,141
4116,1985,4701417.0,87
4117,1985,6245539.0,8
4118,1985,10648713.0,10
4119,1985,165791694.0,12
4120,1985,780242084.0,15
4121,1985,3538082.0,46
4122,1985,15753856.0,47
4123,1985,241405.0,48
4124,1985,4233000.0,49
4125,1985,2292030.0,51
4126,1985,2751492.0,52
4127,1985,120837000.0,53
4128,1985,15413315.0,93
4129,1985,19452161.0,94
4130,1985,7376090.0,77
4131,1985,66708.0,224
4132,1985,1888975.0,56
4133,1985,3226750.0,59
4134,1985,2239724.0,145
4135,1985,3684313.0,58
4136,1985,26785.0,184
4137,1985,16092338.0,117
4138,1985,1616697.0,146
4139,1985,3544543.0,60
4140,1985,366706.0,61
4141,1985,2578873.0,57
4142,1985,22335077.0,63
4143,1985,28807.0,98
4144,1985,10297746.0,62
4145,1985,190383.0,200
4146,1985,74872006.0,66
4147,1985,38962.0,225
4148,1985,2001504.0,182
4149,1985,8187651.0,148
4150,1985,336452.0,97
4151,1985,36881020.0,150
4152,1985,1919744.0,96
4153,1985,12680065.0,149
4154,1985,1746265.0,205
4155,1985,1020528.0,65
4156,1985,7625078.0,147
4157,1985,15108135.0,64
4158,1985,1093311.0,151
4159,1985,7187618.0,153
4160,1985,83585251.0,67
4161,1985,3763034.0,133
4162,1985,4152516.0,68
4163,1985,17540571.0,152
4164,1985,8313.0,202
4165,1985,3247100.0,69
4166,1985,1353289.0,155
4167,1985,97121552.0,70
4168,1985,2197065.0,156
4169,1985,19746610.0,72
4170,1985,54812660.0,73
4171,1985,13644.0,222
4172,1985,3447579.0,166
4173,1985,37201885.0,74
4174,1985,3377000.0,84
4175,1985,10023613.0,99
4176,1985,3535498.0,71
4177,1985,365868.0,115
4178,1985,22732999.0,101
4179,1985,143858000.0,103
4180,1985,6266752.0,189
4181,1985,19517196.0,118
4182,1985,6520705.0,160
4183,1985,2735957.0,116
4184,1985,277158.0,106
4185,1985,3749419.0,171
4186,1985,4876757.0,92
4187,1985,22241.0,105
4188,1985,6630637.0,215
4189,1985,387171.0,119
4190,1985,1941641.0,104
4191,1985,8350386.0,108
4192,1985,702400.0,172
4193,1985,65244.0,170
4194,1985,10540926.0,173
4195,1985,3336508.0,177
4196,1985,50594940.0,109
4197,1985,4660598.0,176
4198,1985,3246887.0,11
4199,1985,97055.0,175
4200,1985,1199785.0,121
4201,1985,7476092.0,122
4202,1985,8329.0,226
4203,1985,15038915.0,123
4204,1985,50917000.0,111
4205,1985,3024218.0,124
4206,1985,18063201.0,125
4207,1985,13202.0,206
4208,1985,133119.0,178
4209,1985,166517.0,168
4210,1985,33752964.0,102
4211,1985,6686449.0,154
4212,1985,8690515.0,113
4213,1986,64553.0,157
4214,1986,10448442.0,161
4215,1986,10332574.0,135
4216,1986,3022635.0,190
4217,1986,45605.0,134
4218,1986,1468697.0,187
4219,1986,30748326.0,16
4220,1986,3327182.0,36
4221,1986,41221.0,158
4222,1986,64712.0,136
4223,1986,16018350.0,17
4224,1986,7569794.0,13
4225,1986,6770300.0,193
4226,1986,5041706.0,208
4227,1986,9861823.0,18
4228,1986,4551382.0,89
4229,1986,8207827.0,75
4230,1986,98271746.0,197
4231,1986,8958171.0,22
4232,1986,450196.0,188
4233,1986,4413374.0,39
4234,1986,10043000.0,20
4235,1986,167191.0,163
4236,1986,57382.0,38
4237,1986,6521983.0,164
4238,1986,139643355.0,21
4239,1986,258370.0,162
4240,1986,229815.0,198
4241,1986,499151.0,19
4242,1986,1179263.0,165
4243,1986,2583631.0,76
4244,1986,26100278.0,23
4245,1986,6504124.0,107
4246,1986,12514502.0,43
4247,1986,10112712.0,82
4248,1986,29960101.0,25
4249,1986,386068.0,209
4250,1986,344271.0,210
4251,1986,2847849.0,26
4252,1986,10235480.0,85
4253,1986,22195.0,186
4254,1986,743446.0,27
4255,1986,10342227.0,88
4256,1986,424286.0,195
4257,1986,71215.0,199
4258,1986,5120534.0,28
4259,1986,6554325.0,86
4260,1986,22882553.0,114
4261,1986,9490096.0,90
4262,1986,1949611.0,219
4263,1986,38584624.0,29
4264,1986,1540190.0,30
4265,1986,41455309.0,130
4266,1986,4918154.0,31
4267,1986,742658.0,131
4268,1986,56865193.0,1
4269,1986,880340.0,132
4270,1986,13971682.0,5
4271,1986,5671380.0,140
4272,1986,397276.0,211
4273,1986,9967213.0,6
4274,1986,100893.0,139
4275,1986,8104921.0,7
4276,1986,127462.0,35
4277,1986,4515568.0,141
4278,1986,4721446.0,87
4279,1986,6375097.0,8
4280,1986,10630564.0,10
4281,1986,169135273.0,12
4282,1986,797878993.0,15
4283,1986,3539690.0,46
4284,1986,16148221.0,47
4285,1986,243180.0,48
4286,1986,4299000.0,49
4287,1986,2315871.0,51
4288,1986,2879799.0,52
4289,1986,121482000.0,53
4290,1986,15721289.0,93
4291,1986,20160879.0,94
4292,1986,7661317.0,77
4293,1986,68266.0,224
4294,1986,1968093.0,56
4295,1986,3308010.0,59
4296,1986,2305860.0,145
4297,1986,3800110.0,58
4298,1986,27159.0,184
4299,1986,16317995.0,117
4300,1986,1659793.0,146
4301,1986,3578914.0,60
4302,1986,368355.0,61
4303,1986,2599892.0,57
4304,1986,22824446.0,63
4305,1986,29171.0,98
4306,1986,10588428.0,62
4307,1986,197225.0,200
4308,1986,76224365.0,66
4309,1986,40527.0,225
4310,1986,2012926.0,182
4311,1986,8334588.0,148
4312,1986,342121.0,97
4313,1986,37572340.0,150
4314,1986,1969912.0,96
4315,1986,12909797.0,149
4316,1986,1798009.0,205
4317,1986,1028360.0,65
4318,1986,7909819.0,147
4319,1986,15558740.0,64
4320,1986,1127989.0,151
4321,1986,7408364.0,153
4322,1986,85804185.0,67
4323,1986,3852017.0,133
4324,1986,4167354.0,68
4325,1986,17936926.0,152
4326,1986,8527.0,202
4327,1986,3246300.0,69
4328,1986,1443446.0,155
4329,1986,100618523.0,70
4330,1986,2246960.0,156
4331,1986,20208437.0,72
4332,1986,56109838.0,73
4333,1986,13985.0,222
4334,1986,3522916.0,166
4335,1986,37456119.0,74
4336,1986,3409554.0,84
4337,1986,10032734.0,99
4338,1986,3636027.0,71
4339,1986,382328.0,115
4340,1986,22836841.0,101
4341,1986,144894000.0,103
4342,1986,6497804.0,189
4343,1986,19887452.0,118
4344,1986,6710885.0,160
4345,1986,2733373.0,116
4346,1986,286527.0,106
4347,1986,3842917.0,171
4348,1986,4970788.0,92
4349,1986,22390.0,105
4350,1986,6908579.0,215
4351,1986,392372.0,119
4352,1986,1965964.0,104
4353,1986,8369829.0,108
4354,1986,730150.0,172
4355,1986,65652.0,170
4356,1986,10907619.0,173
4357,1986,3439370.0,177
4358,1986,51542094.0,109
4359,1986,4798281.0,176
4360,1986,3336773.0,11
4361,1986,97078.0,175
4362,1986,1216370.0,121
4363,1986,7675499.0,122
4364,1986,8496.0,226
4365,1986,15486807.0,123
4366,1986,51097000.0,111
4367,1986,3041205.0,124
4368,1986,18560008.0,125
4369,1986,13656.0,206
4370,1986,136488.0,178
4371,1986,166365.0,168
4372,1986,34877834.0,102
4373,1986,6890967.0,154
4374,1986,8983044.0,113
4375,1987,64450.0,157
4376,1987,10322758.0,161
4377,1987,10694057.0,135
4378,1987,3083605.0,190
4379,1987,47635.0,134
4380,1987,1575909.0,187
4381,1987,31216453.0,16
4382,1987,3351364.0,36
4383,1987,42842.0,158
4384,1987,64353.0,136
4385,1987,16263874.0,17
4386,1987,7574586.0,13
4387,1987,6875350.0,193
4388,1987,5157769.0,208
4389,1987,9870234.0,18
4390,1987,4688787.0,89
4391,1987,8434996.0,75
4392,1987,100490256.0,197
4393,1987,8971359.0,22
4394,1987,466565.0,188
4395,1987,4440300.0,39
4396,1987,10111000.0,20
4397,1987,170980.0,163
4398,1987,57849.0,38
4399,1987,6661434.0,164
4400,1987,142466264.0,21
4401,1987,258654.0,162
4402,1987,237712.0,198
4403,1987,514026.0,19
4404,1987,1220361.0,165
4405,1987,2615594.0,76
4406,1987,26446601.0,23
4407,1987,6545106.0,107
4408,1987,12712784.0,43
4409,1987,10433905.0,82
4410,1987,30603048.0,25
4411,1987,396887.0,209
4412,1987,348718.0,210
4413,1987,2924595.0,26
4414,1987,10326910.0,85
4415,1987,23075.0,186
4416,1987,755021.0,27
4417,1987,10347318.0,88
4418,1987,452272.0,195
4419,1987,70808.0,199
4420,1987,5127024.0,28
4421,1987,6692720.0,86
4422,1987,23586101.0,114
4423,1987,9729376.0,90
4424,1987,2000355.0,219
4425,1987,38684815.0,29
4426,1987,1552221.0,30
4427,1987,42851957.0,130
4428,1987,4932123.0,31
4429,1987,754778.0,131
4430,1987,57168409.0,1
4431,1987,905016.0,132
4432,1987,14310790.0,5
4433,1987,5820774.0,140
4434,1987,414769.0,211
4435,1987,10000595.0,6
4436,1987,100599.0,139
4437,1987,8332446.0,7
4438,1987,130259.0,35
4439,1987,4645733.0,141
4440,1987,4739745.0,87
4441,1987,6508349.0,8
4442,1987,10612741.0,10
4443,1987,172421390.0,12
4444,1987,815716125.0,15
4445,1987,3540057.0,46
4446,1987,16598019.0,47
4447,1987,245859.0,48
4448,1987,4369000.0,49
4449,1987,2336245.0,51
4450,1987,3014694.0,52
4451,1987,122069000.0,53
4452,1987,16072478.0,93
4453,1987,20882094.0,94
4454,1987,7975597.0,77
4455,1987,69946.0,224
4456,1987,2048477.0,56
4457,1987,3390870.0,59
4458,1987,2372449.0,145
4459,1987,3911939.0,58
4460,1987,27542.0,184
4461,1987,16547139.0,117
4462,1987,1698939.0,146
4463,1987,3616367.0,60
4464,1987,370750.0,61
4465,1987,2626583.0,57
4466,1987,23279935.0,63
4467,1987,29500.0,98
4468,1987,10890514.0,62
4469,1987,204256.0,200
4470,1987,77553504.0,66
4471,1987,42122.0,225
4472,1987,2023097.0,182
4473,1987,8474329.0,148
4474,1987,344485.0,97
4475,1987,38233171.0,150
4476,1987,2021502.0,96
4477,1987,12964793.0,149
4478,1987,1851092.0,205
4479,1987,1036082.0,65
4480,1987,8295993.0,147
4481,1987,16033103.0,64
4482,1987,1165430.0,151
4483,1987,7636591.0,153
4484,1987,88044187.0,67
4485,1987,3941463.0,133
4486,1987,4186905.0,68
4487,1987,18326204.0,152
4488,1987,8759.0,202
4489,1987,3274400.0,69
4490,1987,1533351.0,155
4491,1987,104251093.0,70
4492,1987,2297231.0,156
4493,1987,20671360.0,72
4494,1987,57415175.0,73
4495,1987,14309.0,222
4496,1987,3600343.0,166
4497,1987,37668045.0,74
4498,1987,3441850.0,84
4499,1987,10030031.0,99
4500,1987,3739050.0,71
4501,1987,397391.0,115
4502,1987,22949430.0,101
4503,1987,145908000.0,103
4504,1987,6735829.0,189
4505,1987,20230532.0,118
4506,1987,6909837.0,160
4507,1987,2774789.0,116
4508,1987,295836.0,106
4509,1987,3947865.0,171
4510,1987,5067200.0,92
4511,1987,22437.0,105
4512,1987,7158004.0,215
4513,1987,396867.0,119
4514,1987,1989776.0,104
4515,1987,8397804.0,108
4516,1987,758669.0,172
4517,1987,68499.0,170
4518,1987,11281107.0,173
4519,1987,3544927.0,177
4520,1987,52479181.0,109
4521,1987,4946293.0,176
4522,1987,3430501.0,11
4523,1987,97392.0,175
4524,1987,1231442.0,121
4525,1987,7874302.0,122
4526,1987,8665.0,226
4527,1987,15974216.0,123
4528,1987,51293000.0,111
4529,1987,3058787.0,124
4530,1987,19077170.0,125
4531,1987,14117.0,206
4532,1987,139956.0,178
4533,1987,166773.0,168
4534,1987,36119333.0,102
4535,1987,7095185.0,154
4536,1987,9277488.0,113
4537,1988,64332.0,157
4538,1988,10383460.0,161
4539,1988,11060261.0,135
4540,1988,3142336.0,190
4541,1988,49654.0,134
4542,1988,1683681.0,187
4543,1988,31690792.0,16
4544,1988,3366838.0,36
4545,1988,44532.0,158
4546,1988,63982.0,136
4547,1988,16532164.0,17
4548,1988,7585317.0,13
4549,1988,6974600.0,193
4550,1988,5271840.0,208
4551,1988,9901664.0,18
4552,1988,4831624.0,89
4553,1988,8663720.0,75
4554,1988,102688833.0,197
4555,1988,8981446.0,22
4556,1988,483337.0,188
4557,1988,4463320.0,39
4558,1988,10140000.0,20
4559,1988,174817.0,163
4560,1988,58347.0,38
4561,1988,6804072.0,164
4562,1988,145253973.0,21
4563,1988,258762.0,162
4564,1988,245729.0,198
4565,1988,529051.0,19
4566,1988,1261272.0,165
4567,1988,2657235.0,76
4568,1988,26791747.0,23
4569,1988,6593386.0,107
4570,1988,12918389.0,43
4571,1988,10759573.0,82
4572,1988,31256727.0,25
4573,1988,408070.0,209
4574,1988,353233.0,210
4575,1988,3001461.0,26
4576,1988,10425433.0,85
4577,1988,23956.0,186
4578,1988,766412.0,27
4579,1988,10355276.0,88
4580,1988,482337.0,195
4581,1988,70397.0,199
4582,1988,5129516.0,28
4583,1988,6834207.0,86
4584,1988,24243018.0,114
4585,1988,9969788.0,90
4586,1988,2051546.0,219
4587,1988,38766939.0,29
4588,1988,1561900.0,30
4589,1988,44511537.0,130
4590,1988,4946481.0,31
4591,1988,764370.0,131
4592,1988,57472651.0,1
4593,1988,930464.0,132
4594,1988,14671677.0,5
4595,1988,5977175.0,140
4596,1988,431587.0,211
4597,1988,10036983.0,6
4598,1988,99877.0,139
4599,1988,8566331.0,7
4600,1988,133079.0,35
4601,1988,4778114.0,141
4602,1988,4755207.0,87
4603,1988,6644959.0,8
4604,1988,10596487.0,10
4605,1988,175694647.0,12
4606,1988,833729681.0,15
4607,1988,3524949.0,46
4608,1988,16987346.0,47
4609,1988,249740.0,48
4610,1988,4442000.0,49
4611,1988,2354805.0,51
4612,1988,3157177.0,52
4613,1988,122578000.0,53
4614,1988,16430590.0,93
4615,1988,21626122.0,94
4616,1988,8269780.0,77
4617,1988,71680.0,224
4618,1988,2129153.0,56
4619,1988,3457148.0,59
4620,1988,2439639.0,145
4621,1988,4021565.0,58
4622,1988,27944.0,184
4623,1988,16773736.0,117
4624,1988,1733733.0,146
4625,1988,3655049.0,60
4626,1988,373450.0,61
4627,1988,2653434.0,57
4628,1988,23720590.0,63
4629,1988,29802.0,98
4630,1988,11206789.0,62
4631,1988,211160.0,200
4632,1988,78892015.0,66
4633,1988,43687.0,225
4634,1988,2031932.0,182
4635,1988,8617474.0,148
4636,1988,347325.0,97
4637,1988,38868270.0,150
4638,1988,2073771.0,96
4639,1988,12956772.0,149
4640,1988,1905847.0,205
4641,1988,1043239.0,65
4642,1988,8754781.0,147
4643,1988,16524616.0,64
4644,1988,1207949.0,151
4645,1988,7872252.0,153
4646,1988,90351467.0,67
4647,1988,4033291.0,133
4648,1988,4209488.0,68
4649,1988,18720745.0,152
4650,1988,9022.0,202
4651,1988,3283400.0,69
4652,1988,1623433.0,155
4653,1988,107967838.0,70
4654,1988,2347821.0,156
4655,1988,21143799.0,72
4656,1988,58755923.0,73
4657,1988,14632.0,222
4658,1988,3679651.0,166
4659,1988,37824487.0,74
4660,1988,3473898.0,84
4661,1988,10019610.0,99
4662,1988,3844437.0,71
4663,1988,412142.0,115
4664,1988,23057662.0,101
4665,1988,146857000.0,103
4666,1988,6953975.0,189
4667,1988,20453819.0,118
4668,1988,7113636.0,160
4669,1988,2846108.0,116
4670,1988,305132.0,106
4671,1988,4056215.0,171
4672,1988,5170440.0,92
4673,1988,22542.0,105
4674,1988,7160461.0,215
4675,1988,402139.0,119
4676,1988,1995196.0,104
4677,1988,8436489.0,108
4678,1988,794434.0,172
4679,1988,68755.0,170
4680,1988,11657772.0,173
4681,1988,3653420.0,177
4682,1988,53410965.0,109
4683,1988,5100020.0,176
4684,1988,3525110.0,11
4685,1988,97939.0,175
4686,1988,1244633.0,121
4687,1988,8068788.0,122
4688,1988,8844.0,226
4689,1988,16489323.0,123
4690,1988,51521000.0,111
4691,1988,3077760.0,124
4692,1988,19600028.0,125
4693,1988,14593.0,206
4694,1988,143528.0,178
4695,1988,167452.0,168
4696,1988,37393853.0,102
4697,1988,7294325.0,154
4698,1988,9568739.0,113
4699,1989,64596.0,157
4700,1989,10673168.0,161
4701,1989,11439498.0,135
4702,1989,3227943.0,190
4703,1989,51639.0,134
4704,1989,1791840.0,187
4705,1989,32165766.0,16
4706,1989,3448186.0,36
4707,1989,46288.0,158
4708,1989,63636.0,136
4709,1989,16814416.0,17
4710,1989,7619567.0,13
4711,1989,7076550.0,193
4712,1989,5373697.0,208
4713,1989,9937697.0,18
4714,1989,4979680.0,89
4715,1989,8895234.0,75
4716,1989,104893674.0,197
4717,1989,8876972.0,22
4718,1989,500349.0,188
4719,1989,4481230.0,39
4720,1989,10170000.0,20
4721,1989,178695.0,163
4722,1989,58841.0,38
4723,1989,6949139.0,164
4724,1989,148003411.0,21
4725,1989,258759.0,162
4726,1989,253821.0,198
4727,1989,544209.0,19
4728,1989,1301671.0,165
4729,1989,2724109.0,76
4730,1989,27276781.0,23
4731,1989,6646912.0,107
4732,1989,13128619.0,43
4733,1989,11089222.0,82
4734,1989,31923117.0,25
4735,1989,419584.0,209
4736,1989,358150.0,210
4737,1989,3079001.0,26
4738,1989,10527187.0,85
4739,1989,24888.0,186
4740,1989,777592.0,27
4741,1989,10361068.0,88
4742,1989,521104.0,195
4743,1989,69975.0,199
4744,1989,5132594.0,28
4745,1989,6980033.0,86
4746,1989,24889507.0,114
4747,1989,10210185.0,90
4748,1989,2102131.0,219
4749,1989,38827764.0,29
4750,1989,1568131.0,30
4751,1989,46195954.0,130
4752,1989,4964371.0,31
4753,1989,772704.0,131
4754,1989,57766282.0,1
4755,1989,956509.0,132
4756,1989,15052447.0,5
4757,1989,6136166.0,140
4758,1989,448420.0,211
4759,1989,10089498.0,6
4760,1989,99224.0,139
4761,1989,8805995.0,7
4762,1989,135759.0,35
4763,1989,4913676.0,141
4764,1989,4767260.0,87
4765,1989,6784161.0,8
4766,1989,10481719.0,10
4767,1989,178949174.0,12
4768,1989,852012673.0,15
4769,1989,3511009.0,46
4770,1989,17442590.0,47
4771,1989,252852.0,48
4772,1989,4518000.0,49
4773,1989,2373365.0,51
4774,1989,3310954.0,52
4775,1989,123069000.0,53
4776,1989,16249500.0,93
4777,1989,22387803.0,94
4778,1989,8570928.0,77
4779,1989,73436.0,224
4780,1989,2210013.0,56
4781,1989,3525502.0,59
4782,1989,2507600.0,145
4783,1989,4130042.0,58
4784,1989,28357.0,184
4785,1989,16990575.0,117
4786,1989,1767091.0,146
4787,1989,3684255.0,60
4788,1989,377100.0,61
4789,1989,2666955.0,57
4790,1989,24148104.0,63
4791,1989,30078.0,98
4792,1989,11536734.0,62
4793,1989,217937.0,200
4794,1989,80233749.0,66
4795,1989,44988.0,225
4796,1989,2039426.0,182
4797,1989,8774122.0,148
4798,1989,350722.0,97
4799,1989,39489419.0,150
4800,1989,2120825.0,96
4801,1989,13087604.0,149
4802,1989,1955040.0,205
4803,1989,1051260.0,65
4804,1989,9174895.0,147
4805,1989,17020143.0,64
4806,1989,1288070.0,151
4807,1989,8116075.0,153
4808,1989,92744064.0,67
4809,1989,4129447.0,133
4810,1989,4226901.0,68
4811,1989,19145077.0,152
4812,1989,9306.0,202
4813,1989,3299200.0,69
4814,1989,1713838.0,155
4815,1989,111670386.0,70
4816,1989,2398535.0,156
4817,1989,21624311.0,72
4818,1989,60127343.0,73
4819,1989,14957.0,222
4820,1989,3764112.0,166
4821,1989,37961529.0,74
4822,1989,3505650.0,84
4823,1989,10005000.0,99
4824,1989,3951288.0,71
4825,1989,426896.0,115
4826,1989,23161458.0,101
4827,1989,147721000.0,103
4828,1989,7141974.0,189
4829,1989,20718709.0,118
4830,1989,7321832.0,160
4831,1989,2930901.0,116
4832,1989,314560.0,106
4833,1989,4159163.0,171
4834,1989,5270825.0,92
4835,1989,22803.0,105
4836,1989,7035378.0,215
4837,1989,408360.0,119
4838,1989,1996351.0,104
4839,1989,8492964.0,108
4840,1989,825952.0,172
4841,1989,69167.0,170
4842,1989,12034097.0,173
4843,1989,3763657.0,177
4844,1989,54324004.0,109
4845,1989,5264332.0,176
4846,1989,3621303.0,11
4847,1989,98379.0,175
4848,1989,1256210.0,121
4849,1989,8256396.0,122
4850,1989,9017.0,226
4851,1989,17028543.0,123
4852,1989,51773000.0,111
4853,1989,3097889.0,124
4854,1989,20102902.0,125
4855,1989,15091.0,206
4856,1989,147181.0,178
4857,1989,167886.0,168
4858,1989,38668684.0,102
4859,1989,7491275.0,154
4860,1989,9846346.0,113
4861,1990,65712.0,157
4862,1990,10694796.0,161
4863,1990,11828638.0,135
4864,1990,3286542.0,190
4865,1990,53569.0,134
4866,1990,1900151.0,187
4867,1990,32637657.0,16
4868,1990,3556539.0,36
4869,1990,47818.0,158
4870,1990,63328.0,136
4871,1990,17065128.0,17
4872,1990,7677850.0,13
4873,1990,7175200.0,193
4874,1990,5483793.0,208
4875,1990,9967379.0,18
4876,1990,5133419.0,89
4877,1990,9131361.0,75
4878,1990,107147651.0,197
4879,1990,8718289.0,22
4880,1990,517418.0,188
4881,1990,4494310.0,39
4882,1990,10189348.0,20
4883,1990,182589.0,163
4884,1990,59326.0,38
4885,1990,7096194.0,164
4886,1990,150706446.0,21
4887,1990,258868.0,162
4888,1990,261928.0,198
4889,1990,558442.0,19
4890,1990,1341474.0,165
4891,1990,2809221.0,76
4892,1990,27691138.0,23
4893,1990,6715519.0,107
4894,1990,13342868.0,43
4895,1990,11430520.0,82
4896,1990,32601393.0,25
4897,1990,431119.0,209
4898,1990,364563.0,210
4899,1990,3158253.0,26
4900,1990,10626680.0,85
4901,1990,26027.0,186
4902,1990,788500.0,27
4903,1990,10333355.0,88
4904,1990,577173.0,195
4905,1990,69481.0,199
4906,1990,5140939.0,28
4907,1990,7129004.0,86
4908,1990,25518074.0,114
4909,1990,10449837.0,90
4910,1990,2149960.0,219
4911,1990,38867322.0,29
4912,1990,1569174.0,30
4913,1990,47878073.0,130
4914,1990,4986431.0,31
4915,1990,780430.0,131
4916,1990,58044701.0,1
4917,1990,983028.0,132
4918,1990,15446982.0,5
4919,1990,6354145.0,140
4920,1990,465549.0,211
4921,1990,10196792.0,6
4922,1990,99047.0,139
4923,1990,9050115.0,7
4924,1990,138263.0,35
4925,1990,5053234.0,141
4926,1990,4777368.0,87
4927,1990,6925331.0,8
4928,1990,10373988.0,10
4929,1990,182159874.0,12
4930,1990,870452165.0,15
4931,1990,3513974.0,46
4932,1990,17658381.0,47
4933,1990,254826.0,48
4934,1990,4660000.0,49
4935,1990,2392030.0,51
4936,1990,3480587.0,52
4937,1990,123478000.0,53
4938,1990,16348000.0,93
4939,1990,23162269.0,94
4940,1990,8910808.0,77
4941,1990,75124.0,224
4942,1990,1674938.0,56
4943,1990,3593700.0,59
4944,1990,2209731.0,145
4945,1990,4236983.0,58
4946,1990,28765.0,184
4947,1990,17204094.0,117
4948,1990,1798997.0,146
4949,1990,3697838.0,60
4950,1990,381850.0,61
4951,1990,2663151.0,57
4952,1990,24570814.0,63
4953,1990,30329.0,98
4954,1990,11882762.0,62
4955,1990,224957.0,200
4956,1990,81720428.0,66
4957,1990,46047.0,225
4958,1990,2044174.0,182
4959,1990,8945026.0,148
4960,1990,354170.0,97
4961,1990,40099553.0,150
4962,1990,2161433.0,96
4963,1990,13303459.0,149
4964,1990,2006027.0,205
4965,1990,1058775.0,65
4966,1990,9539665.0,147
4967,1990,17517054.0,64
4968,1990,1369011.0,151
4969,1990,8370648.0,153
4970,1990,95214257.0,67
4971,1990,4227820.0,133
4972,1990,4241473.0,68
4973,1990,19616530.0,152
4974,1990,9598.0,202
4975,1990,3329800.0,69
4976,1990,1804524.0,155
4977,1990,115414069.0,70
4978,1990,2449968.0,156
4979,1990,22109099.0,72
4980,1990,61558898.0,73
4981,1990,15293.0,222
4982,1990,3864972.0,166
4983,1990,38110782.0,74
4984,1990,3537000.0,84
4985,1990,9983218.0,99
4986,1990,4059195.0,71
4987,1990,441675.0,115
4988,1990,23201835.0,101
4989,1990,147969406.0,103
4990,1990,7319962.0,189
4991,1990,21090886.0,118
4992,1990,7536001.0,160
4993,1990,3047132.0,116
4994,1990,324171.0,106
4995,1990,4325388.0,171
4996,1990,5367179.0,92
4997,1990,23132.0,105
4998,1990,6999096.0,215
4999,1990,412756.0,119
5000,1990,1998161.0,104
5001,1990,8558835.0,108
5002,1990,854011.0,172
5003,1990,69507.0,170
5004,1990,12408996.0,173
5005,1990,3875947.0,177
5006,1990,55228410.0,109
5007,1990,5417860.0,176
5008,1990,3720278.0,11
5009,1990,98727.0,175
5010,1990,1266518.0,121
5011,1990,8440023.0,122
5012,1990,9182.0,226
5013,1990,17586630.0,123
5014,1990,51891400.0,111
5015,1990,3117012.0,124
5016,1990,20510000.0,125
5017,1990,15617.0,206
5018,1990,150882.0,178
5019,1990,168186.0,168
5020,1990,39877570.0,102
5021,1990,7686401.0,154
5022,1990,10113893.0,113
5023,1991,67864.0,157
5024,1991,10745167.0,161
5025,1991,12228691.0,135
5026,1991,3266790.0,190
5027,1991,55434.0,134
5028,1991,2008383.0,187
5029,1991,33105763.0,16
5030,1991,3617631.0,36
5031,1991,48992.0,158
5032,1991,63634.0,136
5033,1991,17284036.0,17
5034,1991,7754891.0,13
5035,1991,7271300.0,193
5036,1991,5594828.0,208
5037,1991,10004486.0,18
5038,1991,5293046.0,89
5039,1991,9365064.0,75
5040,1991,109242834.0,197
5041,1991,8632367.0,22
5042,1991,535415.0,188
5043,1991,4502386.0,39
5044,1991,10194050.0,20
5045,1991,186462.0,163
5046,1991,59021.0,38
5047,1991,7244891.0,164
5048,1991,153336445.0,21
5049,1991,259402.0,162
5050,1991,269860.0,198
5051,1991,567710.0,19
5052,1991,1380584.0,165
5053,1991,2898052.0,76
5054,1991,28037420.0,23
5055,1991,6799978.0,107
5056,1991,13561945.0,43
5057,1991,11777719.0,82
5058,1991,33272628.0,25
5059,1991,442277.0,209
5060,1991,372721.0,210
5061,1991,3239414.0,26
5062,1991,10713812.0,85
5063,1991,27340.0,186
5064,1991,799061.0,27
5065,1991,10308578.0,88
5066,1991,628521.0,195
5067,1991,69141.0,199
5068,1991,5154298.0,28
5069,1991,7278402.0,86
5070,1991,26133905.0,114
5071,1991,10686279.0,90
5072,1991,2039220.0,219
5073,1991,38966376.0,29
5074,1991,1561314.0,30
5075,1991,49937430.0,130
5076,1991,5013740.0,31
5077,1991,784832.0,131
5078,1991,58557577.0,1
5079,1991,1009995.0,132
5080,1991,15843471.0,5
5081,1991,6615734.0,140
5082,1991,483142.0,211
5083,1991,10319927.0,6
5084,1991,99758.0,139
5085,1991,9296814.0,7
5086,1991,140739.0,35
5087,1991,5196887.0,141
5088,1991,4689022.0,87
5089,1991,7066055.0,8
5090,1991,10373400.0,10
5091,1991,185361228.0,12
5092,1991,888941756.0,15
5093,1991,3534235.0,46
5094,1991,17846378.0,47
5095,1991,257797.0,48
5096,1991,4949000.0,49
5097,1991,2411867.0,51
5098,1991,3666379.0,52
5099,1991,123964000.0,53
5100,1991,16451711.0,93
5101,1991,23918235.0,94
5102,1991,9259362.0,77
5103,1991,76612.0,224
5104,1991,1339500.0,56
5105,1991,3666734.0,59
5106,1991,1939236.0,145
5107,1991,4341971.0,58
5108,1991,29168.0,184
5109,1991,17416596.0,117
5110,1991,1829509.0,146
5111,1991,3704134.0,60
5112,1991,387000.0,61
5113,1991,2650581.0,57
5114,1991,24988083.0,63
5115,1991,30564.0,98
5116,1991,12245260.0,62
5117,1991,232150.0,200
5118,1991,83351595.0,66
5119,1991,47053.0,225
5120,1991,2036686.0,182
5121,1991,9123969.0,148
5122,1991,363845.0,97
5123,1991,40680533.0,150
5124,1991,2200077.0,96
5125,1991,13561175.0,149
5126,1991,2066302.0,205
5127,1991,1070266.0,65
5128,1991,9831584.0,147
5129,1991,18017464.0,64
5130,1991,1415617.0,151
5131,1991,8634640.0,153
5132,1991,97685360.0,67
5133,1991,4327289.0,133
5134,1991,4261732.0,68
5135,1991,20130779.0,152
5136,1991,9902.0,202
5137,1991,3495100.0,69
5138,1991,1895187.0,155
5139,1991,119203569.0,70
5140,1991,2502044.0,156
5141,1991,22583006.0,72
5142,1991,63039751.0,73
5143,1991,15640.0,222
5144,1991,3990995.0,166
5145,1991,38246193.0,74
5146,1991,3562110.0,84
5147,1991,9960235.0,99
5148,1991,4167996.0,71
5149,1991,456486.0,115
5150,1991,23001155.0,101
5151,1991,148394216.0,103
5152,1991,7485681.0,189
5153,1991,21453711.0,118
5154,1991,7754289.0,160
5155,1991,3135083.0,116
5156,1991,333952.0,106
5157,1991,4378169.0,171
5158,1991,5461070.0,92
5159,1991,23459.0,105
5160,1991,6732702.0,215
5161,1991,415981.0,119
5162,1991,1999429.0,104
5163,1991,8617375.0,108
5164,1991,889712.0,172
5165,1991,70439.0,170
5166,1991,12782281.0,173
5167,1991,3990215.0,177
5168,1991,56099865.0,109
5169,1991,5556306.0,176
5170,1991,3821782.0,11
5171,1991,99010.0,175
5172,1991,1276224.0,121
5173,1991,8622853.0,122
5174,1991,9354.0,226
5175,1991,18171935.0,123
5176,1991,52000500.0,111
5177,1991,3135374.0,124
5178,1991,20952000.0,125
5179,1991,16090.0,206
5180,1991,154678.0,178
5181,1991,168701.0,168
5182,1991,40910959.0,102
5183,1991,7880466.0,154
5184,1991,10377815.0,113
5185,1992,70192.0,157
5186,1992,12057433.0,161
5187,1992,12632507.0,135
5188,1992,3247039.0,190
5189,1992,57283.0,134
5190,1992,2116231.0,187
5191,1992,33568285.0,16
5192,1992,3574555.0,36
5193,1992,50078.0,158
5194,1992,64659.0,136
5195,1992,17478635.0,17
5196,1992,7840709.0,13
5197,1992,7382050.0,193
5198,1992,5743085.0,208
5199,1992,10045158.0,18
5200,1992,5457778.0,89
5201,1992,9598555.0,75
5202,1992,111272102.0,197
5203,1992,8540164.0,22
5204,1992,554470.0,188
5205,1992,4275730.0,39
5206,1992,10216470.0,20
5207,1992,190299.0,163
5208,1992,58595.0,38
5209,1992,7394419.0,164
5210,1992,155900790.0,21
5211,1992,260212.0,162
5212,1992,277416.0,198
5213,1992,545944.0,19
5214,1992,1420695.0,165
5215,1992,2991727.0,76
5216,1992,28371264.0,23
5217,1992,6875364.0,107
5218,1992,13782297.0,43
5219,1992,12128604.0,82
5220,1992,33939039.0,25
5221,1992,452990.0,209
5222,1992,381947.0,210
5223,1992,3321939.0,26
5224,1992,10783748.0,85
5225,1992,28677.0,186
5226,1992,810431.0,27
5227,1992,10319123.0,88
5228,1992,623197.0,195
5229,1992,69112.0,199
5230,1992,5171370.0,28
5231,1992,7427340.0,86
5232,1992,26748303.0,114
5233,1992,10914222.0,90
5234,1992,1921153.0,219
5235,1992,39157685.0,29
5236,1992,1533091.0,30
5237,1992,52011554.0,130
5238,1992,5041992.0,31
5239,1992,786859.0,131
5240,1992,58849943.0,1
5241,1992,1037446.0,132
5242,1992,16241548.0,5
5243,1992,6832195.0,140
5244,1992,501334.0,211
5245,1992,10399061.0,6
5246,1992,101040.0,139
5247,1992,9544055.0,7
5248,1992,143173.0,35
5249,1992,5344774.0,141
5250,1992,4575818.0,87
5251,1992,7205780.0,8
5252,1992,10369341.0,10
5253,1992,188558416.0,12
5254,1992,907574049.0,15
5255,1992,3558430.0,46
5256,1992,18385673.0,47
5257,1992,261057.0,48
5258,1992,5123000.0,49
5259,1992,2434574.0,51
5260,1992,3866887.0,52
5261,1992,124425000.0,53
5262,1992,16439095.0,93
5263,1992,24655723.0,94
5264,1992,9718215.0,77
5265,1992,77901.0,224
5266,1992,1620633.0,56
5267,1992,3745407.0,59
5268,1992,2052626.0,145
5269,1992,4444820.0,58
5270,1992,29581.0,184
5271,1992,17624457.0,117
5272,1992,1858507.0,146
5273,1992,3700114.0,60
5274,1992,392175.0,61
5275,1992,2614338.0,57
5276,1992,25400676.0,63
5277,1992,30794.0,98
5278,1992,12623342.0,62
5279,1992,239136.0,200
5280,1992,84993164.0,66
5281,1992,48015.0,225
5282,1992,2018023.0,182
5283,1992,9310572.0,148
5284,1992,367618.0,97
5285,1992,41237813.0,150
5286,1992,2236494.0,96
5287,1992,13816881.0,149
5288,1992,2147527.0,205
5289,1992,1084441.0,65
5290,1992,10115420.0,147
5291,1992,18526708.0,64
5292,1992,1461687.0,151
5293,1992,8907644.0,153
5294,1992,100182045.0,67
5295,1992,4427172.0,133
5296,1992,4286401.0,68
5297,1992,20702133.0,152
5298,1992,10129.0,202
5299,1992,3531700.0,69
5300,1992,1985227.0,155
5301,1992,122375179.0,70
5302,1992,2554382.0,156
5303,1992,23047248.0,72
5304,1992,64543525.0,73
5305,1992,16004.0,222
5306,1992,4136644.0,166
5307,1992,38363667.0,74
5308,1992,3585176.0,84
5309,1992,9952494.0,99
5310,1992,4277051.0,71
5311,1992,471293.0,115
5312,1992,22794284.0,101
5313,1992,148538197.0,103
5314,1992,7657208.0,189
5315,1992,21780059.0,118
5316,1992,7974514.0,160
5317,1992,3230698.0,116
5318,1992,343916.0,106
5319,1992,4301566.0,171
5320,1992,5552206.0,92
5321,1992,23808.0,105
5322,1992,6428141.0,215
5323,1992,419521.0,119
5324,1992,1996498.0,104
5325,1992,8668067.0,108
5326,1992,925165.0,172
5327,1992,70763.0,170
5328,1992,13156406.0,173
5329,1992,4106219.0,177
5330,1992,56939020.0,109
5331,1992,5656208.0,176
5332,1992,3926369.0,11
5333,1992,99260.0,175
5334,1992,1285502.0,121
5335,1992,8802540.0,122
5336,1992,9466.0,226
5337,1992,18801966.0,123
5338,1992,52150400.0,111
5339,1992,3153732.0,124
5340,1992,21449000.0,125
5341,1992,16476.0,206
5342,1992,158577.0,178
5343,1992,169799.0,168
5344,1992,41760755.0,102
5345,1992,8074337.0,154
5346,1992,10641501.0,113
5347,1993,72360.0,157
5348,1993,14003760.0,161
5349,1993,13038270.0,135
5350,1993,3227287.0,190
5351,1993,59156.0,134
5352,1993,2223284.0,187
5353,1993,34027240.0,16
5354,1993,3457349.0,36
5355,1993,51174.0,158
5356,1993,65834.0,136
5357,1993,17634808.0,17
5358,1993,7905633.0,13
5359,1993,7494800.0,193
5360,1993,5555220.0,208
5361,1993,10084475.0,18
5362,1993,5706181.0,89
5363,1993,9840075.0,75
5364,1993,113418757.0,197
5365,1993,8472313.0,22
5366,1993,573755.0,188
5367,1993,3942981.0,39
5368,1993,10239050.0,20
5369,1993,194177.0,163
5370,1993,58910.0,38
5371,1993,7544489.0,164
5372,1993,158440875.0,21
5373,1993,260995.0,162
5374,1993,284713.0,198
5375,1993,520838.0,19
5376,1993,1462262.0,165
5377,1993,3089146.0,76
5378,1993,28684764.0,23
5379,1993,6938265.0,107
5380,1993,13998386.0,43
5381,1993,12486773.0,82
5382,1993,34614735.0,25
5383,1993,463318.0,209
5384,1993,391749.0,210
5385,1993,3405372.0,26
5386,1993,10840934.0,85
5387,1993,30038.0,186
5388,1993,825986.0,27
5389,1993,10329855.0,88
5390,1993,611231.0,195
5391,1993,69169.0,199
5392,1993,5188628.0,28
5393,1993,7576074.0,86
5394,1993,27354327.0,114
5395,1993,11132829.0,90
5396,1993,1981419.0,219
5397,1993,39361262.0,29
5398,1993,1494128.0,30
5399,1993,53791672.0,130
5400,1993,5066447.0,31
5401,1993,789198.0,131
5402,1993,59106166.0,1
5403,1993,1065390.0,132
5404,1993,16643633.0,5
5405,1993,7046097.0,140
5406,1993,520236.0,211
5407,1993,10460415.0,6
5408,1993,102173.0,139
5409,1993,9790619.0,7
5410,1993,145541.0,35
5411,1993,5496841.0,141
5412,1993,4600463.0,87
5413,1993,7345940.0,8
5414,1993,10357523.0,10
5415,1993,191737287.0,12
5416,1993,926351297.0,15
5417,1993,3576261.0,46
5418,1993,19295818.0,47
5419,1993,263725.0,48
5420,1993,5261000.0,49
5421,1993,2459062.0,51
5422,1993,4075759.0,52
5423,1993,124829000.0,53
5424,1993,16380672.0,93
5425,1993,25391830.0,94
5426,1993,10243550.0,77
5427,1993,79093.0,224
5428,1993,1653645.0,56
5429,1993,3818796.0,59
5430,1993,2132771.0,145
5431,1993,4544970.0,58
5432,1993,30012.0,184
5433,1993,17825611.0,117
5434,1993,1885478.0,146
5435,1993,3682613.0,60
5436,1993,397475.0,61
5437,1993,2563290.0,57
5438,1993,25806777.0,63
5439,1993,31024.0,98
5440,1993,13020100.0,62
5441,1993,245845.0,200
5442,1993,86648447.0,66
5443,1993,48944.0,225
5444,1993,1996893.0,182
5445,1993,9506510.0,148
5446,1993,371308.0,97
5447,1993,41788302.0,150
5448,1993,2270311.0,96
5449,1993,14206254.0,149
5450,1993,2237064.0,205
5451,1993,1097374.0,65
5452,1993,10257233.0,147
5453,1993,19050077.0,64
5454,1993,1509834.0,151
5455,1993,9193078.0,153
5456,1993,102775465.0,67
5457,1993,4526689.0,133
5458,1993,4311991.0,68
5459,1993,21267359.0,152
5460,1993,10226.0,202
5461,1993,3572200.0,69
5462,1993,2071868.0,155
5463,1993,125546615.0,70
5464,1993,2607499.0,156
5465,1993,23513882.0,72
5466,1993,66083321.0,73
5467,1993,16380.0,222
5468,1993,4291588.0,166
5469,1993,38461408.0,74
5470,1993,3615497.0,84
5471,1993,9964675.0,99
5472,1993,4386202.0,71
5473,1993,486041.0,115
5474,1993,22763280.0,101
5475,1993,148458777.0,103
5476,1993,7904740.0,189
5477,1993,22163251.0,118
5478,1993,8196551.0,160
5479,1993,3313471.0,116
5480,1993,354086.0,106
5481,1993,4295689.0,171
5482,1993,5630987.0,92
5483,1993,24181.0,105
5484,1993,6620729.0,215
5485,1993,422375.0,119
5486,1993,1991746.0,104
5487,1993,8718561.0,108
5488,1993,953451.0,172
5489,1993,72253.0,170
5490,1993,13537060.0,173
5491,1993,4078392.0,177
5492,1993,57776082.0,109
5493,1993,5717806.0,176
5494,1993,4031698.0,11
5495,1993,99492.0,175
5496,1993,1293974.0,121
5497,1993,8977173.0,122
5498,1993,9517.0,226
5499,1993,19462958.0,123
5500,1993,52179200.0,111
5501,1993,3171747.0,124
5502,1993,21942000.0,125
5503,1993,16855.0,206
5504,1993,162548.0,178
5505,1993,171362.0,168
5506,1993,42525440.0,102
5507,1993,8270917.0,154
5508,1993,10794918.0,113
5509,1994,74710.0,157
5510,1994,15455555.0,161
5511,1994,13462031.0,135
5512,1994,3207536.0,190
5513,1994,61037.0,134
5514,1994,2329024.0,187
5515,1994,34488696.0,16
5516,1994,3373713.0,36
5517,1994,52288.0,158
5518,1994,67072.0,136
5519,1994,17805468.0,17
5520,1994,7936118.0,13
5521,1994,7596550.0,193
5522,1994,5586408.0,208
5523,1994,10115603.0,18
5524,1994,5923394.0,89
5525,1994,10091256.0,75
5526,1994,115614891.0,197
5527,1994,8443591.0,22
5528,1994,593254.0,188
5529,1994,3762330.0,39
5530,1994,10226955.0,20
5531,1994,198416.0,163
5532,1994,59320.0,38
5533,1994,7693722.0,164
5534,1994,160980472.0,21
5535,1994,261712.0,162
5536,1994,291935.0,198
5537,1994,521260.0,19
5538,1994,1503544.0,165
5539,1994,3187844.0,76
5540,1994,29000663.0,23
5541,1994,6993795.0,107
5542,1994,14210674.0,43
5543,1994,12848862.0,82
5544,1994,35295461.0,25
5545,1994,473478.0,209
5546,1994,401655.0,210
5547,1994,3489152.0,26
5548,1994,10887207.0,85
5549,1994,31418.0,186
5550,1994,844444.0,27
5551,1994,10333587.0,88
5552,1994,623477.0,195
5553,1994,69198.0,199
5554,1994,5206180.0,28
5555,1994,7723934.0,86
5556,1994,27937006.0,114
5557,1994,11347652.0,90
5558,1994,2042500.0,219
5559,1994,39549108.0,29
5560,1994,1462514.0,30
5561,1994,55620211.0,130
5562,1994,5088333.0,31
5563,1994,790803.0,131
5564,1994,59327585.0,1
5565,1994,1093611.0,132
5566,1994,17040854.0,5
5567,1994,7262112.0,140
5568,1994,539992.0,211
5569,1994,10512922.0,6
5570,1994,103174.0,139
5571,1994,10037522.0,7
5572,1994,147843.0,35
5573,1994,5652934.0,141
5574,1994,4652024.0,87
5575,1994,7486091.0,8
5576,1994,10343355.0,10
5577,1994,194928533.0,12
5578,1994,945261958.0,15
5579,1994,3590386.0,46
5580,1994,20248073.0,47
5581,1994,266021.0,48
5582,1994,5399000.0,49
5583,1994,2484182.0,51
5584,1994,4278166.0,52
5585,1994,125178000.0,53
5586,1994,16145766.0,93
5587,1994,26133744.0,94
5588,1994,10636353.0,77
5589,1994,80264.0,224
5590,1994,1641106.0,56
5591,1994,3888144.0,59
5592,1994,2125198.0,145
5593,1994,4641296.0,58
5594,1994,30447.0,184
5595,1994,18011744.0,117
5596,1994,1910642.0,146
5597,1994,3657144.0,60
5598,1994,402925.0,61
5599,1994,2520742.0,57
5600,1994,26201551.0,63
5601,1994,31253.0,98
5602,1994,13436121.0,62
5603,1994,252201.0,200
5604,1994,88314424.0,66
5605,1994,49840.0,225
5606,1994,1982458.0,182
5607,1994,9711797.0,148
5608,1994,374797.0,97
5609,1994,42337109.0,150
5610,1994,2301510.0,96
5611,1994,14912873.0,149
5612,1994,2315191.0,205
5613,1994,1112846.0,65
5614,1994,10131799.0,147
5615,1994,19588703.0,64
5616,1994,1558449.0,151
5617,1994,9493324.0,153
5618,1994,105456121.0,67
5619,1994,4625260.0,133
5620,1994,4336613.0,68
5621,1994,21794751.0,152
5622,1994,10274.0,202
5623,1994,3620000.0,69
5624,1994,2133675.0,155
5625,1994,129245139.0,70
5626,1994,2661385.0,156
5627,1994,23983258.0,72
5628,1994,67650283.0,73
5629,1994,16770.0,222
5630,1994,4451694.0,166
5631,1994,38542652.0,74
5632,1994,3649237.0,84
5633,1994,9991525.0,99
5634,1994,4495301.0,71
5635,1994,500683.0,115
5636,1994,22730211.0,101
5637,1994,148407912.0,103
5638,1994,6732665.0,189
5639,1994,22703631.0,118
5640,1994,8416997.0,160
5641,1994,3419048.0,116
5642,1994,364505.0,106
5643,1994,4314953.0,171
5644,1994,5693038.0,92
5645,1994,24535.0,105
5646,1994,6959828.0,215
5647,1994,426548.0,119
5648,1994,1989443.0,104
5649,1994,8780745.0,108
5650,1994,953737.0,172
5651,1994,74205.0,170
5652,1994,13922626.0,173
5653,1994,4092612.0,177
5654,1994,58610010.0,109
5655,1994,5803993.0,176
5656,1994,4133037.0,11
5657,1994,99731.0,175
5658,1994,1301393.0,121
5659,1994,9143141.0,122
5660,1994,9559.0,226
5661,1994,20125021.0,123
5662,1994,51921400.0,111
5663,1994,3189945.0,124
5664,1994,22377000.0,125
5665,1994,17255.0,206
5666,1994,166560.0,178
5667,1994,173107.0,168
5668,1994,43267982.0,102
5669,1994,8474216.0,154
5670,1994,10858594.0,113
5671,1995,77050.0,157
5672,1995,16418912.0,161
5673,1995,13912253.0,135
5674,1995,3187784.0,190
5675,1995,62928.0,134
5676,1995,2433988.0,187
5677,1995,34946110.0,16
5678,1995,3322782.0,36
5679,1995,53401.0,158
5680,1995,68398.0,136
5681,1995,18004882.0,17
5682,1995,7948278.0,13
5683,1995,7684850.0,193
5684,1995,5932783.0,208
5685,1995,10136811.0,18
5686,1995,6046511.0,89
5687,1995,10353263.0,75
5688,1995,117793338.0,197
5689,1995,8406067.0,22
5690,1995,612934.0,188
5691,1995,3750527.0,39
5692,1995,10193831.0,20
5693,1995,203556.0,163
5694,1995,59746.0,38
5695,1995,7841471.0,164
5696,1995,163515328.0,21
5697,1995,262303.0,162
5698,1995,299097.0,198
5699,1995,527536.0,19
5700,1995,1543634.0,165
5701,1995,3276706.0,76
5702,1995,29302311.0,23
5703,1995,7040687.0,107
5704,1995,14416796.0,43
5705,1995,13211647.0,82
5706,1995,35970101.0,25
5707,1995,483760.0,209
5708,1995,411382.0,210
5709,1995,3572856.0,26
5710,1995,10926703.0,85
5711,1995,32802.0,186
5712,1995,862418.0,27
5713,1995,10327253.0,88
5714,1995,629619.0,195
5715,1995,69201.0,199
5716,1995,5233373.0,28
5717,1995,7869753.0,86
5718,1995,28478022.0,114
5719,1995,11561683.0,90
5720,1995,2157220.0,219
5721,1995,39724050.0,29
5722,1995,1436634.0,30
5723,1995,57476536.0,130
5724,1995,5107790.0,31
5725,1995,792246.0,131
5726,1995,59543659.0,1
5727,1995,1121964.0,132
5728,1995,17438874.0,5
5729,1995,7468347.0,140
5730,1995,560740.0,211
5731,1995,10562153.0,6
5732,1995,104060.0,139
5733,1995,10286786.0,7
5734,1995,150094.0,35
5735,1995,5812832.0,141
5736,1995,4620030.0,87
5737,1995,7627316.0,8
5738,1995,10328965.0,10
5739,1995,198140162.0,12
5740,1995,964279129.0,15
5741,1995,3608841.0,46
5742,1995,20948858.0,47
5743,1995,267468.0,48
5744,1995,5545000.0,49
5745,1995,2509372.0,51
5746,1995,4458195.0,52
5747,1995,125472000.0,53
5748,1995,15816243.0,93
5749,1995,26878347.0,94
5750,1995,10919528.0,77
5751,1995,81481.0,224
5752,1995,1655222.0,56
5753,1995,3959640.0,59
5754,1995,2142422.0,145
5755,1995,4733063.0,58
5756,1995,30890.0,184
5757,1995,18177572.0,117
5758,1995,1934079.0,146
5759,1995,3629102.0,60
5760,1995,408625.0,61
5761,1995,2485056.0,57
5762,1995,26599048.0,63
5763,1995,31482.0,98
5764,1995,13869138.0,62
5765,1995,258208.0,200
5766,1995,89969572.0,66
5767,1995,50702.0,225
5768,1995,1983964.0,182
5769,1995,9921094.0,148
5770,1995,377419.0,97
5771,1995,42880186.0,150
5772,1995,2330334.0,96
5773,1995,15594830.0,149
5774,1995,2380341.0,205
5775,1995,1122457.0,65
5776,1995,10112816.0,147
5777,1995,20136888.0,64
5778,1995,1605370.0,151
5779,1995,9813918.0,153
5780,1995,108187610.0,67
5781,1995,4721929.0,133
5782,1995,4359184.0,68
5783,1995,22305571.0,152
5784,1995,10316.0,202
5785,1995,3673400.0,69
5786,1995,2172672.0,155
5787,1995,133117476.0,70
5788,1995,2716067.0,156
5789,1995,24449055.0,72
5790,1995,69250468.0,73
5791,1995,17209.0,222
5792,1995,4616439.0,166
5793,1995,38594998.0,74
5794,1995,3683103.0,84
5795,1995,10026176.0,99
5796,1995,4603917.0,71
5797,1995,515133.0,115
5798,1995,22684270.0,101
5799,1995,148375787.0,103
5800,1995,5686897.0,189
5801,1995,23290602.0,118
5802,1995,8632681.0,160
5803,1995,3524506.0,116
5804,1995,375189.0,106
5805,1995,4324149.0,171
5806,1995,5748195.0,92
5807,1995,24886.0,105
5808,1995,7210930.0,215
5809,1995,434490.0,119
5810,1995,1989872.0,104
5811,1995,8826939.0,108
5812,1995,953573.0,172
5813,1995,75304.0,170
5814,1995,14313450.0,173
5815,1995,4279566.0,177
5816,1995,59424834.0,109
5817,1995,5916173.0,176
5818,1995,4226623.0,11
5819,1995,99977.0,175
5820,1995,1307822.0,121
5821,1995,9294102.0,122
5822,1995,9585.0,226
5823,1995,20680831.0,123
5824,1995,51512800.0,111
5825,1995,3208300.0,124
5826,1995,22785000.0,125
5827,1995,17674.0,206
5828,1995,170612.0,178
5829,1995,174902.0,168
5830,1995,43986084.0,102
5831,1995,8684135.0,154
5832,1995,10994041.0,113
5833,1996,79417.0,157
5834,1996,17106595.0,161
5835,1996,14383350.0,135
5836,1996,3168033.0,190
5837,1996,64147.0,134
5838,1996,2572735.0,187
5839,1996,35389362.0,16
5840,1996,3298898.0,36
5841,1996,54500.0,158
5842,1996,69798.0,136
5843,1996,18224767.0,17
5844,1996,7959017.0,13
5845,1996,7763000.0,193
5846,1996,5930507.0,208
5847,1996,10156637.0,18
5848,1996,6203860.0,89
5849,1996,10621210.0,75
5850,1996,119876868.0,197
5851,1996,8362826.0,22
5852,1996,632756.0,188
5853,1996,3907751.0,39
5854,1996,10159569.0,20
5855,1996,209840.0,163
5856,1996,60129.0,38
5857,1996,7989367.0,164
5858,1996,166037122.0,21
5859,1996,262793.0,162
5860,1996,306196.0,198
5861,1996,537494.0,19
5862,1996,1582169.0,165
5863,1996,3363570.0,76
5864,1996,29610218.0,23
5865,1996,7071850.0,107
5866,1996,14615483.0,43
5867,1996,13575324.0,82
5868,1996,36632573.0,25
5869,1996,494288.0,209
5870,1996,421007.0,210
5871,1996,3656234.0,26
5872,1996,10963031.0,85
5873,1996,34194.0,186
5874,1996,880058.0,27
5875,1996,10315241.0,88
5876,1996,644649.0,195
5877,1996,69166.0,199
5878,1996,5263074.0,28
5879,1996,8012314.0,86
5880,1996,28984634.0,114
5881,1996,11775221.0,90
5882,1996,2264073.0,219
5883,1996,39889852.0,29
5884,1996,1415594.0,30
5885,1996,59347649.0,130
5886,1996,5124573.0,31
5887,1996,796538.0,131
5888,1996,59756533.0,1
5889,1996,1150601.0,132
5890,1996,17844010.0,5
5891,1996,7683115.0,140
5892,1996,582573.0,211
5893,1996,10608800.0,6
5894,1996,104846.0,139
5895,1996,10536942.0,7
5896,1996,152261.0,35
5897,1996,5976550.0,141
5898,1996,4557097.0,87
5899,1996,7770593.0,8
5900,1996,10311238.0,10
5901,1996,201373791.0,12
5902,1996,983281218.0,15
5903,1996,3637510.0,46
5904,1996,21639332.0,47
5905,1996,268916.0,48
5906,1996,5692000.0,49
5907,1996,2532894.0,51
5908,1996,4608676.0,52
5909,1996,125757000.0,53
5910,1996,15578227.0,93
5911,1996,27615736.0,94
5912,1996,11182612.0,77
5913,1996,82832.0,224
5914,1996,1703318.0,56
5915,1996,4034243.0,59
5916,1996,2203966.0,145
5917,1996,4820066.0,58
5918,1996,31337.0,184
5919,1996,18322506.0,117
5920,1996,1955098.0,146
5921,1996,3601613.0,60
5922,1996,414225.0,61
5923,1996,2457222.0,57
5924,1996,26999093.0,63
5925,1996,31719.0,98
5926,1996,14317454.0,62
5927,1996,263841.0,200
5928,1996,91586555.0,66
5929,1996,51538.0,225
5930,1996,1994226.0,182
5931,1996,10131906.0,148
5932,1996,379905.0,97
5933,1996,43423369.0,150
5934,1996,2357033.0,96
5935,1996,16079553.0,149
5936,1996,2428816.0,205
5937,1996,1133996.0,65
5938,1996,10310528.0,147
5939,1996,20689051.0,64
5940,1996,1650066.0,151
5941,1996,10149937.0,153
5942,1996,110956183.0,67
5943,1996,4812391.0,133
5944,1996,4381336.0,68
5945,1996,22783969.0,152
5946,1996,10345.0,202
5947,1996,3732000.0,69
5948,1996,2209958.0,155
5949,1996,137234810.0,70
5950,1996,2771606.0,156
5951,1996,24907304.0,72
5952,1996,70944969.0,73
5953,1996,17732.0,222
5954,1996,4785895.0,166
5955,1996,38624370.0,74
5956,1996,3724655.0,84
5957,1996,10063945.0,99
5958,1996,4711655.0,71
5959,1996,529265.0,115
5960,1996,22619004.0,101
5961,1996,148160129.0,103
5962,1996,6715510.0,189
5963,1996,23862258.0,118
5964,1996,8843423.0,160
5965,1996,3670704.0,116
5966,1996,386069.0,106
5967,1996,4347370.0,171
5968,1996,5797140.0,92
5969,1996,25235.0,105
5970,1996,7472450.0,215
5971,1996,443834.0,119
5972,1996,1988628.0,104
5973,1996,8840998.0,108
5974,1996,973587.0,172
5975,1996,76417.0,170
5976,1996,14708879.0,173
5977,1996,4445883.0,177
5978,1996,60211096.0,109
5979,1996,6035600.0,176
5980,1996,4301093.0,11
5981,1996,100195.0,175
5982,1996,1313434.0,121
5983,1996,9430550.0,122
5984,1996,9611.0,226
5985,1996,21249572.0,123
5986,1996,51057800.0,111
5987,1996,3226633.0,124
5988,1996,23225000.0,125
5989,1996,18120.0,206
5990,1996,174714.0,178
5991,1996,176713.0,168
5992,1996,44661603.0,102
5993,1996,8902019.0,154
5994,1996,11178171.0,113
5995,1997,81858.0,157
5996,1997,17788819.0,161
5997,1997,14871146.0,135
5998,1997,3148281.0,190
5999,1997,64682.0,134
6000,1997,2746119.0,187
6001,1997,35815971.0,16
6002,1997,3271418.0,36
6003,1997,55578.0,158
6004,1997,71218.0,136
6005,1997,18423037.0,17
6006,1997,7968041.0,13
6007,1997,7838250.0,193
6008,1997,5923862.0,208
6009,1997,10181245.0,18
6010,1997,6387026.0,89
6011,1997,10897353.0,75
6012,1997,122039226.0,197
6013,1997,8312068.0,22
6014,1997,652643.0,188
6015,1997,4047748.0,39
6016,1997,10117433.0,20
6017,1997,217117.0,163
6018,1997,60497.0,38
6019,1997,8137619.0,164
6020,1997,168546707.0,21
6021,1997,263224.0,162
6022,1997,313215.0,198
6023,1997,546865.0,19
6024,1997,1619354.0,165
6025,1997,3458472.0,76
6026,1997,29905948.0,23
6027,1997,7088906.0,107
6028,1997,14809289.0,43
6029,1997,13941181.0,82
6030,1997,37291946.0,25
6031,1997,505033.0,209
6032,1997,430654.0,210
6033,1997,3739421.0,26
6034,1997,10998129.0,85
6035,1997,35579.0,186
6036,1997,897471.0,27
6037,1997,10304131.0,88
6038,1997,667786.0,195
6039,1997,69081.0,199
6040,1997,5284991.0,28
6041,1997,8150076.0,86
6042,1997,29476031.0,114
6043,1997,11987838.0,90
6044,1997,2291561.0,219
6045,1997,40057389.0,29
6046,1997,1399535.0,30
6047,1997,61233480.0,130
6048,1997,5139835.0,31
6049,1997,804572.0,131
6050,1997,59969944.0,1
6051,1997,1179806.0,132
6052,1997,18268040.0,5
6053,1997,7842806.0,140
6054,1997,605570.0,211
6055,1997,10661259.0,6
6056,1997,105549.0,139
6057,1997,10788362.0,7
6058,1997,154330.0,35
6059,1997,6144112.0,141
6060,1997,4534920.0,87
6061,1997,7915172.0,8
6062,1997,10290486.0,10
6063,1997,204628007.0,12
6064,1997,1002335230.0,15
6065,1997,3674171.0,46
6066,1997,22330770.0,47
6067,1997,271128.0,48
6068,1997,5836000.0,49
6069,1997,2554954.0,51
6070,1997,4733665.0,52
6071,1997,126057000.0,53
6072,1997,15334405.0,93
6073,1997,28364264.0,94
6074,1997,11431569.0,77
6075,1997,84308.0,224
6076,1997,1761468.0,56
6077,1997,4107551.0,59
6078,1997,2383300.0,145
6079,1997,4902346.0,58
6080,1997,31770.0,184
6081,1997,18449123.0,117
6082,1997,1972579.0,146
6083,1997,3575137.0,60
6084,1997,419450.0,61
6085,1997,2432851.0,57
6086,1997,27397118.0,63
6087,1997,31968.0,98
6088,1997,14778903.0,62
6089,1997,269040.0,200
6090,1997,93183094.0,66
6091,1997,52358.0,225
6092,1997,1996869.0,182
6093,1997,10359301.0,148
6094,1997,382791.0,97
6095,1997,43972046.0,150
6096,1997,2381771.0,96
6097,1997,16521724.0,149
6098,1997,2484278.0,205
6099,1997,1148284.0,65
6100,1997,10512678.0,147
6101,1997,21249178.0,64
6102,1997,1693242.0,151
6103,1997,10494201.0,153
6104,1997,113791181.0,67
6105,1997,4895962.0,133
6106,1997,4405157.0,68
6107,1997,23249417.0,152
6108,1997,10363.0,202
6109,1997,3781300.0,69
6110,1997,2245588.0,155
6111,1997,141330267.0,70
6112,1997,2827992.0,156
6113,1997,25365386.0,72
6114,1997,72718837.0,73
6115,1997,18297.0,222
6116,1997,4960439.0,166
6117,1997,38649660.0,74
6118,1997,3759430.0,84
6119,1997,10108977.0,99
6120,1997,4818289.0,71
6121,1997,550591.0,115
6122,1997,22553978.0,101
6123,1997,147915361.0,103
6124,1997,7666732.0,189
6125,1997,24454372.0,118
6126,1997,9051539.0,160
6127,1997,3796038.0,116
6128,1997,397050.0,106
6129,1997,4405028.0,171
6130,1997,5842638.0,92
6131,1997,25596.0,105
6132,1997,7734313.0,215
6133,1997,452887.0,119
6134,1997,1985956.0,104
6135,1997,8846062.0,108
6136,1997,990734.0,172
6137,1997,77319.0,170
6138,1997,15103996.0,173
6139,1997,4592550.0,177
6140,1997,60989108.0,109
6141,1997,6117069.0,176
6142,1997,4363672.0,11
6143,1997,100658.0,175
6144,1997,1318171.0,121
6145,1997,9557948.0,122
6146,1997,9630.0,226
6147,1997,21876935.0,123
6148,1997,50594600.0,111
6149,1997,3245069.0,124
6150,1997,23667000.0,125
6151,1997,18591.0,206
6152,1997,178871.0,178
6153,1997,178543.0,168
6154,1997,45285048.0,102
6155,1997,9133156.0,154
6156,1997,11362401.0,113
6157,1998,84355.0,157
6158,1998,18493132.0,161
6159,1998,15366864.0,135
6160,1998,3128530.0,190
6161,1998,65186.0,134
6162,1998,2921130.0,187
6163,1998,36233195.0,16
6164,1998,3240550.0,36
6165,1998,56603.0,158
6166,1998,72572.0,136
6167,1998,18607584.0,17
6168,1998,7976789.0,13
6169,1998,7913000.0,193
6170,1998,6035340.0,208
6171,1998,10203008.0,18
6172,1998,6584183.0,89
6173,1998,11201063.0,75
6174,1998,124350471.0,197
6175,1998,8256786.0,22
6176,1998,672484.0,188
6177,1998,4115059.0,39
6178,1998,10071963.0,20
6179,1998,224907.0,163
6180,1998,60943.0,38
6181,1998,8286928.0,164
6182,1998,171039804.0,21
6183,1998,263642.0,162
6184,1998,320152.0,198
6185,1998,557143.0,19
6186,1998,1655699.0,165
6187,1998,3555064.0,76
6188,1998,30155173.0,23
6189,1998,7110001.0,107
6190,1998,14996742.0,43
6191,1998,14314599.0,82
6192,1998,37944414.0,25
6193,1998,515959.0,209
6194,1998,440214.0,210
6195,1998,3821421.0,26
6196,1998,11033758.0,85
6197,1998,36947.0,186
6198,1998,914660.0,27
6199,1998,10294373.0,88
6200,1998,694920.0,195
6201,1998,68938.0,199
6202,1998,5304219.0,28
6203,1998,8282126.0,86
6204,1998,29924668.0,114
6205,1998,12199693.0,90
6206,1998,2322753.0,219
6207,1998,40223509.0,29
6208,1998,1386156.0,30
6209,1998,63136493.0,130
6210,1998,5153498.0,31
6211,1998,813947.0,131
6212,1998,60192790.0,1
6213,1998,1209832.0,132
6214,1998,18714708.0,5
6215,1998,7992545.0,140
6216,1998,629734.0,211
6217,1998,10720509.0,6
6218,1998,106200.0,139
6219,1998,11046215.0,7
6220,1998,156357.0,35
6221,1998,6308537.0,141
6222,1998,4532135.0,87
6223,1998,8060896.0,8
6224,1998,10266570.0,10
6225,1998,207855486.0,12
6226,1998,1021434576.0,15
6227,1998,3712696.0,46
6228,1998,23053488.0,47
6229,1998,274047.0,48
6230,1998,5971000.0,49
6231,1998,2576567.0,51
6232,1998,4844403.0,52
6233,1998,126400000.0,53
6234,1998,15071640.0,93
6235,1998,29137373.0,94
6236,1998,11669077.0,77
6237,1998,85805.0,224
6238,1998,1819544.0,56
6239,1998,4178784.0,59
6240,1998,2639224.0,145
6241,1998,4980962.0,58
6242,1998,32190.0,184
6243,1998,18560798.0,117
6244,1998,1985639.0,146
6245,1998,3549331.0,60
6246,1998,424700.0,61
6247,1998,2410019.0,57
6248,1998,27791825.0,63
6249,1998,32209.0,98
6250,1998,15250934.0,62
6251,1998,273796.0,200
6252,1998,94767284.0,66
6253,1998,53164.0,225
6254,1998,2007523.0,182
6255,1998,10620475.0,148
6256,1998,385287.0,97
6257,1998,44516185.0,150
6258,1998,2405148.0,96
6259,1998,16923195.0,149
6260,1998,2550501.0,205
6261,1998,1160421.0,65
6262,1998,10732456.0,147
6263,1998,21810542.0,64
6264,1998,1735953.0,151
6265,1998,10854920.0,153
6266,1998,116690527.0,67
6267,1998,4974552.0,133
6268,1998,4431464.0,68
6269,1998,23703328.0,152
6270,1998,10377.0,202
6271,1998,3815000.0,69
6272,1998,2279727.0,155
6273,1998,145476106.0,70
6274,1998,2885177.0,156
6275,1998,25818226.0,72
6276,1998,74491918.0,73
6277,1998,18852.0,222
6278,1998,5138829.0,166
6279,1998,38663481.0,74
6280,1998,3781101.0,84
6281,1998,10160196.0,99
6282,1998,4923449.0,71
6283,1998,580997.0,115
6284,1998,22507344.0,101
6285,1998,147670784.0,103
6286,1998,7914645.0,189
6287,1998,25029144.0,118
6288,1998,9261526.0,160
6289,1998,3927213.0,116
6290,1998,408145.0,106
6291,1998,4449975.0,171
6292,1998,5885083.0,92
6293,1998,25997.0,105
6294,1998,8056862.0,215
6295,1998,461749.0,119
6296,1998,1981629.0,104
6297,1998,8850974.0,108
6298,1998,1005158.0,172
6299,1998,78846.0,170
6300,1998,15500542.0,173
6301,1998,4728297.0,177
6302,1998,61745217.0,109
6303,1998,6156805.0,176
6304,1998,4431517.0,11
6305,1998,101343.0,175
6306,1998,1322572.0,121
6307,1998,9677148.0,122
6308,1998,9634.0,226
6309,1998,22537658.0,123
6310,1998,50144500.0,111
6311,1998,3262683.0,124
6312,1998,24051000.0,125
6313,1998,19079.0,206
6314,1998,183088.0,178
6315,1998,180385.0,168
6316,1998,45852166.0,102
6317,1998,9372430.0,154
6318,1998,11548364.0,113
6319,1999,86867.0,157
6320,1999,19262847.0,161
6321,1999,15870753.0,135
6322,1999,3108778.0,190
6323,1999,65655.0,134
6324,1999,3097563.0,187
6325,1999,36653031.0,16
6326,1999,3206030.0,36
6327,1999,57594.0,158
6328,1999,73821.0,136
6329,1999,18812264.0,17
6330,1999,7992324.0,13
6331,1999,7982750.0,193
6332,1999,6180180.0,208
6333,1999,10226419.0,18
6334,1999,6788589.0,89
6335,1999,11533554.0,75
6336,1999,126754824.0,197
6337,1999,8210624.0,22
6338,1999,692133.0,188
6339,1999,4153014.0,39
6340,1999,10026738.0,20
6341,1999,232733.0,163
6342,1999,61285.0,38
6343,1999,8439052.0,164
6344,1999,173486281.0,21
6345,1999,264170.0,162
6346,1999,327045.0,198
6347,1999,570990.0,19
6348,1999,1691558.0,165
6349,1999,3655360.0,76
6350,1999,30401286.0,23
6351,1999,7143991.0,107
6352,1999,15176410.0,43
6353,1999,14698973.0,82
6354,1999,38585033.0,25
6355,1999,526443.0,209
6356,1999,449627.0,210
6357,1999,3901430.0,26
6358,1999,11070094.0,85
6359,1999,38295.0,186
6360,1999,931600.0,27
6361,1999,10283860.0,88
6362,1999,719371.0,195
6363,1999,68698.0,199
6364,1999,5321799.0,28
6365,1999,8411374.0,86
6366,1999,30346083.0,114
6367,1999,12412046.0,90
6368,1999,2356477.0,219
6369,1999,40386875.0,29
6370,1999,1390244.0,30
6371,1999,65077579.0,130
6372,1999,5165474.0,31
6373,1999,823422.0,131
6374,1999,60504420.0,1
6375,1999,1240764.0,132
6376,1999,19176791.0,5
6377,1999,8174897.0,140
6378,1999,655029.0,211
6379,1999,10761698.0,6
6380,1999,106823.0,139
6381,1999,11311078.0,7
6382,1999,158395.0,35
6383,1999,6477365.0,141
6384,1999,4512597.0,87
6385,1999,8208941.0,8
6386,1999,10237530.0,10
6387,1999,210996910.0,12
6388,1999,1040500054.0,15
6389,1999,3754786.0,46
6390,1999,23820734.0,47
6391,1999,277381.0,48
6392,1999,6125000.0,49
6393,1999,2596271.0,51
6394,1999,4950775.0,52
6395,1999,126631000.0,53
6396,1999,14928374.0,93
6397,1999,29965129.0,94
6398,1999,11899006.0,77
6399,1999,87289.0,224
6400,1999,1877427.0,56
6401,1999,4250020.0,59
6402,1999,2789743.0,145
6403,1999,5057998.0,58
6404,1999,32615.0,184
6405,1999,18670411.0,117
6406,1999,1994243.0,146
6407,1999,3524238.0,60
6408,1999,430475.0,61
6409,1999,2390482.0,57
6410,1999,28176997.0,63
6411,1999,32394.0,98
6412,1999,15730885.0,62
6413,1999,278111.0,200
6414,1999,96334810.0,66
6415,1999,53834.0,225
6416,1999,2017142.0,182
6417,1999,10916993.0,148
6418,1999,387578.0,97
6419,1999,45041636.0,150
6420,1999,2428488.0,96
6421,1999,17337893.0,149
6422,1999,2620611.0,205
6423,1999,1175267.0,65
6424,1999,10973956.0,147
6425,1999,22368655.0,64
6426,1999,1778277.0,151
6427,1999,11231469.0,153
6428,1999,119695565.0,67
6429,1999,5049878.0,133
6430,1999,4461913.0,68
6431,1999,24143157.0,152
6432,1999,10383.0,202
6433,1999,3835100.0,69
6434,1999,2312600.0,155
6435,1999,149694462.0,70
6436,1999,2943120.0,156
6437,1999,26252239.0,72
6438,1999,76249064.0,73
6439,1999,19380.0,222
6440,1999,5321388.0,166
6441,1999,38660271.0,74
6442,1999,3800081.0,84
6443,1999,10217828.0,99
6444,1999,5026031.0,71
6445,1999,613302.0,115
6446,1999,22472040.0,101
6447,1999,147214776.0,103
6448,1999,8009587.0,189
6449,1999,25634162.0,118
6450,1999,9478564.0,160
6451,1999,3958723.0,116
6452,1999,419229.0,106
6453,1999,4475145.0,171
6454,1999,5923852.0,92
6455,1999,26404.0,105
6456,1999,8384479.0,215
6457,1999,470458.0,119
6458,1999,1983045.0,104
6459,1999,8857874.0,108
6460,1999,1018370.0,172
6461,1999,80410.0,170
6462,1999,15901201.0,173
6463,1999,4867941.0,177
6464,1999,62442651.0,109
6465,1999,6189565.0,176
6466,1999,4501079.0,11
6467,1999,101982.0,175
6468,1999,1327063.0,121
6469,1999,9788067.0,122
6470,1999,9640.0,226
6471,1999,23279247.0,123
6472,1999,49674000.0,111
6473,1999,3278963.0,124
6474,1999,24311650.0,125
6475,1999,19586.0,206
6476,1999,187432.0,178
6477,1999,182211.0,168
6478,1999,46364681.0,102
6479,1999,9621238.0,154
6480,1999,11716454.0,113
6481,2000,89101.0,157
6482,2000,19542982.0,161
6483,2000,16394062.0,135
6484,2000,3089027.0,190
6485,2000,66097.0,134
6486,2000,3275333.0,187
6487,2000,37070774.0,16
6488,2000,3168523.0,36
6489,2000,58230.0,158
6490,2000,75055.0,136
6491,2000,19028802.0,17
6492,2000,8011566.0,13
6493,2000,8048600.0,193
6494,2000,6307659.0,208
6495,2000,10251250.0,18
6496,2000,6998023.0,89
6497,2000,11882888.0,75
6498,2000,129193327.0,197
6499,2000,8170172.0,22
6500,2000,711442.0,188
6501,2000,4179350.0,39
6502,2000,9979610.0,20
6503,2000,240406.0,163
6504,2000,61833.0,38
6505,2000,8592656.0,164
6506,2000,175873720.0,21
6507,2000,264657.0,162
6508,2000,333926.0,198
6509,2000,587207.0,19
6510,2000,1726985.0,165
6511,2000,3759170.0,76
6512,2000,30685730.0,23
6513,2000,7184250.0,107
6514,2000,15351799.0,43
6515,2000,15091594.0,82
6516,2000,39215135.0,25
6517,2000,536758.0,209
6518,2000,458251.0,210
6519,2000,3979193.0,26
6520,2000,11105791.0,85
6521,2000,39658.0,186
6522,2000,948237.0,27
6523,2000,10255063.0,88
6524,2000,742033.0,195
6525,2000,68346.0,199
6526,2000,5339616.0,28
6527,2000,8540791.0,86
6528,2000,30774621.0,114
6529,2000,12626507.0,90
6530,2000,2392880.0,219
6531,2000,40567864.0,29
6532,2000,1396985.0,30
6533,2000,67031867.0,130
6534,2000,5176209.0,31
6535,2000,832509.0,131
6536,2000,60921384.0,1
6537,2000,1272935.0,132
6538,2000,19665502.0,5
6539,2000,8336967.0,140
6540,2000,684977.0,211
6541,2000,10805808.0,6
6542,2000,107432.0,139
6543,2000,11589761.0,7
6544,2000,160188.0,35
6545,2000,6656725.0,141
6546,2000,4468302.0,87
6547,2000,8360225.0,8
6548,2000,10210971.0,10
6549,2000,214072421.0,12
6550,2000,1059633675.0,15
6551,2000,3805174.0,46
6552,2000,24628858.0,47
6553,2000,281205.0,48
6554,2000,6289000.0,49
6555,2000,2612205.0,51
6556,2000,5056174.0,52
6557,2000,126843000.0,53
6558,2000,14883626.0,93
6559,2000,30851606.0,94
6560,2000,12118841.0,77
6561,2000,88826.0,224
6562,2000,1934901.0,56
6563,2000,4320642.0,59
6564,2000,2895224.0,145
6565,2000,5154790.0,58
6566,2000,33026.0,184
6567,2000,18776371.0,117
6568,2000,1998630.0,146
6569,2000,3499536.0,60
6570,2000,436300.0,61
6571,2000,2367550.0,57
6572,2000,28554415.0,63
6573,2000,32465.0,98
6574,2000,16216431.0,62
6575,2000,282507.0,200
6576,2000,97873442.0,66
6577,2000,54224.0,225
6578,2000,2026350.0,182
6579,2000,11239101.0,148
6580,2000,390087.0,97
6581,2000,45538332.0,150
6582,2000,2450979.0,96
6583,2000,17768505.0,149
6584,2000,2695003.0,205
6585,2000,1186873.0,65
6586,2000,11229387.0,147
6587,2000,22945150.0,64
6588,2000,1819141.0,151
6589,2000,11622665.0,153
6590,2000,122851984.0,67
6591,2000,5123222.0,133
6592,2000,4490967.0,68
6593,2000,24559500.0,152
6594,2000,10377.0,202
6595,2000,3857700.0,69
6596,2000,2344253.0,155
6597,2000,154369924.0,70
6598,2000,3001731.0,156
6599,2000,26654439.0,72
6600,2000,77958223.0,73
6601,2000,19726.0,222
6602,2000,5508297.0,166
6603,2000,38258629.0,74
6604,2000,3810605.0,84
6605,2000,10289898.0,99
6606,2000,5123819.0,71
6607,2000,645937.0,115
6608,2000,22442971.0,101
6609,2000,146596869.0,103
6610,2000,8109989.0,189
6611,2000,26298773.0,118
6612,2000,9704287.0,160
6613,2000,4027887.0,116
6614,2000,429978.0,106
6615,2000,4584067.0,171
6616,2000,5958482.0,92
6617,2000,26823.0,105
6618,2000,8721465.0,215
6619,2000,478998.0,119
6620,2000,1988925.0,104
6621,2000,8872109.0,108
6622,2000,1030496.0,172
6623,2000,81131.0,170
6624,2000,16307654.0,173
6625,2000,5008035.0,177
6626,2000,63066603.0,109
6627,2000,6272998.0,176
6628,2000,4569132.0,11
6629,2000,102603.0,175
6630,2000,1332203.0,121
6631,2000,9893316.0,122
6632,2000,9638.0,226
6633,2000,24020697.0,123
6634,2000,49176500.0,111
6635,2000,3292224.0,124
6636,2000,24650400.0,125
6637,2000,20104.0,206
6638,2000,192074.0,178
6639,2000,184008.0,168
6640,2000,46813266.0,102
6641,2000,9891136.0,154
6642,2000,11834676.0,113
6643,2001,90691.0,157
6644,2001,19688632.0,161
6645,2001,16941587.0,135
6646,2001,3060173.0,190
6647,2001,67820.0,134
6648,2001,3454198.0,187
6649,2001,37480493.0,16
6650,2001,3133133.0,36
6651,2001,58324.0,158
6652,2001,76215.0,136
6653,2001,19274701.0,17
6654,2001,8042293.0,13
6655,2001,8111200.0,193
6656,2001,6465729.0,208
6657,2001,10286570.0,18
6658,2001,7212041.0,89
6659,2001,12249764.0,75
6660,2001,131670484.0,197
6661,2001,8009142.0,22
6662,2001,730257.0,188
6663,2001,4194932.0,39
6664,2001,9928549.0,20
6665,2001,248100.0,163
6666,2001,62504.0,38
6667,2001,8746084.0,164
6668,2001,178211881.0,21
6669,2001,265377.0,162
6670,2001,340748.0,198
6671,2001,603234.0,19
6672,2001,1761930.0,165
6673,2001,3844773.0,76
6674,2001,31020855.0,23
6675,2001,7229854.0,107
6676,2001,15523978.0,43
6677,2001,15493253.0,82
6678,2001,39837875.0,25
6679,2001,547741.0,209
6680,2001,465958.0,210
6681,2001,4053222.0,26
6682,2001,11139127.0,85
6683,2001,41054.0,186
6684,2001,964830.0,27
6685,2001,10216605.0,88
6686,2001,765490.0,195
6687,2001,68153.0,199
6688,2001,5358783.0,28
6689,2001,8669040.0,86
6690,2001,31200985.0,114
6691,2001,12845521.0,90
6692,2001,2461927.0,219
6693,2001,40850412.0,29
6694,2001,1388115.0,30
6695,2001,69018932.0,130
6696,2001,5188008.0,31
6697,2001,841320.0,131
6698,2001,61367388.0,1
6699,2001,1306590.0,132
6700,2001,20195577.0,5
6701,2001,8445717.0,140
6702,2001,719270.0,211
6703,2001,10862132.0,6
6704,2001,107936.0,139
6705,2001,11871565.0,7
6706,2001,161524.0,35
6707,2001,6837861.0,141
6708,2001,4299642.0,87
6709,2001,8511728.0,8
6710,2001,10187576.0,10
6711,2001,217112437.0,12
6712,2001,1078970907.0,15
6713,2001,3866243.0,46
6714,2001,25425663.0,47
6715,2001,284968.0,48
6716,2001,6439000.0,49
6717,2001,2625405.0,51
6718,2001,5163310.0,52
6719,2001,127149000.0,53
6720,2001,14858335.0,93
6721,2001,31800343.0,94
6722,2001,12338192.0,77
6723,2001,90531.0,224
6724,2001,1991674.0,56
6725,2001,4389200.0,59
6726,2001,2981648.0,145
6727,2001,5275916.0,58
6728,2001,33376.0,184
6729,2001,18920275.0,117
6730,2001,1999473.0,146
6731,2001,3470818.0,60
6732,2001,441525.0,61
6733,2001,2337170.0,57
6734,2001,28930097.0,63
6735,2001,32444.0,98
6736,2001,16709665.0,62
6737,2001,287324.0,200
6738,2001,99394288.0,66
6739,2001,54413.0,225
6740,2001,2034882.0,182
6741,2001,11583824.0,148
6742,2001,393028.0,97
6743,2001,46014826.0,150
6744,2001,2472601.0,96
6745,2001,18220716.0,149
6746,2001,2761823.0,205
6747,2001,1196287.0,65
6748,2001,11498818.0,147
6749,2001,23542517.0,64
6750,2001,1856402.0,151
6751,2001,12031430.0,153
6752,2001,126152678.0,67
6753,2001,5192764.0,133
6754,2001,4513751.0,68
6755,2001,24956071.0,152
6756,2001,10363.0,202
6757,2001,3880500.0,69
6758,2001,2374653.0,155
6759,2001,159217727.0,70
6760,2001,3061024.0,156
6761,2001,27014909.0,72
6762,2001,79626086.0,73
6763,2001,19828.0,222
6764,2001,5698489.0,166
6765,2001,38248076.0,74
6766,2001,3818774.0,84
6767,2001,10362722.0,99
6768,2001,5211541.0,71
6769,2001,678831.0,115
6770,2001,22131970.0,101
6771,2001,145976482.0,103
6772,2001,8223941.0,189
6773,2001,26947253.0,118
6774,2001,9938027.0,160
6775,2001,4138012.0,116
6776,2001,440395.0,106
6777,2001,4857096.0,171
6778,2001,5988095.0,92
6779,2001,27335.0,105
6780,2001,9070747.0,215
6781,2001,487394.0,119
6782,2001,1992060.0,104
6783,2001,8895960.0,108
6784,2001,1041396.0,172
6785,2001,81202.0,170
6786,2001,16727948.0,173
6787,2001,5145426.0,177
6788,2001,63649892.0,109
6789,2001,6408810.0,176
6790,2001,4635094.0,11
6791,2001,103210.0,175
6792,2001,1338567.0,121
6793,2001,9995123.0,122
6794,2001,9621.0,226
6795,2001,24763325.0,123
6796,2001,48662400.0,111
6797,2001,3300939.0,124
6798,2001,24964450.0,125
6799,2001,20657.0,206
6800,2001,197034.0,178
6801,2001,185530.0,168
6802,2001,47229714.0,102
6803,2001,10191964.0,154
6804,2001,11910978.0,113
6805,2002,91781.0,157
6806,2002,21000256.0,161
6807,2002,17516139.0,135
6808,2002,3051010.0,190
6809,2002,70849.0,134
6810,2002,3633655.0,187
6811,2002,37885028.0,16
6812,2002,3105037.0,36
6813,2002,58177.0,158
6814,2002,77195.0,136
6815,2002,19495210.0,17
6816,2002,8081957.0,13
6817,2002,8171950.0,193
6818,2002,6648938.0,208
6819,2002,10332785.0,18
6820,2002,7431783.0,89
6821,2002,12632269.0,75
6822,2002,134139826.0,197
6823,2002,7837161.0,22
6824,2002,748324.0,188
6825,2002,4198410.0,39
6826,2002,9865548.0,20
6827,2002,255987.0,163
6828,2002,62912.0,38
6829,2002,8900583.0,164
6830,2002,180476685.0,21
6831,2002,266455.0,162
6832,2002,347463.0,198
6833,2002,619048.0,19
6834,2002,1795130.0,165
6835,2002,3930648.0,76
6836,2002,31359199.0,23
6837,2002,7284753.0,107
6838,2002,15693790.0,43
6839,2002,15914033.0,82
6840,2002,40454050.0,25
6841,2002,559047.0,209
6842,2002,473231.0,210
6843,2002,4122623.0,26
6844,2002,11170051.0,85
6845,2002,42456.0,186
6846,2002,982194.0,27
6847,2002,10196916.0,88
6848,2002,789129.0,195
6849,2002,68262.0,199
6850,2002,5375931.0,28
6851,2002,8795101.0,86
6852,2002,31624696.0,114
6853,2002,13070609.0,90
6854,2002,2547424.0,219
6855,2002,41431558.0,29
6856,2002,1379350.0,30
6857,2002,71073215.0,130
6858,2002,5200598.0,31
6859,2002,849891.0,131
6860,2002,61816234.0,1
6861,2002,1341696.0,132
6862,2002,20758326.0,5
6863,2002,8577790.0,140
6864,2002,754115.0,211
6865,2002,10902022.0,6
6866,2002,108231.0,139
6867,2002,12147518.0,7
6868,2002,162563.0,35
6869,2002,7019908.0,141
6870,2002,4302174.0,87
6871,2002,8661546.0,8
6872,2002,10158608.0,10
6873,2002,220115092.0,12
6874,2002,1098313039.0,15
6875,2002,3931947.0,46
6876,2002,26255343.0,47
6877,2002,287523.0,48
6878,2002,6570000.0,49
6879,2002,2638244.0,51
6880,2002,5275532.0,52
6881,2002,127445000.0,53
6882,2002,14858948.0,93
6883,2002,32779823.0,94
6884,2002,12561779.0,77
6885,2002,92400.0,224
6886,2002,2047364.0,56
6887,2002,4446666.0,59
6888,2002,3060599.0,145
6889,2002,5405326.0,58
6890,2002,33693.0,184
6891,2002,19110707.0,117
6892,2002,1997534.0,146
6893,2002,3443067.0,60
6894,2002,446175.0,61
6895,2002,2310173.0,57
6896,2002,29301817.0,63
6897,2002,32386.0,98
6898,2002,17211934.0,62
6899,2002,292284.0,200
6900,2002,100917081.0,66
6901,2002,54496.0,225
6902,2002,2020157.0,182
6903,2002,11952660.0,148
6904,2002,395969.0,97
6905,2002,46480230.0,150
6906,2002,2494617.0,96
6907,2002,18694946.0,149
6908,2002,2821703.0,205
6909,2002,1204621.0,65
6910,2002,11784498.0,147
6911,2002,24142445.0,64
6912,2002,1888525.0,151
6913,2002,12456517.0,153
6914,2002,129583026.0,67
6915,2002,5259006.0,133
6916,2002,4538159.0,68
6917,2002,25332178.0,152
6918,2002,10351.0,202
6919,2002,3948500.0,69
6920,2002,2403659.0,155
6921,2002,163262807.0,70
6922,2002,3120990.0,156
6923,2002,27334503.0,72
6924,2002,81285572.0,73
6925,2002,19851.0,222
6926,2002,5892596.0,166
6927,2002,38230364.0,74
6928,2002,3823701.0,84
6929,2002,10419631.0,99
6930,2002,5286512.0,71
6931,2002,713186.0,115
6932,2002,21730496.0,101
6933,2002,145306497.0,103
6934,2002,8372306.0,189
6935,2002,27570318.0,118
6936,2002,10180950.0,160
6937,2002,4175950.0,116
6938,2002,450760.0,106
6939,2002,5140113.0,171
6940,2002,6011275.0,92
6941,2002,27969.0,105
6942,2002,9411103.0,215
6943,2002,495666.0,119
6944,2002,1994530.0,104
6945,2002,8924958.0,108
6946,2002,1050809.0,172
6947,2002,83723.0,170
6948,2002,17164021.0,173
6949,2002,5281538.0,177
6950,2002,64222580.0,109
6951,2002,6541755.0,176
6952,2002,4698968.0,11
6953,2002,103804.0,175
6954,2002,1345964.0,121
6955,2002,10094561.0,122
6956,2002,9609.0,226
6957,2002,25545090.0,123
6958,2002,48202470.0,111
6959,2002,3306441.0,124
6960,2002,25271850.0,125
6961,2002,21288.0,206
6962,2002,202125.0,178
6963,2002,186630.0,168
6964,2002,47661514.0,102
6965,2002,10508294.0,154
6966,2002,11984644.0,113
6967,2003,92701.0,157
6968,2003,22645130.0,161
6969,2003,18124342.0,135
6970,2003,3039616.0,190
6971,2003,73907.0,134
6972,2003,3813443.0,187
6973,2003,38278164.0,16
6974,2003,3084102.0,36
6975,2003,57941.0,158
6976,2003,78075.0,136
6977,2003,19720737.0,17
6978,2003,8121423.0,13
6979,2003,8234100.0,193
6980,2003,6860846.0,208
6981,2003,10376133.0,18
6982,2003,7659208.0,89
6983,2003,13030591.0,75
6984,2003,136503206.0,197
6985,2003,7775327.0,22
6986,2003,778256.0,188
6987,2003,4183757.0,39
6988,2003,9796749.0,20
6989,2003,263998.0,163
6990,2003,63325.0,38
6991,2003,9057378.0,164
6992,2003,182629278.0,21
6993,2003,267499.0,162
6994,2003,354045.0,198
6995,2003,634627.0,19
6996,2003,1826863.0,165
6997,2003,4026841.0,76
6998,2003,31642461.0,23
6999,2003,7339001.0,107
7000,2003,15859112.0,43
7001,2003,16354326.0,82
7002,2003,41057687.0,25
7003,2003,570130.0,209
7004,2003,480089.0,210
7005,2003,4188610.0,26
7006,2003,11199217.0,85
7007,2003,43862.0,186
7008,2003,1000350.0,27
7009,2003,10193998.0,88
7010,2003,806411.0,195
7011,2003,68442.0,199
7012,2003,5390574.0,28
7013,2003,8919852.0,86
7014,2003,32055883.0,114
7015,2003,13301184.0,90
7016,2003,2653390.0,219
7017,2003,42187645.0,29
7018,2003,1370720.0,30
7019,2003,73168838.0,130
7020,2003,5213014.0,31
7021,2003,858306.0,131
7022,2003,62256970.0,1
7023,2003,1378398.0,132
7024,2003,21329514.0,5
7025,2003,8772254.0,140
7026,2003,789681.0,211
7027,2003,10928070.0,6
7028,2003,108740.0,139
7029,2003,12415334.0,7
7030,2003,163385.0,35
7031,2003,7201881.0,141
7032,2003,4303399.0,87
7033,2003,8812245.0,8
7034,2003,10129552.0,10
7035,2003,223080121.0,12
7036,2003,1117415123.0,15
7037,2003,3996521.0,46
7038,2003,27068823.0,47
7039,2003,289521.0,48
7040,2003,6689700.0,49
7041,2003,2651027.0,51
7042,2003,5396117.0,52
7043,2003,127718000.0,53
7044,2003,14909019.0,93
7045,2003,33767122.0,94
7046,2003,12787710.0,77
7047,2003,94302.0,224
7048,2003,2101506.0,56
7049,2003,4504807.0,59
7050,2003,3085173.0,145
7051,2003,5542641.0,58
7052,2003,34000.0,184
7053,2003,19303180.0,117
7054,2003,1993030.0,146
7055,2003,3415213.0,60
7056,2003,451630.0,61
7057,2003,2287955.0,57
7058,2003,29661270.0,63
7059,2003,32316.0,98
7060,2003,17724310.0,62
7061,2003,297226.0,200
7062,2003,102429341.0,66
7063,2003,54493.0,225
7064,2003,2022725.0,182
7065,2003,12342165.0,148
7066,2003,398582.0,97
7067,2003,46924293.0,150
7068,2003,2516454.0,96
7069,2003,19186754.0,149
7070,2003,2883326.0,205
7071,2003,1213370.0,65
7072,2003,12087965.0,147
7073,2003,24739411.0,64
7074,2003,1915425.0,151
7075,2003,12900790.0,153
7076,2003,133119801.0,67
7077,2003,5323062.0,133
7078,2003,4564855.0,68
7079,2003,25682908.0,152
7080,2003,10344.0,202
7081,2003,4027200.0,69
7082,2003,2431600.0,155
7083,2003,166876680.0,70
7084,2003,3181608.0,156
7085,2003,27623341.0,72
7086,2003,82942837.0,73
7087,2003,19880.0,222
7088,2003,6090980.0,166
7089,2003,38204570.0,74
7090,2003,3826095.0,84
7091,2003,10458821.0,99
7092,2003,5353254.0,71
7093,2003,748525.0,115
7094,2003,21574326.0,101
7095,2003,144648618.0,103
7096,2003,8567992.0,189
7097,2003,28188977.0,118
7098,2003,10434504.0,160
7099,2003,4114826.0,116
7100,2003,461216.0,106
7101,2003,5350907.0,171
7102,2003,6026849.0,92
7103,2003,28601.0,105
7104,2003,9758281.0,215
7105,2003,503780.0,119
7106,2003,1995733.0,104
7107,2003,8958229.0,108
7108,2003,1058797.0,172
7109,2003,82781.0,170
7110,2003,17611356.0,173
7111,2003,5421001.0,177
7112,2003,64776956.0,109
7113,2003,6672492.0,176
7114,2003,4758988.0,11
7115,2003,104410.0,175
7116,2003,1353548.0,121
7117,2003,10193798.0,122
7118,2003,9668.0,226
7119,2003,26354736.0,123
7120,2003,47812949.0,111
7121,2003,3310202.0,124
7122,2003,25567650.0,125
7123,2003,21982.0,206
7124,2003,207258.0,178
7125,2003,187440.0,168
7126,2003,48104048.0,102
7127,2003,10837973.0,154
7128,2003,12075828.0,113
7129,2004,93540.0,157
7130,2004,23553551.0,161
7131,2004,18771125.0,135
7132,2004,3026939.0,190
7133,2004,76933.0,134
7134,2004,3993339.0,187
7135,2004,38668796.0,16
7136,2004,3065745.0,36
7137,2004,57626.0,158
7138,2004,78941.0,136
7139,2004,19932722.0,17
7140,2004,8171966.0,13
7141,2004,8306500.0,193
7142,2004,7120496.0,208
7143,2004,10421137.0,18
7144,2004,7894554.0,89
7145,2004,13445977.0,75
7146,2004,138789725.0,197
7147,2004,7716860.0,22
7148,2004,833451.0,188
7149,2004,4142860.0,39
7150,2004,9730146.0,20
7151,2004,272128.0,163
7152,2004,63740.0,38
7153,2004,9216279.0,164
7154,2004,184722043.0,21
7155,2004,268505.0,162
7156,2004,360461.0,198
7157,2004,649991.0,19
7158,2004,1859085.0,165
7159,2004,4115138.0,76
7160,2004,31938807.0,23
7161,2004,7389625.0,107
7162,2004,16017966.0,43
7163,2004,16809407.0,82
7164,2004,41648268.0,25
7165,2004,581154.0,209
7166,2004,486583.0,210
7167,2004,4252800.0,26
7168,2004,11225294.0,85
7169,2004,45286.0,186
7170,2004,1018684.0,27
7171,2004,10197101.0,88
7172,2004,818373.0,195
7173,2004,68574.0,199
7174,2004,5404523.0,28
7175,2004,9043127.0,86
7176,2004,32510186.0,114
7177,2004,13534593.0,90
7178,2004,2763140.0,219
7179,2004,42921895.0,29
7180,2004,1362550.0,30
7181,2004,75301026.0,130
7182,2004,5228172.0,31
7183,2004,866694.0,131
7184,2004,62716306.0,1
7185,2004,1417110.0,132
7186,2004,21906444.0,5
7187,2004,8961039.0,140
7188,2004,826355.0,211
7189,2004,10955141.0,6
7190,2004,109516.0,139
7191,2004,12682108.0,7
7192,2004,164004.0,35
7193,2004,7383407.0,141
7194,2004,4304600.0,87
7195,2004,8961489.0,8
7196,2004,10107146.0,10
7197,2004,225938595.0,12
7198,2004,1136264583.0,15
7199,2004,4070262.0,46
7200,2004,27858948.0,47
7201,2004,292074.0,48
7202,2004,6809000.0,49
7203,2004,2664024.0,51
7204,2004,5532423.0,52
7205,2004,127761000.0,53
7206,2004,15012984.0,93
7207,2004,34791836.0,94
7208,2004,13016371.0,77
7209,2004,96224.0,224
7210,2004,2153481.0,56
7211,2004,4574797.0,59
7212,2004,3122447.0,145
7213,2004,5687563.0,58
7214,2004,34300.0,184
7215,2004,19490431.0,117
7216,2004,1985384.0,146
7217,2004,3377075.0,60
7218,2004,458095.0,61
7219,2004,2263122.0,57
7220,2004,30033125.0,63
7221,2004,32236.0,98
7222,2004,18250774.0,62
7223,2004,302135.0,200
7224,2004,103945813.0,66
7225,2004,54435.0,225
7226,2004,2016186.0,182
7227,2004,12751995.0,148
7228,2004,401268.0,97
7229,2004,47338446.0,150
7230,2004,2537949.0,96
7231,2004,19694411.0,149
7232,2004,2946575.0,205
7233,2004,1221003.0,65
7234,2004,12411342.0,147
7235,2004,25333247.0,64
7236,2004,1939406.0,151
7237,2004,13366885.0,153
7238,2004,136756848.0,67
7239,2004,5386223.0,133
7240,2004,4591910.0,68
7241,2004,26003965.0,152
7242,2004,10335.0,202
7243,2004,4087500.0,69
7244,2004,2468855.0,155
7245,2004,170648620.0,70
7246,2004,3243311.0,156
7247,2004,27893911.0,72
7248,2004,84607501.0,73
7249,2004,19907.0,222
7250,2004,6293166.0,166
7251,2004,38182222.0,74
7252,2004,3826878.0,84
7253,2004,10483861.0,99
7254,2004,5416324.0,71
7255,2004,777943.0,115
7256,2004,21451748.0,101
7257,2004,144067316.0,103
7258,2004,8791853.0,189
7259,2004,28831550.0,118
7260,2004,10698691.0,160
7261,2004,4166664.0,116
7262,2004,471785.0,106
7263,2004,5533329.0,171
7264,2004,6035655.0,92
7265,2004,29093.0,105
7266,2004,10117354.0,215
7267,2004,510572.0,119
7268,2004,1997012.0,104
7269,2004,8993531.0,108
7270,2004,1065764.0,172
7271,2004,82475.0,170
7272,2004,18084007.0,173
7273,2004,5565218.0,177
7274,2004,65311166.0,109
7275,2004,6801204.0,176
7276,2004,4819792.0,11
7277,2004,105036.0,175
7278,2004,1361172.0,121
7279,2004,10292225.0,122
7280,2004,9791.0,226
7281,2004,27146084.0,123
7282,2004,47451626.0,111
7283,2004,3313801.0,124
7284,2004,25864350.0,125
7285,2004,22715.0,206
7286,2004,212422.0,178
7287,2004,188073.0,168
7288,2004,48556071.0,102
7289,2004,11188040.0,154
7290,2004,12160881.0,113
7291,2005,94483.0,157
7292,2005,24411191.0,161
7293,2005,19450959.0,135
7294,2005,3011487.0,190
7295,2005,79826.0,134
7296,2005,4280993.0,187
7297,2005,39070501.0,16
7298,2005,3047246.0,36
7299,2005,57254.0,158
7300,2005,79869.0,136
7301,2005,20176844.0,17
7302,2005,8227829.0,13
7303,2005,8391850.0,193
7304,2005,7388874.0,208
7305,2005,10478617.0,18
7306,2005,8149419.0,89
7307,2005,13876127.0,75
7308,2005,140912590.0,197
7309,2005,7658972.0,22
7310,2005,901921.0,188
7311,2005,4094297.0,39
7312,2005,9663915.0,20
7313,2005,280375.0,163
7314,2005,64154.0,38
7315,2005,9377388.0,164
7316,2005,186797334.0,21
7317,2005,269477.0,162
7318,2005,366717.0,198
7319,2005,663323.0,19
7320,2005,1892807.0,165
7321,2005,4208834.0,76
7322,2005,32242732.0,23
7323,2005,7437115.0,107
7324,2005,16175311.0,43
7325,2005,17275171.0,82
7326,2005,42220940.0,25
7327,2005,592683.0,209
7328,2005,492827.0,210
7329,2005,4315887.0,26
7330,2005,11246114.0,85
7331,2005,46727.0,186
7332,2005,1037062.0,27
7333,2005,10211216.0,88
7334,2005,830861.0,195
7335,2005,68674.0,199
7336,2005,5419432.0,28
7337,2005,9164768.0,86
7338,2005,32956690.0,114
7339,2005,13770012.0,90
7340,2005,2831732.0,219
7341,2005,43653155.0,29
7342,2005,1354775.0,30
7343,2005,77469940.0,130
7344,2005,5246096.0,31
7345,2005,874923.0,131
7346,2005,63188395.0,1
7347,2005,1458353.0,132
7348,2005,22496951.0,5
7349,2005,9140114.0,140
7350,2005,864726.0,211
7351,2005,10987314.0,6
7352,2005,110254.0,139
7353,2005,12948292.0,7
7354,2005,164430.0,35
7355,2005,7564613.0,141
7356,2005,4310145.0,87
7357,2005,9111900.0,8
7358,2005,10087065.0,10
7359,2005,228805144.0,12
7360,2005,1154638713.0,15
7361,2005,4159914.0,46
7362,2005,28698684.0,47
7363,2005,296734.0,48
7364,2005,6930100.0,49
7365,2005,2676863.0,51
7366,2005,5678534.0,52
7367,2005,127773000.0,53
7368,2005,15147029.0,93
7369,2005,35843010.0,94
7370,2005,13246583.0,77
7371,2005,98164.0,224
7372,2005,2235403.0,56
7373,2005,4643044.0,59
7374,2005,3266318.0,145
7375,2005,5837986.0,58
7376,2005,34603.0,184
7377,2005,19673866.0,117
7378,2005,1977424.0,146
7379,2005,3322528.0,60
7380,2005,465158.0,61
7381,2005,2238799.0,57
7382,2005,30431902.0,63
7383,2005,32141.0,98
7384,2005,18792171.0,62
7385,2005,307018.0,200
7386,2005,105442402.0,66
7387,2005,54337.0,225
7388,2005,2005330.0,182
7389,2005,13180551.0,148
7390,2005,403834.0,97
7391,2005,47724471.0,150
7392,2005,2559255.0,96
7393,2005,20211114.0,149
7394,2005,3012360.0,205
7395,2005,1228254.0,65
7396,2005,12755648.0,147
7397,2005,25923536.0,64
7398,2005,1962865.0,151
7399,2005,13855221.0,153
7400,2005,140490722.0,67
7401,2005,5454678.0,133
7402,2005,4623291.0,68
7403,2005,26285110.0,152
7404,2005,10318.0,202
7405,2005,4133900.0,69
7406,2005,2515192.0,155
7407,2005,174372098.0,70
7408,2005,3305868.0,156
7409,2005,28147267.0,72
7410,2005,86261250.0,73
7411,2005,19831.0,222
7412,2005,6498818.0,166
7413,2005,38165445.0,74
7414,2005,3821362.0,84
7415,2005,10503330.0,99
7416,2005,5476878.0,71
7417,2005,848710.0,115
7418,2005,21319685.0,101
7419,2005,143518814.0,103
7420,2005,9026299.0,189
7421,2005,29540577.0,118
7422,2005,10974057.0,160
7423,2005,4265762.0,116
7424,2005,482486.0,106
7425,2005,5683334.0,171
7426,2005,6037817.0,92
7427,2005,29508.0,105
7428,2005,10467292.0,215
7429,2005,516220.0,119
7430,2005,2000474.0,104
7431,2005,9029572.0,108
7432,2005,1071886.0,172
7433,2005,82858.0,170
7434,2005,18583557.0,173
7435,2005,5711597.0,177
7436,2005,65821360.0,109
7437,2005,6929145.0,176
7438,2005,4885775.0,11
7439,2005,105633.0,175
7440,2005,1369075.0,121
7441,2005,10388344.0,122
7442,2005,9912.0,226
7443,2005,27946588.0,123
7444,2005,47105171.0,111
7445,2005,3317665.0,124
7446,2005,26167000.0,125
7447,2005,23497.0,206
7448,2005,217632.0,178
7449,2005,188626.0,168
7450,2005,49017147.0,102
7451,2005,11564870.0,154
7452,2005,12224753.0,113
7453,2006,95606.0,157
7454,2006,25442944.0,161
7455,2006,20162340.0,135
7456,2006,2992547.0,190
7457,2006,80221.0,134
7458,2006,4898954.0,187
7459,2006,39476851.0,16
7460,2006,3026486.0,36
7461,2006,56837.0,158
7462,2006,80895.0,136
7463,2006,20450966.0,17
7464,2006,8268641.0,13
7465,2006,8484550.0,193
7466,2006,7658190.0,208
7467,2006,10547958.0,18
7468,2006,8402631.0,89
7469,2006,14316242.0,75
7470,2006,142628831.0,197
7471,2006,7601022.0,22
7472,2006,970981.0,188
7473,2006,4058086.0,39
7474,2006,9604924.0,20
7475,2006,288729.0,163
7476,2006,64523.0,38
7477,2006,9542663.0,164
7478,2006,188820682.0,21
7479,2006,270425.0,162
7480,2006,372808.0,198
7481,2006,673260.0,19
7482,2006,1928704.0,165
7483,2006,4294352.0,76
7484,2006,32571193.0,23
7485,2006,7483934.0,107
7486,2006,16334575.0,43
7487,2006,17751333.0,82
7488,2006,42772910.0,25
7489,2006,604658.0,209
7490,2006,498884.0,210
7491,2006,4378172.0,26
7492,2006,11260630.0,85
7493,2006,48177.0,186
7494,2006,1055438.0,27
7495,2006,10238905.0,88
7496,2006,846947.0,195
7497,2006,68742.0,199
7498,2006,5437272.0,28
7499,2006,9284168.0,86
7500,2006,33435080.0,114
7501,2006,14009061.0,90
7502,2006,2880093.0,219
7503,2006,44397319.0,29
7504,2006,1346810.0,30
7505,2006,79691050.0,130
7506,2006,5266268.0,31
7507,2006,883083.0,131
7508,2006,63628261.0,1
7509,2006,1502534.0,132
7510,2006,23098586.0,5
7511,2006,9330625.0,140
7512,2006,905418.0,211
7513,2006,11020362.0,6
7514,2006,110988.0,139
7515,2006,13213330.0,7
7516,2006,164675.0,35
7517,2006,7745200.0,141
7518,2006,4311159.0,87
7519,2006,9266288.0,8
7520,2006,10071370.0,10
7521,2006,231797427.0,12
7522,2006,1172373788.0,15
7523,2006,4273591.0,46
7524,2006,28905607.0,47
7525,2006,303782.0,48
7526,2006,7053700.0,49
7527,2006,2689660.0,51
7528,2006,6075548.0,52
7529,2006,127854000.0,53
7530,2006,15308085.0,93
7531,2006,36925253.0,94
7532,2006,13477779.0,77
7533,2006,100083.0,224
7534,2006,2363409.0,56
7535,2006,4719864.0,59
7536,2006,3455397.0,145
7537,2006,5973369.0,58
7538,2006,34889.0,184
7539,2006,19870706.0,117
7540,2006,1976780.0,146
7541,2006,3269909.0,60
7542,2006,472637.0,61
7543,2006,2218357.0,57
7544,2006,30833022.0,63
7545,2006,32011.0,98
7546,2006,19350299.0,62
7547,2006,314401.0,200
7548,2006,106886790.0,66
7549,2006,54208.0,225
7550,2006,1994287.0,182
7551,2006,13623541.0,148
7552,2006,405308.0,97
7553,2006,48088274.0,150
7554,2006,2581242.0,96
7555,2006,20735982.0,149
7556,2006,3081229.0,205
7557,2006,1233996.0,65
7558,2006,13118307.0,147
7559,2006,26509413.0,64
7560,2006,1986558.0,151
7561,2006,14365168.0,153
7562,2006,144329764.0,67
7563,2006,5529811.0,133
7564,2006,4660677.0,68
7565,2006,26518971.0,152
7566,2006,10294.0,202
7567,2006,4184600.0,69
7568,2006,2560649.0,155
7569,2006,178069984.0,70
7570,2006,3368573.0,156
7571,2006,28381078.0,72
7572,2006,87901835.0,73
7573,2006,19619.0,222
7574,2006,6708217.0,166
7575,2006,38141267.0,74
7576,2006,3805214.0,84
7577,2006,10522288.0,99
7578,2006,5534675.0,71
7579,2006,1015060.0,115
7580,2006,21193760.0,101
7581,2006,143049637.0,103
7582,2006,9270066.0,189
7583,2006,30332968.0,118
7584,2006,11263387.0,160
7585,2006,4401365.0,116
7586,2006,493430.0,106
7587,2006,5809774.0,171
7588,2006,6034436.0,92
7589,2006,29959.0,105
7590,2006,10784973.0,215
7591,2006,522023.0,119
7592,2006,2006868.0,104
7593,2006,9080505.0,108
7594,2006,1077735.0,172
7595,2006,84600.0,170
7596,2006,19432009.0,173
7597,2006,5874240.0,177
7598,2006,66319525.0,109
7599,2006,7057417.0,176
7600,2006,4954029.0,11
7601,2006,106190.0,175
7602,2006,1376919.0,121
7603,2006,10483558.0,122
7604,2006,10030.0,226
7605,2006,28773227.0,123
7606,2006,46787786.0,111
7607,2006,3322282.0,124
7608,2006,26488250.0,125
7609,2006,24323.0,206
7610,2006,222923.0,178
7611,2006,189379.0,168
7612,2006,49491756.0,102
7613,2006,11971567.0,154
7614,2006,12330490.0,113
7615,2007,96787.0,157
7616,2007,25903301.0,161
7617,2007,20909684.0,135
7618,2007,2970017.0,190
7619,2007,78168.0,134
7620,2007,5872624.0,187
7621,2007,39876111.0,16
7622,2007,3004393.0,36
7623,2007,56383.0,158
7624,2007,82016.0,136
7625,2007,20827622.0,17
7626,2007,8295487.0,13
7627,2007,8581300.0,193
7628,2007,7944609.0,208
7629,2007,10625700.0,18
7630,2007,8647761.0,89
7631,2007,14757074.0,75
7632,2007,144135934.0,197
7633,2007,7545338.0,22
7634,2007,1040532.0,188
7635,2007,4007876.0,39
7636,2007,9560953.0,20
7637,2007,297173.0,163
7638,2007,64888.0,38
7639,2007,9711152.0,164
7640,2007,190779453.0,21
7641,2007,271444.0,162
7642,2007,378748.0,198
7643,2007,681614.0,19
7644,2007,1966977.0,165
7645,2007,4375569.0,76
7646,2007,32888886.0,23
7647,2007,7551117.0,107
7648,2007,16495538.0,43
7649,2007,18251866.0,82
7650,2007,43306582.0,25
7651,2007,616899.0,209
7652,2007,504733.0,210
7653,2007,4440019.0,26
7654,2007,11269887.0,85
7655,2007,49647.0,186
7656,2007,1073873.0,27
7657,2007,10298828.0,88
7658,2007,865196.0,195
7659,2007,68775.0,199
7660,2007,5461438.0,28
7661,2007,9402206.0,86
7662,2007,33983827.0,114
7663,2007,14251835.0,90
7664,2007,2926168.0,219
7665,2007,45226803.0,29
7666,2007,1340680.0,30
7667,2007,81996185.0,130
7668,2007,5288720.0,31
7669,2007,890648.0,131
7670,2007,64021737.0,1
7671,2007,1549774.0,132
7672,2007,23708320.0,5
7673,2007,9547082.0,140
7674,2007,948814.0,211
7675,2007,11048473.0,6
7676,2007,111725.0,139
7677,2007,13477017.0,7
7678,2007,164763.0,35
7679,2007,7924462.0,141
7680,2007,4310217.0,87
7681,2007,9420826.0,8
7682,2007,10055780.0,10
7683,2007,234858289.0,12
7684,2007,1189691809.0,15
7685,2007,4398942.0,46
7686,2007,28660887.0,47
7687,2007,311566.0,48
7688,2007,7180100.0,49
7689,2007,2701221.0,51
7690,2007,6473457.0,52
7691,2007,128001000.0,53
7692,2007,15484192.0,93
7693,2007,38036793.0,94
7694,2007,13714791.0,77
7695,2007,101998.0,224
7696,2007,2506769.0,56
7697,2007,4809608.0,59
7698,2007,3632740.0,145
7699,2007,6097177.0,58
7700,2007,35150.0,184
7701,2007,20078655.0,117
7702,2007,1983465.0,146
7703,2007,3231294.0,60
7704,2007,479993.0,61
7705,2007,2200325.0,57
7706,2007,31232633.0,63
7707,2007,31823.0,98
7708,2007,19924958.0,62
7709,2007,325126.0,200
7710,2007,108302973.0,66
7711,2007,54038.0,225
7712,2007,1982933.0,182
7713,2007,14080912.0,148
7714,2007,406724.0,97
7715,2007,48445647.0,150
7716,2007,2605643.0,96
7717,2007,21280513.0,149
7718,2007,3153508.0,205
7719,2007,1239630.0,65
7720,2007,13495463.0,147
7721,2007,27092604.0,64
7722,2007,2011492.0,151
7723,2007,14897873.0,153
7724,2007,148294028.0,67
7725,2007,5607453.0,133
7726,2007,4709153.0,68
7727,2007,26713655.0,152
7728,2007,10267.0,202
7729,2007,4223800.0,69
7730,2007,2605700.0,155
7731,2007,181924521.0,70
7732,2007,3431614.0,156
7733,2007,28600387.0,72
7734,2007,89561377.0,73
7735,2007,19366.0,222
7736,2007,6921066.0,166
7737,2007,38120560.0,74
7738,2007,3782995.0,84
7739,2007,10542964.0,99
7740,2007,5590145.0,71
7741,2007,1231893.0,115
7742,2007,20882982.0,101
7743,2007,142805114.0,103
7744,2007,9523168.0,189
7745,2007,31191163.0,118
7746,2007,11563869.0,160
7747,2007,4588599.0,116
7748,2007,504619.0,106
7749,2007,5939163.0,171
7750,2007,6044131.0,92
7751,2007,30372.0,105
7752,2007,11118092.0,215
7753,2007,527946.0,119
7754,2007,2018122.0,104
7755,2007,9148092.0,108
7756,2007,1084008.0,172
7757,2007,85033.0,170
7758,2007,20703005.0,173
7759,2007,6047537.0,177
7760,2007,66826754.0,109
7761,2007,7188391.0,176
7762,2007,5024894.0,11
7763,2007,106638.0,175
7764,2007,1384861.0,121
7765,2007,10580395.0,122
7766,2007,10149.0,226
7767,2007,29629804.0,123
7768,2007,46509355.0,111
7769,2007,3328651.0,124
7770,2007,26868000.0,125
7771,2007,25191.0,206
7772,2007,228345.0,178
7773,2007,190478.0,168
7774,2007,49996094.0,102
7775,2007,12402073.0,154
7776,2007,12450568.0,113
7777,2008,97996.0,157
7778,2008,26427199.0,161
7779,2008,21691522.0,135
7780,2008,2947314.0,190
7781,2008,76055.0,134
7782,2008,6988685.0,187
7783,2008,40273769.0,16
7784,2008,2983421.0,36
7785,2008,55891.0,158
7786,2008,83251.0,136
7787,2008,21249199.0,17
7788,2008,8321496.0,13
7789,2008,8763400.0,193
7790,2008,8278109.0,208
7791,2008,10709973.0,18
7792,2008,8906469.0,89
7793,2008,15197915.0,75
7794,2008,145421318.0,197
7795,2008,7492561.0,22
7796,2008,1110343.0,188
7797,2008,3943392.0,39
7798,2008,9527985.0,20
7799,2008,305671.0,163
7800,2008,65273.0,38
7801,2008,9880593.0,164
7802,2008,192672317.0,21
7803,2008,272635.0,162
7804,2008,384568.0,198
7805,2008,689737.0,19
7806,2008,2007320.0,165
7807,2008,4467233.0,76
7808,2008,33247298.0,23
7809,2008,7647675.0,107
7810,2008,16661462.0,43
7811,2008,18777081.0,82
7812,2008,43815313.0,25
7813,2008,629470.0,209
7814,2008,510336.0,210
7815,2008,4501921.0,26
7816,2008,11276609.0,85
7817,2008,51123.0,186
7818,2008,1092390.0,27
7819,2008,10384603.0,88
7820,2008,882886.0,195
7821,2008,68782.0,199
7822,2008,5493621.0,28
7823,2008,9522948.0,86
7824,2008,34569592.0,114
7825,2008,14496797.0,90
7826,2008,3005779.0,219
7827,2008,45954106.0,29
7828,2008,1337090.0,30
7829,2008,84357105.0,130
7830,2008,5313399.0,31
7831,2008,896731.0,131
7832,2008,64379696.0,1
7833,2008,1599978.0,132
7834,2008,24326087.0,5
7835,2008,9779785.0,140
7836,2008,994971.0,211
7837,2008,11077841.0,6
7838,2008,112478.0,139
7839,2008,13739299.0,7
7840,2008,164725.0,35
7841,2008,8101777.0,141
7842,2008,4309705.0,87
7843,2008,9575247.0,8
7844,2008,10038188.0,10
7845,2008,237936543.0,12
7846,2008,1206734806.0,15
7847,2008,4489544.0,46
7848,2008,29218381.0,47
7849,2008,317414.0,48
7850,2008,7308800.0,49
7851,2008,2711373.0,51
7852,2008,6632873.0,52
7853,2008,128063000.0,53
7854,2008,15776938.0,93
7855,2008,39186895.0,94
7856,2008,13943888.0,77
7857,2008,103966.0,224
7858,2008,2650930.0,56
7859,2008,4887613.0,59
7860,2008,3783887.0,145
7861,2008,6228370.0,58
7862,2008,35401.0,184
7863,2008,20285643.0,117
7864,2008,1995014.0,146
7865,2008,3198231.0,60
7866,2008,488650.0,61
7867,2008,2177322.0,57
7868,2008,31634992.0,63
7869,2008,31862.0,98
7870,2008,20513599.0,62
7871,2008,336883.0,200
7872,2008,109684489.0,66
7873,2008,53816.0,225
7874,2008,1971493.0,182
7875,2008,14551117.0,148
7876,2008,409379.0,97
7877,2008,48729486.0,150
7878,2008,2633887.0,96
7879,2008,21845571.0,149
7880,2008,3233336.0,205
7881,2008,1244121.0,65
7882,2008,13889423.0,147
7883,2008,27664296.0,64
7884,2008,2038552.0,151
7885,2008,15455175.0,153
7886,2008,152382506.0,67
7887,2008,5687744.0,133
7888,2008,4768212.0,68
7889,2008,26881544.0,152
7890,2008,10243.0,202
7891,2008,4259800.0,69
7892,2008,2651028.0,155
7893,2008,185931955.0,70
7894,2008,3495276.0,156
7895,2008,28806185.0,72
7896,2008,91252326.0,73
7897,2008,19102.0,222
7898,2008,7137988.0,166
7899,2008,38125759.0,74
7900,2008,3760866.0,84
7901,2008,10558177.0,99
7902,2008,5645148.0,71
7903,2008,1444277.0,115
7904,2008,20537875.0,101
7905,2008,142742366.0,103
7906,2008,9781996.0,189
7907,2008,32065241.0,118
7908,2008,11872929.0,160
7909,2008,4839396.0,116
7910,2008,516001.0,106
7911,2008,6090860.0,171
7912,2008,6068099.0,92
7913,2008,30700.0,105
7914,2008,11444870.0,215
7915,2008,533938.0,119
7916,2008,2021316.0,104
7917,2008,9219637.0,108
7918,2008,1089870.0,172
7919,2008,86956.0,170
7920,2008,21474059.0,173
7921,2008,6222482.0,177
7922,2008,67328239.0,109
7923,2008,7324627.0,176
7924,2008,5100083.0,11
7925,2008,106932.0,175
7926,2008,1392803.0,121
7927,2008,10680380.0,122
7928,2008,10272.0,226
7929,2008,30509862.0,123
7930,2008,46258189.0,111
7931,2008,3336126.0,124
7932,2008,27302800.0,125
7933,2008,26115.0,206
7934,2008,233952.0,178
7935,2008,191787.0,168
7936,2008,50565812.0,102
7937,2008,12852966.0,154
7938,2008,12550347.0,113
7939,2009,99212.0,157
7940,2009,27385307.0,161
7941,2009,22507674.0,135
7942,2009,2927519.0,190
7943,2009,73852.0,134
7944,2009,7992644.0,187
7945,2009,40684338.0,16
7946,2009,2964296.0,36
7947,2009,55366.0,158
7948,2009,84534.0,136
7949,2009,21691653.0,17
7950,2009,8343323.0,13
7951,2009,8947243.0,193
7952,2009,8709366.0,208
7953,2009,10796493.0,18
7954,2009,9172514.0,89
7955,2009,15650022.0,75
7956,2009,146706810.0,197
7957,2009,7444443.0,22
7958,2009,1179453.0,188
7959,2009,3877750.0,39
7960,2009,9504583.0,20
7961,2009,314171.0,163
7962,2009,65636.0,38
7963,2009,10051317.0,164
7964,2009,194517549.0,21
7965,2009,273791.0,162
7966,2009,390311.0,198
7967,2009,697678.0,19
7968,2009,2048997.0,165
7969,2009,4564540.0,76
7970,2009,33630069.0,23
7971,2009,7743831.0,107
7972,2009,16833447.0,43
7973,2009,19319274.0,82
7974,2009,44313917.0,25
7975,2009,642493.0,209
7976,2009,515638.0,210
7977,2009,4563127.0,26
7978,2009,11283185.0,85
7979,2009,52602.0,186
7980,2009,1110974.0,27
7981,2009,10443936.0,88
7982,2009,901103.0,195
7983,2009,68787.0,199
7984,2009,5523095.0,28
7985,2009,9648061.0,86
7986,2009,35196037.0,114
7987,2009,14742766.0,90
7988,2009,3083888.0,219
7989,2009,46362946.0,29
7990,2009,1334515.0,30
7991,2009,86755585.0,130
7992,2009,5338871.0,31
7993,2009,901383.0,131
7994,2009,64710879.0,1
7995,2009,1653542.0,132
7996,2009,24950762.0,5
7997,2009,10021323.0,140
7998,2009,1043686.0,211
7999,2009,11107017.0,6
8000,2009,113249.0,139
8001,2009,14000190.0,7
8002,2009,164580.0,35
8003,2009,8277302.0,141
8004,2009,4305181.0,87
8005,2009,9730638.0,8
8006,2009,10022650.0,10
8007,2009,240981299.0,12
8008,2009,1223640160.0,15
8009,2009,4535375.0,46
8010,2009,30289040.0,47
8011,2009,318499.0,48
8012,2009,7485600.0,49
8013,2009,2722401.0,51
8014,2009,6780493.0,52
8015,2009,128047000.0,53
8016,2009,16092822.0,93
8017,2009,40364444.0,94
8018,2009,14155740.0,77
8019,2009,105996.0,224
8020,2009,2795550.0,56
8021,2009,4951135.0,59
8022,2009,3905066.0,145
8023,2009,6360191.0,58
8024,2009,35675.0,184
8025,2009,20482477.0,117
8026,2009,2009169.0,146
8027,2009,3162916.0,60
8028,2009,497783.0,61
8029,2009,2141669.0,57
8030,2009,32042877.0,63
8031,2009,32401.0,98
8032,2009,21117092.0,62
8033,2009,349037.0,200
8034,2009,111049428.0,66
8035,2009,53593.0,225
8036,2009,1958782.0,182
8037,2009,15032635.0,148
8038,2009,412477.0,97
8039,2009,49015836.0,150
8040,2009,2666713.0,96
8041,2009,22436660.0,149
8042,2009,3322616.0,205
8043,2009,1247429.0,65
8044,2009,14298932.0,147
8045,2009,28217204.0,64
8046,2009,2067919.0,151
8047,2009,16037915.0,153
8048,2009,156595758.0,67
8049,2009,5770639.0,133
8050,2009,4828726.0,68
8051,2009,27026941.0,152
8052,2009,10233.0,202
8053,2009,4302600.0,69
8054,2009,2697537.0,155
8055,2009,190123222.0,70
8056,2009,3559343.0,156
8057,2009,29009326.0,72
8058,2009,92946951.0,73
8059,2009,18826.0,222
8060,2009,7358890.0,166
8061,2009,38151603.0,74
8062,2009,3740410.0,84
8063,2009,10568247.0,99
8064,2009,5702574.0,71
8065,2009,1610274.0,115
8066,2009,20367487.0,101
8067,2009,142785348.0,103
8068,2009,10043737.0,189
8069,2009,32948155.0,118
8070,2009,12195029.0,160
8071,2009,4987573.0,116
8072,2009,527833.0,106
8073,2009,6259842.0,171
8074,2009,6091188.0,92
8075,2009,31059.0,105
8076,2009,11730037.0,215
8077,2009,539987.0,119
8078,2009,2039669.0,104
8079,2009,9298515.0,108
8080,2009,1094886.0,172
8081,2009,87298.0,170
8082,2009,21827220.0,173
8083,2009,6398624.0,177
8084,2009,67813654.0,109
8085,2009,7468596.0,176
8086,2009,5180957.0,11
8087,2009,107144.0,175
8088,2009,1401191.0,121
8089,2009,10784504.0,122
8090,2009,10408.0,226
8091,2009,31412520.0,123
8092,2009,46053331.0,111
8093,2009,3344156.0,124
8094,2009,27767400.0,125
8095,2009,27044.0,206
8096,2009,239689.0,178
8097,2009,193176.0,168
8098,2009,51170779.0,102
8099,2009,13318087.0,154
8100,2009,12679810.0,113
8101,2010,100341.0,157
8102,2010,28189672.0,161
8103,2010,23364185.0,135
8104,2010,2913021.0,190
8105,2010,71519.0,134
8106,2010,8481771.0,187
8107,2010,40788453.0,16
8108,2010,2946293.0,36
8109,2010,54849.0,158
8110,2010,85695.0,136
8111,2010,22031750.0,17
8112,2010,8363404.0,13
8113,2010,9054332.0,193
8114,2010,9126605.0,208
8115,2010,10895586.0,18
8116,2010,9445710.0,89
8117,2010,16116845.0,75
8118,2010,148391139.0,197
8119,2010,7395599.0,22
8120,2010,1213645.0,188
8121,2010,3811088.0,39
8122,2010,9483836.0,20
8123,2010,322106.0,163
8124,2010,65124.0,38
8125,2010,10223270.0,164
8126,2010,196353492.0,21
8127,2010,274711.0,162
8128,2010,396053.0,198
8129,2010,705516.0,19
8130,2010,2091664.0,165
8131,2010,4660067.0,76
8132,2010,34005902.0,23
8133,2010,7824909.0,107
8134,2010,17004162.0,43
8135,2010,19878036.0,82
8136,2010,44816108.0,25
8137,2010,656024.0,209
8138,2010,521212.0,210
8139,2010,4622252.0,26
8140,2010,11290417.0,85
8141,2010,54074.0,186
8142,2010,1129686.0,27
8143,2010,10474410.0,88
8144,2010,919199.0,195
8145,2010,68755.0,199
8146,2010,5547683.0,28
8147,2010,9775755.0,86
8148,2010,35856344.0,114
8149,2010,14989585.0,90
8150,2010,3147727.0,219
8151,2010,46576897.0,29
8152,2010,1331475.0,30
8153,2010,89237791.0,130
8154,2010,5363352.0,31
8155,2010,905169.0,131
8156,2010,65030575.0,1
8157,2010,1711105.0,132
8158,2010,25574719.0,5
8159,2010,10270728.0,140
8160,2010,1094524.0,211
8161,2010,11121341.0,6
8162,2010,114039.0,139
8163,2010,14259687.0,7
8164,2010,164905.0,35
8165,2010,8450933.0,141
8166,2010,4295427.0,87
8167,2010,9842880.0,8
8168,2010,10000023.0,10
8169,2010,244016173.0,12
8170,2010,1240613620.0,15
8171,2010,4560155.0,46
8172,2010,31264875.0,47
8173,2010,318041.0,48
8174,2010,7623600.0,49
8175,2010,2733896.0,51
8176,2010,6931258.0,52
8177,2010,128070000.0,53
8178,2010,16321872.0,93
8179,2010,41517895.0,94
8180,2010,14363532.0,77
8181,2010,107995.0,224
8182,2010,2943356.0,56
8183,2010,4995800.0,59
8184,2010,4019956.0,145
8185,2010,6491988.0,58
8186,2010,35926.0,184
8187,2010,20668557.0,117
8188,2010,2022747.0,146
8189,2010,3097282.0,60
8190,2010,506953.0,61
8191,2010,2097555.0,57
8192,2010,32464865.0,63
8193,2010,33178.0,98
8194,2010,21731053.0,62
8195,2010,361575.0,200
8196,2010,112532401.0,66
8197,2010,53416.0,225
8198,2010,1946298.0,182
8199,2010,15529181.0,148
8200,2010,414508.0,97
8201,2010,49390988.0,150
8202,2010,2702520.0,96
8203,2010,23073723.0,149
8204,2010,3419461.0,205
8205,2010,1250400.0,65
8206,2010,14718422.0,147
8207,2010,28717731.0,64
8208,2010,2099271.0,151
8209,2010,16647543.0,153
8210,2010,160952853.0,67
8211,2010,5855734.0,133
8212,2010,4889252.0,68
8213,2010,27161567.0,152
8214,2010,10241.0,202
8215,2010,4350700.0,69
8216,2010,2881914.0,155
8217,2010,194454498.0,70
8218,2010,3623617.0,156
8219,2010,29229572.0,72
8220,2010,94636700.0,73
8221,2010,18540.0,222
8222,2010,7583269.0,166
8223,2010,38042794.0,74
8224,2010,3721525.0,84
8225,2010,10573100.0,99
8226,2010,5768613.0,71
8227,2010,1713504.0,115
8228,2010,20246871.0,101
8229,2010,142849468.0,103
8230,2010,10309031.0,189
8231,2010,33739933.0,118
8232,2010,12530121.0,160
8233,2010,5076732.0,116
8234,2010,540394.0,106
8235,2010,6436698.0,171
8236,2010,6114034.0,92
8237,2010,31608.0,105
8238,2010,12026649.0,215
8239,2010,546080.0,119
8240,2010,2048583.0,104
8241,2010,9378126.0,108
8242,2010,1099920.0,172
8243,2010,89770.0,170
8244,2010,22337563.0,173
8245,2010,6571855.0,177
8246,2010,68270489.0,109
8247,2010,7621779.0,176
8248,2010,5267970.0,11
8249,2010,107383.0,175
8250,2010,1410296.0,121
8251,2010,10895063.0,122
8252,2010,10550.0,226
8253,2010,32341728.0,123
8254,2010,45870741.0,111
8255,2010,3352651.0,124
8256,2010,28562400.0,125
8257,2010,27556.0,206
8258,2010,245453.0,178
8259,2010,194672.0,168
8260,2010,51784921.0,102
8261,2010,13792086.0,154
8262,2010,12839771.0,113
8263,2011,101288.0,157
8264,2011,29249157.0,161
8265,2011,24259111.0,135
8266,2011,2905195.0,190
8267,2011,70567.0,134
8268,2011,8575205.0,187
8269,2011,41261490.0,16
8270,2011,2928976.0,36
8271,2011,54310.0,158
8272,2011,86729.0,136
8273,2011,22340024.0,17
8274,2011,8391643.0,13
8275,2011,9173082.0,193
8276,2011,9455733.0,208
8277,2011,11038264.0,18
8278,2011,9726380.0,89
8279,2011,16602651.0,75
8280,2011,150211005.0,197
8281,2011,7348328.0,22
8282,2011,1212077.0,188
8283,2011,3743142.0,39
8284,2011,9461643.0,20
8285,2011,329538.0,163
8286,2011,64564.0,38
8287,2011,10396246.0,164
8288,2011,198185302.0,21
8289,2011,275486.0,162
8290,2011,401506.0,198
8291,2011,713331.0,19
8292,2011,2134037.0,165
8293,2011,4732022.0,76
8294,2011,34339221.0,23
8295,2011,7912398.0,107
8296,2011,17173573.0,43
8297,2011,20448873.0,82
8298,2011,45308899.0,25
8299,2011,670071.0,209
8300,2011,527521.0,210
8301,2011,4679926.0,26
8302,2011,11298710.0,85
8303,2011,55492.0,186
8304,2011,1145086.0,27
8305,2011,10496088.0,88
8306,2011,936811.0,195
8307,2011,68742.0,199
8308,2011,5570572.0,28
8309,2011,9903737.0,86
8310,2011,36543541.0,114
8311,2011,15237728.0,90
8312,2011,3207570.0,219
8313,2011,46742697.0,29
8314,2011,1327439.0,30
8315,2011,91817929.0,130
8316,2011,5388272.0,31
8317,2011,908355.0,131
8318,2011,65345233.0,1
8319,2011,1772500.0,132
8320,2011,26205941.0,5
8321,2011,10527712.0,140
8322,2011,1144588.0,211
8323,2011,11104899.0,6
8324,2011,114918.0,139
8325,2011,14521515.0,7
8326,2011,165649.0,35
8327,2011,8622504.0,141
8328,2011,4280622.0,87
8329,2011,9954312.0,8
8330,2011,9971727.0,10
8331,2011,247099697.0,12
8332,2011,1257621191.0,15
8333,2011,4580084.0,46
8334,2011,32378061.0,47
8335,2011,319014.0,48
8336,2011,7765800.0,49
8337,2011,2746169.0,51
8338,2011,7109980.0,52
8339,2011,127833000.0,53
8340,2011,16557202.0,93
8341,2011,42635144.0,94
8342,2011,14573885.0,77
8343,2011,109871.0,224
8344,2011,3143825.0,56
8345,2011,5045056.0,59
8346,2011,4181150.0,145
8347,2011,6188132.0,58
8348,2011,36189.0,184
8349,2011,20859743.0,117
8350,2011,2037677.0,146
8351,2011,3028115.0,60
8352,2011,518347.0,61
8353,2011,2059709.0,57
8354,2011,32903699.0,63
8355,2011,33945.0,98
8356,2011,22348158.0,62
8357,2011,374440.0,200
8358,2011,114150481.0,66
8359,2011,52971.0,225
8360,2011,1937398.0,182
8361,2011,16039734.0,148
8362,2011,416268.0,97
8363,2011,49794522.0,150
8364,2011,2743938.0,96
8365,2011,23760421.0,149
8366,2011,3524249.0,205
8367,2011,1252404.0,65
8368,2011,15146094.0,147
8369,2011,29184133.0,64
8370,2011,2132340.0,151
8371,2011,17283112.0,153
8372,2011,165463745.0,67
8373,2011,5942553.0,133
8374,2011,4953088.0,68
8375,2011,27266399.0,152
8376,2011,10283.0,202
8377,2011,4384000.0,69
8378,2011,3206870.0,155
8379,2011,198602738.0,70
8380,2011,3688674.0,156
8381,2011,29477721.0,72
8382,2011,96337913.0,73
8383,2011,18240.0,222
8384,2011,7806637.0,166
8385,2011,38063255.0,74
8386,2011,3678732.0,84
8387,2011,10557560.0,99
8388,2011,5843939.0,71
8389,2011,1804171.0,115
8390,2011,20147528.0,101
8391,2011,143018195.0,103
8392,2011,10576932.0,189
8393,2011,34419624.0,118
8394,2011,12875880.0,160
8395,2011,5183688.0,116
8396,2011,553721.0,106
8397,2011,6612385.0,171
8398,2011,6137349.0,92
8399,2011,32495.0,105
8400,2011,12216837.0,215
8401,2011,552146.0,119
8402,2011,2052843.0,104
8403,2011,9449213.0,108
8404,2011,1105371.0,172
8405,2011,87441.0,170
8406,2011,22730733.0,173
8407,2011,6748672.0,177
8408,2011,68712846.0,109
8409,2011,7784819.0,176
8410,2011,5360811.0,11
8411,2011,107611.0,175
8412,2011,1420020.0,121
8413,2011,11032528.0,122
8414,2011,10700.0,226
8415,2011,33295738.0,123
8416,2011,45706086.0,111
8417,2011,3361637.0,124
8418,2011,29339400.0,125
8419,2011,27962.0,206
8420,2011,251294.0,178
8421,2011,196351.0,168
8422,2011,52443325.0,102
8423,2011,14265814.0,154
8424,2011,13025785.0,113
8425,2012,102112.0,157
8426,2012,30466479.0,161
8427,2012,25188292.0,135
8428,2012,2900401.0,190
8429,2012,71013.0,134
8430,2012,8664969.0,187
8431,2012,41733271.0,16
8432,2012,2914421.0,36
8433,2012,53691.0,158
8434,2012,87674.0,136
8435,2012,22733465.0,17
8436,2012,8429991.0,13
8437,2012,9295784.0,193
8438,2012,9795479.0,208
8439,2012,11106932.0,18
8440,2012,10014078.0,89
8441,2012,17113732.0,75
8442,2012,152090649.0,197
8443,2012,7305888.0,22
8444,2012,1224939.0,188
8445,2012,3674374.0,39
8446,2012,9446836.0,20
8447,2012,337059.0,163
8448,2012,64798.0,38
8449,2012,10569697.0,164
8450,2012,199977707.0,21
8451,2012,276197.0,162
8452,2012,406634.0,198
8453,2012,721145.0,19
8454,2012,2175425.0,165
8455,2012,4773306.0,76
8456,2012,34713395.0,23
8457,2012,7996861.0,107
8458,2012,17341771.0,43
8459,2012,21032684.0,82
8460,2012,45782417.0,25
8461,2012,684553.0,209
8462,2012,533864.0,210
8463,2012,4736593.0,26
8464,2012,11309290.0,85
8465,2012,56860.0,186
8466,2012,1156556.0,27
8467,2012,10510785.0,88
8468,2012,954297.0,195
8469,2012,68888.0,199
8470,2012,5591572.0,28
8471,2012,10030882.0,86
8472,2012,37260563.0,114
8473,2012,15483883.0,90
8474,2012,3252596.0,219
8475,2012,46773055.0,29
8476,2012,1322696.0,30
8477,2012,94451280.0,130
8478,2012,5413971.0,31
8479,2012,911059.0,131
8480,2012,65662240.0,1
8481,2012,1836705.0,132
8482,2012,26858762.0,5
8483,2012,10788692.0,140
8484,2012,1193636.0,211
8485,2012,11045011.0,6
8486,2012,115912.0,139
8487,2012,14781942.0,7
8488,2012,166392.0,35
8489,2012,8792367.0,141
8490,2012,4267558.0,87
8491,2012,10108539.0,8
8492,2012,9920362.0,10
8493,2012,250222695.0,12
8494,2012,1274487215.0,15
8495,2012,4599533.0,46
8496,2012,33864447.0,47
8497,2012,320716.0,48
8498,2012,7910500.0,49
8499,2012,2759817.0,51
8500,2012,7211863.0,52
8501,2012,127629000.0,53
8502,2012,16792090.0,93
8503,2012,43725806.0,94
8504,2012,14786640.0,77
8505,2012,111618.0,224
8506,2012,3394663.0,56
8507,2012,5178337.0,59
8508,2012,4331740.0,145
8509,2012,5869870.0,58
8510,2012,36505.0,184
8511,2012,21017147.0,117
8512,2012,2054718.0,146
8513,2012,2987773.0,60
8514,2012,530946.0,61
8515,2012,2034319.0,57
8516,2012,33352169.0,63
8517,2012,34700.0,98
8518,2012,22966240.0,62
8519,2012,387539.0,200
8520,2012,115755909.0,66
8521,2012,52203.0,225
8522,2012,1929821.0,182
8523,2012,16514687.0,148
8524,2012,420028.0,97
8525,2012,50218185.0,150
8526,2012,2792349.0,96
8527,2012,24487611.0,149
8528,2012,3636113.0,205
8529,2012,1255882.0,65
8530,2012,15581251.0,147
8531,2012,29660212.0,64
8532,2012,2167470.0,151
8533,2012,17954407.0,153
8534,2012,170075932.0,67
8535,2012,6030607.0,133
8536,2012,5018573.0,68
8537,2012,27330694.0,152
8538,2012,10444.0,202
8539,2012,4408100.0,69
8540,2012,3535579.0,155
8541,2012,202205861.0,70
8542,2012,3754862.0,156
8543,2012,29749589.0,72
8544,2012,98032317.0,73
8545,2012,17946.0,222
8546,2012,8026545.0,166
8547,2012,38063164.0,74
8548,2012,3634488.0,84
8549,2012,10514844.0,99
8550,2012,5923322.0,71
8551,2012,1905660.0,115
8552,2012,20058035.0,101
8553,2012,143378447.0,103
8554,2012,10840334.0,189
8555,2012,35159792.0,118
8556,2012,13231833.0,160
8557,2012,5312437.0,116
8558,2012,567763.0,106
8559,2012,6788587.0,171
8560,2012,6161289.0,92
8561,2012,33132.0,105
8562,2012,12440326.0,215
8563,2012,558111.0,119
8564,2012,2057159.0,104
8565,2012,9519374.0,108
8566,2012,1111444.0,172
8567,2012,88303.0,170
8568,2012,22605577.0,173
8569,2012,6926635.0,177
8570,2012,69157023.0,109
8571,2012,7956382.0,176
8572,2012,5458682.0,11
8573,2012,107502.0,175
8574,2012,1430377.0,121
8575,2012,11174383.0,122
8576,2012,10854.0,226
8577,2012,34273295.0,123
8578,2012,45593342.0,111
8579,2012,3371133.0,124
8580,2012,29774500.0,125
8581,2012,28421.0,206
8582,2012,257313.0,178
8583,2012,198124.0,168
8584,2012,53145033.0,102
8585,2012,14744658.0,154
8586,2012,13265331.0,113
8587,2013,102880.0,157
8588,2013,31541209.0,161
8589,2013,26147002.0,135
8590,2013,2895092.0,190
8591,2013,71367.0,134
8592,2013,8751847.0,187
8593,2013,42202935.0,16
8594,2013,2901385.0,36
8595,2013,52995.0,158
8596,2013,88497.0,136
8597,2013,23128129.0,17
8598,2013,8479823.0,13
8599,2013,9416801.0,193
8600,2013,10149577.0,208
8601,2013,11159407.0,18
8602,2013,10308730.0,89
8603,2013,17636408.0,75
8604,2013,154030139.0,197
8605,2013,7265115.0,22
8606,2013,1261673.0,188
8607,2013,3617559.0,39
8608,2013,9443211.0,20
8609,2013,344688.0,163
8610,2013,65001.0,38
8611,2013,10743349.0,164
8612,2013,201721767.0,21
8613,2013,276865.0,162
8614,2013,411702.0,198
8615,2013,728889.0,19
8616,2013,2217278.0,165
8617,2013,4802428.0,76
8618,2013,35080992.0,23
8619,2013,8089346.0,107
8620,2013,17509925.0,43
8621,2013,21632850.0,82
8622,2013,46237930.0,25
8623,2013,699393.0,209
8624,2013,539940.0,210
8625,2013,4791535.0,26
8626,2013,11321579.0,85
8627,2013,58212.0,186
8628,2013,1166968.0,27
8629,2013,10514272.0,88
8630,2013,971753.0,195
8631,2013,68819.0,199
8632,2013,5614932.0,28
8633,2013,10157051.0,86
8634,2013,38000626.0,114
8635,2013,15722989.0,90
8636,2013,3296367.0,219
8637,2013,46620045.0,29
8638,2013,1317997.0,30
8639,2013,97084366.0,130
8640,2013,5438972.0,31
8641,2013,913453.0,131
8642,2013,66002289.0,1
8643,2013,1902226.0,132
8644,2013,27525597.0,5
8645,2013,11055430.0,140
8646,2013,1243941.0,211
8647,2013,10965211.0,6
8648,2013,116945.0,139
8649,2013,15043981.0,7
8650,2013,167054.0,35
8651,2013,8960657.0,141
8652,2013,4255689.0,87
8653,2013,10261206.0,8
8654,2013,9893082.0,10
8655,2013,253275918.0,12
8656,2013,1291132063.0,15
8657,2013,4623816.0,46
8658,2013,35481800.0,47
8659,2013,323764.0,48
8660,2013,8059500.0,49
8661,2013,2773129.0,51
8662,2013,7694814.0,52
8663,2013,127445000.0,53
8664,2013,17035551.0,93
8665,2013,44792368.0,94
8666,2013,14999683.0,77
8667,2013,113311.0,224
8668,2013,3646518.0,56
8669,2013,5678851.0,59
8670,2013,4427313.0,145
8671,2013,5985221.0,58
8672,2013,36806.0,184
8673,2013,21131756.0,117
8674,2013,2073939.0,146
8675,2013,2957689.0,60
8676,2013,543360.0,61
8677,2013,2012647.0,57
8678,2013,33803527.0,63
8679,2013,35425.0,98
8680,2013,23588073.0,62
8681,2013,400728.0,200
8682,2013,117290686.0,66
8683,2013,51352.0,225
8684,2013,1922716.0,182
8685,2013,17004033.0,148
8686,2013,425967.0,97
8687,2013,50648334.0,150
8688,2013,2845153.0,96
8689,2013,25251731.0,149
8690,2013,3742959.0,205
8691,2013,1258927.0,65
8692,2013,16024775.0,147
8693,2013,30134807.0,64
8694,2013,2204510.0,151
8695,2013,18653199.0,153
8696,2013,174726123.0,67
8697,2013,6119379.0,133
8698,2013,5079623.0,68
8699,2013,27381555.0,152
8700,2013,10694.0,202
8701,2013,4442100.0,69
8702,2013,3816680.0,155
8703,2013,205337562.0,70
8704,2013,3821556.0,156
8705,2013,30038809.0,72
8706,2013,99700107.0,73
8707,2013,17805.0,222
8708,2013,8245627.0,166
8709,2013,38040196.0,74
8710,2013,3593077.0,84
8711,2013,10457295.0,99
8712,2013,6005652.0,71
8713,2013,2035501.0,115
8714,2013,19983693.0,101
8715,2013,143805638.0,103
8716,2013,11101350.0,189
8717,2013,35990704.0,118
8718,2013,13595566.0,160
8719,2013,5399162.0,116
8720,2013,582365.0,106
8721,2013,6964859.0,171
8722,2013,6185642.0,92
8723,2013,33285.0,105
8724,2013,12852485.0,215
8725,2013,563947.0,119
8726,2013,2059953.0,104
8727,2013,9600379.0,108
8728,2013,1118319.0,172
8729,2013,89949.0,170
8730,2013,21495821.0,173
8731,2013,7106229.0,177
8732,2013,69578602.0,109
8733,2013,8136610.0,176
8734,2013,5560095.0,11
8735,2013,107089.0,175
8736,2013,1440729.0,121
8737,2013,11300284.0,122
8738,2013,10918.0,226
8739,2013,35273570.0,123
8740,2013,45489648.0,111
8741,2013,3381180.0,124
8742,2013,30243200.0,125
8743,2013,28657.0,206
8744,2013,263534.0,178
8745,2013,199939.0,168
8746,2013,53873616.0,102
8747,2013,15234976.0,154
8748,2013,13555422.0,113
8749,2014,103594.0,157
8750,2014,32716210.0,161
8751,2014,27128337.0,135
8752,2014,2889104.0,190
8753,2014,71621.0,134
8754,2014,8835951.0,187
8755,2014,42669500.0,16
8756,2014,2889930.0,36
8757,2014,52217.0,158
8758,2014,89236.0,136
8759,2014,23475686.0,17
8760,2014,8546356.0,13
8761,2014,9535079.0,193
8762,2014,10494913.0,208
8763,2014,11209057.0,18
8764,2014,10614844.0,89
8765,2014,18169842.0,75
8766,2014,155961299.0,197
8767,2014,7223938.0,22
8768,2014,1311134.0,188
8769,2014,3571068.0,39
8770,2014,9448515.0,20
8771,2014,352335.0,163
8772,2014,65138.0,38
8773,2014,10916987.0,164
8774,2014,203459650.0,21
8775,2014,277493.0,162
8776,2014,416656.0,198
8777,2014,736357.0,19
8778,2014,2260376.0,165
8779,2014,4798734.0,76
8780,2014,35434066.0,23
8781,2014,8188649.0,107
8782,2014,17687108.0,43
8783,2014,22299585.0,82
8784,2014,46677947.0,25
8785,2014,714612.0,209
8786,2014,546076.0,210
8787,2014,4844288.0,26
8788,2014,11332026.0,85
8789,2014,59559.0,186
8790,2014,1176995.0,27
8791,2014,10525347.0,88
8792,2014,989087.0,195
8793,2014,69371.0,199
8794,2014,5643475.0,28
8795,2014,10282115.0,86
8796,2014,38760168.0,114
8797,2014,15957994.0,90
8798,2014,3323425.0,219
8799,2014,46480882.0,29
8800,2014,1314545.0,30
8801,2014,99746766.0,130
8802,2014,5461512.0,31
8803,2014,915560.0,131
8804,2014,66312067.0,1
8805,2014,1966855.0,132
8806,2014,28196358.0,5
8807,2014,11333365.0,140
8808,2014,1295183.0,211
8809,2014,10892413.0,6
8810,2014,117972.0,139
8811,2014,15306316.0,7
8812,2014,167543.0,35
8813,2014,9127846.0,141
8814,2014,4238389.0,87
8815,2014,10412740.0,8
8816,2014,9866468.0,10
8817,2014,256229761.0,12
8818,2014,1307246509.0,15
8819,2014,4657740.0,46
8820,2014,36746488.0,47
8821,2014,327386.0,48
8822,2014,8215700.0,49
8823,2014,2784543.0,51
8824,2014,8658026.0,52
8825,2014,127276000.0,53
8826,2014,17288285.0,93
8827,2014,45831863.0,94
8828,2014,15210817.0,77
8829,2014,114985.0,224
8830,2014,3761584.0,56
8831,2014,6274342.0,59
8832,2014,4519398.0,145
8833,2014,6097764.0,58
8834,2014,37096.0,184
8835,2014,21239457.0,117
8836,2014,2095242.0,146
8837,2014,2932367.0,60
8838,2014,556319.0,61
8839,2014,1993782.0,57
8840,2014,34248603.0,63
8841,2014,36110.0,98
8842,2014,24215976.0,62
8843,2014,416738.0,200
8844,2014,118755887.0,66
8845,2014,50419.0,225
8846,2014,1917557.0,182
8847,2014,17551814.0,148
8848,2014,434558.0,97
8849,2014,51072436.0,150
8850,2014,2902823.0,96
8851,2014,26038704.0,149
8852,2014,3843174.0,205
8853,2014,1261208.0,65
8854,2014,16477966.0,147
8855,2014,30606459.0,64
8856,2014,2243001.0,151
8857,2014,19372014.0,153
8858,2014,179379016.0,67
8859,2014,6208676.0,133
8860,2014,5137232.0,68
8861,2014,27462106.0,152
8862,2014,10940.0,202
8863,2014,4516500.0,69
8864,2014,4009267.0,155
8865,2014,208251628.0,70
8866,2014,3888793.0,156
8867,2014,30353951.0,72
8868,2014,101325201.0,73
8869,2014,17796.0,222
8870,2014,8464153.0,166
8871,2014,38011735.0,74
8872,2014,3534874.0,84
8873,2014,10401062.0,99
8874,2014,6090721.0,71
8875,2014,2214465.0,115
8876,2014,19908979.0,101
8877,2014,144237223.0,103
8878,2014,11368451.0,189
8879,2014,37003245.0,118
8880,2014,13970308.0,160
8881,2014,5469724.0,116
8882,2014,597375.0,106
8883,2014,7140688.0,171
8884,2014,6209526.0,92
8885,2014,33389.0,105
8886,2014,13309235.0,215
8887,2014,569682.0,119
8888,2014,2061980.0,104
8889,2014,9696110.0,108
8890,2014,1125865.0,172
8891,2014,91359.0,170
8892,2014,20072232.0,173
8893,2014,7288383.0,177
8894,2014,69960943.0,109
8895,2014,8326348.0,176
8896,2014,5663152.0,11
8897,2014,106626.0,175
8898,2014,1450661.0,121
8899,2014,11428948.0,122
8900,2014,10899.0,226
8901,2014,36336539.0,123
8902,2014,45272155.0,111
8903,2014,3391662.0,124
8904,2014,30757700.0,125
8905,2014,28971.0,206
8906,2014,269927.0,178
8907,2014,201757.0,168
8908,2014,54729551.0,102
8909,2014,15737793.0,154
8910,2014,13855753.0,113
8911,2015,104257.0,157
8912,2015,33753499.0,161
8913,2015,28127721.0,135
8914,2015,2880703.0,190
8915,2015,71746.0,134
8916,2015,8916899.0,187
8917,2015,43131966.0,16
8918,2015,2878595.0,36
8919,2015,51368.0,158
8920,2015,89941.0,136
8921,2015,23815995.0,17
8922,2015,8642699.0,13
8923,2015,9649341.0,193
8924,2015,10727148.0,208
8925,2015,11274196.0,18
8926,2015,10932783.0,89
8927,2015,18718019.0,75
8928,2015,157830000.0,197
8929,2015,7177991.0,22
8930,2015,1362142.0,188
8931,2015,3524324.0,39
8932,2015,9461076.0,20
8933,2015,359871.0,163
8934,2015,65237.0,38
8935,2015,11090085.0,164
8936,2015,205188205.0,21
8937,2015,278083.0,162
8938,2015,421437.0,198
8939,2015,743274.0,19
8940,2015,2305171.0,165
8941,2015,4819333.0,76
8942,2015,35704498.0,23
8943,2015,8282396.0,107
8944,2015,17870124.0,43
8945,2015,23012646.0,82
8946,2015,47119728.0,25
8947,2015,730216.0,209
8948,2015,552166.0,210
8949,2015,4895242.0,26
8950,2015,11339894.0,85
8951,2015,60911.0,186
8952,2015,1187280.0,27
8953,2015,10546059.0,88
8954,2015,1006259.0,195
8955,2015,70007.0,199
8956,2015,5683483.0,28
8957,2015,10405832.0,86
8958,2015,39543154.0,114
8959,2015,16195902.0,90
8960,2015,3340006.0,219
8961,2015,46444832.0,29
8962,2015,1315407.0,30
8963,2015,102471895.0,130
8964,2015,5479531.0,31
8965,2015,917200.0,131
8966,2015,66548272.0,1
8967,2015,2028517.0,132
8968,2015,28870939.0,5
8969,2015,11625998.0,140
8970,2015,1346973.0,211
8971,2015,10820883.0,6
8972,2015,118980.0,139
8973,2015,15567419.0,7
8974,2015,167978.0,35
8975,2015,9294505.0,141
8976,2015,4203604.0,87
8977,2015,10563757.0,8
8978,2015,9843028.0,10
8979,2015,259091970.0,12
8980,2015,1322866505.0,15
8981,2015,4701957.0,46
8982,2015,37757813.0,47
8983,2015,330815.0,48
8984,2015,8380100.0,49
8985,2015,2794445.0,51
8986,2015,9494246.0,52
8987,2015,127141000.0,53
8988,2015,17542806.0,93
8989,2015,46851488.0,94
8990,2015,15417523.0,77
8991,2015,116707.0,224
8992,2015,3908743.0,56
8993,2015,6398940.0,59
8994,2015,4612329.0,145
8995,2015,6192235.0,58
8996,2015,37355.0,184
8997,2015,21336697.0,117
8998,2015,2118521.0,146
8999,2015,2904910.0,60
9000,2015,569604.0,61
9001,2015,1977527.0,57
9002,2015,34680458.0,63
9003,2015,36760.0,98
9004,2015,24850912.0,62
9005,2015,435582.0,200
9006,2015,120149897.0,66
9007,2015,49410.0,225
9008,2015,1912430.0,182
9009,2015,18112907.0,148
9010,2015,445053.0,97
9011,2015,51483949.0,150
9012,2015,2964749.0,96
9013,2015,26843246.0,149
9014,2015,3946220.0,205
9015,2015,1262879.0,65
9016,2015,16938942.0,147
9017,2015,31068833.0,64
9018,2015,2282704.0,151
9019,2015,20128124.0,153
9020,2015,183995785.0,67
9021,2015,6298598.0,133
9022,2015,5188607.0,68
9023,2015,27610325.0,152
9024,2015,11185.0,202
9025,2015,4609400.0,69
9026,2015,4191776.0,155
9027,2015,210969298.0,70
9028,2015,3957099.0,156
9029,2015,30711863.0,72
9030,2015,103031365.0,73
9031,2015,17794.0,222
9032,2015,8682174.0,166
9033,2015,37986412.0,74
9034,2015,3473232.0,84
9035,2015,10358076.0,99
9036,2015,6177950.0,71
9037,2015,2414573.0,115
9038,2015,19815616.0,101
9039,2015,144640716.0,103
9040,2015,11642959.0,189
9041,2015,38171178.0,118
9042,2015,14356181.0,160
9043,2015,5535002.0,116
9044,2015,612660.0,106
9045,2015,7314773.0,171
9046,2015,6231066.0,92
9047,2015,33570.0,105
9048,2015,13763906.0,215
9049,2015,575475.0,119
9050,2015,2063531.0,104
9051,2015,9799186.0,108
9052,2015,1133936.0,172
9053,2015,93419.0,170
9054,2015,19205178.0,173
9055,2015,7473229.0,177
9056,2015,70294397.0,109
9057,2015,8524063.0,176
9058,2015,5766431.0,11
9059,2015,106122.0,175
9060,2015,1460177.0,121
9061,2015,11557779.0,122
9062,2015,10877.0,226
9063,2015,37477356.0,123
9064,2015,45167350.0,111
9065,2015,3402818.0,124
9066,2015,31298900.0,125
9067,2015,29366.0,206
9068,2015,276438.0,178
9069,2015,203571.0,168
9070,2015,55876504.0,102
9071,2015,16248230.0,154
9072,2015,14154937.0,113
9073,2016,104874.0,157
9074,2016,34636207.0,161
9075,2016,29154746.0,135
9076,2016,2876101.0,190
9077,2016,72540.0,134
9078,2016,8994263.0,187
9079,2016,43590368.0,16
9080,2016,2865835.0,36
9081,2016,50448.0,158
9082,2016,90564.0,136
9083,2016,24190907.0,17
9084,2016,8736668.0,13
9085,2016,9757812.0,193
9086,2016,10903327.0,208
9087,2016,11331422.0,18
9088,2016,11260085.0,89
9089,2016,19275498.0,75
9090,2016,159784568.0,197
9091,2016,7127822.0,22
9092,2016,1409661.0,188
9093,2016,3480986.0,39
9094,2016,9469379.0,20
9095,2016,367313.0,163
9096,2016,64554.0,38
9097,2016,11263015.0,164
9098,2016,206859578.0,21
9099,2016,278649.0,162
9100,2016,425994.0,198
9101,2016,749761.0,19
9102,2016,2352416.0,165
9103,2016,4904177.0,76
9104,2016,36110803.0,23
9105,2016,8373338.0,107
9106,2016,18083879.0,43
9107,2016,23711630.0,82
9108,2016,47625955.0,25
9109,2016,746232.0,209
9110,2016,558394.0,210
9111,2016,4945205.0,26
9112,2016,11342012.0,85
9113,2016,62255.0,186
9114,2016,1197881.0,27
9115,2016,10566332.0,88
9116,2016,1023261.0,195
9117,2016,70075.0,199
9118,2016,5728010.0,28
9119,2016,10527592.0,86
9120,2016,40339329.0,114
9121,2016,16439585.0,90
9122,2016,3365287.0,219
9123,2016,46484062.0,29
9124,2016,1315790.0,30
9125,2016,105293228.0,130
9126,2016,5495303.0,31
9127,2016,918371.0,131
9128,2016,66724104.0,1
9129,2016,2086206.0,132
9130,2016,29554303.0,5
9131,2016,11930985.0,140
9132,2016,1398927.0,211
9133,2016,10775971.0,6
9134,2016,119966.0,139
9135,2016,15827690.0,7
9136,2016,168346.0,35
9137,2016,9460798.0,141
9138,2016,4174349.0,87
9139,2016,10713849.0,8
9140,2016,9814023.0,10
9141,2016,261850182.0,12
9142,2016,1338636340.0,15
9143,2016,4755335.0,46
9144,2016,38697943.0,47
9145,2016,335439.0,48
9146,2016,8546000.0,49
9147,2016,2802695.0,51
9148,2016,9964656.0,52
9149,2016,127076000.0,53
9150,2016,17794055.0,93
9151,2016,47894670.0,94
9152,2016,15624584.0,77
9153,2016,118513.0,224
9154,2016,4048085.0,56
9155,2016,6258619.0,59
9156,2016,4706097.0,145
9157,2016,6282196.0,58
9158,2016,37609.0,184
9159,2016,21425494.0,117
9160,2016,2143872.0,146
9161,2016,2868231.0,60
9162,2016,582014.0,61
9163,2016,1959537.0,57
9164,2016,35107264.0,63
9165,2016,37071.0,98
9166,2016,25501941.0,62
9167,2016,454252.0,200
9168,2016,121519221.0,66
9169,2016,48329.0,225
9170,2016,1906313.0,182
9171,2016,18700106.0,148
9172,2016,455356.0,97
9173,2016,51892349.0,150
9174,2016,3029555.0,96
9175,2016,27696493.0,149
9176,2016,4051890.0,205
9177,2016,1263747.0,65
9178,2016,17405624.0,147
9179,2016,31526418.0,64
9180,2016,2323352.0,151
9181,2016,20921743.0,153
9182,2016,188666931.0,67
9183,2016,6389235.0,133
9184,2016,5234519.0,68
9185,2016,27861186.0,152
9186,2016,11437.0,202
9187,2016,4714100.0,69
9188,2016,4398070.0,155
9189,2016,213524840.0,70
9190,2016,4026336.0,156
9191,2016,31132779.0,72
9192,2016,104875266.0,73
9193,2016,17816.0,222
9194,2016,8899169.0,166
9195,2016,37970087.0,74
9196,2016,3406672.0,84
9197,2016,10325452.0,99
9198,2016,6266615.0,71
9199,2016,2595166.0,115
9200,2016,19702267.0,101
9201,2016,145015460.0,103
9202,2016,11930899.0,189
9203,2016,39377169.0,118
9204,2016,14751356.0,160
9205,2016,5607283.0,116
9206,2016,628102.0,106
9207,2016,7493913.0,171
9208,2016,6250510.0,92
9209,2016,33834.0,105
9210,2016,14292847.0,215
9211,2016,581453.0,119
9212,2016,2065042.0,104
9213,2016,9923085.0,108
9214,2016,1142524.0,172
9215,2016,94677.0,170
9216,2016,18964252.0,173
9217,2016,7661354.0,177
9218,2016,70607037.0,109
9219,2016,8725318.0,176
9220,2016,5868561.0,11
9221,2016,105707.0,175
9222,2016,1469330.0,121
9223,2016,11685667.0,122
9224,2016,10852.0,226
9225,2016,38748299.0,123
9226,2016,45038236.0,111
9227,2016,3413766.0,124
9228,2016,31847900.0,125
9229,2016,29739.0,206
9230,2016,283218.0,178
9231,2016,205544.0,168
9232,2016,56422274.0,102
9233,2016,16767761.0,154
9234,2016,14452704.0,113
9235,2017,105439.0,157
9236,2017,35643418.0,161
9237,2017,30208628.0,135
9238,2017,2873457.0,190
9239,2017,73837.0,134
9240,2017,9068296.0,187
9241,2017,44044811.0,16
9242,2017,2851923.0,36
9243,2017,49463.0,158
9244,2017,91119.0,136
9245,2017,24592588.0,17
9246,2017,8797566.0,13
9247,2017,9854033.0,193
9248,2017,11155593.0,208
9249,2017,11375158.0,18
9250,2017,11596779.0,89
9251,2017,19835858.0,75
9252,2017,161793964.0,197
9253,2017,7075947.0,22
9254,2017,1456834.0,188
9255,2017,3440027.0,39
9256,2017,9458989.0,20
9257,2017,374693.0,163
9258,2017,63873.0,38
9259,2017,11435533.0,164
9260,2017,208504960.0,21
9261,2017,279187.0,162
9262,2017,430276.0,198
9263,2017,756121.0,19
9264,2017,2401840.0,165
9265,2017,4996741.0,76
9266,2017,36545075.0,23
9267,2017,8451840.0,107
9268,2017,18368577.0,43
9269,2017,24393181.0,82
9270,2017,48351671.0,25
9271,2017,761664.0,209
9272,2017,564954.0,210
9273,2017,4993842.0,26
9274,2017,11336405.0,85
9275,2017,63581.0,186
9276,2017,1208523.0,27
9277,2017,10594438.0,88
9278,2017,1040233.0,195
9279,2017,70403.0,199
9280,2017,5764980.0,28
9281,2017,10647244.0,86
9282,2017,41136546.0,114
9283,2017,16696944.0,90
9284,2017,3396933.0,219
9285,2017,46593236.0,29
9286,2017,1317384.0,30
9287,2017,108197950.0,130
9288,2017,5508214.0,31
9289,2017,919019.0,131
9290,2017,66918020.0,1
9291,2017,2140215.0,132
9292,2017,30222262.0,5
9293,2017,12240789.0,140
9294,2017,1450694.0,211
9295,2017,10754679.0,6
9296,2017,120921.0,139
9297,2017,16087418.0,7
9298,2017,168606.0,35
9299,2017,9626842.0,141
9300,2017,4124531.0,87
9301,2017,10863543.0,8
9302,2017,9787966.0,10
9303,2017,264498852.0,12
9304,2017,1354195680.0,15
9305,2017,4807388.0,46
9306,2017,39621162.0,47
9307,2017,343400.0,48
9308,2017,8713300.0,49
9309,2017,2808376.0,51
9310,2017,10215381.0,52
9311,2017,126972000.0,53
9312,2017,18037776.0,93
9313,2017,48948137.0,94
9314,2017,15830689.0,77
9315,2017,120362.0,224
9316,2017,4124904.0,56
9317,2017,6109252.0,59
9318,2017,4796631.0,145
9319,2017,6378261.0,58
9320,2017,37889.0,184
9321,2017,21506813.0,117
9322,2017,2170617.0,146
9323,2017,2828403.0,60
9324,2017,596336.0,61
9325,2017,1942248.0,57
9326,2017,35528115.0,63
9327,2017,37044.0,98
9328,2017,26169542.0,62
9329,2017,472442.0,200
9330,2017,122839258.0,66
9331,2017,47187.0,225
9332,2017,1898657.0,182
9333,2017,19311355.0,148
9334,2017,467999.0,97
9335,2017,52288341.0,150
9336,2017,3096030.0,96
9337,2017,28569441.0,149
9338,2017,4160015.0,205
9339,2017,1264887.0,65
9340,2017,17881167.0,147
9341,2017,31975806.0,64
9342,2017,2364534.0,151
9343,2017,21737922.0,153
9344,2017,193495907.0,67
9345,2017,6480532.0,133
9346,2017,5276968.0,68
9347,2017,28183426.0,152
9348,2017,11682.0,202
9349,2017,4813600.0,69
9350,2017,4541854.0,155
9351,2017,216379655.0,70
9352,2017,4096063.0,156
9353,2017,31605486.0,72
9354,2017,106738501.0,73
9355,2017,17837.0,222
9356,2017,9114796.0,166
9357,2017,37974826.0,74
9358,2017,3325286.0,84
9359,2017,10300300.0,99
9360,2017,6355404.0,71
9361,2017,2711755.0,115
9362,2017,19588715.0,101
9363,2017,145293260.0,103
9364,2017,12230339.0,189
9365,2017,40679828.0,118
9366,2017,15157793.0,160
9367,2017,5612253.0,116
9368,2017,643634.0,106
9369,2017,7677565.0,171
9370,2017,6266654.0,92
9371,2017,34056.0,105
9372,2017,14864221.0,215
9373,2017,587559.0,119
9374,2017,2066388.0,104
9375,2017,10057698.0,108
9376,2017,1151390.0,172
9377,2017,95843.0,170
9378,2017,18983373.0,173
9379,2017,7852795.0,177
9380,2017,70898202.0,109
9381,2017,8925525.0,176
9382,2017,5968383.0,11
9383,2017,105415.0,175
9384,2017,1478607.0,121
9385,2017,11811443.0,122
9386,2017,10828.0,226
9387,2017,40127085.0,123
9388,2017,44880758.0,111
9389,2017,3422200.0,124
9390,2017,32388600.0,125
9391,2017,30060.0,206
9392,2017,290239.0,178
9393,2017,207630.0,168
9394,2017,56641209.0,102
9395,2017,17298054.0,154
9396,2017,14751101.0,113
9397,2018,105962.0,157
9398,2018,36686784.0,161
9399,2018,31273533.0,135
9400,2018,2866376.0,190
9401,2018,75013.0,134
9402,2018,9140169.0,187
9403,2018,44494502.0,16
9404,2018,2836557.0,36
9405,2018,48424.0,158
9406,2018,91626.0,136
9407,2018,24963258.0,17
9408,2018,8840521.0,13
9409,2018,9939771.0,193
9410,2018,11493472.0,208
9411,2018,11427054.0,18
9412,2018,11940683.0,89
9413,2018,20392723.0,75
9414,2018,163683958.0,197
9415,2018,7025037.0,22
9416,2018,1487340.0,188
9417,2018,3400129.0,39
9418,2018,9438785.0,20
9419,2018,382066.0,163
9420,2018,63918.0,38
9421,2018,11606905.0,164
9422,2018,210166592.0,21
9423,2018,279688.0,162
9424,2018,434274.0,198
9425,2018,762096.0,19
9426,2018,2451409.0,165
9427,2018,5094780.0,76
9428,2018,37072620.0,23
9429,2018,8514329.0,107
9430,2018,18701450.0,43
9431,2018,25076747.0,82
9432,2018,49276961.0,25
9433,2018,776313.0,209
9434,2018,571202.0,210
9435,2018,5040734.0,26
9436,2018,11328244.0,85
9437,2018,64884.0,186
9438,2018,1218831.0,27
9439,2018,10629928.0,88
9440,2018,1057198.0,195
9441,2018,70823.0,199
9442,2018,5793636.0,28
9443,2018,10765531.0,86
9444,2018,41927007.0,114
9445,2018,17015672.0,90
9446,2018,3445374.0,219
9447,2018,46797754.0,29
9448,2018,1321977.0,30
9449,2018,111129438.0,130
9450,2018,5515525.0,31
9451,2018,918996.0,131
9452,2018,67158348.0,1
9453,2018,2192012.0,132
9454,2018,30870641.0,5
9455,2018,12554864.0,140
9456,2018,1502091.0,211
9457,2018,10732882.0,6
9458,2018,121838.0,139
9459,2018,16346950.0,7
9460,2018,168678.0,35
9461,2018,9792850.0,141
9462,2018,4087843.0,87
9463,2018,11012421.0,8
9464,2018,9775564.0,10
9465,2018,267066843.0,12
9466,2018,1369003306.0,15
9467,2018,4867316.0,46
9468,2018,40590700.0,47
9469,2018,352721.0,48
9470,2018,8882800.0,49
9471,2018,2811835.0,51
9472,2018,10459865.0,52
9473,2018,126811000.0,53
9474,2018,18276452.0,93
9475,2018,49953304.0,94
9476,2018,16025238.0,77
9477,2018,122261.0,224
9478,2018,4317185.0,56
9479,2018,5950839.0,59
9480,2018,4889391.0,145
9481,2018,6477793.0,58
9482,2018,38181.0,184
9483,2018,21670000.0,117
9484,2018,2198017.0,146
9485,2018,2801543.0,60
9486,2018,607950.0,61
9487,2018,1927174.0,57
9488,2018,35927511.0,63
9489,2018,37029.0,98
9490,2018,26846541.0,62
9491,2018,489758.0,200
9492,2018,124013861.0,66
9493,2018,45989.0,225
9494,2018,1889051.0,182
9495,2018,19934298.0,148
9496,2018,484630.0,97
9497,2018,52666014.0,150
9498,2018,3163991.0,96
9499,2018,29423878.0,149
9500,2018,4270712.0,205
9501,2018,1265577.0,65
9502,2018,18367883.0,147
9503,2018,32399271.0,64
9504,2018,2405680.0,151
9505,2018,22577058.0,153
9506,2018,198387623.0,67
9507,2018,6572233.0,133
9508,2018,5311916.0,68
9509,2018,28506712.0,152
9510,2018,11924.0,202
9511,2018,4900600.0,69
9512,2018,4601157.0,155
9513,2018,219731479.0,70
9514,2018,4165255.0,156
9515,2018,32203944.0,72
9516,2018,108568836.0,73
9517,2018,17864.0,222
9518,2018,9329227.0,166
9519,2018,37974750.0,74
9520,2018,3193354.0,84
9521,2018,10283822.0,99
9522,2018,6443328.0,71
9523,2018,2766732.0,115
9524,2018,19473970.0,101
9525,2018,145398106.0,103
9526,2018,12531808.0,189
9527,2018,41999059.0,118
9528,2018,15574909.0,160
9529,2018,5638676.0,116
9530,2018,659249.0,106
9531,2018,7861281.0,171
9532,2018,6276342.0,92
9533,2018,34156.0,105
9534,2018,15411094.0,215
9535,2018,593715.0,119
9536,2018,2073894.0,104
9537,2018,10175214.0,108
9538,2018,1160428.0,172
9539,2018,96762.0,170
9540,2018,19333463.0,173
9541,2018,8046679.0,177
9542,2018,71127802.0,109
9543,2018,9128132.0,176
9544,2018,6065066.0,11
9545,2018,105150.0,175
9546,2018,1504709.0,121
9547,2018,11933041.0,122
9548,2018,10865.0,226
9549,2018,41515395.0,123
9550,2018,44690584.0,111
9551,2018,3427042.0,124
9552,2018,32956100.0,125
9553,2018,30335.0,206
9554,2018,297298.0,178
9555,2018,209701.0,168
9556,2018,57339635.0,102
9557,2018,17835893.0,154
9558,2018,15052184.0,113
9559,2019,106442.0,157
9560,2019,37769499.0,161
9561,2019,32353588.0,135
9562,2019,2854191.0,190
9563,2019,76343.0,134
9564,2019,9211657.0,187
9565,2019,44938712.0,16
9566,2019,2820602.0,36
9567,2019,47321.0,158
9568,2019,92117.0,136
9569,2019,25334826.0,17
9570,2019,8879920.0,13
9571,2019,10024283.0,193
9572,2019,11874838.0,208
9573,2019,11488980.0,18
9574,2019,12290444.0,89
9575,2019,20951639.0,75
9576,2019,165516222.0,197
9577,2019,6975761.0,22
9578,2019,1494188.0,188
9579,2019,3360711.0,39
9580,2019,9419758.0,20
9581,2019,389095.0,163
9582,2019,63911.0,38
9583,2019,11777315.0,164
9584,2019,211782878.0,21
9585,2019,280180.0,162
9586,2019,438048.0,198
9587,2019,767459.0,19
9588,2019,2499702.0,165
9589,2019,5209324.0,76
9590,2019,37618495.0,23
9591,2019,8575280.0,107
9592,2019,19039485.0,43
9593,2019,25782341.0,82
9594,2019,50187406.0,25
9595,2019,790986.0,209
9596,2019,577030.0,210
9597,2019,5084532.0,26
9598,2019,11316697.0,85
9599,2019,66134.0,186
9600,2019,1228836.0,27
9601,2019,10671870.0,88
9602,2019,1073994.0,195
9603,2019,71428.0,199
9604,2019,5814422.0,28
9605,2019,10881882.0,86
9606,2019,42705368.0,114
9607,2019,17343740.0,90
9608,2019,3498818.0,219
9609,2019,47134837.0,29
9610,2019,1326898.0,30
9611,2019,114120594.0,130
9612,2019,5521606.0,31
9613,2019,918465.0,131
9614,2019,67388001.0,1
9615,2019,2242785.0,132
9616,2019,31522290.0,5
9617,2019,12877539.0,140
9618,2019,1553031.0,211
9619,2019,10721582.0,6
9620,2019,122724.0,139
9621,2019,16604026.0,7
9622,2019,168624.0,35
9623,2019,9958829.0,141
9624,2019,4065253.0,87
9625,2019,11160438.0,8
9626,2019,9771141.0,10
9627,2019,269582878.0,12
9628,2019,1383112050.0,15
9629,2019,4934340.0,46
9630,2019,41563520.0,47
9631,2019,360563.0,48
9632,2019,9054000.0,49
9633,2019,2813773.0,51
9634,2019,10698683.0,52
9635,2019,126633000.0,53
9636,2019,18513673.0,93
9637,2019,50951450.0,94
9638,2019,16207746.0,77
9639,2019,124241.0,224
9640,2019,4441100.0,56
9641,2019,5781907.0,59
9642,2019,4985289.0,145
9643,2019,6569088.0,58
9644,2019,38482.0,184
9645,2019,21803000.0,117
9646,2019,2225702.0,146
9647,2019,2794137.0,60
9648,2019,620001.0,61
9649,2019,1913822.0,57
9650,2019,36304408.0,63
9651,2019,37034.0,98
9652,2019,27533134.0,62
9653,2019,504508.0,200
9654,2019,125085311.0,66
9655,2019,44728.0,225
9656,2019,1876262.0,182
9657,2019,20567424.0,148
9658,2019,504062.0,97
9659,2019,53040212.0,150
9660,2019,3232430.0,96
9661,2019,30285595.0,149
9662,2019,4383849.0,205
9663,2019,1265985.0,65
9664,2019,18867337.0,147
9665,2019,32804020.0,64
9666,2019,2446644.0,151
9667,2019,23443393.0,153
9668,2019,203304492.0,67
9669,2019,6663924.0,133
9670,2019,5347896.0,68
9671,2019,28832496.0,152
9672,2019,12132.0,202
9673,2019,4979200.0,69
9674,2019,4602768.0,155
9675,2019,223293280.0,70
9676,2019,4232532.0,156
9677,2019,32824861.0,72
9678,2019,110380804.0,73
9679,2019,17916.0,222
9680,2019,9542486.0,166
9681,2019,37965475.0,74
9682,2019,3193694.0,84
9683,2019,10286263.0,99
9684,2019,6530026.0,71
9685,2019,2807235.0,115
9686,2019,19371648.0,101
9687,2019,145453291.0,103
9688,2019,12835028.0,189
9689,2019,43232093.0,118
9690,2019,16000781.0,160
9691,2019,5703569.0,116
9692,2019,674993.0,106
9693,2019,8046828.0,171
9694,2019,6280217.0,92
9695,2019,34178.0,105
9696,2019,15981300.0,215
9697,2019,600301.0,119
9698,2019,2088385.0,104
9699,2019,10278887.0,108
9700,2019,1169613.0,172
9701,2019,97625.0,170
9702,2019,20098251.0,173
9703,2019,8243094.0,177
9704,2019,71307763.0,109
9705,2019,9337003.0,176
9706,2019,6158420.0,11
9707,2019,104951.0,175
9708,2019,1519955.0,121
9709,2019,12049314.0,122
9710,2019,10956.0,226
9711,2019,42949080.0,123
9712,2019,44474512.0,111
9713,2019,3428409.0,124
9714,2019,33580350.0,125
9715,2019,30610.0,206
9716,2019,304404.0,178
9717,2019,211905.0,168
9718,2019,58087055.0,102
9719,2019,18380477.0,154
9720,2019,15354608.0,113
9721,2020,106585.0,157
9722,2020,38972230.0,161
9723,2020,33428486.0,135
9724,2020,2837849.0,190
9725,2020,77700.0,134
9726,2020,9287289.0,187
9727,2020,45376763.0,16
9728,2020,2805608.0,36
9729,2020,46189.0,158
9730,2020,92664.0,136
9731,2020,25649248.0,17
9732,2020,8916864.0,13
9733,2020,10093121.0,193
9734,2020,12220227.0,208
9735,2020,11538604.0,18
9736,2020,12643123.0,89
9737,2020,21522626.0,75
9738,2020,167420951.0,197
9739,2020,6934015.0,22
9740,2020,1477469.0,188
9741,2020,3318407.0,39
9742,2020,9379952.0,20
9743,2020,394921.0,163
9744,2020,63893.0,38
9745,2020,11936162.0,164
9746,2020,213196304.0,21
9747,2020,280693.0,162
9748,2020,441725.0,198
9749,2020,772506.0,19
9750,2020,2546402.0,165
9751,2020,5343020.0,76
9752,2020,38028638.0,23
9753,2020,8638167.0,107
9754,2020,19300315.0,43
9755,2020,26491087.0,82
9756,2020,50930662.0,25
9757,2020,806166.0,209
9758,2020,582640.0,210
9759,2020,5123105.0,26
9760,2020,11300698.0,85
9761,2020,67311.0,186
9762,2020,1237537.0,27
9763,2020,10697858.0,88
9764,2020,1090156.0,195
9765,2020,71995.0,199
9766,2020,5831404.0,28
9767,2020,10999664.0,86
9768,2020,43451666.0,114
9769,2020,17588595.0,90
9770,2020,3555868.0,219
9771,2020,47365655.0,29
9772,2020,1329522.0,30
9773,2020,117190911.0,130
9774,2020,5529543.0,31
9775,2020,920422.0,131
9776,2020,67571107.0,1
9777,2020,2292573.0,132
9778,2020,32180401.0,5
9779,2020,13205153.0,140
9780,2020,1596049.0,211
9781,2020,10698599.0,6
9782,2020,123663.0,139
9783,2020,16858333.0,7
9784,2020,169231.0,35
9785,2020,10121763.0,141
9786,2020,4047680.0,87
9787,2020,11306801.0,8
9788,2020,9750149.0,10
9789,2020,271857970.0,12
9790,2020,1396387127.0,15
9791,2020,4985382.0,46
9792,2020,42556984.0,47
9793,2020,366463.0,48
9794,2020,9215100.0,49
9795,2020,2820436.0,51
9796,2020,10928721.0,52
9797,2020,126261000.0,53
9798,2020,18755666.0,93
9799,2020,51985780.0,94
9800,2020,16396860.0,77
9801,2020,126463.0,224
9802,2020,4360444.0,56
9803,2020,5662923.0,59
9804,2020,5087584.0,145
9805,2020,6653942.0,58
9806,2020,38756.0,184
9807,2020,21919000.0,117
9808,2020,2254100.0,146
9809,2020,2794885.0,60
9810,2020,630419.0,61
9811,2020,1900449.0,57
9812,2020,36688772.0,63
9813,2020,36922.0,98
9814,2020,28225177.0,62
9815,2020,514438.0,200
9816,2020,125998302.0,66
9817,2020,43413.0,225
9818,2020,1856124.0,182
9819,2020,21224040.0,148
9820,2020,515332.0,97
9821,2020,53423198.0,150
9822,2020,3294335.0,96
9823,2020,31178239.0,149
9824,2020,4498604.0,205
9825,2020,1266014.0,65
9826,2020,19377061.0,147
9827,2020,33199993.0,64
9828,2020,2489098.0,151
9829,2020,24333639.0,153
9830,2020,208327405.0,67
9831,2020,6755895.0,133
9832,2020,5379475.0,68
9833,2020,29348627.0,152
9834,2020,12315.0,202
9835,2020,5090200.0,69
9836,2020,4543399.0,155
9837,2020,227196741.0,70
9838,2020,4294396.0,156
9839,2020,33304756.0,72
9840,2020,112190977.0,73
9841,2020,17972.0,222
9842,2020,9749640.0,166
9843,2020,37899070.0,74
9844,2020,3281557.0,84
9845,2020,10297081.0,99
9846,2020,6618695.0,71
9847,2020,2760385.0,115
9848,2020,19265250.0,101
9849,2020,145245148.0,103
9850,2020,13146362.0,189
9851,2020,44440486.0,118
9852,2020,16436120.0,160
9853,2020,5685807.0,116
9854,2020,691191.0,106
9855,2020,8233970.0,171
9856,2020,6292731.0,92
9857,2020,34007.0,105
9858,2020,16537016.0,215
9859,2020,607065.0,119
9860,2020,2102419.0,104
9861,2020,10353442.0,108
9862,2020,1180655.0,172
9863,2020,98462.0,170
9864,2020,20772595.0,173
9865,2020,8442580.0,177
9866,2020,71475664.0,109
9867,2020,9543207.0,176
9868,2020,6250438.0,11
9869,2020,105254.0,175
9870,2020,1518147.0,121
9871,2020,12161723.0,122
9872,2020,11069.0,226
9873,2020,44404611.0,123
9874,2020,44207754.0,111
9875,2020,3429086.0,124
9876,2020,34232050.0,125
9877,2020,30910.0,206
9878,2020,311685.0,178
9879,2020,214929.0,168
9880,2020,58801927.0,102
9881,2020,18927715.0,154
9882,2020,15669666.0,113
9883,2021,106537.0,157
9884,2021,40099462.0,161
9885,2021,34503774.0,135
9886,2021,2811666.0,190
9887,2021,79034.0,134
9888,2021,9365145.0,187
9889,2021,45808747.0,16
9890,2021,2790974.0,36
9891,2021,45035.0,158
9892,2021,93219.0,136
9893,2021,25685412.0,17
9894,2021,8955797.0,13
9895,2021,10137750.0,193
9896,2021,12551213.0,208
9897,2021,11586195.0,18
9898,2021,12996895.0,89
9899,2021,22100683.0,75
9900,2021,169356251.0,197
9901,2021,6877743.0,22
9902,2021,1463265.0,188
9903,2021,3270943.0,39
9904,2021,9302585.0,20
9905,2021,400031.0,163
9906,2021,63764.0,38
9907,2021,12079472.0,164
9908,2021,214326223.0,21
9909,2021,281200.0,162
9910,2021,445373.0,198
9911,2021,777486.0,19
9912,2021,2588423.0,165
9913,2021,5457154.0,76
9914,2021,38239864.0,23
9915,2021,8704546.0,107
9916,2021,19493184.0,43
9917,2021,27198628.0,82
9918,2021,51516562.0,25
9919,2021,821625.0,209
9920,2021,587925.0,210
9921,2021,5153957.0,26
9922,2021,11256372.0,85
9923,2021,68136.0,186
9924,2021,1244188.0,27
9925,2021,10505772.0,88
9926,2021,1105557.0,195
9927,2021,72412.0,199
9928,2021,5856733.0,28
9929,2021,11117873.0,86
9930,2021,44177969.0,114
9931,2021,17797737.0,90
9932,2021,3620312.0,219
9933,2021,47415794.0,29
9934,2021,1330932.0,30
9935,2021,120283026.0,130
9936,2021,5541017.0,31
9937,2021,924610.0,131
9938,2021,67764304.0,1
9939,2021,2341179.0,132
9940,2021,32833031.0,5
9941,2021,13531906.0,140
9942,2021,1634466.0,211
9943,2021,10569207.0,6
9944,2021,124610.0,139
9945,2021,17109746.0,7
9946,2021,170534.0,35
9947,2021,10278345.0,141
9948,2021,3878981.0,87
9949,2021,11447569.0,8
9950,2021,9709891.0,10
9951,2021,273753191.0,12
9952,2021,1407563842.0,15
9953,2021,5033164.0,46
9954,2021,43533592.0,47
9955,2021,372520.0,48
9956,2021,9371400.0,49
9957,2021,2827695.0,51
9958,2021,11148278.0,52
9959,2021,125681593.0,53
9960,2021,19191356.0,93
9961,2021,53005614.0,94
9962,2021,16589023.0,77
9963,2021,128874.0,224
9964,2021,4250114.0,56
9965,2021,5592631.0,59
9966,2021,5193416.0,145
9967,2021,6735277.0,58
9968,2021,39039.0,184
9969,2021,22156000.0,117
9970,2021,2281454.0,146
9971,2021,2800839.0,60
9972,2021,640064.0,61
9973,2021,1884490.0,57
9974,2021,37076584.0,63
9975,2021,36686.0,98
9976,2021,28915653.0,62
9977,2021,521457.0,200
9978,2021,126705138.0,66
9979,2021,42050.0,225
9980,2021,1837114.0,182
9981,2021,21904983.0,148
9982,2021,518536.0,97
9983,2021,53798084.0,150
9984,2021,3347782.0,96
9985,2021,32077072.0,149
9986,2021,4614974.0,205
9987,2021,1266334.0,65
9988,2021,19889742.0,147
9989,2021,33573874.0,64
9990,2021,2530151.0,151
9991,2021,25252722.0,153
9992,2021,213401323.0,67
9993,2021,6850540.0,133
9994,2021,5408320.0,68
9995,2021,30034989.0,152
9996,2021,12511.0,202
9997,2021,5111300.0,69
9998,2021,4520471.0,155
9999,2021,231402117.0,70
10000,2021,4351267.0,156
10001,2021,33715471.0,72
10002,2021,113880328.0,73
10003,2021,18024.0,222
10004,2021,9949437.0,166
10005,2021,37747124.0,74
10006,2021,3262693.0,84
10007,2021,10361831.0,99
10008,2021,6703799.0,71
10009,2021,2688235.0,115
10010,2021,19122059.0,101
10011,2021,144746762.0,103
10012,2021,13461888.0,189
10013,2021,45657202.0,118
10014,2021,16876720.0,160
10015,2021,5453566.0,116
10016,2021,707851.0,106
10017,2021,8420641.0,171
10018,2021,6314167.0,92
10019,2021,33745.0,105
10020,2021,17065581.0,215
10021,2021,612985.0,119
10022,2021,2108079.0,104
10023,2021,10415811.0,108
10024,2021,1192271.0,172
10025,2021,99258.0,170
10026,2021,21324367.0,173
10027,2021,8644829.0,177
10028,2021,71601103.0,109
10029,2021,9750064.0,176
10030,2021,6341855.0,11
10031,2021,106017.0,175
10032,2021,1525663.0,121
10033,2021,12262946.0,122
10034,2021,11204.0,226
10035,2021,45853778.0,123
10036,2021,43848986.0,111
10037,2021,3426260.0,124
10038,2021,34915100.0,125
10039,2021,31122.0,206
10040,2021,319137.0,178
10041,2021,218764.0,168
10042,2021,59392255.0,102
10043,2021,19473125.0,154
10044,2021,15993524.0,113
10045,2022,106445.0,157
10046,2022,41128771.0,161
10047,2022,35588987.0,135
10048,2022,2777689.0,190
10049,2022,79824.0,134
10050,2022,9441129.0,187
10051,2022,46234830.0,16
10052,2022,2780469.0,36
10053,2022,44273.0,158
10054,2022,93763.0,136
10055,2022,26014399.0,17
10056,2022,9041851.0,13
10057,2022,10141756.0,193
10058,2022,12889576.0,208
10059,2022,11685814.0,18
10060,2022,13352864.0,89
10061,2022,22673762.0,75
10062,2022,171186372.0,197
10063,2022,6465097.0,22
10064,2022,1472233.0,188
10065,2022,3233526.0,39
10066,2022,9228071.0,20
10067,2022,405272.0,163
10068,2022,63595.0,38
10069,2022,12224110.0,164
10070,2022,215313498.0,21
10071,2022,281635.0,162
10072,2022,449002.0,198
10073,2022,782455.0,19
10074,2022,2630296.0,165
10075,2022,5579144.0,76
10076,2022,38939056.0,23
10077,2022,8775760.0,107
10078,2022,19603733.0,43
10079,2022,27914536.0,82
10080,2022,51874024.0,25
10081,2022,836774.0,209
10082,2022,593149.0,210
10083,2022,5180829.0,26
10084,2022,11212191.0,85
10085,2022,68706.0,186
10086,2022,1251488.0,27
10087,2022,10672118.0,88
10088,2022,1120849.0,195
10089,2022,72737.0,199
10090,2022,5903037.0,28
10091,2022,11228821.0,86
10092,2022,44903225.0,114
10093,2022,18001000.0,90
10094,2022,3684032.0,219
10095,2022,47778340.0,29
10096,2022,1348840.0,30
10097,2022,123379924.0,130
10098,2022,5556106.0,31
10099,2022,929766.0,131
10100,2022,67971311.0,1
10101,2022,2388992.0,132
10102,2022,33475870.0,5
10103,2022,13859341.0,140
10104,2022,1674908.0,211
10105,2022,10426919.0,6
10106,2022,125438.0,139
10107,2022,17357886.0,7
10108,2022,171774.0,35
10109,2022,10432860.0,141
10110,2022,3855641.0,87
10111,2022,11584996.0,8
10112,2022,9643048.0,10
10113,2022,275501339.0,12
10114,2022,1417173173.0,15
10115,2022,5127170.0,46
10116,2022,44496122.0,47
10117,2022,382003.0,48
10118,2022,9557500.0,49
10119,2022,2827377.0,51
10120,2022,11285869.0,52
10121,2022,125124989.0,53
10122,2022,19634983.0,93
10123,2022,54027487.0,94
10124,2022,16767842.0,77
10125,2022,131232.0,224
10126,2022,4268873.0,56
10127,2022,5489739.0,59
10128,2022,5302681.0,145
10129,2022,6812341.0,58
10130,2022,39327.0,184
10131,2022,22181000.0,117
10132,2022,2305825.0,146
10133,2022,2831639.0,60
10134,2022,653103.0,61
10135,2022,1879383.0,57
10136,2022,37457971.0,63
10137,2022,36469.0,98
10138,2022,29611714.0,62
10139,2022,523787.0,200
10140,2022,127504125.0,66
10141,2022,41569.0,225
10142,2022,1831712.0,182
10143,2022,22593590.0,148
10144,2022,531113.0,97
10145,2022,54179306.0,150
10146,2022,3398366.0,96
10147,2022,32969518.0,149
10148,2022,4736139.0,205
10149,2022,1262523.0,65
10150,2022,20405317.0,147
10151,2022,33938221.0,64
10152,2022,2567012.0,151
10153,2022,26207977.0,153
10154,2022,218541212.0,67
10155,2022,6948392.0,133
10156,2022,5457127.0,68
10157,2022,30547580.0,152
10158,2022,12668.0,202
10159,2022,5117200.0,69
10160,2022,4576298.0,155
10161,2022,235824862.0,70
10162,2022,4408581.0,156
10163,2022,34049588.0,72
10164,2022,115559009.0,73
10165,2022,18055.0,222
10166,2022,10142619.0,166
10167,2022,36821749.0,74
10168,2022,3220113.0,84
10169,2022,10409704.0,99
10170,2022,6780744.0,71
10171,2022,2695122.0,115
10172,2022,19047009.0,101
10173,2022,144236933.0,103
10174,2022,13776698.0,189
10175,2022,46874204.0,118
10176,2022,17316449.0,160
10177,2022,5637022.0,116
10178,2022,724273.0,106
10179,2022,8605718.0,171
10180,2022,6336392.0,92
10181,2022,33660.0,105
10182,2022,17597511.0,215
10183,2022,618040.0,119
10184,2022,2111986.0,104
10185,2022,10486941.0,108
10186,2022,1201670.0,172
10187,2022,119878.0,170
10188,2022,22125249.0,173
10189,2022,8848699.0,177
10190,2022,71697030.0,109
10191,2022,9952787.0,176
10192,2022,6430770.0,11
10193,2022,106858.0,175
10194,2022,1531044.0,121
10195,2022,12356117.0,122
10196,2022,11312.0,226
10197,2022,47249585.0,123
10198,2022,38000000.0,111
10199,2022,3422794.0,124
10200,2022,35648100.0,125
10201,2022,31305.0,206
10202,2022,326740.0,178
10203,2022,222382.0,168
10204,2022,59893885.0,102
10205,2022,20017675.0,154
10206,2022,16320537.0,113
10207,2023,106277.0,157
10208,2023,42239854.0,161
10209,2023,36684202.0,135
10210,2023,2745972.0,190
10211,2023,80088.0,134
10212,2023,9516871.0,187
10213,2023,46654581.0,16
10214,2023,2777970.0,36
10215,2023,43914.0,158
10216,2023,94298.0,136
10217,2023,26638544.0,17
10218,2023,9132383.0,13
10219,2023,10112555.0,193
10220,2023,13238559.0,208
10221,2023,11822592.0,18
10222,2023,13712828.0,89
10223,2023,23251485.0,75
10224,2023,172954319.0,197
10225,2023,6430370.0,22
10226,2023,1485509.0,188
10227,2023,3210847.0,39
10228,2023,9178298.0,20
10229,2023,410825.0,163
10230,2023,63489.0,38
10231,2023,12388571.0,164
10232,2023,216422446.0,21
10233,2023,281995.0,162
10234,2023,452524.0,198
10235,2023,787424.0,19
10236,2023,2675352.0,165
10237,2023,5742315.0,76
10238,2023,40097761.0,23
10239,2023,8849852.0,107
10240,2023,19629590.0,43
10241,2023,28647293.0,82
10242,2023,52085168.0,25
10243,2023,852075.0,209
10244,2023,598682.0,210
10245,2023,5212173.0,26
10246,2023,11194449.0,85
10247,2023,69310.0,186
10248,2023,1260138.0,27
10249,2023,10873689.0,88
10250,2023,1136455.0,195
10251,2023,73040.0,199
10252,2023,5946952.0,28
10253,2023,11332972.0,86
10254,2023,45606480.0,114
10255,2023,18190484.0,90
10256,2023,3748901.0,219
10257,2023,48373336.0,29
10258,2023,1366188.0,30
10259,2023,126527060.0,130
10260,2023,5584264.0,31
10261,2023,936375.0,131
10262,2023,68170228.0,1
10263,2023,2436566.0,132
10264,2023,34121985.0,5
10265,2023,14190612.0,140
10266,2023,1714671.0,211
10267,2023,10361295.0,6
10268,2023,126183.0,139
10269,2023,17602431.0,7
10270,2023,172952.0,35
10271,2023,10593798.0,141
10272,2023,3853200.0,87
10273,2023,11724763.0,8
10274,2023,9589872.0,10
10275,2023,277534122.0,12
10276,2023,1428627663.0,15
10277,2023,5262382.0,46
10278,2023,45504560.0,47
10279,2023,393600.0,48
10280,2023,9756700.0,49
10281,2023,2825544.0,51
10282,2023,11337052.0,52
10283,2023,124516650.0,53
10284,2023,19900177.0,93
10285,2023,55100586.0,94
10286,2023,16944826.0,77
10287,2023,133515.0,224
10288,2023,4310108.0,56
10289,2023,5353930.0,59
10290,2023,5418377.0,145
10291,2023,6888388.0,58
10292,2023,39584.0,184
10293,2023,22037000.0,117
10294,2023,2330318.0,146
10295,2023,2871897.0,60
10296,2023,668606.0,61
10297,2023,1881750.0,57
10298,2023,37840044.0,63
10299,2023,36297.0,98
10300,2023,30325732.0,62
10301,2023,521021.0,200
10302,2023,128455567.0,66
10303,2023,41996.0,225
10304,2023,1811980.0,182
10305,2023,23293698.0,148
10306,2023,553214.0,97
10307,2023,54577997.0,150
10308,2023,3447157.0,96
10309,2023,33897354.0,149
10310,2023,4862989.0,205
10311,2023,1261041.0,65
10312,2023,20931751.0,147
10313,2023,34308525.0,64
10314,2023,2604172.0,151
10315,2023,27202843.0,153
10316,2023,223804632.0,67
10317,2023,7046310.0,133
10318,2023,5519594.0,68
10319,2023,30896590.0,152
10320,2023,12780.0,202
10321,2023,5223100.0,69
10322,2023,4644384.0,155
10323,2023,240485658.0,70
10324,2023,4468087.0,156
10325,2023,34352719.0,72
10326,2023,117337368.0,73
10327,2023,18058.0,222
10328,2023,10329931.0,166
10329,2023,36685849.0,74
10330,2023,3205691.0,84
10331,2023,10525347.0,99
10332,2023,6861524.0,71
10333,2023,2716391.0,115
10334,2023,19056116.0,101
10335,2023,143826130.0,103
10336,2023,14094683.0,189
10337,2023,48109006.0,118
10338,2023,17763163.0,160
10339,2023,5917648.0,116
10340,2023,740424.0,106
10341,2023,8791092.0,171
10342,2023,6364943.0,92
10343,2023,33642.0,105
10344,2023,18143378.0,215
10345,2023,623236.0,119
10346,2023,2120937.0,104
10347,2023,10536632.0,108
10348,2023,1210822.0,172
10349,2023,119773.0,170
10350,2023,23227014.0,173
10351,2023,9053799.0,177
10352,2023,71801279.0,109
10353,2023,10143543.0,176
10354,2023,6516100.0,11
10355,2023,107773.0,175
10356,2023,1534937.0,121
10357,2023,12458223.0,122
10358,2023,11396.0,226
10359,2023,48582334.0,123
10360,2023,37000000.0,111
10361,2023,3423108.0,124
10362,2023,36412350.0,125
10363,2023,31538.0,206
10364,2023,334506.0,178
10365,2023,225681.0,168
10366,2023,60414495.0,102
10367,2023,20569737.0,154
10368,2023,16665409.0,113
