ID,YEAR,CANTIDAD,ID_PAIS
1,1960,54608.0,11
2,1960,8622466.0,1
3,1960,5357195.0,6
4,1960,1608800.0,3
5,1960,9443.0,5
6,1960,133426.0,211
7,1960,20349744.0,9
8,1960,1904148.0,10
9,1960,20085.0,12
10,1960,55342.0,7
11,1960,10276477.0,13
12,1960,7047539.0,14
13,1960,3894500.0,15
14,1960,2746628.0,19
15,1960,9153489.0,20
16,1960,2512284.0,21
17,1960,4783259.0,34
18,1960,50396429.0,17
19,1960,7867374.0,33
20,1960,160691.0,31
21,1960,3262539.0,24
22,1960,8198000.0,26
23,1960,91403.0,25
24,1960,44400.0,22
25,1960,3707515.0,28
26,1960,73092515.0,30
27,1960,232550.0,18
28,1960,85346.0,32
29,1960,221266.0,23
30,1960,512865.0,29
31,1960,1679728.0,35
32,1960,17909356.0,37
33,1960,5327827.0,192
34,1960,8141820.0,41
35,1960,5117608.0,44
36,1960,15687688.0,47
37,1960,194852.0,48
38,1960,209849.0,50
39,1960,1346302.0,51
40,1960,7267395.0,54
41,1960,8473.0,38
42,1960,585725.0,55
43,1960,9602006.0,56
44,1960,72814900.0,82
45,1960,85940.0,58
46,1960,59379.0,59
47,1960,4579603.0,57
48,1960,3298021.0,60
49,1960,11394307.0,4
50,1960,4618158.0,61
51,1960,993568.0,64
52,1960,30455000.0,66
53,1960,1211537.0,67
54,1960,21739710.0,68
55,1960,4429634.0,71
56,1960,401841.0,70
57,1960,46649927.0,72
58,1960,513340.0,75
59,1960,3645600.0,80
60,1960,6911510.0,83
61,1960,3516814.0,87
62,1960,267351.0,81
63,1960,8331725.0,84
64,1960,93772.0,85
65,1960,4128880.0,86
66,1960,72374.0,88
67,1960,571990.0,89
68,1960,2078617.0,92
69,1960,4140181.0,52
70,1960,3901139.0,90
71,1960,9983967.0,93
72,1960,88382881.0,94
73,1960,445954579.0,95
74,1960,2828600.0,98
75,1960,7084678.0,99
76,1960,175574.0,100
77,1960,2114020.0,101
78,1960,50199700.0,103
79,1960,1642331.0,105
80,1960,847936.0,106
81,1960,93216000.0,107
82,1960,9319283.0,108
83,1960,7751435.0,109
84,1960,5541676.0,36
85,1960,47093.0,111
86,1960,305415.0,115
87,1960,1798092.0,119
88,1960,1137026.0,120
89,1960,1426986.0,118
90,1960,16472.0,123
91,1960,9783871.0,188
92,1960,737838.0,122
93,1960,2778550.0,124
94,1960,313970.0,125
95,1960,2120979.0,117
96,1960,11769774.0,128
97,1960,21797.0,140
98,1960,5073342.0,126
99,1960,91650.0,132
100,1960,36268055.0,133
101,1960,15374.0,135
102,1960,1462368.0,136
103,1960,5346792.0,137
104,1960,326550.0,138
105,1960,21720697.0,144
106,1960,480579.0,139
107,1960,977903.0,134
108,1960,6788375.0,141
109,1960,838478.0,143
110,1960,676683.0,142
111,1960,3621081.0,130
112,1960,7833782.0,129
113,1960,590181.0,145
114,1960,3497431.0,151
115,1960,44928342.0,150
116,1960,1789684.0,147
117,1960,11486631.0,148
118,1960,3581239.0,152
119,1960,10167941.0,149
120,1960,4582.0,153
121,1960,2371800.0,154
122,1960,536553.0,155
123,1960,45954226.0,156
124,1960,1126989.0,157
125,1960,10172207.0,159
126,1960,28486871.0,160
127,1960,9446.0,162
128,1960,1985666.0,163
129,1960,29637450.0,164
130,1960,2358000.0,167
131,1960,8857716.0,165
132,1960,1894829.0,158
133,1960,36385.0,168
134,1960,18406905.0,171
135,1960,119897000.0,173
136,1960,2966162.0,174
137,1960,8326462.0,191
138,1960,3273177.0,178
139,1960,1646400.0,180
140,1960,133440.0,185
141,1960,2301310.0,182
142,1960,2779327.0,65
143,1960,15556.0,184
144,1960,2870732.0,186
145,1960,6608000.0,187
146,1960,2907724.0,189
147,1960,268396.0,193
148,1960,1584720.0,183
149,1960,7484656.0,195
150,1960,345065.0,196
151,1960,41700.0,179
152,1960,4610712.0,197
153,1960,3028688.0,40
154,1960,1651367.0,205
155,1960,26596584.0,201
156,1960,2131992.0,202
157,1960,1602052.0,203
158,1960,468573.0,204
159,1960,67428.0,200
160,1960,847063.0,207
161,1960,4195467.0,208
162,1960,5404.0,210
163,1960,7617746.0,213
164,1960,42767251.0,214
165,1960,2529021.0,216
166,1960,180671000.0,217
167,1960,8372311.0,218
168,1960,7850.0,104
169,1960,64608.0,219
170,1960,113335.0,176
171,1960,990150.0,113
172,1960,16520441.0,172
173,1960,3119430.0,229
174,1960,3806310.0,230
175,1961,55811.0,11
176,1961,8790140.0,1
177,1961,5441333.0,6
178,1961,1659800.0,3
179,1961,10216.0,5
180,1961,140984.0,211
181,1961,20680653.0,9
182,1961,1971530.0,10
183,1961,20626.0,12
184,1961,56245.0,7
185,1961,10483000.0,13
186,1961,7086299.0,14
187,1961,4045750.0,15
188,1961,2815972.0,19
189,1961,9183948.0,20
190,1961,2551216.0,21
191,1961,4852833.0,34
192,1961,51882769.0,17
193,1961,7943118.0,33
194,1961,166970.0,31
195,1961,3325333.0,24
196,1961,8271216.0,26
197,1961,93757.0,25
198,1961,45500.0,22
199,1961,3784744.0,28
200,1961,75330008.0,30
201,1961,233698.0,18
202,1961,89561.0,32
203,1961,227071.0,23
204,1961,524403.0,29
205,1961,1710364.0,35
206,1961,18271000.0,37
207,1961,5434294.0,192
208,1961,8313535.0,41
209,1961,5200355.0,44
210,1961,16182414.0,47
211,1961,198617.0,48
212,1961,214788.0,50
213,1961,1396138.0,51
214,1961,7418518.0,54
215,1961,8626.0,38
216,1961,594771.0,55
217,1961,9586651.0,56
218,1961,73377632.0,82
219,1961,89270.0,58
220,1961,60395.0,59
221,1961,4611687.0,57
222,1961,3408415.0,60
223,1961,11598608.0,4
224,1961,4751507.0,61
225,1961,1016932.0,64
226,1961,30739250.0,66
227,1961,1225077.0,67
228,1961,22281675.0,68
229,1961,4461005.0,71
230,1961,414534.0,70
231,1961,47161641.0,72
232,1961,519329.0,75
233,1961,3703600.0,80
234,1961,7109029.0,83
235,1961,3578631.0,87
236,1961,272264.0,81
237,1961,8398050.0,84
238,1961,95096.0,85
239,1961,4251911.0,86
240,1961,73873.0,88
241,1961,588597.0,89
242,1961,2139928.0,92
243,1961,4167292.0,52
244,1961,3974934.0,90
245,1961,10029321.0,93
246,1961,90816938.0,94
247,1961,456351876.0,95
248,1961,2824400.0,98
249,1961,7260714.0,99
250,1961,179029.0,100
251,1961,2185000.0,101
252,1961,50536350.0,103
253,1961,1663754.0,105
254,1961,891848.0,106
255,1961,94055000.0,107
256,1961,9639302.0,108
257,1961,8047470.0,109
258,1961,5664654.0,36
259,1961,48275.0,111
260,1961,339697.0,115
261,1961,1853295.0,119
262,1961,1165005.0,120
263,1961,1478760.0,118
264,1961,16834.0,123
265,1961,10022888.0,188
266,1961,760895.0,122
267,1961,2823550.0,124
268,1961,316845.0,125
269,1961,2152681.0,117
270,1961,12081713.0,128
271,1961,21907.0,140
272,1961,5206239.0,126
273,1961,93952.0,132
274,1961,37439317.0,133
275,1961,15867.0,135
276,1961,1481112.0,136
277,1961,5420247.0,137
278,1961,325250.0,138
279,1961,22203109.0,144
280,1961,491140.0,139
281,1961,1011502.0,134
282,1961,6917521.0,141
283,1961,861663.0,143
284,1961,680757.0,142
285,1961,3708193.0,130
286,1961,8074805.0,129
287,1961,601424.0,145
288,1961,3602530.0,151
289,1961,45855507.0,150
290,1961,1844630.0,147
291,1961,11638712.0,148
292,1961,3609800.0,152
293,1961,10365144.0,149
294,1961,4753.0,153
295,1961,2419700.0,154
296,1961,546443.0,155
297,1961,47060915.0,156
298,1961,1160832.0,157
299,1961,10478096.0,159
300,1961,29342411.0,160
301,1961,9639.0,162
302,1961,2035672.0,163
303,1961,29964000.0,164
304,1961,2399722.0,167
305,1961,8929316.0,165
306,1961,1941208.0,158
307,1961,40111.0,168
308,1961,18555250.0,171
309,1961,121236000.0,173
310,1961,3046654.0,174
311,1961,8577490.0,191
312,1961,3367082.0,178
313,1961,1702400.0,180
314,1961,136780.0,185
315,1961,2341065.0,182
316,1961,2858896.0,65
317,1961,15895.0,184
318,1961,2945662.0,186
319,1961,6655000.0,187
320,1961,2948953.0,189
321,1961,277969.0,193
322,1961,1594131.0,183
323,1961,7519998.0,195
324,1961,352971.0,196
325,1961,42889.0,179
326,1961,4751534.0,197
327,1961,3087657.0,40
328,1961,1678788.0,205
329,1961,27399963.0,201
330,1961,2208026.0,202
331,1961,1658569.0,203
332,1961,475796.0,204
333,1961,69391.0,200
334,1961,865028.0,207
335,1961,4236386.0,208
336,1961,5436.0,210
337,1961,7838440.0,213
338,1961,43365219.0,214
339,1961,2561153.0,216
340,1961,183691000.0,217
341,1961,8692048.0,218
342,1961,7885.0,104
343,1961,66462.0,219
344,1961,116820.0,176
345,1961,1014211.0,113
346,1961,16989464.0,172
347,1961,3219451.0,229
348,1961,3925952.0,230
349,1962,56682.0,11
350,1962,8969047.0,1
351,1962,5521400.0,6
352,1962,1711319.0,3
353,1962,11014.0,5
354,1962,148877.0,211
355,1962,21020359.0,9
356,1962,2039346.0,10
357,1962,21272.0,12
358,1962,57008.0,7
359,1962,10742000.0,13
360,1962,7129864.0,14
361,1962,4168150.0,15
362,1962,2887398.0,19
363,1962,9220578.0,20
364,1962,2593302.0,21
365,1962,4924497.0,34
366,1962,53461661.0,17
367,1962,8012946.0,33
368,1962,173359.0,31
369,1962,3387512.0,24
370,1962,8351928.0,26
371,1962,96188.0,25
372,1962,46600.0,22
373,1962,3864140.0,28
374,1962,77599218.0,30
375,1962,234829.0,18
376,1962,93837.0,32
377,1962,233417.0,23
378,1962,536428.0,29
379,1962,1742502.0,35
380,1962,18614000.0,37
381,1962,5573815.0,192
382,1962,8486120.0,41
383,1962,5303841.0,44
384,1962,16691282.0,47
385,1962,202527.0,48
386,1962,221484.0,50
387,1962,1447037.0,51
388,1962,7574265.0,54
389,1962,8799.0,38
390,1962,601095.0,55
391,1962,9624660.0,56
392,1962,74025784.0,82
393,1962,93122.0,58
394,1962,61224.0,59
395,1962,4647727.0,57
396,1962,3521164.0,60
397,1962,11778260.0,4
398,1962,4890425.0,61
399,1962,1041552.0,64
400,1962,31023366.0,66
401,1962,1241623.0,67
402,1962,22852158.0,68
403,1962,4491443.0,71
404,1962,427695.0,70
405,1962,47679792.0,72
406,1962,525754.0,75
407,1962,3760300.0,80
408,1962,7281192.0,83
409,1962,3642324.0,87
410,1962,277490.0,81
411,1962,8448233.0,84
412,1962,96052.0,85
413,1962,4378604.0,86
414,1962,75412.0,88
415,1962,604833.0,89
416,1962,2202854.0,92
417,1962,4196712.0,52
418,1962,4049504.0,90
419,1962,10061734.0,93
420,1962,93345489.0,94
421,1962,467024193.0,95
422,1962,2836050.0,98
423,1962,7481832.0,99
424,1962,182378.0,100
425,1962,2293000.0,101
426,1962,50879450.0,103
427,1962,1683761.0,105
428,1962,934615.0,106
429,1962,94933000.0,107
430,1962,9959414.0,108
431,1962,8363578.0,109
432,1962,5788854.0,36
433,1962,49508.0,111
434,1962,378190.0,115
435,1962,1911959.0,119
436,1962,1194085.0,120
437,1962,1535157.0,118
438,1962,17221.0,123
439,1962,10267067.0,188
440,1962,784681.0,122
441,1962,2863350.0,124
442,1962,320750.0,125
443,1962,2181586.0,117
444,1962,12404757.0,128
445,1962,22106.0,140
446,1962,5343117.0,126
447,1962,96332.0,132
448,1962,38683283.0,133
449,1962,16387.0,135
450,1962,1497338.0,136
451,1962,5494845.0,137
452,1962,323900.0,138
453,1962,22699703.0,144
454,1962,502558.0,139
455,1962,1045315.0,134
456,1962,7060376.0,141
457,1962,885938.0,143
458,1962,700349.0,142
459,1962,3799155.0,130
460,1962,8324218.0,129
461,1962,613808.0,145
462,1962,3711068.0,151
463,1962,46821845.0,150
464,1962,1901451.0,147
465,1962,11805689.0,148
466,1962,3638918.0,152
467,1962,10570716.0,149
468,1962,4950.0,153
469,1962,2482000.0,154
470,1962,557139.0,155
471,1962,48161841.0,156
472,1962,1196289.0,157
473,1962,10792094.0,159
474,1962,30185979.0,160
475,1962,9851.0,162
476,1962,2082562.0,163
477,1962,30308500.0,164
478,1962,2450322.0,167
479,1962,8993985.0,165
480,1962,1989376.0,158
481,1962,45123.0,168
482,1962,18676550.0,171
483,1962,122591000.0,173
484,1962,3122124.0,174
485,1962,8841338.0,191
486,1962,3463524.0,178
487,1962,1750200.0,180
488,1962,140254.0,185
489,1962,2382914.0,182
490,1962,2937821.0,65
491,1962,16242.0,184
492,1962,3022827.0,186
493,1962,6696000.0,187
494,1962,2992270.0,189
495,1962,288291.0,193
496,1962,1603649.0,183
497,1962,7561588.0,195
498,1962,361070.0,196
499,1962,44042.0,179
500,1962,4894995.0,197
501,1962,3148242.0,40
502,1962,1706841.0,205
503,1962,28242174.0,201
504,1962,2287181.0,202
505,1962,1716868.0,203
506,1962,483324.0,204
507,1962,71388.0,200
508,1962,881519.0,207
509,1962,4281744.0,208
510,1962,5471.0,210
511,1962,8068828.0,213
512,1962,43924755.0,214
513,1962,2592441.0,216
514,1962,186538000.0,217
515,1962,9038222.0,218
516,1962,7902.0,104
517,1962,68391.0,219
518,1962,120163.0,176
519,1962,1038618.0,113
520,1962,17503133.0,172
521,1962,3323427.0,229
522,1962,4049778.0,230
523,1963,57475.0,11
524,1963,9157465.0,1
525,1963,5599827.0,6
526,1963,1762621.0,3
527,1963,11839.0,5
528,1963,157006.0,211
529,1963,21364017.0,9
530,1963,2106142.0,10
531,1963,21949.0,12
532,1963,57778.0,7
533,1963,10950000.0,13
534,1963,7175811.0,14
535,1963,4293550.0,15
536,1963,2948133.0,19
537,1963,9289770.0,20
538,1963,2638082.0,21
539,1963,4998671.0,34
540,1963,55094115.0,17
541,1963,8078145.0,33
542,1963,179891.0,31
543,1963,3448532.0,24
544,1963,8437232.0,26
545,1963,98862.0,25
546,1963,47700.0,22
547,1963,3945729.0,28
548,1963,79915555.0,30
549,1963,235875.0,18
550,1963,98277.0,32
551,1963,240268.0,23
552,1963,549041.0,29
553,1963,1776214.0,35
554,1963,18964000.0,37
555,1963,5694247.0,192
556,1963,8656006.0,41
557,1963,5427511.0,44
558,1963,17210956.0,47
559,1963,206546.0,48
560,1963,228814.0,50
561,1963,1498647.0,51
562,1963,7736352.0,54
563,1963,8985.0,38
564,1963,607072.0,55
565,1963,9670685.0,56
566,1963,74714353.0,82
567,1963,97670.0,58
568,1963,62031.0,59
569,1963,4684483.0,57
570,1963,3635798.0,60
571,1963,11969451.0,4
572,1963,5034334.0,61
573,1963,1067295.0,64
574,1963,31296651.0,66
575,1963,1258857.0,67
576,1963,23448979.0,68
577,1963,4523309.0,71
578,1963,441385.0,70
579,1963,48189939.0,72
580,1963,532592.0,75
581,1963,3816100.0,80
582,1963,7458243.0,83
583,1963,3707945.0,87
584,1963,283018.0,81
585,1963,8479625.0,84
586,1963,96882.0,85
587,1963,4508444.0,86
588,1963,76996.0,88
589,1963,620703.0,89
590,1963,2267708.0,92
591,1963,4225675.0,52
592,1963,4122260.0,90
593,1963,10087947.0,93
594,1963,95962527.0,94
595,1963,477933619.0,95
596,1963,2852650.0,98
597,1963,7735824.0,99
598,1963,185653.0,100
599,1963,2379000.0,101
600,1963,51252000.0,103
601,1963,1703868.0,105
602,1963,978607.0,106
603,1963,95900000.0,107
604,1963,10277790.0,108
605,1963,8697200.0,109
606,1963,5913680.0,36
607,1963,50780.0,111
608,1963,420494.0,115
609,1963,1971511.0,119
610,1963,1224169.0,120
611,1963,1594758.0,118
612,1963,17625.0,123
613,1963,10517531.0,188
614,1963,809138.0,122
615,1963,2898950.0,124
616,1963,324100.0,125
617,1963,2210919.0,117
618,1963,12726686.0,128
619,1963,22442.0,140
620,1963,5484252.0,126
621,1963,98775.0,132
622,1963,39982118.0,133
623,1963,16947.0,135
624,1963,1511854.0,136
625,1963,5570462.0,137
626,1963,322550.0,138
627,1963,23210687.0,144
628,1963,513409.0,139
629,1963,1075888.0,134
630,1963,7209807.0,141
631,1963,911290.0,143
632,1963,718861.0,142
633,1963,3893628.0,130
634,1963,8579350.0,129
635,1963,627358.0,145
636,1963,3822697.0,151
637,1963,47822569.0,150
638,1963,1960155.0,147
639,1963,11965966.0,148
640,1963,3666537.0,152
641,1963,10782717.0,149
642,1963,5198.0,153
643,1963,2531800.0,154
644,1963,568603.0,155
645,1963,49325050.0,156
646,1963,1233267.0,157
647,1963,11112665.0,159
648,1963,31043711.0,160
649,1963,10076.0,162
650,1963,2129222.0,163
651,1963,30712000.0,164
652,1963,2504530.0,167
653,1963,9030355.0,165
654,1963,2039390.0,158
655,1963,50950.0,168
656,1963,18797850.0,171
657,1963,123960000.0,173
658,1963,3191311.0,174
659,1963,9115091.0,191
660,1963,3562469.0,178
661,1963,1795000.0,180
662,1963,143863.0,185
663,1963,2426750.0,182
664,1963,3014885.0,65
665,1963,16583.0,184
666,1963,3102170.0,186
667,1963,6732000.0,187
668,1963,3036238.0,189
669,1963,299332.0,193
670,1963,1616971.0,183
671,1963,7604328.0,195
672,1963,369527.0,196
673,1963,45176.0,179
674,1963,5045245.0,197
675,1963,3210296.0,40
676,1963,1736697.0,205
677,1963,29114124.0,201
678,1963,2368868.0,202
679,1963,1776387.0,203
680,1963,491117.0,204
681,1963,73441.0,200
682,1963,897658.0,207
683,1963,4332926.0,208
684,1963,5503.0,210
685,1963,8311013.0,213
686,1963,44445903.0,214
687,1963,2622936.0,216
688,1963,189242000.0,217
689,1963,9394588.0,218
690,1963,7919.0,104
691,1963,70400.0,219
692,1963,123416.0,176
693,1963,1063175.0,113
694,1963,18042215.0,172
695,1963,3431381.0,229
696,1963,4177931.0,230
697,1964,58178.0,11
698,1964,9355514.0,1
699,1964,5673199.0,6
700,1964,1814135.0,3
701,1964,12690.0,5
702,1964,165305.0,211
703,1964,21708487.0,9
704,1964,2171029.0,10
705,1964,22656.0,12
706,1964,58664.0,7
707,1964,11167000.0,13
708,1964,7223801.0,14
709,1964,4439250.0,15
710,1964,3033221.0,19
711,1964,9378113.0,20
712,1964,2685619.0,21
713,1964,5076111.0,34
714,1964,56774465.0,17
715,1964,8144340.0,33
716,1964,186587.0,31
717,1964,3507959.0,24
718,1964,8524224.0,26
719,1964,101772.0,25
720,1964,48900.0,22
721,1964,4029472.0,28
722,1964,82262794.0,30
723,1964,236834.0,18
724,1964,102904.0,32
725,1964,247444.0,23
726,1964,562274.0,29
727,1964,1811694.0,35
728,1964,19325000.0,37
729,1964,5789228.0,192
730,1964,8825046.0,41
731,1964,5556209.0,44
732,1964,17739754.0,47
733,1964,210665.0,48
734,1964,236362.0,50
735,1964,1550661.0,51
736,1964,7902286.0,54
737,1964,9172.0,38
738,1964,612338.0,55
739,1964,9727804.0,56
740,1964,75318337.0,82
741,1964,102945.0,58
742,1964,62843.0,59
743,1964,4722072.0,57
744,1964,3752313.0,60
745,1964,12179099.0,4
746,1964,5183283.0,61
747,1964,1094042.0,64
748,1964,31609195.0,66
749,1964,1277086.0,67
750,1964,24073696.0,68
751,1964,4548543.0,71
752,1964,455214.0,70
753,1964,48733997.0,72
754,1964,539830.0,75
755,1964,3870300.0,80
756,1964,7640196.0,83
757,1964,3775510.0,87
758,1964,288852.0,81
759,1964,8510429.0,84
760,1964,97613.0,85
761,1964,4640795.0,86
762,1964,78621.0,88
763,1964,635957.0,89
764,1964,2334492.0,92
765,1964,4252876.0,52
766,1964,4196349.0,90
767,1964,10119835.0,93
768,1964,98675061.0,94
769,1964,489059309.0,95
770,1964,2866550.0,98
771,1964,7997655.0,99
772,1964,188983.0,100
773,1964,2475000.0,101
774,1964,51675350.0,103
775,1964,1725181.0,105
776,1964,1029447.0,106
777,1964,96903000.0,107
778,1964,10590934.0,108
779,1964,9047387.0,109
780,1964,6040847.0,36
781,1964,52092.0,111
782,1964,465748.0,115
783,1964,2030440.0,119
784,1964,1255197.0,120
785,1964,1652102.0,118
786,1964,18058.0,123
787,1964,10774086.0,188
788,1964,834215.0,122
789,1964,2935200.0,124
790,1964,327750.0,125
791,1964,2240623.0,117
792,1964,13044254.0,128
793,1964,22766.0,140
794,1964,5630024.0,126
795,1964,101241.0,132
796,1964,41333878.0,133
797,1964,17537.0,135
798,1964,1529507.0,136
799,1964,5647380.0,137
800,1964,321250.0,138
801,1964,23737818.0,144
802,1964,521753.0,139
803,1964,1104017.0,134
804,1964,7363639.0,141
805,1964,937830.0,143
806,1964,736381.0,142
807,1964,3990361.0,130
808,1964,8835925.0,129
809,1964,642054.0,145
810,1964,3937008.0,151
811,1964,48856332.0,150
812,1964,2020941.0,147
813,1964,12127120.0,148
814,1964,3694339.0,152
815,1964,11002819.0,149
816,1964,5484.0,153
817,1964,2585400.0,154
818,1964,580824.0,155
819,1964,50552592.0,156
820,1964,1271461.0,157
821,1964,11442301.0,159
822,1964,31916622.0,160
823,1964,10318.0,162
824,1964,2175409.0,163
825,1964,31139450.0,164
826,1964,2554066.0,167
827,1964,9035365.0,165
828,1964,2090840.0,158
829,1964,57531.0,168
830,1964,18919126.0,171
831,1964,125345000.0,173
832,1964,3263640.0,174
833,1964,9406702.0,191
834,1964,3664599.0,178
835,1964,1841600.0,180
836,1964,147609.0,185
837,1964,2472686.0,182
838,1964,3095170.0,65
839,1964,16926.0,184
840,1964,3183590.0,186
841,1964,6765000.0,187
842,1964,3088701.0,189
843,1964,310288.0,193
844,1964,1632114.0,183
845,1964,7661354.0,195
846,1964,378531.0,196
847,1964,46322.0,179
848,1964,5202846.0,197
849,1964,3273419.0,40
850,1964,1772652.0,205
851,1964,30013573.0,201
852,1964,2452671.0,202
853,1964,1836621.0,203
854,1964,499136.0,204
855,1964,75544.0,200
856,1964,913399.0,207
857,1964,4389417.0,208
858,1964,5525.0,210
859,1964,8564755.0,213
860,1964,44941406.0,214
861,1964,2652376.0,216
862,1964,191889000.0,217
863,1964,9758147.0,218
864,1964,7949.0,104
865,1964,72493.0,219
866,1964,126582.0,176
867,1964,1087700.0,113
868,1964,18603097.0,172
869,1964,3542764.0,229
870,1964,4310332.0,230
871,1965,58782.0,11
872,1965,9565147.0,1
873,1965,5736582.0,6
874,1965,1864791.0,3
875,1965,13563.0,5
876,1965,173797.0,211
877,1965,22053661.0,9
878,1965,2234051.0,10
879,1965,23391.0,12
880,1965,59644.0,7
881,1965,11388000.0,13
882,1965,7270889.0,14
883,1965,4574650.0,15
884,1965,3118134.0,19
885,1965,9463667.0,20
886,1965,2735843.0,21
887,1965,5157929.0,34
888,1965,58500159.0,17
889,1965,8204168.0,33
890,1965,193012.0,31
891,1965,3565517.0,24
892,1965,8610000.0,26
893,1965,104838.0,25
894,1965,50100.0,22
895,1965,4115511.0,28
896,1965,84623747.0,30
897,1965,237694.0,18
898,1965,107686.0,32
899,1965,255010.0,23
900,1965,570975.0,29
901,1965,1849171.0,35
902,1965,19678000.0,37
903,1965,5856472.0,192
904,1965,8994936.0,41
905,1965,5690086.0,44
906,1965,18275814.0,47
907,1965,214939.0,48
908,1965,244156.0,50
909,1965,1602736.0,51
910,1965,8067651.0,54
911,1965,9366.0,38
912,1965,617345.0,55
913,1965,9779358.0,56
914,1965,75963695.0,82
915,1965,108772.0,58
916,1965,63744.0,59
917,1965,4759012.0,57
918,1965,3868712.0,60
919,1965,12381256.0,4
920,1965,5337351.0,61
921,1965,1121739.0,64
922,1965,31954292.0,66
923,1965,1294566.0,67
924,1965,24727506.0,68
925,1965,4563732.0,71
926,1965,469010.0,70
927,1965,49282756.0,72
928,1965,547535.0,75
929,1965,3921600.0,80
930,1965,7827726.0,83
931,1965,3845074.0,87
932,1965,295010.0,81
933,1965,8550333.0,84
934,1965,98226.0,85
935,1965,4774984.0,86
936,1965,80255.0,88
937,1965,650207.0,89
938,1965,2403465.0,92
939,1965,4280923.0,52
940,1965,4274348.0,90
941,1965,10147935.0,93
942,1965,101157868.0,94
943,1965,500114346.0,95
944,1965,2877300.0,98
945,1965,8270544.0,99
946,1965,192286.0,100
947,1965,2563000.0,101
948,1965,52112350.0,103
949,1965,1746977.0,105
950,1965,1093474.0,106
951,1965,97952000.0,107
952,1965,10897644.0,108
953,1965,9417207.0,109
954,1965,6170727.0,36
955,1965,53444.0,111
956,1965,513840.0,115
957,1965,2087445.0,119
958,1965,1287315.0,120
959,1965,1700072.0,118
960,1965,18500.0,123
961,1965,11035224.0,188
962,1965,860220.0,122
963,1965,2971450.0,124
964,1965,331500.0,125
965,1965,2265919.0,117
966,1965,13381880.0,128
967,1965,23022.0,140
968,1965,5780453.0,126
969,1965,104566.0,132
970,1965,42737991.0,133
971,1965,18154.0,135
972,1965,1547982.0,136
973,1965,5726382.0,137
974,1965,318800.0,138
975,1965,24286878.0,144
976,1965,526327.0,139
977,1965,1134072.0,134
978,1965,7524154.0,141
979,1965,965621.0,143
980,1965,753000.0,142
981,1965,4089097.0,130
982,1965,9091016.0,129
983,1965,657887.0,145
984,1965,4053524.0,151
985,1965,49925799.0,150
986,1965,2084097.0,147
987,1965,12294732.0,148
988,1965,3723168.0,152
989,1965,11232951.0,149
990,1965,5804.0,153
991,1965,2628400.0,154
992,1965,593808.0,155
993,1965,51841626.0,156
994,1965,1310556.0,157
995,1965,11781581.0,159
996,1965,32805538.0,160
997,1965,10563.0,162
998,1965,2222178.0,163
999,1965,31444950.0,164
1000,1965,2594000.0,167
1001,1965,8998595.0,165
1002,1965,2143153.0,158
1003,1965,64843.0,168
1004,1965,19031576.0,171
1005,1965,126745000.0,173
1006,1965,3348631.0,174
1007,1965,9712785.0,191
1008,1965,3770874.0,178
1009,1965,1886900.0,180
1010,1965,151495.0,185
1011,1965,2520576.0,182
1012,1965,3179506.0,65
1013,1965,17273.0,184
1014,1965,3267593.0,186
1015,1965,6794000.0,187
1016,1965,3143622.0,189
1017,1965,321069.0,193
1018,1965,1649160.0,183
1019,1965,7733853.0,195
1020,1965,388317.0,196
1021,1965,47500.0,179
1022,1965,5368451.0,197
1023,1965,3336338.0,40
1024,1965,1820396.0,205
1025,1965,30940270.0,201
1026,1965,2538295.0,202
1027,1965,1897095.0,203
1028,1965,507477.0,204
1029,1965,77686.0,200
1030,1965,928462.0,207
1031,1965,4457282.0,208
1032,1965,5548.0,210
1033,1965,8829056.0,213
1034,1965,45387091.0,214
1035,1965,2680427.0,216
1036,1965,194303000.0,217
1037,1965,10130096.0,218
1038,1965,8018.0,104
1039,1965,74677.0,219
1040,1965,129789.0,176
1041,1965,1111812.0,113
1042,1965,19187194.0,172
1043,1965,3658024.0,229
1044,1965,4447149.0,230
1045,1966,59291.0,11
1046,1966,9783147.0,1
1047,1966,5787044.0,6
1048,1966,1914573.0,3
1049,1966,14546.0,5
1050,1966,182509.0,211
1051,1966,22403116.0,9
1052,1966,2295496.0,10
1053,1966,24122.0,12
1054,1966,60615.0,7
1055,1966,11651000.0,13
1056,1966,7322066.0,14
1057,1966,4708150.0,15
1058,1966,3193378.0,19
1059,1966,9527807.0,20
1060,1966,2788642.0,21
1061,1966,5242797.0,34
1062,1966,60265259.0,17
1063,1966,8258057.0,33
1064,1966,199019.0,31
1065,1966,3620849.0,24
1066,1966,8696496.0,26
1067,1966,108062.0,25
1068,1966,51000.0,22
1069,1966,4204065.0,28
1070,1966,86979283.0,30
1071,1966,238494.0,18
1072,1966,112597.0,32
1073,1966,262976.0,23
1074,1966,574855.0,29
1075,1966,1888853.0,35
1076,1966,20048000.0,37
1077,1966,5918002.0,192
1078,1966,9161649.0,41
1079,1966,5829580.0,44
1080,1966,18811407.0,47
1081,1966,219369.0,48
1082,1966,252238.0,50
1083,1966,1654619.0,51
1084,1966,8230450.0,54
1085,1966,9566.0,38
1086,1966,622566.0,55
1087,1966,9821040.0,56
1088,1966,76600311.0,82
1089,1966,114874.0,58
1090,1966,64728.0,59
1091,1966,4797381.0,57
1092,1966,3987090.0,60
1093,1966,12613389.0,4
1094,1966,5495761.0,61
1095,1966,1150264.0,64
1096,1966,32283194.0,66
1097,1966,1308597.0,67
1098,1966,25377645.0,68
1099,1966,4580869.0,71
1100,1966,482358.0,70
1101,1966,49817041.0,72
1102,1966,555748.0,75
1103,1966,3966700.0,80
1104,1966,8019658.0,83
1105,1966,3916780.0,87
1106,1966,301517.0,81
1107,1966,8613651.0,84
1108,1966,98692.0,85
1109,1966,4910790.0,86
1110,1966,81879.0,88
1111,1966,663241.0,89
1112,1966,2474523.0,92
1113,1966,4310701.0,52
1114,1966,4352949.0,90
1115,1966,10178653.0,93
1116,1966,103561105.0,94
1117,1966,510992617.0,95
1118,1966,2888800.0,98
1119,1966,8553883.0,99
1120,1966,195570.0,100
1121,1966,2629000.0,101
1122,1966,52519000.0,103
1123,1966,1768803.0,105
1124,1966,1172770.0,106
1125,1966,98851000.0,107
1126,1966,11197568.0,108
1127,1966,9802605.0,109
1128,1966,6299230.0,36
1129,1966,54428.0,111
1130,1966,565463.0,115
1131,1966,2145646.0,119
1132,1966,1320315.0,120
1133,1966,1739831.0,118
1134,1966,18957.0,123
1135,1966,11299721.0,188
1136,1966,887841.0,122
1137,1966,3008050.0,124
1138,1966,333895.0,125
1139,1966,2283217.0,117
1140,1966,13738502.0,128
1141,1966,23198.0,140
1142,1966,5936461.0,126
1143,1966,108713.0,132
1144,1966,44180437.0,133
1145,1966,18794.0,135
1146,1966,1567707.0,136
1147,1966,5806572.0,137
1148,1966,315200.0,138
1149,1966,24854704.0,144
1150,1966,526419.0,139
1151,1966,1165746.0,134
1152,1966,7689643.0,141
1153,1966,994697.0,143
1154,1966,768813.0,142
1155,1966,4190764.0,130
1156,1966,9340240.0,129
1157,1966,674818.0,145
1158,1966,4172501.0,151
1159,1966,51020296.0,150
1160,1966,2150003.0,147
1161,1966,12456251.0,148
1162,1966,3753012.0,152
1163,1966,11470199.0,149
1164,1966,6021.0,153
1165,1966,2675900.0,154
1166,1966,607538.0,155
1167,1966,53199414.0,156
1168,1966,1350462.0,157
1169,1966,12127990.0,159
1170,1966,33704749.0,160
1171,1966,10813.0,162
1172,1966,2271490.0,163
1173,1966,31681000.0,164
1174,1966,2624995.0,167
1175,1966,8930990.0,165
1176,1966,2195955.0,158
1177,1966,73102.0,168
1178,1966,19215450.0,171
1179,1966,127468000.0,173
1180,1966,3444021.0,174
1181,1966,10014505.0,191
1182,1966,3881994.0,178
1183,1966,1934400.0,180
1184,1966,155514.0,185
1185,1966,2569736.0,182
1186,1966,3266436.0,65
1187,1966,17588.0,184
1188,1966,3353665.0,186
1189,1966,6841000.0,187
1190,1966,3185305.0,189
1191,1966,332142.0,193
1192,1966,1669905.0,183
1193,1966,7807797.0,195
1194,1966,398861.0,196
1195,1966,48699.0,179
1196,1966,5542003.0,197
1197,1966,3398664.0,40
1198,1966,1882458.0,205
1199,1966,31883754.0,201
1200,1966,2625653.0,202
1201,1966,1957557.0,203
1202,1966,516197.0,204
1203,1966,79794.0,200
1204,1966,942599.0,207
1205,1966,4548972.0,208
1206,1966,5591.0,210
1207,1966,9104743.0,213
1208,1966,45809120.0,214
1209,1966,2707030.0,216
1210,1966,196560000.0,217
1211,1966,10504969.0,218
1212,1966,8139.0,104
1213,1966,76945.0,219
1214,1966,132976.0,176
1215,1966,1135522.0,113
1216,1966,19789771.0,172
1217,1966,3777680.0,229
1218,1966,4588529.0,230
1219,1967,59522.0,11
1220,1967,10010030.0,1
1221,1967,5827503.0,6
1222,1967,1965598.0,3
1223,1967,15745.0,5
1224,1967,191404.0,211
1225,1967,22757014.0,9
1226,1967,2355997.0,10
1227,1967,24848.0,12
1228,1967,61617.0,7
1229,1967,11799000.0,13
1230,1967,7376998.0,14
1231,1967,4832000.0,15
1232,1967,3274493.0,19
1233,1967,9580991.0,20
1234,1967,2843739.0,21
1235,1967,5330613.0,34
1236,1967,62104488.0,17
1237,1967,8310226.0,33
1238,1967,204916.0,31
1239,1967,3673367.0,24
1240,1967,8785648.0,26
1241,1967,111411.0,25
1242,1967,52000.0,22
1243,1967,4295269.0,28
1244,1967,89323288.0,30
1245,1967,239238.0,18
1246,1967,117628.0,32
1247,1967,271339.0,23
1248,1967,578723.0,29
1249,1967,1930861.0,35
1250,1967,20412000.0,37
1251,1967,5991785.0,192
1252,1967,9326268.0,41
1253,1967,5975087.0,44
1254,1967,19343961.0,47
1255,1967,224321.0,48
1256,1967,260648.0,50
1257,1967,1706062.0,51
1258,1967,8390962.0,54
1259,1967,9771.0,38
1260,1967,627695.0,55
1261,1967,9852899.0,56
1262,1967,76951336.0,82
1263,1967,121168.0,58
1264,1967,65760.0,59
1265,1967,4835354.0,57
1266,1967,4108916.0,60
1267,1967,12897115.0,4
1268,1967,5658446.0,61
1269,1967,1179554.0,64
1270,1967,32682947.0,66
1271,1967,1318946.0,67
1272,1967,26051596.0,68
1273,1967,4605744.0,71
1274,1967,494632.0,70
1275,1967,50334012.0,72
1276,1967,564436.0,75
1277,1967,4005800.0,80
1278,1967,8216086.0,83
1279,1967,3990760.0,87
1280,1967,308374.0,81
1281,1967,8684088.0,84
1282,1967,98977.0,85
1283,1967,5047435.0,86
1284,1967,83480.0,88
1285,1967,675064.0,89
1286,1967,2547497.0,92
1287,1967,4338683.0,52
1288,1967,4432716.0,90
1289,1967,10216604.0,93
1290,1967,106260749.0,94
1291,1967,521987069.0,95
1292,1967,2902450.0,98
1293,1967,8848502.0,99
1294,1967,198751.0,100
1295,1967,2745000.0,101
1296,1967,52900500.0,103
1297,1967,1790580.0,105
1298,1967,1265680.0,106
1299,1967,99879000.0,107
1300,1967,11491228.0,108
1301,1967,10201068.0,109
1302,1967,6426445.0,36
1303,1967,54990.0,111
1304,1967,621242.0,115
1305,1967,2203202.0,119
1306,1967,1354287.0,120
1307,1967,1778578.0,118
1308,1967,19467.0,123
1309,1967,11571008.0,188
1310,1967,918923.0,122
1311,1967,3044400.0,124
1312,1967,334995.0,125
1313,1967,2301220.0,117
1314,1967,14109755.0,128
1315,1967,23281.0,140
1316,1967,6099529.0,126
1317,1967,112547.0,132
1318,1967,45656963.0,133
1319,1967,19665.0,135
1320,1967,1588649.0,136
1321,1967,5888497.0,137
1322,1967,311550.0,138
1323,1967,25440029.0,144
1324,1967,522796.0,139
1325,1967,1198197.0,134
1326,1967,7859471.0,141
1327,1967,1024992.0,143
1328,1967,783917.0,142
1329,1967,4295762.0,130
1330,1967,9582086.0,129
1331,1967,693063.0,145
1332,1967,4294283.0,151
1333,1967,52106681.0,150
1334,1967,2219001.0,147
1335,1967,12598201.0,148
1336,1967,3784539.0,152
1337,1967,11715579.0,149
1338,1967,6114.0,153
1339,1967,2724100.0,154
1340,1967,622042.0,155
1341,1967,54629793.0,156
1342,1967,1391072.0,157
1343,1967,12481626.0,159
1344,1967,34616857.0,160
1345,1967,10992.0,162
1346,1967,2322647.0,163
1347,1967,31987155.0,164
1348,1967,2645674.0,167
1349,1967,8874520.0,165
1350,1967,2248882.0,158
1351,1967,82517.0,168
1352,1967,19534242.0,171
1353,1967,128196000.0,173
1354,1967,3549461.0,174
1355,1967,10320500.0,191
1356,1967,3997869.0,178
1357,1967,1977600.0,180
1358,1967,159667.0,185
1359,1967,2620396.0,182
1360,1967,3354611.0,65
1361,1967,17907.0,184
1362,1967,3441799.0,186
1363,1967,6880000.0,187
1364,1967,3221957.0,189
1365,1967,343620.0,193
1366,1967,1689528.0,183
1367,1967,7867931.0,195
1368,1967,409638.0,196
1369,1967,49911.0,179
1370,1967,5723306.0,197
1371,1967,3461664.0,40
1372,1967,1957164.0,205
1373,1967,32839341.0,201
1374,1967,2714959.0,202
1375,1967,2018024.0,203
1376,1967,525274.0,204
1377,1967,81725.0,200
1378,1967,955681.0,207
1379,1967,4661271.0,208
1380,1967,5657.0,210
1381,1967,9393432.0,213
1382,1967,46235370.0,214
1383,1967,2731847.0,216
1384,1967,198712000.0,217
1385,1967,10881533.0,218
1386,1967,8337.0,104
1387,1967,79311.0,219
1388,1967,135752.0,176
1389,1967,1159611.0,113
1390,1967,20410677.0,172
1391,1967,3901288.0,229
1392,1967,4734694.0,230
1393,1968,59471.0,11
1394,1968,10247780.0,1
1395,1968,5868203.0,6
1396,1968,2022272.0,3
1397,1968,17079.0,5
1398,1968,213582.0,211
1399,1968,23112971.0,9
1400,1968,2416461.0,10
1401,1968,25608.0,12
1402,1968,62658.0,7
1403,1968,12009000.0,13
1404,1968,7415403.0,14
1405,1968,4948500.0,15
1406,1968,3352397.0,19
1407,1968,9618756.0,20
1408,1968,2901218.0,21
1409,1968,5422119.0,34
1410,1968,63995652.0,17
1411,1968,8369603.0,33
1412,1968,210801.0,31
1413,1968,3723067.0,24
1414,1968,8874552.0,26
1415,1968,114825.0,25
1416,1968,53000.0,22
1417,1968,4389249.0,28
1418,1968,91659246.0,30
1419,1968,239905.0,18
1420,1968,122764.0,32
1421,1968,280102.0,23
1422,1968,582655.0,29
1423,1968,1975257.0,35
1424,1968,20744000.0,37
1425,1968,6067714.0,192
1426,1968,9491502.0,41
1427,1968,6127193.0,44
1428,1968,19872503.0,47
1429,1968,229971.0,48
1430,1968,269408.0,50
1431,1968,1756333.0,51
1432,1968,8550286.0,54
1433,1968,9981.0,38
1434,1968,632452.0,55
1435,1968,9876346.0,56
1436,1968,77294314.0,82
1437,1968,127668.0,58
1438,1968,66865.0,59
1439,1968,4864883.0,57
1440,1968,4230877.0,60
1441,1968,13190975.0,4
1442,1968,5825663.0,61
1443,1968,1209602.0,64
1444,1968,33113134.0,66
1445,1968,1331214.0,67
1446,1968,26778653.0,68
1447,1968,4626469.0,71
1448,1968,505979.0,70
1449,1968,50817020.0,72
1450,1968,573611.0,75
1451,1968,4042300.0,80
1452,1968,8418152.0,83
1453,1968,4067333.0,87
1454,1968,315325.0,81
1455,1968,8740765.0,84
1456,1968,99056.0,85
1457,1968,5184095.0,86
1458,1968,85046.0,88
1459,1968,685887.0,89
1460,1968,2622982.0,92
1461,1968,4365628.0,52
1462,1968,4514006.0,90
1463,1968,10255815.0,93
1464,1968,109138723.0,94
1465,1968,533431909.0,95
1466,1968,2915550.0,98
1467,1968,9156132.0,99
1468,1968,201488.0,100
1469,1968,2803000.0,101
1470,1968,53235750.0,103
1471,1968,1812209.0,105
1472,1968,1366644.0,106
1473,1968,101011000.0,107
1474,1968,11777849.0,108
1475,1968,10613877.0,109
1476,1968,6553109.0,36
1477,1968,55511.0,111
1478,1968,681117.0,115
1479,1968,2262291.0,119
1480,1968,1389453.0,120
1481,1968,1819393.0,118
1482,1968,20011.0,123
1483,1968,11846815.0,188
1484,1968,952992.0,122
1485,1968,3078850.0,124
1486,1968,335850.0,125
1487,1968,2323619.0,117
1488,1968,14490077.0,128
1489,1968,23481.0,140
1490,1968,6270528.0,126
1491,1968,116049.0,132
1492,1968,47170337.0,133
1493,1968,21001.0,135
1494,1968,1610537.0,136
1495,1968,5973762.0,137
1496,1968,307900.0,138
1497,1968,26044111.0,144
1498,1968,517481.0,139
1499,1968,1230406.0,134
1500,1968,8035529.0,141
1501,1968,1056393.0,143
1502,1968,798413.0,142
1503,1968,4403430.0,130
1504,1968,9821308.0,129
1505,1968,712427.0,145
1506,1968,4417954.0,151
1507,1968,53210119.0,150
1508,1968,2291300.0,147
1509,1968,12729721.0,148
1510,1968,3816486.0,152
1511,1968,11970411.0,149
1512,1968,6288.0,153
1513,1968,2748100.0,154
1514,1968,637379.0,155
1515,1968,56124743.0,156
1516,1968,1432255.0,157
1517,1968,12843249.0,159
1518,1968,35544973.0,160
1519,1968,11079.0,162
1520,1968,2375356.0,163
1521,1968,32294655.0,164
1522,1968,2662064.0,167
1523,1968,8836650.0,165
1524,1968,2301887.0,158
1525,1968,93022.0,168
1526,1968,19799831.0,171
1527,1968,128928000.0,173
1528,1968,3662010.0,174
1529,1968,10638899.0,191
1530,1968,4117659.0,178
1531,1968,2012000.0,180
1532,1968,163973.0,185
1533,1968,2672370.0,182
1534,1968,3443251.0,65
1535,1968,18291.0,184
1536,1968,3532420.0,186
1537,1968,6915000.0,187
1538,1968,3261725.0,189
1539,1968,355468.0,193
1540,1968,1704546.0,183
1541,1968,7912273.0,195
1542,1968,420373.0,196
1543,1968,51134.0,179
1544,1968,5912715.0,197
1545,1968,3526770.0,40
1546,1968,2038765.0,205
1547,1968,33807357.0,201
1548,1968,2806566.0,202
1549,1968,2078581.0,203
1550,1968,534649.0,204
1551,1968,83430.0,200
1552,1968,967699.0,207
1553,1968,4785003.0,208
1554,1968,5729.0,210
1555,1968,9696370.0,213
1556,1968,46635196.0,214
1557,1968,2754417.0,216
1558,1968,200706000.0,217
1559,1968,11261600.0,218
1560,1968,8649.0,104
1561,1968,81782.0,219
1562,1968,138154.0,176
1563,1968,1184645.0,113
1564,1968,21050540.0,172
1565,1968,4029173.0,229
1566,1968,4886347.0,230
1567,1969,59330.0,11
1568,1969,10494489.0,1
1569,1969,5928386.0,6
1570,1969,2081695.0,3
1571,1969,18449.0,5
1572,1969,253261.0,211
1573,1969,23472028.0,9
1574,1969,2476359.0,10
1575,1969,26396.0,12
1576,1969,63742.0,7
1577,1969,12263000.0,13
1578,1969,7441055.0,14
1579,1969,5063300.0,15
1580,1969,3424429.0,19
1581,1969,9646032.0,20
1582,1969,2961166.0,21
1583,1969,5515747.0,34
1584,1969,65866908.0,17
1585,1969,8434172.0,33
1586,1969,216696.0,31
1587,1969,3770376.0,24
1588,1969,8960304.0,26
1589,1969,118145.0,25
1590,1969,54000.0,22
1591,1969,4486098.0,28
1592,1969,94000381.0,30
1593,1969,240594.0,18
1594,1969,128012.0,32
1595,1969,289296.0,23
1596,1969,586737.0,29
1597,1969,2021519.0,35
1598,1969,21028000.0,37
1599,1969,6136387.0,192
1600,1969,9656299.0,41
1601,1969,6286232.0,44
1602,1969,20392264.0,47
1603,1969,236002.0,48
1604,1969,278524.0,50
1605,1969,1805968.0,51
1606,1969,8709654.0,54
1607,1969,10181.0,38
1608,1969,636821.0,55
1609,1969,9896580.0,56
1610,1969,77909682.0,82
1611,1969,135390.0,58
1612,1969,68007.0,59
1613,1969,4891860.0,57
1614,1969,4352954.0,60
1615,1969,13491016.0,4
1616,1969,5997037.0,61
1617,1969,1240562.0,64
1618,1969,33441054.0,66
1619,1969,1345249.0,67
1620,1969,27530388.0,68
1621,1969,4623785.0,71
1622,1969,516952.0,70
1623,1969,51272683.0,72
1624,1969,584628.0,75
1625,1969,4080300.0,80
1626,1969,8629855.0,83
1627,1969,4145194.0,87
1628,1969,318846.0,81
1629,1969,8772764.0,84
1630,1969,98975.0,85
1631,1969,5320100.0,86
1632,1969,86534.0,88
1633,1969,695919.0,89
1634,1969,2701381.0,92
1635,1969,4391490.0,52
1636,1969,4596642.0,90
1637,1969,10298723.0,93
1638,1969,112149246.0,94
1639,1969,545314670.0,95
1640,1969,2932650.0,98
1641,1969,9476737.0,99
1642,1969,203369.0,100
1643,1969,2877000.0,101
1644,1969,53537950.0,103
1645,1969,1834615.0,105
1646,1969,1466428.0,106
1647,1969,102219000.0,107
1648,1969,12042478.0,108
1649,1969,11039551.0,109
1650,1969,6679708.0,36
1651,1969,56324.0,111
1652,1969,743044.0,115
1653,1969,2323823.0,119
1654,1969,1425879.0,120
1655,1969,1862823.0,118
1656,1969,20558.0,123
1657,1969,12119207.0,188
1658,1969,987909.0,122
1659,1969,3107321.0,124
1660,1969,337500.0,125
1661,1969,2343173.0,117
1662,1969,14876982.0,128
1663,1969,23875.0,140
1664,1969,6450324.0,126
1665,1969,119569.0,132
1666,1969,48714394.0,133
1667,1969,22623.0,135
1668,1969,1633502.0,136
1669,1969,6061764.0,137
1670,1969,304300.0,138
1671,1969,26659479.0,144
1672,1969,513340.0,139
1673,1969,1261887.0,134
1674,1969,8217930.0,141
1675,1969,1088832.0,143
1676,1969,812405.0,142
1677,1969,4512861.0,130
1678,1969,10061684.0,129
1679,1969,732881.0,145
1680,1969,4542993.0,151
1681,1969,54360750.0,150
1682,1969,2366635.0,147
1683,1969,12877984.0,148
1684,1969,3847707.0,152
1685,1969,12231874.0,149
1686,1969,6508.0,153
1687,1969,2772800.0,154
1688,1969,653593.0,155
1689,1969,57676805.0,156
1690,1969,1473965.0,157
1691,1969,13213739.0,159
1692,1969,36477170.0,160
1693,1969,11159.0,162
1694,1969,2430922.0,163
1695,1969,32548300.0,164
1696,1969,2684150.0,167
1697,1969,8757705.0,165
1698,1969,2355122.0,158
1699,1969,104517.0,168
1700,1969,20009141.0,171
1701,1969,129664000.0,173
1702,1969,3777879.0,174
1703,1969,10966145.0,191
1704,1969,4240859.0,178
1705,1969,2042500.0,180
1706,1969,168399.0,185
1707,1969,2724901.0,182
1708,1969,3530958.0,65
1709,1969,18403.0,184
1710,1969,3625274.0,186
1711,1969,6945000.0,187
1712,1969,3301892.0,189
1713,1969,367618.0,193
1714,1969,1713874.0,183
1715,1969,7968072.0,195
1716,1969,431366.0,196
1717,1969,52365.0,179
1718,1969,6111364.0,197
1719,1969,3595152.0,40
1720,1969,2120486.0,205
1721,1969,34787583.0,201
1722,1969,2899854.0,202
1723,1969,2139557.0,203
1724,1969,544242.0,204
1725,1969,84997.0,200
1726,1969,978642.0,207
1727,1969,4915162.0,208
1728,1969,5779.0,210
1729,1969,10006526.0,213
1730,1969,46990889.0,214
1731,1969,2773957.0,216
1732,1969,202677000.0,217
1733,1969,11641640.0,218
1734,1969,9117.0,104
1735,1969,84350.0,219
1736,1969,140457.0,176
1737,1969,1211011.0,113
1738,1969,21704214.0,172
1739,1969,4159007.0,229
1740,1969,5044163.0,230
1741,1970,59106.0,11
1742,1970,10752971.0,1
1743,1970,6029700.0,6
1744,1970,2135479.0,3
1745,1970,19860.0,5
1746,1970,298084.0,211
1747,1970,23842803.0,9
1748,1970,2534377.0,10
1749,1970,27075.0,12
1750,1970,64517.0,7
1751,1970,12507000.0,13
1752,1970,7467086.0,14
1753,1970,5172050.0,15
1754,1970,3497834.0,19
1755,1970,9655549.0,20
1756,1970,3023443.0,21
1757,1970,5611666.0,34
1758,1970,67541860.0,17
1759,1970,8489574.0,33
1760,1970,222555.0,31
1761,1970,3815561.0,24
1762,1970,9040000.0,26
1763,1970,120905.0,25
1764,1970,55000.0,22
1765,1970,4585693.0,28
1766,1970,96369875.0,30
1767,1970,241397.0,18
1768,1970,133343.0,32
1769,1970,298894.0,23
1770,1970,592244.0,29
1771,1970,2067356.0,35
1772,1970,21324000.0,37
1773,1970,6180877.0,192
1774,1970,9820481.0,41
1775,1970,6452787.0,44
1776,1970,20905254.0,47
1777,1970,242351.0,48
1778,1970,287262.0,50
1779,1970,1855697.0,51
1780,1970,8869636.0,54
1781,1970,10533.0,38
1782,1970,640804.0,55
1783,1970,9858071.0,56
1784,1970,78169289.0,82
1785,1970,144379.0,58
1786,1970,68895.0,59
1787,1970,4928757.0,57
1788,1970,4475871.0,60
1789,1970,13795915.0,4
1790,1970,6172215.0,61
1791,1970,1272748.0,64
1792,1970,33814531.0,66
1793,1970,1360076.0,67
1794,1970,28308246.0,68
1795,1970,4606307.0,71
1796,1970,527634.0,70
1797,1970,51724116.0,72
1798,1970,597192.0,75
1799,1970,4119900.0,80
1800,1970,8861895.0,83
1801,1970,4222374.0,87
1802,1970,316955.0,81
1803,1970,8792806.0,84
1804,1970,98794.0,85
1805,1970,5455197.0,86
1806,1970,88300.0,88
1807,1970,705261.0,89
1808,1970,2782753.0,92
1809,1970,4412252.0,52
1810,1970,4680812.0,90
1811,1970,10337910.0,93
1812,1970,115228394.0,94
1813,1970,557501301.0,95
1814,1970,2957250.0,98
1815,1970,9811347.0,99
1816,1970,204438.0,100
1817,1970,2974000.0,101
1818,1970,53821850.0,103
1819,1970,1859091.0,105
1820,1970,1557374.0,106
1821,1970,103403000.0,107
1822,1970,12265305.0,108
1823,1970,11473087.0,109
1824,1970,6708525.0,36
1825,1970,57437.0,111
1826,1970,802786.0,115
1827,1970,2381791.0,119
1828,1970,1463563.0,120
1829,1970,1909177.0,118
1830,1970,21089.0,123
1831,1970,12388769.0,188
1832,1970,1023481.0,122
1833,1970,3139689.0,124
1834,1970,339171.0,125
1835,1970,2359164.0,117
1836,1970,15274351.0,128
1837,1970,24270.0,140
1838,1970,6639751.0,126
1839,1970,123243.0,132
1840,1970,50289306.0,133
1841,1970,23969.0,135
1842,1970,1656783.0,136
1843,1970,6153587.0,137
1844,1970,302650.0,138
1845,1970,27284112.0,144
1846,1970,512407.0,139
1847,1970,1293880.0,134
1848,1970,8411676.0,141
1849,1970,1122198.0,143
1850,1970,826000.0,142
1851,1970,4625141.0,130
1852,1970,10306508.0,129
1853,1970,754467.0,145
1854,1970,4669708.0,151
1855,1970,55569264.0,150
1856,1970,2444767.0,147
1857,1970,13038526.0,148
1858,1970,3875763.0,152
1859,1970,12501285.0,149
1860,1970,6663.0,153
1861,1970,2810700.0,154
1862,1970,670693.0,155
1863,1970,59290872.0,156
1864,1970,1516188.0,157
1865,1970,13562371.0,159
1866,1970,37435586.0,160
1867,1970,11366.0,162
1868,1970,2489059.0,163
1869,1970,32664300.0,164
1870,1970,2718000.0,167
1871,1970,8680431.0,165
1872,1970,2408787.0,158
1873,1970,118007.0,168
1874,1970,20250398.0,171
1875,1970,130404000.0,173
1876,1970,3896367.0,174
1877,1970,11305206.0,191
1878,1970,4367744.0,178
1879,1970,2074507.0,180
1880,1970,172833.0,185
1881,1970,2778557.0,182
1882,1970,3619090.0,65
1883,1970,18169.0,184
1884,1970,3720977.0,186
1885,1970,6972000.0,187
1886,1970,3342410.0,189
1887,1970,379918.0,193
1888,1970,1724891.0,183
1889,1970,8042801.0,195
1890,1970,442865.0,196
1891,1970,53600.0,179
1892,1970,6319199.0,197
1893,1970,3667394.0,40
1894,1970,2197383.0,205
1895,1970,35791728.0,201
1896,1970,2993019.0,202
1897,1970,2201432.0,203
1898,1970,554021.0,204
1899,1970,86484.0,200
1900,1970,988890.0,207
1901,1970,5047404.0,208
1902,1970,5814.0,210
1903,1970,10317212.0,213
1904,1970,47279086.0,214
1905,1970,2790265.0,216
1906,1970,205052000.0,217
1907,1970,12011361.0,218
1908,1970,9581.0,104
1909,1970,87019.0,219
1910,1970,142771.0,176
1911,1970,1238238.0,113
1912,1970,22368306.0,172
1913,1970,4281671.0,229
1914,1970,5202918.0,230
1915,1971,58816.0,11
1916,1971,11015857.0,1
1917,1971,6177049.0,6
1918,1971,2187853.0,3
1919,1971,21322.0,5
1920,1971,344513.0,211
1921,1971,24223379.0,9
1922,1971,2590923.0,10
1923,1971,27593.0,12
1924,1971,64769.0,7
1925,1971,12937000.0,13
1926,1971,7500482.0,14
1927,1971,5282950.0,15
1928,1971,3582070.0,19
1929,1971,9673162.0,20
1930,1971,3088381.0,21
1931,1971,5707793.0,34
1932,1971,68376204.0,17
1933,1971,8536395.0,33
1934,1971,230992.0,31
1935,1971,3859242.0,24
1936,1971,9115576.0,26
1937,1971,123091.0,25
1938,1971,54600.0,22
1939,1971,4688267.0,28
1940,1971,98766288.0,30
1941,1971,242350.0,18
1942,1971,138666.0,32
1943,1971,308837.0,23
1944,1971,604139.0,29
1945,1971,2111224.0,35
1946,1971,21962032.0,37
1947,1971,6213399.0,192
1948,1971,9984378.0,41
1949,1971,6627350.0,44
1950,1971,21405413.0,47
1951,1971,249066.0,48
1952,1971,293505.0,50
1953,1971,1905486.0,51
1954,1971,9025709.0,54
1955,1971,11117.0,38
1956,1971,644413.0,55
1957,1971,9826815.0,56
1958,1971,78312842.0,82
1959,1971,154225.0,58
1960,1971,69430.0,59
1961,1971,4963126.0,57
1962,1971,4599841.0,60
1963,1971,14110271.0,4
1964,1971,6350944.0,61
1965,1971,1306234.0,64
1966,1971,34224490.0,66
1967,1971,1376955.0,67
1968,1971,29099594.0,68
1969,1971,4612124.0,71
1970,1971,538000.0,70
1971,1971,52185222.0,72
1972,1971,609693.0,75
1973,1971,4163000.0,80
1974,1971,9108878.0,83
1975,1971,4298087.0,87
1976,1971,311952.0,81
1977,1971,8831036.0,84
1978,1971,98535.0,85
1979,1971,5589563.0,86
1980,1971,90505.0,88
1981,1971,713904.0,89
1982,1971,2867501.0,92
1983,1971,4431275.0,52
1984,1971,4766423.0,90
1985,1971,10367537.0,93
1986,1971,118347135.0,94
1987,1971,569999178.0,95
1988,1971,2992050.0,98
1989,1971,10154928.0,99
1990,1971,206098.0,100
1991,1971,3069000.0,101
1992,1971,54073490.0,103
1993,1971,1886143.0,105
1994,1971,1636320.0,106
1995,1971,105697000.0,107
1996,1971,12444338.0,108
1997,1971,11898457.0,109
1998,1971,6696324.0,36
1999,1971,58535.0,111
2000,1971,858734.0,115
2001,1971,2442137.0,119
2002,1971,1501658.0,120
2003,1971,1958320.0,118
2004,1971,21517.0,123
2005,1971,12654651.0,188
2006,1971,1059879.0,122
2007,1971,3179041.0,124
2008,1971,342421.0,125
2009,1971,2376389.0,117
2010,1971,15677300.0,128
2011,1971,24610.0,140
2012,1971,6840457.0,126
2013,1971,127066.0,132
2014,1971,51897675.0,133
2015,1971,24680.0,135
2016,1971,1679012.0,136
2017,1971,6247878.0,137
2018,1971,302700.0,138
2019,1971,27914953.0,144
2020,1971,515449.0,139
2021,1971,1327781.0,134
2022,1971,8622890.0,141
2023,1971,1156361.0,143
2024,1971,839230.0,142
2025,1971,4742480.0,130
2026,1971,10552557.0,129
2027,1971,776995.0,145
2028,1971,4797068.0,151
2029,1971,56837614.0,150
2030,1971,2525481.0,147
2031,1971,13194497.0,148
2032,1971,3903039.0,152
2033,1971,12774870.0,149
2034,1971,6778.0,153
2035,1971,2853000.0,154
2036,1971,688803.0,155
2037,1971,60878781.0,156
2038,1971,1559072.0,157
2039,1971,13911968.0,159
2040,1971,38421746.0,160
2041,1971,11740.0,162
2042,1971,2549315.0,163
2043,1971,32783500.0,164
2044,1971,2762190.0,167
2045,1971,8643756.0,165
2046,1971,2463777.0,158
2047,1971,133096.0,168
2048,1971,20461567.0,171
2049,1971,131155000.0,173
2050,1971,4015403.0,174
2051,1971,11668921.0,191
2052,1971,4498616.0,178
2053,1971,2112900.0,180
2054,1971,177264.0,185
2055,1971,2832392.0,182
2056,1971,3708010.0,65
2057,1971,18212.0,184
2058,1971,3818389.0,186
2059,1971,7013000.0,187
2060,1971,3396808.0,189
2061,1971,392026.0,193
2062,1971,1738335.0,183
2063,1971,8098334.0,195
2064,1971,454913.0,196
2065,1971,54695.0,179
2066,1971,6538526.0,197
2067,1971,3742534.0,40
2068,1971,2267211.0,205
2069,1971,36807997.0,201
2070,1971,3085961.0,202
2071,1971,2264434.0,203
2072,1971,563953.0,204
2073,1971,87904.0,200
2074,1971,1000130.0,207
2075,1971,5182040.0,208
2076,1971,5854.0,210
2077,1971,10616338.0,213
2078,1971,47597756.0,214
2079,1971,2805492.0,216
2080,1971,207661000.0,217
2081,1971,12370120.0,218
2082,1971,9813.0,104
2083,1971,89796.0,219
2084,1971,145064.0,176
2085,1971,1267634.0,113
2086,1971,23031441.0,172
2087,1971,4399919.0,229
2088,1971,5363423.0,230
2089,1972,58855.0,11
2090,1972,11286753.0,1
2091,1972,6364731.0,6
2092,1972,2243126.0,3
2093,1972,22832.0,5
2094,1972,392368.0,211
2095,1972,24612794.0,9
2096,1972,2648048.0,10
2097,1972,28063.0,12
2098,1972,64695.0,7
2099,1972,13177000.0,13
2100,1972,7544201.0,14
2101,1972,5391450.0,15
2102,1972,3579195.0,19
2103,1972,9711115.0,20
2104,1972,3156408.0,21
2105,1972,5805283.0,34
2106,1972,69346705.0,17
2107,1972,8576200.0,33
2108,1972,243143.0,31
2109,1972,3901895.0,24
2110,1972,9188968.0,26
2111,1972,125054.0,25
2112,1972,54200.0,22
2113,1972,4793804.0,28
2114,1972,101194394.0,30
2115,1972,243458.0,18
2116,1972,143886.0,32
2117,1972,319128.0,23
2118,1972,626601.0,29
2119,1972,2153613.0,35
2120,1972,22218463.0,37
2121,1972,6260956.0,192
2122,1972,10145765.0,41
2123,1972,6809468.0,44
2124,1972,21898055.0,47
2125,1972,256187.0,48
2126,1972,296818.0,50
2127,1972,1955547.0,51
2128,1972,9169289.0,54
2129,1972,11778.0,38
2130,1972,647620.0,55
2131,1972,9867632.0,56
2132,1972,78688452.0,82
2133,1972,165234.0,58
2134,1972,69870.0,59
2135,1972,4991596.0,57
2136,1972,4724801.0,60
2137,1972,14439748.0,4
2138,1972,6533630.0,61
2139,1972,1340838.0,64
2140,1972,34604469.0,66
2141,1972,1392518.0,67
2142,1972,29891328.0,68
2143,1972,4639657.0,71
2144,1972,547918.0,70
2145,1972,52637888.0,72
2146,1972,622289.0,75
2147,1972,4205300.0,80
2148,1972,9365952.0,83
2149,1972,4372212.0,87
2150,1972,305362.0,81
2151,1972,8888628.0,84
2152,1972,98225.0,85
2153,1972,5723759.0,86
2154,1972,92815.0,88
2155,1972,721994.0,89
2156,1972,2956021.0,92
2157,1972,4450564.0,52
2158,1972,4853117.0,90
2159,1972,10398489.0,93
2160,1972,121504145.0,94
2161,1972,582837973.0,95
2162,1972,3036850.0,98
2163,1972,10507315.0,99
2164,1972,209137.0,100
2165,1972,3148000.0,101
2166,1972,54381345.0,103
2167,1972,1915299.0,105
2168,1972,1704787.0,106
2169,1972,107188000.0,107
2170,1972,12611997.0,108
2171,1972,12322903.0,109
2172,1972,6766289.0,36
2173,1972,59606.0,111
2174,1972,913785.0,115
2175,1972,2505965.0,119
2176,1972,1540995.0,120
2177,1972,2012796.0,118
2178,1972,21873.0,123
2179,1972,12914457.0,188
2180,1972,1097242.0,122
2181,1972,3213622.0,124
2182,1972,346600.0,125
2183,1972,2395674.0,117
2184,1972,16081438.0,128
2185,1972,24889.0,140
2186,1972,7051090.0,126
2187,1972,130990.0,132
2188,1972,53543436.0,133
2189,1972,25084.0,135
2190,1972,1701498.0,136
2191,1972,6347158.0,137
2192,1972,302450.0,138
2193,1972,28551949.0,144
2194,1972,521785.0,139
2195,1972,1363835.0,134
2196,1972,8860585.0,141
2197,1972,1191376.0,143
2198,1972,852053.0,142
2199,1972,4865978.0,130
2200,1972,10801619.0,129
2201,1972,800610.0,145
2202,1972,4926318.0,151
2203,1972,58173834.0,150
2204,1972,2603182.0,147
2205,1972,13328593.0,148
2206,1972,3933004.0,152
2207,1972,13052220.0,149
2208,1972,6883.0,153
2209,1972,2903900.0,154
2210,1972,708045.0,155
2211,1972,62509565.0,156
2212,1972,1602646.0,157
2213,1972,14292437.0,159
2214,1972,39412479.0,160
2215,1972,12172.0,162
2216,1972,2610700.0,163
2217,1972,33055650.0,164
2218,1972,2817256.0,167
2219,1972,8630430.0,165
2220,1972,2521508.0,158
2221,1972,148338.0,168
2222,1972,20657957.0,171
2223,1972,131909000.0,173
2224,1972,4135579.0,174
2225,1972,12057260.0,191
2226,1972,4633452.0,178
2227,1972,2152400.0,180
2228,1972,181876.0,185
2229,1972,2886642.0,182
2230,1972,3798109.0,65
2231,1972,18575.0,184
2232,1972,3918220.0,186
2233,1972,7053000.0,187
2234,1972,3464715.0,189
2235,1972,397529.0,193
2236,1972,1752233.0,183
2237,1972,8122300.0,195
2238,1972,467512.0,196
2239,1972,56029.0,179
2240,1972,6768544.0,197
2241,1972,3824399.0,40
2242,1972,2330704.0,205
2243,1972,37834384.0,201
2244,1972,3180461.0,202
2245,1972,2328374.0,203
2246,1972,574014.0,204
2247,1972,89275.0,200
2248,1972,1013031.0,207
2249,1972,5320148.0,208
2250,1972,5891.0,210
2251,1972,10885563.0,213
2252,1972,47974187.0,214
2253,1972,2821086.0,216
2254,1972,209896000.0,217
2255,1972,12733242.0,218
2256,1972,9907.0,104
2257,1972,92687.0,219
2258,1972,147332.0,176
2259,1972,1300787.0,113
2260,1972,23698507.0,172
2261,1972,4523581.0,229
2262,1972,5532842.0,230
2263,1973,59365.0,11
2264,1973,11575305.0,1
2265,1973,6578230.0,6
2266,1973,2296752.0,3
2267,1973,24393.0,5
2268,1973,441546.0,211
2269,1973,25020588.0,9
2270,1973,2706852.0,10
2271,1973,28529.0,12
2272,1973,64463.0,7
2273,1973,13380000.0,13
2274,1973,7586115.0,14
2275,1973,5493900.0,15
2276,1973,3571450.0,19
2277,1973,9741720.0,20
2278,1973,3227380.0,21
2279,1973,5907742.0,34
2280,1973,71144818.0,17
2281,1973,8620967.0,33
2282,1973,256632.0,31
2283,1973,3943152.0,24
2284,1973,9257272.0,26
2285,1973,126875.0,25
2286,1973,53800.0,22
2287,1973,4902248.0,28
2288,1973,103666904.0,30
2289,1973,244643.0,18
2290,1973,149065.0,32
2291,1973,329800.0,23
2292,1973,657246.0,29
2293,1973,2195905.0,35
2294,1973,22491777.0,37
2295,1973,6307347.0,192
2296,1973,10307842.0,41
2297,1973,6998688.0,44
2298,1973,22396318.0,47
2299,1973,263728.0,48
2300,1973,299191.0,50
2301,1973,2006247.0,51
2302,1973,9297924.0,54
2303,1973,12443.0,38
2304,1973,650705.0,55
2305,1973,9922266.0,56
2306,1973,78936666.0,82
2307,1973,177327.0,58
2308,1973,70334.0,59
2309,1973,5021861.0,57
2310,1973,4851183.0,60
2311,1973,14786469.0,4
2312,1973,6720443.0,61
2313,1973,1376516.0,64
2314,1973,34988947.0,66
2315,1973,1405951.0,67
2316,1973,30694316.0,68
2317,1973,4666081.0,71
2318,1973,557244.0,70
2319,1973,53053660.0,72
2320,1973,635288.0,75
2321,1973,4242500.0,80
2322,1973,9637197.0,83
2323,1973,4445207.0,87
2324,1973,298050.0,81
2325,1973,8929086.0,84
2326,1973,97886.0,85
2327,1973,5858466.0,86
2328,1973,95100.0,88
2329,1973,729865.0,89
2330,1973,3046715.0,92
2331,1973,4470161.0,52
2332,1973,4940710.0,90
2333,1973,10432055.0,93
2334,1973,124709058.0,94
2335,1973,596107483.0,95
2336,1973,3085950.0,98
2337,1973,10872139.0,99
2338,1973,212317.0,100
2339,1973,3278000.0,101
2340,1973,54751406.0,103
2341,1973,1945320.0,105
2342,1973,1767414.0,106
2343,1973,108707000.0,107
2344,1973,12789985.0,108
2345,1973,12760405.0,109
2346,1973,6852360.0,36
2347,1973,60598.0,111
2348,1973,970527.0,115
2349,1973,2569841.0,119
2350,1973,1582697.0,120
2351,1973,2084256.0,118
2352,1973,22251.0,123
2353,1973,13169737.0,188
2354,1973,1135631.0,122
2355,1973,3244438.0,124
2356,1973,350450.0,125
2357,1973,2415819.0,117
2358,1973,16489452.0,128
2359,1973,25102.0,140
2360,1973,7268560.0,126
2361,1973,134940.0,132
2362,1973,55228203.0,133
2363,1973,25522.0,135
2364,1973,1725228.0,136
2365,1973,6455257.0,137
2366,1973,302200.0,138
2367,1973,29165356.0,144
2368,1973,530220.0,139
2369,1973,1402309.0,134
2370,1973,9123668.0,141
2371,1973,1227358.0,143
2372,1973,864819.0,142
2373,1973,4996239.0,130
2374,1973,11062664.0,129
2375,1973,824918.0,145
2376,1973,5059382.0,151
2377,1973,59605446.0,150
2378,1973,2682747.0,147
2379,1973,13439322.0,148
2380,1973,3960612.0,152
2381,1973,13335963.0,149
2382,1973,6990.0,153
2383,1973,2961300.0,154
2384,1973,728597.0,155
2385,1973,64285624.0,156
2386,1973,1646580.0,157
2387,1973,14674785.0,159
2388,1973,40406234.0,160
2389,1973,12541.0,162
2390,1973,2672144.0,163
2391,1973,33357200.0,164
2392,1973,2878786.0,167
2393,1973,8633100.0,165
2394,1973,2583160.0,158
2395,1973,163734.0,168
2396,1973,20835681.0,171
2397,1973,132669000.0,173
2398,1973,4259484.0,174
2399,1973,12469591.0,191
2400,1973,4772039.0,178
2401,1973,2193000.0,180
2402,1973,186816.0,185
2403,1973,2942333.0,182
2404,1973,3890639.0,65
2405,1973,19010.0,184
2406,1973,4022336.0,186
2407,1973,7091000.0,187
2408,1973,3542465.0,189
2409,1973,396331.0,193
2410,1973,1766697.0,183
2411,1973,8136312.0,195
2412,1973,480668.0,196
2413,1973,56892.0,179
2414,1973,7003114.0,197
2415,1973,3912905.0,40
2416,1973,2390909.0,205
2417,1973,38873060.0,201
2418,1973,3277487.0,202
2419,1973,2393323.0,203
2420,1973,584035.0,204
2421,1973,90611.0,200
2422,1973,1026563.0,207
2423,1973,5463650.0,208
2424,1973,5934.0,210
2425,1973,11146099.0,213
2426,1973,48301548.0,214
2427,1973,2836825.0,216
2428,1973,211909000.0,217
2429,1973,13107928.0,218
2430,1973,10018.0,104
2431,1973,95687.0,219
2432,1973,149587.0,176
2433,1973,1335431.0,113
2434,1973,24382513.0,172
2435,1973,4653289.0,229
2436,1973,5712712.0,230
2437,1974,60028.0,11
2438,1974,11869879.0,1
2439,1974,6802494.0,6
2440,1974,2350124.0,3
2441,1974,26003.0,5
2442,1974,491955.0,211
2443,1974,25449754.0,9
2444,1974,2767646.0,10
2445,1974,29012.0,12
2446,1974,64218.0,7
2447,1974,13723000.0,13
2448,1974,7599038.0,14
2449,1974,5594100.0,15
2450,1974,3660032.0,19
2451,1974,9772419.0,20
2452,1974,3301276.0,21
2453,1974,6018141.0,34
2454,1974,72947807.0,17
2455,1974,8678745.0,33
2456,1974,270627.0,31
2457,1974,3983063.0,24
2458,1974,9317584.0,26
2459,1974,128620.0,25
2460,1974,53400.0,22
2461,1974,5013765.0,28
2462,1974,106167372.0,30
2463,1974,245851.0,18
2464,1974,154314.0,32
2465,1974,340842.0,23
2466,1974,691569.0,29
2467,1974,2239305.0,35
2468,1974,22807969.0,37
2469,1974,6341405.0,192
2470,1974,10472743.0,41
2471,1974,7194697.0,44
2472,1974,22897871.0,47
2473,1974,271719.0,48
2474,1974,301682.0,50
2475,1974,2058235.0,51
2476,1974,9413105.0,54
2477,1974,13118.0,38
2478,1974,648585.0,55
2479,1974,9988459.0,56
2480,1974,78967433.0,82
2481,1974,191389.0,58
2482,1974,70822.0,59
2483,1974,5045297.0,57
2484,1974,4978582.0,60
2485,1974,15153602.0,4
2486,1974,6911123.0,61
2487,1974,1413220.0,64
2488,1974,35373335.0,66
2489,1974,1418169.0,67
2490,1974,31488613.0,68
2491,1974,4690574.0,71
2492,1974,566296.0,70
2493,1974,53415250.0,72
2494,1974,648922.0,75
2495,1974,4279500.0,80
2496,1974,9918979.0,83
2497,1974,4517073.0,87
2498,1974,290558.0,81
2499,1974,8962022.0,84
2500,1974,97528.0,85
2501,1974,5994300.0,86
2502,1974,97329.0,88
2503,1974,737701.0,89
2504,1974,3136539.0,92
2505,1974,4490660.0,52
2506,1974,5030652.0,90
2507,1974,10478720.0,93
2508,1974,127945196.0,94
2509,1974,609721951.0,95
2510,1974,3137500.0,98
2511,1974,11243146.0,99
2512,1974,215209.0,100
2513,1974,3377000.0,101
2514,1974,55110868.0,103
2515,1974,1974880.0,105
2516,1974,1827584.0,106
2517,1974,110162000.0,107
2518,1974,12972497.0,108
2519,1974,13203949.0,109
2520,1974,6913408.0,36
2521,1974,60953.0,111
2522,1974,1030426.0,115
2523,1974,2632880.0,119
2524,1974,1626283.0,120
2525,1974,2179446.0,118
2526,1974,22638.0,123
2527,1974,13418276.0,188
2528,1974,1175369.0,122
2529,1974,3273894.0,124
2530,1974,355050.0,125
2531,1974,2437186.0,117
2532,1974,16902383.0,128
2533,1974,25262.0,140
2534,1974,7491935.0,126
2535,1974,138944.0,132
2536,1974,56945880.0,133
2537,1974,26174.0,135
2538,1974,1749329.0,136
2539,1974,6569273.0,137
2540,1974,301996.0,138
2541,1974,29751936.0,144
2542,1974,538902.0,139
2543,1974,1443130.0,134
2544,1974,9404221.0,141
2545,1974,1264352.0,143
2546,1974,878042.0,142
2547,1974,5134199.0,130
2548,1974,11335187.0,129
2549,1974,850091.0,145
2550,1974,5196579.0,151
2551,1974,61157931.0,150
2552,1974,2769211.0,147
2553,1974,13545056.0,148
2554,1974,3985258.0,152
2555,1974,13626301.0,149
2556,1974,7096.0,153
2557,1974,3023700.0,154
2558,1974,754676.0,155
2559,1974,66149169.0,156
2560,1974,1690676.0,157
2561,1974,15057175.0,159
2562,1974,41388324.0,160
2563,1974,12662.0,162
2564,1974,2733313.0,163
2565,1974,33678899.0,164
2566,1974,2939299.0,167
2567,1974,8754365.0,165
2568,1974,2648082.0,158
2569,1974,179299.0,168
2570,1974,21029429.0,171
2571,1974,133432000.0,173
2572,1974,4386369.0,174
2573,1974,12950962.0,191
2574,1974,4911421.0,178
2575,1974,2229800.0,180
2576,1974,192155.0,185
2577,1974,2998843.0,182
2578,1974,3984049.0,65
2579,1974,19439.0,184
2580,1974,4125823.0,186
2581,1974,7128000.0,187
2582,1974,3629608.0,189
2583,1974,394519.0,193
2584,1974,1776132.0,183
2585,1974,8159955.0,195
2586,1974,494624.0,196
2587,1974,57937.0,179
2588,1974,7244901.0,197
2589,1974,4000559.0,40
2590,1974,2450335.0,205
2591,1974,39900961.0,201
2592,1974,3377758.0,202
2593,1974,2459325.0,203
2594,1974,592277.0,204
2595,1974,92007.0,200
2596,1974,1040291.0,207
2597,1974,5613116.0,208
2598,1974,6100.0,210
2599,1974,11428676.0,213
2600,1974,48602694.0,214
2601,1974,2853588.0,216
2602,1974,213854000.0,217
2603,1974,13494711.0,218
2604,1974,10146.0,104
2605,1974,98790.0,219
2606,1974,152240.0,176
2607,1974,1370857.0,113
2608,1974,25077016.0,172
2609,1974,4789038.0,229
2610,1974,5903530.0,230
2611,1975,60715.0,11
2612,1975,12157386.0,1
2613,1975,7032713.0,6
2614,1975,2404831.0,3
2615,1975,27640.0,5
2616,1975,543394.0,211
2617,1975,25875558.0,9
2618,1975,2830798.0,10
2619,1975,29573.0,12
2620,1975,64035.0,7
2621,1975,13893000.0,13
2622,1975,7578903.0,14
2623,1975,5689050.0,15
2624,1975,3749232.0,19
2625,1975,9800700.0,20
2626,1975,3378703.0,21
2627,1975,6138444.0,34
2628,1975,74700345.0,17
2629,1975,8720742.0,33
2630,1975,285116.0,31
2631,1975,4022090.0,24
2632,1975,9367000.0,26
2633,1975,130801.0,25
2634,1975,53000.0,22
2635,1975,5127776.0,28
2636,1975,108700515.0,30
2637,1975,247090.0,18
2638,1975,159653.0,32
2639,1975,352269.0,23
2640,1975,727930.0,29
2641,1975,2283927.0,35
2642,1975,23143275.0,37
2643,1975,6338632.0,192
2644,1975,10639531.0,41
2645,1975,7397417.0,44
2646,1975,23403731.0,47
2647,1975,280036.0,48
2648,1975,304375.0,50
2649,1975,2111850.0,51
2650,1975,9514305.0,54
2651,1975,13791.0,38
2652,1975,644982.0,55
2653,1975,10058620.0,56
2654,1975,78673554.0,82
2655,1975,208582.0,58
2656,1975,71300.0,59
2657,1975,5059862.0,57
2658,1975,5106453.0,60
2659,1975,15724692.0,4
2660,1975,7105786.0,61
2661,1975,1450867.0,64
2662,1975,35757900.0,66
2663,1975,1429352.0,67
2664,1975,32252783.0,68
2665,1975,4711440.0,71
2666,1975,575804.0,70
2667,1975,53715733.0,72
2668,1975,663340.0,75
2669,1975,4311200.0,80
2670,1975,10209848.0,83
2671,1975,4588006.0,87
2672,1975,283262.0,81
2673,1975,9046541.0,84
2674,1975,97165.0,85
2675,1975,6131151.0,86
2676,1975,99478.0,88
2677,1975,745590.0,89
2678,1975,3231631.0,92
2679,1975,4512082.0,52
2680,1975,5124560.0,90
2681,1975,10540525.0,93
2682,1975,131213215.0,94
2683,1975,623524219.0,95
2684,1975,3189550.0,98
2685,1975,11617622.0,99
2686,1975,217979.0,100
2687,1975,3455000.0,101
2688,1975,55441001.0,103
2689,1975,2003094.0,105
2690,1975,1886636.0,106
2691,1975,111573000.0,107
2692,1975,13158942.0,108
2693,1975,13651908.0,109
2694,1975,6727922.0,36
2695,1975,60675.0,111
2696,1975,1095998.0,115
2697,1975,2691586.0,119
2698,1975,1671632.0,120
2699,1975,2291841.0,118
2700,1975,23030.0,123
2701,1975,13662873.0,188
2702,1975,1216180.0,122
2703,1975,3301652.0,124
2704,1975,358950.0,125
2705,1975,2456130.0,117
2706,1975,17325325.0,128
2707,1975,25524.0,140
2708,1975,7720859.0,126
2709,1975,143126.0,132
2710,1975,58691882.0,133
2711,1975,27047.0,135
2712,1975,1774013.0,136
2713,1975,6687293.0,137
2714,1975,304222.0,138
2715,1975,30344276.0,144
2716,1975,546487.0,139
2717,1975,1485691.0,134
2718,1975,9703732.0,141
2719,1975,1302436.0,143
2720,1975,892000.0,142
2721,1975,5280965.0,130
2722,1975,11617947.0,129
2723,1975,876572.0,145
2724,1975,5339497.0,151
2725,1975,62851312.0,150
2726,1975,2857461.0,147
2727,1975,13666335.0,148
2728,1975,4007313.0,152
2729,1975,13925541.0,149
2730,1975,7199.0,153
2731,1975,3083100.0,154
2732,1975,787194.0,155
2733,1975,68126999.0,156
2734,1975,1734876.0,157
2735,1975,15441497.0,159
2736,1975,42394433.0,160
2737,1975,12607.0,162
2738,1975,2794462.0,163
2739,1975,34015199.0,164
2740,1975,2994000.0,167
2741,1975,9093470.0,165
2742,1975,2714664.0,158
2743,1975,195043.0,168
2744,1975,21293583.0,171
2745,1975,134200000.0,173
2746,1975,4515756.0,174
2747,1975,13497543.0,191
2748,1975,5047922.0,178
2749,1975,2262600.0,180
2750,1975,197853.0,185
2751,1975,3055916.0,182
2752,1975,4076751.0,65
2753,1975,19803.0,184
2754,1975,4228289.0,186
2755,1975,7163000.0,187
2756,1975,3718279.0,189
2757,1975,392137.0,193
2758,1975,1793581.0,183
2759,1975,8192437.0,195
2760,1975,509535.0,196
2761,1975,59292.0,179
2762,1975,7497126.0,197
2763,1975,4084110.0,40
2764,1975,2509713.0,205
2765,1975,40908471.0,201
2766,1975,3482125.0,202
2767,1975,2525760.0,203
2768,1975,600126.0,204
2769,1975,93477.0,200
2770,1975,1054017.0,207
2771,1975,5769074.0,208
2772,1975,6381.0,210
2773,1975,11730959.0,213
2774,1975,48892187.0,214
2775,1975,2871947.0,216
2776,1975,215973000.0,217
2777,1975,13894347.0,218
2778,1975,10282.0,104
2779,1975,102010.0,219
2780,1975,155263.0,176
2781,1975,1406891.0,113
2782,1975,25777964.0,172
2783,1975,4931249.0,229
2784,1975,6097083.0,230
2785,1976,61193.0,11
2786,1976,12425267.0,1
2787,1976,7266780.0,6
2788,1976,2458526.0,3
2789,1976,29294.0,5
2790,1976,614177.0,211
2791,1976,26290257.0,9
2792,1976,2896311.0,10
2793,1976,30198.0,12
2794,1976,63990.0,7
2795,1976,14033000.0,13
2796,1976,7565525.0,14
2797,1976,5781000.0,15
2798,1976,3830889.0,19
2799,1976,9818227.0,20
2800,1976,3460329.0,21
2801,1976,6269765.0,34
2802,1976,76380080.0,17
2803,1976,8758599.0,33
2804,1976,300044.0,31
2805,1976,4060039.0,24
2806,1976,9411000.0,26
2807,1976,133471.0,25
2808,1976,53200.0,22
2809,1976,5244355.0,28
2810,1976,111286504.0,30
2811,1976,248359.0,18
2812,1976,165064.0,32
2813,1976,364119.0,23
2814,1976,766424.0,29
2815,1976,2318349.0,35
2816,1976,23449808.0,37
2817,1976,6302504.0,192
2818,1976,10804869.0,41
2819,1976,7598028.0,44
2820,1976,23913002.0,47
2821,1976,288810.0,48
2822,1976,307015.0,50
2823,1976,2167544.0,51
2824,1976,9600862.0,54
2825,1976,14456.0,38
2826,1976,648868.0,55
2827,1976,10125939.0,56
2828,1976,78336950.0,82
2829,1976,229304.0,58
2830,1976,71748.0,59
2831,1976,5072596.0,57
2832,1976,5235318.0,60
2833,1976,16500516.0,4
2834,1976,7304349.0,61
2835,1976,1489656.0,64
2836,1976,36137812.0,66
2837,1976,1439576.0,67
2838,1976,33062216.0,68
2839,1976,4725664.0,71
2840,1976,586607.0,70
2841,1976,53966558.0,72
2842,1976,678660.0,75
2843,1976,4342400.0,80
2844,1976,10509006.0,83
2845,1976,4658743.0,87
2846,1976,276000.0,81
2847,1976,9188150.0,84
2848,1976,96781.0,85
2849,1976,6269983.0,86
2850,1976,101590.0,88
2851,1976,753553.0,89
2852,1976,3334814.0,92
2853,1976,4535934.0,52
2854,1976,5222342.0,90
2855,1976,10598677.0,93
2856,1976,134521025.0,94
2857,1976,637451448.0,95
2858,1976,3238050.0,98
2859,1976,11999342.0,99
2860,1976,220154.0,100
2861,1976,3533000.0,101
2862,1976,55718260.0,103
2863,1976,2029486.0,105
2864,1976,1945141.0,106
2865,1976,112775000.0,107
2866,1976,13346173.0,108
2867,1976,14102268.0,109
2868,1976,6307122.0,36
2869,1976,60310.0,111
2870,1976,1168791.0,115
2871,1976,3070419.0,119
2872,1976,1718482.0,120
2873,1976,2413760.0,118
2874,1976,23416.0,123
2875,1976,13910170.0,188
2876,1976,1256478.0,122
2877,1976,3328664.0,124
2878,1976,360731.0,125
2879,1976,2470989.0,117
2880,1976,17756516.0,128
2881,1976,25898.0,140
2882,1976,7955197.0,126
2883,1976,147468.0,132
2884,1976,60452543.0,133
2885,1976,27964.0,135
2886,1976,1799332.0,136
2887,1976,6807648.0,137
2888,1976,305774.0,138
2889,1976,30941375.0,144
2890,1976,552562.0,139
2891,1976,1529084.0,134
2892,1976,10019210.0,141
2893,1976,1341604.0,143
2894,1976,906507.0,142
2895,1976,5438226.0,130
2896,1976,11910081.0,129
2897,1976,901840.0,145
2898,1976,5488658.0,151
2899,1976,64658315.0,150
2900,1976,2947454.0,147
2901,1976,13774037.0,148
2902,1976,4026152.0,152
2903,1976,14230738.0,149
2904,1976,7306.0,153
2905,1976,3110500.0,154
2906,1976,824081.0,155
2907,1976,70230923.0,156
2908,1976,1779037.0,157
2909,1976,15826813.0,159
2910,1976,43474370.0,160
2911,1976,12539.0,162
2912,1976,2855837.0,163
2913,1976,34356300.0,164
2914,1976,3043854.0,167
2915,1976,9355810.0,165
2916,1976,2782624.0,158
2917,1976,210990.0,168
2918,1976,21551634.0,171
2919,1976,135147000.0,173
2920,1976,4648207.0,174
2921,1976,14066007.0,191
2922,1976,5181195.0,178
2923,1976,2293300.0,180
2924,1976,204082.0,185
2925,1976,3112863.0,182
2926,1976,4166890.0,65
2927,1976,20160.0,184
2928,1976,4333779.0,186
2929,1976,7214000.0,187
2930,1976,3808615.0,189
2931,1976,389231.0,193
2932,1976,1820249.0,183
2933,1976,8222286.0,195
2934,1976,525457.0,196
2935,1976,60504.0,179
2936,1976,7758673.0,197
2937,1976,4163051.0,40
2938,1976,2569671.0,205
2939,1976,41882128.0,201
2940,1976,3590606.0,202
2941,1976,2592280.0,203
2942,1976,609650.0,204
2943,1976,94921.0,200
2944,1976,1067696.0,207
2945,1976,5929998.0,208
2946,1976,6677.0,210
2947,1976,12045227.0,213
2948,1976,49144535.0,214
2949,1976,2891094.0,216
2950,1976,218035000.0,217
2951,1976,14307397.0,218
2952,1976,10428.0,104
2953,1976,105341.0,219
2954,1976,158136.0,176
2955,1976,1443492.0,113
2956,1976,26480300.0,172
2957,1976,5079672.0,229
2958,1976,6288387.0,230
2959,1977,61465.0,11
2960,1977,12687301.0,1
2961,1977,7511895.0,6
2962,1977,2513546.0,3
2963,1977,30949.0,5
2964,1977,706861.0,211
2965,1977,26713780.0,9
2966,1977,2965523.0,10
2967,1977,30816.0,12
2968,1977,64117.0,7
2969,1977,14192000.0,13
2970,1977,7568430.0,14
2971,1977,5876150.0,15
2972,1977,3927428.0,19
2973,1977,9830358.0,20
2974,1977,3546454.0,21
2975,1977,6416569.0,34
2976,1977,78137788.0,17
2977,1977,8804183.0,33
2978,1977,315337.0,31
2979,1977,4096516.0,24
2980,1977,9463000.0,26
2981,1977,136183.0,25
2982,1977,53400.0,22
2983,1977,5363917.0,28
2984,1977,113939886.0,30
2985,1977,249663.0,18
2986,1977,170560.0,32
2987,1977,376387.0,23
2988,1977,806968.0,29
2989,1977,2342048.0,35
2990,1977,23725843.0,37
2991,1977,6281174.0,192
2992,1977,10969861.0,41
2993,1977,7796825.0,44
2994,1977,24443926.0,47
2995,1977,298152.0,48
2996,1977,309389.0,50
2997,1977,2225630.0,51
2998,1977,9672546.0,54
2999,1977,15116.0,38
3000,1977,656414.0,55
3001,1977,10186755.0,56
3002,1977,78159814.0,82
3003,1977,253083.0,58
3004,1977,72142.0,59
3005,1977,5088419.0,57
3006,1977,5365074.0,60
3007,1977,17134192.0,4
3008,1977,7506665.0,61
3009,1977,1529802.0,64
3010,1977,36511638.0,66
3011,1977,1450211.0,67
3012,1977,33695018.0,68
3013,1977,4738902.0,71
3014,1977,599289.0,70
3015,1977,54221988.0,72
3016,1977,694931.0,75
3017,1977,4372100.0,80
3018,1977,10825496.0,83
3019,1977,4730375.0,87
3020,1977,271377.0,81
3021,1977,9308479.0,84
3022,1977,96329.0,85
3023,1977,6412667.0,86
3024,1977,103676.0,88
3025,1977,761378.0,89
3026,1977,3441122.0,92
3027,1977,4559571.0,52
3028,1977,5323827.0,90
3029,1977,10648031.0,93
3030,1977,137861540.0,94
3031,1977,651685628.0,95
3032,1977,3282200.0,98
3033,1977,12400190.0,99
3034,1977,221799.0,100
3035,1977,3613000.0,101
3036,1977,55955411.0,103
3037,1977,2054927.0,105
3038,1977,2005418.0,106
3039,1977,113872000.0,107
3040,1977,13543521.0,108
3041,1977,14577346.0,109
3042,1977,6040197.0,36
3043,1977,59894.0,111
3044,1977,1247225.0,115
3045,1977,3457617.0,119
3046,1977,1768092.0,120
3047,1977,2541805.0,118
3048,1977,23803.0,123
3049,1977,14159052.0,188
3050,1977,1294435.0,122
3051,1977,3355036.0,124
3052,1977,361358.0,125
3053,1977,2485073.0,117
3054,1977,18206472.0,128
3055,1977,26242.0,140
3056,1977,8195142.0,126
3057,1977,151792.0,132
3058,1977,62262505.0,133
3059,1977,28912.0,135
3060,1977,1825299.0,136
3061,1977,6935336.0,137
3062,1977,306970.0,138
3063,1977,31554598.0,144
3064,1977,557576.0,139
3065,1977,1572516.0,134
3066,1977,10363575.0,141
3067,1977,1381329.0,143
3068,1977,921379.0,142
3069,1977,5611712.0,130
3070,1977,12218924.0,129
3071,1977,926109.0,145
3072,1977,5644703.0,151
3073,1977,66589655.0,150
3074,1977,3038680.0,147
3075,1977,13856185.0,148
3076,1977,4043205.0,152
3077,1977,14550430.0,149
3078,1977,7441.0,153
3079,1977,3120200.0,154
3080,1977,866124.0,155
3081,1977,72451105.0,156
3082,1977,1823146.0,157
3083,1977,16224613.0,159
3084,1977,44646518.0,160
3085,1977,12463.0,162
3086,1977,2917572.0,163
3087,1977,34689050.0,164
3088,1977,3088690.0,167
3089,1977,9455675.0,165
3090,1977,2852430.0,158
3091,1977,227177.0,168
3092,1977,21756096.0,171
3093,1977,136100000.0,173
3094,1977,4783252.0,174
3095,1977,14667218.0,191
3096,1977,5308297.0,178
3097,1977,2325300.0,180
3098,1977,210932.0,185
3099,1977,3172195.0,182
3100,1977,4256699.0,65
3101,1977,20482.0,184
3102,1977,4449505.0,186
3103,1977,7258000.0,187
3104,1977,3901044.0,189
3105,1977,385810.0,193
3106,1977,1842377.0,183
3107,1977,8251540.0,195
3108,1977,542328.0,196
3109,1977,61786.0,179
3110,1977,8029313.0,197
3111,1977,4238551.0,40
3112,1977,2630626.0,205
3113,1977,42843802.0,201
3114,1977,3703010.0,202
3115,1977,2659019.0,203
3116,1977,619308.0,204
3117,1977,95847.0,200
3118,1977,1081693.0,207
3119,1977,6092769.0,208
3120,1977,6984.0,210
3121,1977,12369253.0,213
3122,1977,49357430.0,214
3123,1977,2909327.0,216
3124,1977,220239000.0,217
3125,1977,14731709.0,218
3126,1977,10578.0,104
3127,1977,108769.0,219
3128,1977,160362.0,176
3129,1977,1480318.0,113
3130,1977,27199838.0,172
3131,1977,5233292.0,229
3132,1977,6453044.0,230
3133,1978,61738.0,11
3134,1978,12938862.0,1
3135,1978,7771590.0,6
3136,1978,2566266.0,3
3137,1978,32574.0,5
3138,1978,805231.0,211
3139,1978,27146121.0,9
3140,1978,3038224.0,10
3141,1978,31428.0,12
3142,1978,64329.0,7
3143,1978,14358000.0,13
3144,1978,7562305.0,14
3145,1978,5976150.0,15
3146,1978,4039410.0,19
3147,1978,9839534.0,20
3148,1978,3636927.0,21
3149,1978,6577779.0,34
3150,1978,80007550.0,17
3151,1978,8814032.0,33
3152,1978,330912.0,31
3153,1978,4131521.0,24
3154,1978,9525000.0,26
3155,1978,138933.0,25
3156,1978,53600.0,22
3157,1978,5486132.0,28
3158,1978,116664382.0,30
3159,1978,251009.0,18
3160,1978,176176.0,32
3161,1978,389072.0,23
3162,1978,849394.0,29
3163,1978,2365957.0,35
3164,1978,23963203.0,37
3165,1978,6281738.0,192
3166,1978,11137748.0,41
3167,1978,8013279.0,44
3168,1978,25003608.0,47
3169,1978,307938.0,48
3170,1978,311685.0,50
3171,1978,2286210.0,51
3172,1978,9729986.0,54
3173,1978,15746.0,38
3174,1978,663975.0,55
3175,1978,10242098.0,56
3176,1978,78091820.0,82
3177,1978,278425.0,58
3178,1978,72478.0,59
3179,1978,5104248.0,57
3180,1978,5495443.0,60
3181,1978,17632645.0,4
3182,1978,7712718.0,61
3183,1978,1571193.0,64
3184,1978,36864898.0,66
3185,1978,1460188.0,67
3186,1978,34259065.0,68
3187,1978,4752528.0,71
3188,1978,613611.0,70
3189,1978,54486195.0,72
3190,1978,712135.0,75
3191,1978,4397700.0,80
3192,1978,11163230.0,83
3193,1978,4804926.0,87
3194,1978,270866.0,81
3195,1978,9429959.0,84
3196,1978,95811.0,85
3197,1978,6561919.0,86
3198,1978,105710.0,88
3199,1978,768609.0,89
3200,1978,3550368.0,92
3201,1978,4581085.0,52
3202,1978,5428667.0,90
3203,1978,10684822.0,93
3204,1978,141250964.0,94
3205,1978,666267760.0,95
3206,1978,3329100.0,98
3207,1978,12819707.0,99
3208,1978,223537.0,100
3209,1978,3690000.0,101
3210,1978,56155143.0,103
3211,1978,2080485.0,105
3212,1978,2069104.0,106
3213,1978,114913000.0,107
3214,1978,13750291.0,108
3215,1978,15087423.0,109
3216,1978,5961193.0,36
3217,1978,59465.0,111
3218,1978,1329074.0,115
3219,1978,3183405.0,119
3220,1978,1820861.0,120
3221,1978,2676117.0,118
3222,1978,24205.0,123
3223,1978,14414816.0,188
3224,1978,1331213.0,122
3225,1978,3379514.0,124
3226,1978,362007.0,125
3227,1978,2497921.0,117
3228,1978,18679859.0,128
3229,1978,26553.0,140
3230,1978,8440919.0,126
3231,1978,156025.0,132
3232,1978,64123997.0,133
3233,1978,29892.0,135
3234,1978,1851978.0,136
3235,1978,7072938.0,137
3236,1978,310182.0,138
3237,1978,32185601.0,144
3238,1978,562065.0,139
3239,1978,1615868.0,134
3240,1978,10741128.0,141
3241,1978,1421786.0,143
3242,1978,933499.0,142
3243,1978,5808810.0,130
3244,1978,12543892.0,129
3245,1978,942023.0,145
3246,1978,5810351.0,151
3247,1978,68633344.0,150
3248,1978,3128544.0,147
3249,1978,13941700.0,148
3250,1978,4058671.0,152
3251,1978,14888770.0,149
3252,1978,7541.0,153
3253,1978,3121200.0,154
3254,1978,912750.0,155
3255,1978,74789330.0,156
3256,1978,1867313.0,157
3257,1978,16638480.0,159
3258,1978,45890739.0,160
3259,1978,12387.0,162
3260,1978,2979606.0,163
3261,1978,34965600.0,164
3262,1978,3129421.0,167
3263,1978,9558250.0,165
3264,1978,2924370.0,158
3265,1978,243624.0,168
3266,1978,21951464.0,171
3267,1978,137060000.0,173
3268,1978,4921953.0,174
3269,1978,15305806.0,191
3270,1978,5433225.0,178
3271,1978,2353600.0,180
3272,1978,218193.0,185
3273,1978,3235170.0,182
3274,1978,4346522.0,65
3275,1978,20795.0,184
3276,1978,4777703.0,186
3277,1978,7297000.0,187
3278,1978,3995911.0,189
3279,1978,381885.0,193
3280,1978,1862548.0,183
3281,1978,8275599.0,195
3282,1978,560236.0,196
3283,1978,62150.0,179
3284,1978,8310217.0,197
3285,1978,4313479.0,40
3286,1978,2693400.0,205
3287,1978,43806715.0,201
3288,1978,3818114.0,202
3289,1978,2726327.0,203
3290,1978,627671.0,204
3291,1978,96227.0,200
3292,1978,1096569.0,207
3293,1978,6254876.0,208
3294,1978,7297.0,210
3295,1978,12701999.0,213
3296,1978,49536615.0,214
3297,1978,2925840.0,216
3298,1978,222585000.0,217
3299,1978,15154314.0,218
3300,1978,10727.0,104
3301,1978,112185.0,219
3302,1978,161988.0,176
3303,1978,1516206.0,113
3304,1978,27943445.0,172
3305,1978,5391355.0,229
3306,1978,6549349.0,230
3307,1979,62006.0,11
3308,1979,12986369.0,1
3309,1979,8043218.0,6
3310,1979,2617832.0,3
3311,1979,34142.0,5
3312,1979,908452.0,211
3313,1979,27584134.0,9
3314,1979,3097058.0,10
3315,1979,32045.0,12
3316,1979,64609.0,7
3317,1979,14514000.0,13
3318,1979,7549425.0,14
3319,1979,6071300.0,15
3320,1979,4137437.0,19
3321,1979,9848382.0,20
3322,1979,3732394.0,21
3323,1979,6749939.0,34
3324,1979,81908151.0,17
3325,1979,8825940.0,33
3326,1979,346697.0,31
3327,1979,4165511.0,24
3328,1979,9584000.0,26
3329,1979,141823.0,25
3330,1979,53800.0,22
3331,1979,5610380.0,28
3332,1979,119447303.0,30
3333,1979,252334.0,18
3334,1979,181951.0,32
3335,1979,402063.0,23
3336,1979,893500.0,29
3337,1979,2390329.0,35
3338,1979,24201544.0,37
3339,1979,6294365.0,192
3340,1979,11304331.0,41
3341,1979,8243377.0,44
3342,1979,25579323.0,47
3343,1979,318123.0,48
3344,1979,313995.0,50
3345,1979,2349258.0,51
3346,1979,9774711.0,54
3347,1979,16378.0,38
3348,1979,671611.0,55
3349,1979,10292341.0,56
3350,1979,78126350.0,82
3351,1979,302856.0,58
3352,1979,72768.0,59
3353,1979,5116801.0,57
3354,1979,5625864.0,60
3355,1979,18166981.0,4
3356,1979,7922490.0,61
3357,1979,1613829.0,64
3358,1979,37191330.0,66
3359,1979,1468333.0,67
3360,1979,34758823.0,68
3361,1979,4764690.0,71
3362,1979,628859.0,70
3363,1979,54753575.0,72
3364,1979,730188.0,75
3365,1979,4430200.0,80
3366,1979,11515675.0,83
3367,1979,4885199.0,87
3368,1979,273925.0,81
3369,1979,9548258.0,84
3370,1979,95242.0,85
3371,1979,6720582.0,86
3372,1979,107790.0,88
3373,1979,774482.0,89
3374,1979,3662736.0,92
3375,1979,4594778.0,52
3376,1979,5536423.0,90
3377,1979,10704152.0,93
3378,1979,144693087.0,94
3379,1979,681248383.0,95
3380,1979,3373750.0,98
3381,1979,13233830.0,99
3382,1979,225735.0,100
3383,1979,3786000.0,101
3384,1979,56317749.0,103
3385,1979,2106937.0,105
3386,1979,2138078.0,106
3387,1979,115890000.0,107
3388,1979,13957795.0,108
3389,1979,15620613.0,109
3390,1979,6051808.0,36
3391,1979,59775.0,111
3392,1979,1412266.0,115
3393,1979,2902164.0,119
3394,1979,1875566.0,120
3395,1979,2816917.0,118
3396,1979,24616.0,123
3397,1979,14680387.0,188
3398,1979,1368917.0,122
3399,1979,3397842.0,124
3400,1979,362856.0,125
3401,1979,2505953.0,117
3402,1979,19167661.0,128
3403,1979,26834.0,140
3404,1979,8692289.0,126
3405,1979,160326.0,132
3406,1979,65972912.0,133
3407,1979,30902.0,135
3408,1979,1879354.0,136
3409,1979,7218079.0,137
3410,1979,313342.0,138
3411,1979,32821779.0,144
3412,1979,566888.0,139
3413,1979,1657448.0,134
3414,1979,11127844.0,141
3415,1979,1463514.0,143
3416,1979,949888.0,142
3417,1979,6029140.0,130
3418,1979,12875011.0,129
3419,1979,957334.0,145
3420,1979,5987151.0,151
3421,1979,70750307.0,150
3422,1979,3214311.0,147
3423,1979,14038270.0,148
3424,1979,4072517.0,152
3425,1979,15238564.0,149
3426,1979,7586.0,153
3427,1979,3109000.0,154
3428,1979,963351.0,155
3429,1979,77407341.0,156
3430,1979,1911814.0,157
3431,1979,17059185.0,159
3432,1979,47154232.0,160
3433,1979,12300.0,162
3434,1979,3041902.0,163
3435,1979,35247217.0,164
3436,1979,3168088.0,167
3437,1979,9661265.0,165
3438,1979,2999415.0,158
3439,1979,260368.0,168
3440,1979,22090488.0,171
3441,1979,138027000.0,173
3442,1979,5074374.0,174
3443,1979,15973034.0,191
3444,1979,5564474.0,178
3445,1979,2383500.0,180
3446,1979,225786.0,185
3447,1979,3300032.0,182
3448,1979,4433041.0,65
3449,1979,21087.0,184
3450,1979,5408813.0,186
3451,1979,7332000.0,187
3452,1979,4092792.0,189
3453,1979,377362.0,193
3454,1979,1882599.0,183
3455,1979,8293678.0,195
3456,1979,579091.0,196
3457,1979,62686.0,179
3458,1979,8600747.0,197
3459,1979,4402942.0,40
3460,1979,2761240.0,205
3461,1979,44760091.0,201
3462,1979,3932682.0,202
3463,1979,2794392.0,203
3464,1979,634549.0,204
3465,1979,96506.0,200
3466,1979,1112310.0,207
3467,1979,6416191.0,208
3468,1979,7552.0,210
3469,1979,13011511.0,213
3470,1979,49739734.0,214
3471,1979,2940729.0,216
3472,1979,225055000.0,217
3473,1979,15558907.0,218
3474,1979,10876.0,104
3475,1979,115344.0,219
3476,1979,163489.0,176
3477,1979,1551605.0,113
3478,1979,28697014.0,172
3479,1979,5553462.0,229
3480,1979,6655833.0,230
3481,1980,62267.0,11
3482,1980,12486631.0,1
3483,1980,8330047.0,6
3484,1980,2671997.0,3
3485,1980,35611.0,5
3486,1980,1014048.0,211
3487,1980,28024803.0,9
3488,1980,3135123.0,10
3489,1980,32886.0,12
3490,1980,64889.0,7
3491,1980,14692000.0,13
3492,1980,7549433.0,14
3493,1980,6160500.0,15
3494,1980,4312834.0,19
3495,1980,9859242.0,20
3496,1980,3833939.0,21
3497,1980,6932967.0,34
3498,1980,83929765.0,17
3499,1980,8861535.0,33
3500,1980,362595.0,31
3501,1980,4199820.0,24
3502,1980,9643000.0,26
3503,1980,145133.0,25
3504,1980,54670.0,22
3505,1980,5736088.0,28
3506,1980,122288383.0,30
3507,1980,253575.0,18
3508,1980,187921.0,32
3509,1980,415257.0,23
3510,1980,938578.0,29
3511,1980,2415276.0,35
3512,1980,24515667.0,37
3513,1980,6319408.0,192
3514,1980,11469828.0,41
3515,1980,8519891.0,44
3516,1980,26176195.0,47
3517,1980,328328.0,48
3518,1980,317234.0,50
3519,1980,2414303.0,51
3520,1980,9809107.0,54
3521,1980,17100.0,38
3522,1980,679327.0,55
3523,1980,10304193.0,56
3524,1980,78288576.0,82
3525,1980,324121.0,58
3526,1980,72978.0,59
3527,1980,5123027.0,57
3528,1980,5755800.0,60
3529,1980,18739378.0,4
3530,1980,8135845.0,61
3531,1980,1657982.0,64
3532,1980,37491165.0,66
3533,1980,1477219.0,67
3534,1980,34945469.0,68
3535,1980,4779535.0,71
3536,1980,644582.0,70
3537,1980,55052582.0,72
3538,1980,749078.0,75
3539,1980,4467700.0,80
3540,1980,11865246.0,83
3541,1980,4972609.0,87
3542,1980,282509.0,81
3543,1980,9642505.0,84
3544,1980,94838.0,85
3545,1980,6890346.0,86
3546,1980,110286.0,88
3547,1980,778176.0,89
3548,1980,3777990.0,92
3549,1980,4599782.0,52
3550,1980,5646676.0,90
3551,1980,10711122.0,93
3552,1980,148177096.0,94
3553,1980,696828385.0,95
3554,1980,3412800.0,98
3555,1980,13653369.0,99
3556,1980,228138.0,100
3557,1980,3878000.0,101
3558,1980,56433883.0,103
3559,1980,2135546.0,105
3560,1980,2216903.0,106
3561,1980,116807000.0,107
3562,1980,14172710.0,108
3563,1980,16187124.0,109
3564,1980,6198959.0,36
3565,1980,60813.0,111
3566,1980,1493870.0,115
3567,1980,2963702.0,119
3568,1980,1932169.0,120
3569,1980,2962720.0,118
3570,1980,25003.0,123
3571,1980,14943645.0,188
3572,1980,1407672.0,122
3573,1980,3413202.0,124
3574,1980,364150.0,125
3575,1980,2511701.0,117
3576,1980,19678444.0,128
3577,1980,27076.0,140
3578,1980,8948162.0,126
3579,1980,164887.0,132
3580,1980,67705186.0,133
3581,1980,31988.0,135
3582,1980,1907023.0,136
3583,1980,7372581.0,137
3584,1980,316645.0,138
3585,1980,33465781.0,144
3586,1980,572608.0,139
3587,1980,1697780.0,134
3588,1980,11413587.0,141
3589,1980,1506694.0,143
3590,1980,966039.0,142
3591,1980,6267369.0,130
3592,1980,13215707.0,129
3593,1980,975994.0,145
3594,1980,6173177.0,151
3595,1980,72951439.0,150
3596,1980,3303309.0,147
3597,1980,14149800.0,148
3598,1980,4085620.0,152
3599,1980,15600442.0,149
3600,1980,7635.0,153
3601,1980,3112900.0,154
3602,1980,1017462.0,155
3603,1980,80624057.0,156
3604,1980,1956987.0,157
3605,1980,17492406.0,159
3606,1980,48419546.0,160
3607,1980,12252.0,162
3608,1980,3104788.0,163
3609,1980,35574150.0,164
3610,1980,3206000.0,167
3611,1980,9766312.0,165
3612,1980,3078912.0,158
3613,1980,277450.0,168
3614,1980,22207282.0,171
3615,1980,139010000.0,173
3616,1980,5247532.0,174
3617,1980,16673586.0,191
3618,1980,5703869.0,178
3619,1980,2413945.0,180
3620,1980,233668.0,185
3621,1980,3367477.0,182
3622,1980,4508992.0,65
3623,1980,21346.0,184
3624,1980,5892224.0,186
3625,1980,7362000.0,187
3626,1980,4192012.0,189
3627,1980,375112.0,193
3628,1980,1901315.0,183
3629,1980,8310531.0,195
3630,1980,598564.0,196
3631,1980,63261.0,179
3632,1980,8898954.0,197
3633,1980,4408230.0,40
3634,1980,2838110.0,205
3635,1980,45737753.0,201
3636,1980,4045965.0,202
3637,1980,2862903.0,203
3638,1980,642224.0,204
3639,1980,96708.0,200
3640,1980,1127852.0,207
3641,1980,6578156.0,208
3642,1980,7731.0,210
3643,1980,13284026.0,213
3644,1980,49973920.0,214
3645,1980,2953750.0,216
3646,1980,227225000.0,217
3647,1980,15947129.0,218
3648,1980,11109.0,104
3649,1980,118156.0,219
3650,1980,164905.0,176
3651,1980,1589395.0,113
3652,1980,29463549.0,172
3653,1980,5720438.0,229
3654,1980,7049926.0,230
3655,1981,62614.0,11
3656,1981,11155195.0,1
3657,1981,8631457.0,6
3658,1981,2726056.0,3
3659,1981,36987.0,5
3660,1981,1100180.0,211
3661,1981,28471285.0,9
3662,1981,3167876.0,10
3663,1981,34059.0,12
3664,1981,65076.0,7
3665,1981,14923260.0,13
3666,1981,7568710.0,14
3667,1981,6257750.0,15
3668,1981,4490743.0,19
3669,1981,9858982.0,20
3670,1981,3941569.0,21
3671,1981,7123730.0,34
3672,1981,86154836.0,17
3673,1981,8891117.0,33
3674,1981,377430.0,31
3675,1981,4235970.0,24
3676,1981,9710000.0,26
3677,1981,148764.0,25
3678,1981,55050.0,22
3679,1981,5862990.0,28
3680,1981,125168060.0,30
3681,1981,254684.0,18
3682,1981,194099.0,32
3683,1981,428641.0,23
3684,1981,982747.0,29
3685,1981,2441010.0,35
3686,1981,24819915.0,37
3687,1981,6354074.0,192
3688,1981,11637613.0,41
3689,1981,8829048.0,44
3690,1981,26785982.0,47
3691,1981,337986.0,48
3692,1981,321634.0,50
3693,1981,2481334.0,51
3694,1981,9848560.0,54
3695,1981,17904.0,38
3696,1981,687170.0,55
3697,1981,10300591.0,56
3698,1981,78407907.0,82
3699,1981,341316.0,58
3700,1981,72932.0,59
3701,1981,5121572.0,57
3702,1981,5885244.0,60
3703,1981,19351357.0,4
3704,1981,8352602.0,61
3705,1981,1703789.0,64
3706,1981,37758631.0,66
3707,1981,1487666.0,67
3708,1981,35818844.0,68
3709,1981,4799964.0,71
3710,1981,660630.0,70
3711,1981,55371044.0,72
3712,1981,768904.0,75
3713,1981,4504500.0,80
3714,1981,12212960.0,83
3715,1981,5067427.0,87
3716,1981,296950.0,81
3717,1981,9729350.0,84
3718,1981,95222.0,85
3719,1981,7071186.0,86
3720,1981,113221.0,88
3721,1981,779686.0,89
3722,1981,3895736.0,92
3723,1981,4611509.0,52
3724,1981,5760197.0,90
3725,1981,10711848.0,93
3726,1981,151686337.0,94
3727,1981,712869298.0,95
3728,1981,3453000.0,98
3729,1981,14067260.0,99
3730,1981,230755.0,100
3731,1981,3956000.0,101
3732,1981,56501675.0,103
3733,1981,2166657.0,105
3734,1981,2306655.0,106
3735,1981,117661000.0,107
3736,1981,14397391.0,108
3737,1981,16785962.0,109
3738,1981,6364472.0,36
3739,1981,61875.0,111
3740,1981,1573026.0,115
3741,1981,3027222.0,119
3742,1981,1989690.0,120
3743,1981,3112015.0,118
3744,1981,25346.0,123
3745,1981,15198918.0,188
3746,1981,1447501.0,122
3747,1981,3432947.0,124
3748,1981,365225.0,125
3749,1981,2519421.0,117
3750,1981,20208260.0,128
3751,1981,27284.0,140
3752,1981,9207310.0,126
3753,1981,169663.0,132
3754,1981,69233769.0,133
3755,1981,33219.0,135
3756,1981,1935200.0,136
3757,1981,7532864.0,137
3758,1981,318982.0,138
3759,1981,34110098.0,144
3760,1981,579445.0,139
3761,1981,1739221.0,134
3762,1981,11640015.0,141
3763,1981,1551687.0,143
3764,1981,980462.0,142
3765,1981,6519891.0,130
3766,1981,13564594.0,129
3767,1981,987394.0,145
3768,1981,6366262.0,151
3769,1981,75175387.0,150
3770,1981,3397659.0,147
3771,1981,14247208.0,148
3772,1981,4099702.0,152
3773,1981,15969792.0,149
3774,1981,7691.0,153
3775,1981,3124900.0,154
3776,1981,1075624.0,155
3777,1981,84270202.0,156
3778,1981,2003092.0,157
3779,1981,17932344.0,159
3780,1981,49679330.0,160
3781,1981,12386.0,162
3782,1981,3169073.0,163
3783,1981,35898587.0,164
3784,1981,3242552.0,167
3785,1981,9851362.0,165
3786,1981,3163299.0,158
3787,1981,294887.0,168
3788,1981,22353070.0,171
3789,1981,139941000.0,173
3790,1981,5441966.0,174
3791,1981,17404336.0,191
3792,1981,5852029.0,178
3793,1981,2532835.0,180
3794,1981,241827.0,185
3795,1981,3437108.0,182
3796,1981,4549173.0,65
3797,1981,21596.0,184
3798,1981,5934938.0,186
3799,1981,7405000.0,187
3800,1981,4293866.0,189
3801,1981,375859.0,193
3802,1981,1906531.0,183
3803,1981,8320503.0,195
3804,1981,616210.0,196
3805,1981,64035.0,179
3806,1981,9203635.0,197
3807,1981,4409225.0,40
3808,1981,2925865.0,205
3809,1981,46727292.0,201
3810,1981,4160745.0,202
3811,1981,2932934.0,203
3812,1981,649250.0,204
3813,1981,96846.0,200
3814,1981,1142695.0,207
3815,1981,6744050.0,208
3816,1981,7874.0,210
3817,1981,13563558.0,213
3818,1981,50221000.0,214
3819,1981,2966076.0,216
3820,1981,229466000.0,217
3821,1981,16335642.0,218
3822,1981,11472.0,104
3823,1981,120887.0,219
3824,1981,166190.0,176
3825,1981,1627819.0,113
3826,1981,30232561.0,172
3827,1981,5897481.0,229
3828,1981,7506526.0,230
3829,1982,63116.0,11
3830,1982,10088289.0,1
3831,1982,8947152.0,6
3832,1982,2784278.0,3
3833,1982,38598.0,5
3834,1982,1167856.0,211
3835,1982,28922762.0,9
3836,1982,3202011.0,10
3837,1982,35367.0,12
3838,1982,65231.0,7
3839,1982,15184247.0,13
3840,1982,7574140.0,14
3841,1982,6357550.0,15
3842,1982,4602271.0,19
3843,1982,9856303.0,20
3844,1982,4054385.0,21
3845,1982,7321817.0,34
3846,1982,88555336.0,17
3847,1982,8917457.0,33
3848,1982,391017.0,31
3849,1982,4274013.0,24
3850,1982,9776000.0,26
3851,1982,152409.0,25
3852,1982,55449.0,22
3853,1982,5991118.0,28
3854,1982,128065095.0,30
3855,1982,255642.0,18
3856,1982,200630.0,32
3857,1982,442201.0,23
3858,1982,1023009.0,29
3859,1982,2467635.0,35
3860,1982,25116942.0,37
3861,1982,6391309.0,192
3862,1982,11807408.0,41
3863,1982,9046986.0,44
3864,1982,27405194.0,47
3865,1982,347053.0,48
3866,1982,326319.0,50
3867,1982,2550780.0,51
3868,1982,9908874.0,54
3869,1982,18729.0,38
3870,1982,696227.0,55
3871,1982,10314826.0,56
3872,1982,78333366.0,82
3873,1982,355110.0,58
3874,1982,72626.0,59
3875,1982,5117810.0,57
3876,1982,6014979.0,60
3877,1982,20000096.0,4
3878,1982,8572607.0,61
3879,1982,1751045.0,64
3880,1982,37986012.0,66
3881,1982,1498414.0,67
3882,1982,37213393.0,68
3883,1982,4826933.0,71
3884,1982,676967.0,70
3885,1982,55694106.0,72
3886,1982,789585.0,75
3887,1982,4542800.0,80
3888,1982,12584976.0,83
3889,1982,5170731.0,87
3890,1982,315741.0,81
3891,1982,9789513.0,84
3892,1982,96534.0,85
3893,1982,7262658.0,86
3894,1982,116189.0,88
3895,1982,779639.0,89
3896,1982,4015647.0,92
3897,1982,4634234.0,52
3898,1982,5877684.0,90
3899,1982,10705535.0,93
3900,1982,155228658.0,94
3901,1982,729169466.0,95
3902,1982,3485800.0,98
3903,1982,14467682.0,99
3904,1982,233860.0,100
3905,1982,4031000.0,101
3906,1982,56543548.0,103
3907,1982,2199606.0,105
3908,1982,2406349.0,106
3909,1982,118480000.0,107
3910,1982,14634179.0,108
3911,1982,17411491.0,109
3912,1982,6619699.0,36
3913,1982,62977.0,111
3914,1982,1652921.0,115
3915,1982,3070133.0,119
3916,1982,2047602.0,120
3917,1982,3265457.0,118
3918,1982,25689.0,123
3919,1982,15438753.0,188
3920,1982,1488399.0,122
3921,1982,3457179.0,124
3922,1982,365525.0,125
3923,1982,2531080.0,117
3924,1982,20746765.0,128
3925,1982,27573.0,140
3926,1982,9470990.0,126
3927,1982,174523.0,132
3928,1982,70656783.0,133
3929,1982,34569.0,135
3930,1982,1958275.0,136
3931,1982,7696349.0,137
3932,1982,325898.0,138
3933,1982,34742586.0,144
3934,1982,587001.0,139
3935,1982,1781797.0,134
3936,1982,11901827.0,141
3937,1982,1598332.0,143
3938,1982,992521.0,142
3939,1982,6784347.0,130
3940,1982,13921029.0,129
3941,1982,1005520.0,145
3942,1982,6564445.0,151
3943,1982,77388067.0,150
3944,1982,3491906.0,147
3945,1982,14312690.0,148
3946,1982,4114787.0,152
3947,1982,16347124.0,149
3948,1982,7672.0,153
3949,1982,3156100.0,154
3950,1982,1138301.0,155
3951,1982,87828198.0,156
3952,1982,2050247.0,157
3953,1982,18374372.0,159
3954,1982,50938522.0,160
3955,1982,12666.0,162
3956,1982,3235264.0,163
3957,1982,36230481.0,164
3958,1982,3277453.0,167
3959,1982,9911771.0,165
3960,1982,3251678.0,158
3961,1982,312608.0,168
3962,1982,22475741.0,171
3963,1982,140823000.0,173
3964,1982,5652900.0,174
3965,1982,18128631.0,191
3966,1982,6008392.0,178
3967,1982,2646466.0,180
3968,1982,250250.0,185
3969,1982,3509197.0,182
3970,1982,4599904.0,65
3971,1982,21804.0,184
3972,1982,5951805.0,186
3973,1982,7440000.0,187
3974,1982,4398297.0,189
3975,1982,377288.0,193
3976,1982,1910334.0,183
3977,1982,8325263.0,195
3978,1982,634439.0,196
3979,1982,64413.0,179
3980,1982,9510754.0,197
3981,1982,4622828.0,40
3982,1982,3023343.0,205
3983,1982,47700340.0,201
3984,1982,4278908.0,202
3985,1982,3005972.0,203
3986,1982,655112.0,204
3987,1982,96931.0,200
3988,1982,1157140.0,207
3989,1982,6914963.0,208
3990,1982,7993.0,210
3991,1982,13880052.0,213
3992,1982,50384000.0,214
3993,1982,2979182.0,216
3994,1982,231664000.0,217
3995,1982,16735643.0,218
3996,1982,11889.0,104
3997,1982,123748.0,219
3998,1982,166885.0,176
3999,1982,1665977.0,113
4000,1982,31022417.0,172
4001,1982,6090818.0,229
4002,1982,7803855.0,230
4003,1983,63683.0,11
4004,1983,9951449.0,1
4005,1983,9276707.0,6
4006,1983,2843960.0,3
4007,1983,40432.0,5
4008,1983,1237572.0,211
4009,1983,29377137.0,9
4010,1983,3238291.0,10
4011,1983,36735.0,12
4012,1983,65408.0,7
4013,1983,15393472.0,13
4014,1983,7561910.0,14
4015,1983,6459800.0,15
4016,1983,4726506.0,19
4017,1983,9855520.0,20
4018,1983,4171526.0,21
4019,1983,7531184.0,34
4020,1983,91045478.0,17
4021,1983,8939738.0,33
4022,1983,404772.0,31
4023,1983,4312521.0,24
4024,1983,9843000.0,26
4025,1983,156053.0,25
4026,1983,55930.0,22
4027,1983,6120620.0,28
4028,1983,130977370.0,30
4029,1983,256505.0,18
4030,1983,207523.0,32
4031,1983,456033.0,23
4032,1983,1060717.0,29
4033,1983,2495097.0,35
4034,1983,25366451.0,37
4035,1983,6418773.0,192
4036,1983,11976513.0,41
4037,1983,9240672.0,44
4038,1983,28042329.0,47
4039,1983,356137.0,48
4040,1983,330971.0,50
4041,1983,2622532.0,51
4042,1983,9984591.0,54
4043,1983,19572.0,38
4044,1983,707477.0,55
4045,1983,10323856.0,56
4046,1983,78128282.0,82
4047,1983,367726.0,58
4048,1983,72269.0,59
4049,1983,5114297.0,57
4050,1983,6147213.0,60
4051,1983,20682111.0,4
4052,1983,8795873.0,61
4053,1983,1799814.0,64
4054,1983,38171525.0,66
4055,1983,1508745.0,67
4056,1983,38235187.0,68
4057,1983,4855787.0,71
4058,1983,693593.0,70
4059,1983,55992656.0,72
4060,1983,811098.0,75
4061,1983,4582900.0,80
4062,1983,12984131.0,83
4063,1983,5282274.0,87
4064,1983,336744.0,81
4065,1983,9846627.0,84
4066,1983,98177.0,85
4067,1983,7462585.0,86
4068,1983,119067.0,88
4069,1983,778372.0,89
4070,1983,4137784.0,92
4071,1983,4658254.0,52
4072,1983,5997739.0,90
4073,1983,10689463.0,93
4074,1983,158790611.0,94
4075,1983,745826546.0,95
4076,1983,3510600.0,98
4077,1983,14903737.0,99
4078,1983,236977.0,100
4079,1983,4105000.0,101
4080,1983,56564074.0,103
4081,1983,2232782.0,105
4082,1983,2514785.0,106
4083,1983,119307000.0,107
4084,1983,14885966.0,108
4085,1983,18069461.0,109
4086,1983,6881962.0,36
4087,1983,64121.0,111
4088,1983,1736028.0,115
4089,1983,3106990.0,119
4090,1983,2109151.0,120
4091,1983,3423592.0,118
4092,1983,26055.0,123
4093,1983,15658442.0,188
4094,1983,1530331.0,122
4095,1983,3485192.0,124
4096,1983,365622.0,125
4097,1983,2546011.0,117
4098,1983,21287381.0,128
4099,1983,27985.0,140
4100,1983,9740088.0,126
4101,1983,179339.0,132
4102,1983,72080310.0,133
4103,1983,35975.0,135
4104,1983,1974441.0,136
4105,1983,7863944.0,137
4106,1983,330524.0,138
4107,1983,35424262.0,144
4108,1983,594506.0,139
4109,1983,1825773.0,134
4110,1983,12163328.0,141
4111,1983,1646343.0,143
4112,1983,1001691.0,142
4113,1983,7058317.0,130
4114,1983,14292862.0,129
4115,1983,1033085.0,145
4116,1983,6766606.0,151
4117,1983,79351586.0,150
4118,1983,3584610.0,147
4119,1983,14367070.0,148
4120,1983,4128432.0,152
4121,1983,16740664.0,149
4122,1983,7832.0,153
4123,1983,3199300.0,154
4124,1983,1204626.0,155
4125,1983,91080372.0,156
4126,1983,2098499.0,157
4127,1983,18826906.0,159
4128,1983,52219685.0,160
4129,1983,12973.0,162
4130,1983,3303677.0,163
4131,1983,36571808.0,164
4132,1983,3311138.0,167
4133,1983,9957865.0,165
4134,1983,3343276.0,158
4135,1983,330454.0,168
4136,1983,22560478.0,171
4137,1983,141668000.0,173
4138,1983,5859396.0,174
4139,1983,18733995.0,191
4140,1983,6171874.0,178
4141,1983,2681061.0,180
4142,1983,258945.0,185
4143,1983,3585773.0,182
4144,1983,4689680.0,65
4145,1983,21973.0,184
4146,1983,6142513.0,186
4147,1983,7468000.0,187
4148,1983,4502541.0,189
4149,1983,379409.0,193
4150,1983,1922321.0,183
4151,1983,8329033.0,195
4152,1983,655505.0,196
4153,1983,64335.0,179
4154,1983,9835461.0,197
4155,1983,4859173.0,40
4156,1983,3126635.0,205
4157,1983,48670565.0,201
4158,1983,4401502.0,202
4159,1983,3082202.0,203
4160,1983,662412.0,204
4161,1983,96981.0,200
4162,1983,1171273.0,207
4163,1983,7091270.0,208
4164,1983,8099.0,210
4165,1983,14228932.0,213
4166,1983,50564000.0,214
4167,1983,2993285.0,216
4168,1983,233792000.0,217
4169,1983,17152857.0,218
4170,1983,12315.0,104
4171,1983,126743.0,219
4172,1983,166944.0,176
4173,1983,1706004.0,113
4174,1983,31865176.0,172
4175,1983,6291070.0,229
4176,1983,8106356.0,230
4177,1984,64174.0,11
4178,1984,10243686.0,1
4179,1984,9617702.0,6
4180,1984,2904429.0,3
4181,1984,42181.0,5
4182,1984,1308331.0,211
4183,1984,29832197.0,9
4184,1984,3272102.0,10
4185,1984,38168.0,12
4186,1984,65362.0,7
4187,1984,15579391.0,13
4188,1984,7561434.0,14
4189,1984,6567850.0,15
4190,1984,4842268.0,19
4191,1984,9855372.0,20
4192,1984,4293070.0,21
4193,1984,7751476.0,34
4194,1984,93534239.0,17
4195,1984,8960679.0,33
4196,1984,419217.0,31
4197,1984,4349597.0,24
4198,1984,9910000.0,26
4199,1984,159721.0,25
4200,1984,56423.0,22
4201,1984,6251926.0,28
4202,1984,133888775.0,30
4203,1984,257279.0,18
4204,1984,214682.0,32
4205,1984,470165.0,23
4206,1984,1099170.0,29
4207,1984,2523538.0,35
4208,1984,25607053.0,37
4209,1984,6441865.0,192
4210,1984,12147758.0,41
4211,1984,9508570.0,44
4212,1984,28689032.0,47
4213,1984,365664.0,48
4214,1984,335473.0,50
4215,1984,2696200.0,51
4216,1984,10065539.0,54
4217,1984,20433.0,38
4218,1984,719678.0,55
4219,1984,10330213.0,56
4220,1984,77858685.0,82
4221,1984,382156.0,58
4222,1984,71936.0,59
4223,1984,5111619.0,57
4224,1984,6282104.0,60
4225,1984,21393530.0,4
4226,1984,9022979.0,61
4227,1984,1849594.0,64
4228,1984,38330364.0,66
4229,1984,1518617.0,67
4230,1984,39202890.0,68
4231,1984,4881803.0,71
4232,1984,710561.0,70
4233,1984,56275701.0,72
4234,1984,833417.0,75
4235,1984,4622200.0,80
4236,1984,13342487.0,83
4237,1984,5402084.0,87
4238,1984,357995.0,81
4239,1984,9895801.0,84
4240,1984,99618.0,85
4241,1984,7669863.0,86
4242,1984,121885.0,88
4243,1984,776007.0,89
4244,1984,4261919.0,92
4245,1984,4680285.0,52
4246,1984,6119932.0,90
4247,1984,10668095.0,93
4248,1984,162331962.0,94
4249,1984,762895156.0,95
4250,1984,3532423.0,98
4251,1984,15377032.0,99
4252,1984,239511.0,100
4253,1984,4159000.0,101
4254,1984,56576718.0,103
4255,1984,2264095.0,105
4256,1984,2629939.0,106
4257,1984,120083000.0,107
4258,1984,15147590.0,108
4259,1984,18753176.0,109
4260,1984,7133899.0,36
4261,1984,65338.0,111
4262,1984,1813986.0,115
4263,1984,3163558.0,119
4264,1984,2174194.0,120
4265,1984,3564547.0,118
4266,1984,26420.0,123
4267,1984,15872577.0,188
4268,1984,1573267.0,122
4269,1984,3514205.0,124
4270,1984,365998.0,125
4271,1984,2562047.0,117
4272,1984,21817271.0,128
4273,1984,28407.0,140
4274,1984,10015017.0,126
4275,1984,184388.0,132
4276,1984,73489654.0,133
4277,1984,37437.0,135
4278,1984,1988682.0,136
4279,1984,8030099.0,137
4280,1984,330593.0,138
4281,1984,36159838.0,144
4282,1984,600884.0,139
4283,1984,1871652.0,134
4284,1984,12426223.0,141
4285,1984,1695675.0,143
4286,1984,1012221.0,142
4287,1984,7339002.0,130
4288,1984,14686454.0,129
4289,1984,1061995.0,145
4290,1984,6973849.0,151
4291,1984,81337553.0,150
4292,1984,3674501.0,147
4293,1984,14424211.0,148
4294,1984,4140099.0,152
4295,1984,17141610.0,149
4296,1984,8125.0,153
4297,1984,3227100.0,154
4298,1984,1273306.0,155
4299,1984,94003867.0,156
4300,1984,2147577.0,157
4301,1984,19285646.0,159
4302,1984,53514959.0,160
4303,1984,13299.0,162
4304,1984,3374465.0,163
4305,1984,36904134.0,164
4306,1984,3344190.0,167
4307,1984,9996232.0,165
4308,1984,3437892.0,158
4309,1984,348241.0,168
4310,1984,22640547.0,171
4311,1984,142745000.0,173
4312,1984,6056729.0,174
4313,1984,19165837.0,191
4314,1984,6341801.0,178
4315,1984,2732221.0,180
4316,1984,267913.0,185
4317,1984,3666262.0,182
4318,1984,4782219.0,65
4319,1984,22096.0,184
4320,1984,6369020.0,186
4321,1984,7489000.0,187
4322,1984,4603039.0,189
4323,1984,382617.0,193
4324,1984,1932154.0,183
4325,1984,8336605.0,195
4326,1984,677303.0,196
4327,1984,64717.0,179
4328,1984,10183138.0,197
4329,1984,4920556.0,40
4330,1984,3232244.0,205
4331,1984,49636724.0,201
4332,1984,4529501.0,202
4333,1984,3162165.0,203
4334,1984,671373.0,204
4335,1984,97022.0,200
4336,1984,1184747.0,207
4337,1984,7279157.0,208
4338,1984,8197.0,210
4339,1984,14617944.0,213
4340,1984,50754000.0,214
4341,1984,3008255.0,216
4342,1984,235825000.0,217
4343,1984,17594364.0,218
4344,1984,12753.0,104
4345,1984,129873.0,219
4346,1984,166779.0,176
4347,1984,1746874.0,113
4348,1984,32768207.0,172
4349,1984,6488072.0,229
4350,1984,8398567.0,230
4351,1985,64478.0,11
4352,1985,10512221.0,1
4353,1985,9970621.0,6
4354,1985,2964762.0,3
4355,1985,43809.0,5
4356,1985,1379536.0,211
4357,1985,30287112.0,9
4358,1985,3300896.0,10
4359,1985,39663.0,12
4360,1985,65048.0,7
4361,1985,15788312.0,13
4362,1985,7564985.0,14
4363,1985,6670150.0,15
4364,1985,4948024.0,19
4365,1985,9858308.0,20
4366,1985,4419552.0,21
4367,1985,7979185.0,34
4368,1985,95959099.0,17
4369,1985,8960547.0,33
4370,1985,434375.0,31
4371,1985,4383306.0,24
4372,1985,9975000.0,26
4373,1985,163436.0,25
4374,1985,56898.0,22
4375,1985,6385630.0,28
4376,1985,136783180.0,30
4377,1985,257911.0,18
4378,1985,222119.0,32
4379,1985,484528.0,23
4380,1985,1138704.0,29
4381,1985,2553075.0,35
4382,1985,25842116.0,37
4383,1985,6470365.0,192
4384,1985,12326396.0,41
4385,1985,9804254.0,44
4386,1985,29326260.0,47
4387,1985,375650.0,48
4388,1985,339874.0,50
4389,1985,2771463.0,51
4390,1985,10149044.0,54
4391,1985,21313.0,38
4392,1985,731664.0,55
4393,1985,10337118.0,56
4394,1985,77684873.0,82
4395,1985,400709.0,58
4396,1985,71596.0,59
4397,1985,5113691.0,57
4398,1985,6417798.0,60
4399,1985,22132905.0,4
4400,1985,9254311.0,61
4401,1985,1899243.0,64
4402,1985,38469512.0,66
4403,1985,1528781.0,67
4404,1985,40285965.0,68
4405,1985,4902206.0,71
4406,1985,727461.0,70
4407,1985,56569195.0,72
4408,1985,856482.0,75
4409,1985,4662900.0,80
4410,1985,13651443.0,83
4411,1985,5531661.0,87
4412,1985,378379.0,81
4413,1985,9934300.0,84
4414,1985,100576.0,85
4415,1985,7884034.0,86
4416,1985,124675.0,88
4417,1985,772671.0,89
4418,1985,4387693.0,92
4419,1985,4701417.0,52
4420,1985,6245539.0,90
4421,1985,10648713.0,93
4422,1985,165791694.0,94
4423,1985,780242084.0,95
4424,1985,3538082.0,98
4425,1985,15753856.0,99
4426,1985,241405.0,100
4427,1985,4233000.0,101
4428,1985,56593071.0,103
4429,1985,2292030.0,105
4430,1985,2751492.0,106
4431,1985,120837000.0,107
4432,1985,15413315.0,108
4433,1985,19452161.0,109
4434,1985,7376090.0,36
4435,1985,66708.0,111
4436,1985,1888975.0,115
4437,1985,3226750.0,119
4438,1985,2239724.0,120
4439,1985,3684313.0,118
4440,1985,26785.0,123
4441,1985,16092338.0,188
4442,1985,1616697.0,122
4443,1985,3544543.0,124
4444,1985,366706.0,125
4445,1985,2578873.0,117
4446,1985,22335077.0,128
4447,1985,28807.0,140
4448,1985,10297746.0,126
4449,1985,190383.0,132
4450,1985,74872006.0,133
4451,1985,38962.0,135
4452,1985,2001504.0,136
4453,1985,8187651.0,137
4454,1985,336452.0,138
4455,1985,36881020.0,144
4456,1985,605398.0,139
4457,1985,1919744.0,134
4458,1985,12680065.0,141
4459,1985,1746265.0,143
4460,1985,1020528.0,142
4461,1985,7625078.0,130
4462,1985,15108135.0,129
4463,1985,1093311.0,145
4464,1985,7187618.0,151
4465,1985,83585251.0,150
4466,1985,3763034.0,147
4467,1985,14491632.0,148
4468,1985,4152516.0,152
4469,1985,17540571.0,149
4470,1985,8313.0,153
4471,1985,3247100.0,154
4472,1985,1353289.0,155
4473,1985,97121552.0,156
4474,1985,2197065.0,157
4475,1985,19746610.0,159
4476,1985,54812660.0,160
4477,1985,13644.0,162
4478,1985,3447579.0,163
4479,1985,37201885.0,164
4480,1985,3377000.0,167
4481,1985,10023613.0,165
4482,1985,3535498.0,158
4483,1985,365868.0,168
4484,1985,22732999.0,171
4485,1985,143858000.0,173
4486,1985,6266752.0,174
4487,1985,19517196.0,191
4488,1985,6520705.0,178
4489,1985,2735957.0,180
4490,1985,277158.0,185
4491,1985,3749419.0,182
4492,1985,4876757.0,65
4493,1985,22241.0,184
4494,1985,6630637.0,186
4495,1985,7504000.0,187
4496,1985,4706975.0,189
4497,1985,387171.0,193
4498,1985,1941641.0,183
4499,1985,8350386.0,195
4500,1985,702400.0,196
4501,1985,65244.0,179
4502,1985,10540926.0,197
4503,1985,4967590.0,40
4504,1985,3336508.0,205
4505,1985,50594940.0,201
4506,1985,4660598.0,202
4507,1985,3246887.0,203
4508,1985,682109.0,204
4509,1985,97055.0,200
4510,1985,1199785.0,207
4511,1985,7476092.0,208
4512,1985,8329.0,210
4513,1985,15038915.0,213
4514,1985,50917000.0,214
4515,1985,3024218.0,216
4516,1985,237924000.0,217
4517,1985,18063201.0,218
4518,1985,13202.0,104
4519,1985,133119.0,219
4520,1985,166517.0,176
4521,1985,1787432.0,113
4522,1985,33752964.0,172
4523,1985,6686449.0,229
4524,1985,8690515.0,230
4525,1986,64553.0,11
4526,1986,10448442.0,1
4527,1986,10332574.0,6
4528,1986,3022635.0,3
4529,1986,45605.0,5
4530,1986,1468697.0,211
4531,1986,30748326.0,9
4532,1986,3327182.0,10
4533,1986,41221.0,12
4534,1986,64712.0,7
4535,1986,16018350.0,13
4536,1986,7569794.0,14
4537,1986,6770300.0,15
4538,1986,5041706.0,19
4539,1986,9861823.0,20
4540,1986,4551382.0,21
4541,1986,8207827.0,34
4542,1986,98271746.0,17
4543,1986,8958171.0,33
4544,1986,450196.0,31
4545,1986,4413374.0,24
4546,1986,10043000.0,26
4547,1986,167191.0,25
4548,1986,57382.0,22
4549,1986,6521983.0,28
4550,1986,139643355.0,30
4551,1986,258370.0,18
4552,1986,229815.0,32
4553,1986,499151.0,23
4554,1986,1179263.0,29
4555,1986,2583631.0,35
4556,1986,26100278.0,37
4557,1986,6504124.0,192
4558,1986,12514502.0,41
4559,1986,10112712.0,44
4560,1986,29960101.0,47
4561,1986,386068.0,48
4562,1986,344271.0,50
4563,1986,2847849.0,51
4564,1986,10235480.0,54
4565,1986,22195.0,38
4566,1986,743446.0,55
4567,1986,10342227.0,56
4568,1986,77720436.0,82
4569,1986,424286.0,58
4570,1986,71215.0,59
4571,1986,5120534.0,57
4572,1986,6554325.0,60
4573,1986,22882553.0,4
4574,1986,9490096.0,61
4575,1986,1949611.0,64
4576,1986,38584624.0,66
4577,1986,1540190.0,67
4578,1986,41455309.0,68
4579,1986,4918154.0,71
4580,1986,742658.0,70
4581,1986,56865193.0,72
4582,1986,880340.0,75
4583,1986,4704500.0,80
4584,1986,13971682.0,83
4585,1986,5671380.0,87
4586,1986,397276.0,81
4587,1986,9967213.0,84
4588,1986,100893.0,85
4589,1986,8104921.0,86
4590,1986,127462.0,88
4591,1986,768508.0,89
4592,1986,4515568.0,92
4593,1986,4721446.0,52
4594,1986,6375097.0,90
4595,1986,10630564.0,93
4596,1986,169135273.0,94
4597,1986,797878993.0,95
4598,1986,3539690.0,98
4599,1986,16148221.0,99
4600,1986,243180.0,100
4601,1986,4299000.0,101
4602,1986,56596155.0,103
4603,1986,2315871.0,105
4604,1986,2879799.0,106
4605,1986,121482000.0,107
4606,1986,15721289.0,108
4607,1986,20160879.0,109
4608,1986,7661317.0,36
4609,1986,68266.0,111
4610,1986,1968093.0,115
4611,1986,3308010.0,119
4612,1986,2305860.0,120
4613,1986,3800110.0,118
4614,1986,27159.0,123
4615,1986,16317995.0,188
4616,1986,1659793.0,122
4617,1986,3578914.0,124
4618,1986,368355.0,125
4619,1986,2599892.0,117
4620,1986,22824446.0,128
4621,1986,29171.0,140
4622,1986,10588428.0,126
4623,1986,197225.0,132
4624,1986,76224365.0,133
4625,1986,40527.0,135
4626,1986,2012926.0,136
4627,1986,8334588.0,137
4628,1986,342121.0,138
4629,1986,37572340.0,144
4630,1986,607711.0,139
4631,1986,1969912.0,134
4632,1986,12909797.0,141
4633,1986,1798009.0,143
4634,1986,1028360.0,142
4635,1986,7909819.0,130
4636,1986,15558740.0,129
4637,1986,1127989.0,145
4638,1986,7408364.0,151
4639,1986,85804185.0,150
4640,1986,3852017.0,147
4641,1986,14572278.0,148
4642,1986,4167354.0,152
4643,1986,17936926.0,149
4644,1986,8527.0,153
4645,1986,3246300.0,154
4646,1986,1443446.0,155
4647,1986,100618523.0,156
4648,1986,2246960.0,157
4649,1986,20208437.0,159
4650,1986,56109838.0,160
4651,1986,13985.0,162
4652,1986,3522916.0,163
4653,1986,37456119.0,164
4654,1986,3409554.0,167
4655,1986,10032734.0,165
4656,1986,3636027.0,158
4657,1986,382328.0,168
4658,1986,22836841.0,171
4659,1986,144894000.0,173
4660,1986,6497804.0,174
4661,1986,19887452.0,191
4662,1986,6710885.0,178
4663,1986,2733373.0,180
4664,1986,286527.0,185
4665,1986,3842917.0,182
4666,1986,4970788.0,65
4667,1986,22390.0,184
4668,1986,6908579.0,186
4669,1986,7536000.0,187
4670,1986,4819667.0,189
4671,1986,392372.0,193
4672,1986,1965964.0,183
4673,1986,8369829.0,195
4674,1986,730150.0,196
4675,1986,65652.0,179
4676,1986,10907619.0,197
4677,1986,5118160.0,40
4678,1986,3439370.0,205
4679,1986,51542094.0,201
4680,1986,4798281.0,202
4681,1986,3336773.0,203
4682,1986,694250.0,204
4683,1986,97078.0,200
4684,1986,1216370.0,207
4685,1986,7675499.0,208
4686,1986,8496.0,210
4687,1986,15486807.0,213
4688,1986,51097000.0,214
4689,1986,3041205.0,216
4690,1986,240133000.0,217
4691,1986,18560008.0,218
4692,1986,13656.0,104
4693,1986,136488.0,219
4694,1986,166365.0,176
4695,1986,1827149.0,113
4696,1986,34877834.0,172
4697,1986,6890967.0,229
4698,1986,8983044.0,230
4699,1987,64450.0,11
4700,1987,10322758.0,1
4701,1987,10694057.0,6
4702,1987,3083605.0,3
4703,1987,47635.0,5
4704,1987,1575909.0,211
4705,1987,31216453.0,9
4706,1987,3351364.0,10
4707,1987,42842.0,12
4708,1987,64353.0,7
4709,1987,16263874.0,13
4710,1987,7574586.0,14
4711,1987,6875350.0,15
4712,1987,5157769.0,19
4713,1987,9870234.0,20
4714,1987,4688787.0,21
4715,1987,8434996.0,34
4716,1987,100490256.0,17
4717,1987,8971359.0,33
4718,1987,466565.0,31
4719,1987,4440300.0,24
4720,1987,10111000.0,26
4721,1987,170980.0,25
4722,1987,57849.0,22
4723,1987,6661434.0,28
4724,1987,142466264.0,30
4725,1987,258654.0,18
4726,1987,237712.0,32
4727,1987,514026.0,23
4728,1987,1220361.0,29
4729,1987,2615594.0,35
4730,1987,26446601.0,37
4731,1987,6545106.0,192
4732,1987,12712784.0,41
4733,1987,10433905.0,44
4734,1987,30603048.0,47
4735,1987,396887.0,48
4736,1987,348718.0,50
4737,1987,2924595.0,51
4738,1987,10326910.0,54
4739,1987,23075.0,38
4740,1987,755021.0,55
4741,1987,10347318.0,56
4742,1987,77839920.0,82
4743,1987,452272.0,58
4744,1987,70808.0,59
4745,1987,5127024.0,57
4746,1987,6692720.0,60
4747,1987,23586101.0,4
4748,1987,9729376.0,61
4749,1987,2000355.0,64
4750,1987,38684815.0,66
4751,1987,1552221.0,67
4752,1987,42851957.0,68
4753,1987,4932123.0,71
4754,1987,754778.0,70
4755,1987,57168409.0,72
4756,1987,905016.0,75
4757,1987,4743500.0,80
4758,1987,14310790.0,83
4759,1987,5820774.0,87
4760,1987,414769.0,81
4761,1987,10000595.0,84
4762,1987,100599.0,85
4763,1987,8332446.0,86
4764,1987,130259.0,88
4765,1987,763706.0,89
4766,1987,4645733.0,92
4767,1987,4739745.0,52
4768,1987,6508349.0,90
4769,1987,10612741.0,93
4770,1987,172421390.0,94
4771,1987,815716125.0,95
4772,1987,3540057.0,98
4773,1987,16598019.0,99
4774,1987,245859.0,100
4775,1987,4369000.0,101
4776,1987,56601931.0,103
4777,1987,2336245.0,105
4778,1987,3014694.0,106
4779,1987,122069000.0,107
4780,1987,16072478.0,108
4781,1987,20882094.0,109
4782,1987,7975597.0,36
4783,1987,69946.0,111
4784,1987,2048477.0,115
4785,1987,3390870.0,119
4786,1987,2372449.0,120
4787,1987,3911939.0,118
4788,1987,27542.0,123
4789,1987,16547139.0,188
4790,1987,1698939.0,122
4791,1987,3616367.0,124
4792,1987,370750.0,125
4793,1987,2626583.0,117
4794,1987,23279935.0,128
4795,1987,29500.0,140
4796,1987,10890514.0,126
4797,1987,204256.0,132
4798,1987,77553504.0,133
4799,1987,42122.0,135
4800,1987,2023097.0,136
4801,1987,8474329.0,137
4802,1987,344485.0,138
4803,1987,38233171.0,144
4804,1987,608144.0,139
4805,1987,2021502.0,134
4806,1987,12964793.0,141
4807,1987,1851092.0,143
4808,1987,1036082.0,142
4809,1987,8295993.0,130
4810,1987,16033103.0,129
4811,1987,1165430.0,145
4812,1987,7636591.0,151
4813,1987,88044187.0,150
4814,1987,3941463.0,147
4815,1987,14665037.0,148
4816,1987,4186905.0,152
4817,1987,18326204.0,149
4818,1987,8759.0,153
4819,1987,3274400.0,154
4820,1987,1533351.0,155
4821,1987,104251093.0,156
4822,1987,2297231.0,157
4823,1987,20671360.0,159
4824,1987,57415175.0,160
4825,1987,14309.0,162
4826,1987,3600343.0,163
4827,1987,37668045.0,164
4828,1987,3441850.0,167
4829,1987,10030031.0,165
4830,1987,3739050.0,158
4831,1987,397391.0,168
4832,1987,22949430.0,171
4833,1987,145908000.0,173
4834,1987,6735829.0,174
4835,1987,20230532.0,191
4836,1987,6909837.0,178
4837,1987,2774789.0,180
4838,1987,295836.0,185
4839,1987,3947865.0,182
4840,1987,5067200.0,65
4841,1987,22437.0,184
4842,1987,7158004.0,186
4843,1987,7558000.0,187
4844,1987,4893809.0,189
4845,1987,396867.0,193
4846,1987,1989776.0,183
4847,1987,8397804.0,195
4848,1987,758669.0,196
4849,1987,68499.0,179
4850,1987,11281107.0,197
4851,1987,5300852.0,40
4852,1987,3544927.0,205
4853,1987,52479181.0,201
4854,1987,4946293.0,202
4855,1987,3430501.0,203
4856,1987,707762.0,204
4857,1987,97392.0,200
4858,1987,1231442.0,207
4859,1987,7874302.0,208
4860,1987,8665.0,210
4861,1987,15974216.0,213
4862,1987,51293000.0,214
4863,1987,3058787.0,216
4864,1987,242289000.0,217
4865,1987,19077170.0,218
4866,1987,14117.0,104
4867,1987,139956.0,219
4868,1987,166773.0,176
4869,1987,1865129.0,113
4870,1987,36119333.0,172
4871,1987,7095185.0,229
4872,1987,9277488.0,230
4873,1988,64332.0,11
4874,1988,10383460.0,1
4875,1988,11060261.0,6
4876,1988,3142336.0,3
4877,1988,49654.0,5
4878,1988,1683681.0,211
4879,1988,31690792.0,9
4880,1988,3366838.0,10
4881,1988,44532.0,12
4882,1988,63982.0,7
4883,1988,16532164.0,13
4884,1988,7585317.0,14
4885,1988,6974600.0,15
4886,1988,5271840.0,19
4887,1988,9901664.0,20
4888,1988,4831624.0,21
4889,1988,8663720.0,34
4890,1988,102688833.0,17
4891,1988,8981446.0,33
4892,1988,483337.0,31
4893,1988,4463320.0,24
4894,1988,10140000.0,26
4895,1988,174817.0,25
4896,1988,58347.0,22
4897,1988,6804072.0,28
4898,1988,145253973.0,30
4899,1988,258762.0,18
4900,1988,245729.0,32
4901,1988,529051.0,23
4902,1988,1261272.0,29
4903,1988,2657235.0,35
4904,1988,26791747.0,37
4905,1988,6593386.0,192
4906,1988,12918389.0,41
4907,1988,10759573.0,44
4908,1988,31256727.0,47
4909,1988,408070.0,48
4910,1988,353233.0,50
4911,1988,3001461.0,51
4912,1988,10425433.0,54
4913,1988,23956.0,38
4914,1988,766412.0,55
4915,1988,10355276.0,56
4916,1988,78144619.0,82
4917,1988,482337.0,58
4918,1988,70397.0,59
4919,1988,5129516.0,57
4920,1988,6834207.0,60
4921,1988,24243018.0,4
4922,1988,9969788.0,61
4923,1988,2051546.0,64
4924,1988,38766939.0,66
4925,1988,1561900.0,67
4926,1988,44511537.0,68
4927,1988,4946481.0,71
4928,1988,764370.0,70
4929,1988,57472651.0,72
4930,1988,930464.0,75
4931,1988,4790700.0,80
4932,1988,14671677.0,83
4933,1988,5977175.0,87
4934,1988,431587.0,81
4935,1988,10036983.0,84
4936,1988,99877.0,85
4937,1988,8566331.0,86
4938,1988,133079.0,88
4939,1988,758450.0,89
4940,1988,4778114.0,92
4941,1988,4755207.0,52
4942,1988,6644959.0,90
4943,1988,10596487.0,93
4944,1988,175694647.0,94
4945,1988,833729681.0,95
4946,1988,3524949.0,98
4947,1988,16987346.0,99
4948,1988,249740.0,100
4949,1988,4442000.0,101
4950,1988,56629288.0,103
4951,1988,2354805.0,105
4952,1988,3157177.0,106
4953,1988,122578000.0,107
4954,1988,16430590.0,108
4955,1988,21626122.0,109
4956,1988,8269780.0,36
4957,1988,71680.0,111
4958,1988,2129153.0,115
4959,1988,3457148.0,119
4960,1988,2439639.0,120
4961,1988,4021565.0,118
4962,1988,27944.0,123
4963,1988,16773736.0,188
4964,1988,1733733.0,122
4965,1988,3655049.0,124
4966,1988,373450.0,125
4967,1988,2653434.0,117
4968,1988,23720590.0,128
4969,1988,29802.0,140
4970,1988,11206789.0,126
4971,1988,211160.0,132
4972,1988,78892015.0,133
4973,1988,43687.0,135
4974,1988,2031932.0,136
4975,1988,8617474.0,137
4976,1988,347325.0,138
4977,1988,38868270.0,144
4978,1988,607413.0,139
4979,1988,2073771.0,134
4980,1988,12956772.0,141
4981,1988,1905847.0,143
4982,1988,1043239.0,142
4983,1988,8754781.0,130
4984,1988,16524616.0,129
4985,1988,1207949.0,145
4986,1988,7872252.0,151
4987,1988,90351467.0,150
4988,1988,4033291.0,147
4989,1988,14760094.0,148
4990,1988,4209488.0,152
4991,1988,18720745.0,149
4992,1988,9022.0,153
4993,1988,3283400.0,154
4994,1988,1623433.0,155
4995,1988,107967838.0,156
4996,1988,2347821.0,157
4997,1988,21143799.0,159
4998,1988,58755923.0,160
4999,1988,14632.0,162
5000,1988,3679651.0,163
5001,1988,37824487.0,164
5002,1988,3473898.0,167
5003,1988,10019610.0,165
5004,1988,3844437.0,158
5005,1988,412142.0,168
5006,1988,23057662.0,171
5007,1988,146857000.0,173
5008,1988,6953975.0,174
5009,1988,20453819.0,191
5010,1988,7113636.0,178
5011,1988,2846108.0,180
5012,1988,305132.0,185
5013,1988,4056215.0,182
5014,1988,5170440.0,65
5015,1988,22542.0,184
5016,1988,7160461.0,186
5017,1988,7572000.0,187
5018,1988,4814879.0,189
5019,1988,402139.0,193
5020,1988,1995196.0,183
5021,1988,8436489.0,195
5022,1988,794434.0,196
5023,1988,68755.0,179
5024,1988,11657772.0,197
5025,1988,5483038.0,40
5026,1988,3653420.0,205
5027,1988,53410965.0,201
5028,1988,5100020.0,202
5029,1988,3525110.0,203
5030,1988,722690.0,204
5031,1988,97939.0,200
5032,1988,1244633.0,207
5033,1988,8068788.0,208
5034,1988,8844.0,210
5035,1988,16489323.0,213
5036,1988,51521000.0,214
5037,1988,3077760.0,216
5038,1988,244499000.0,217
5039,1988,19600028.0,218
5040,1988,14593.0,104
5041,1988,143528.0,219
5042,1988,167452.0,176
5043,1988,1898987.0,113
5044,1988,37393853.0,172
5045,1988,7294325.0,229
5046,1988,9568739.0,230
5047,1989,64596.0,11
5048,1989,10673168.0,1
5049,1989,11439498.0,6
5050,1989,3227943.0,3
5051,1989,51639.0,5
5052,1989,1791840.0,211
5053,1989,32165766.0,9
5054,1989,3448186.0,10
5055,1989,46288.0,12
5056,1989,63636.0,7
5057,1989,16814416.0,13
5058,1989,7619567.0,14
5059,1989,7076550.0,15
5060,1989,5373697.0,19
5061,1989,9937697.0,20
5062,1989,4979680.0,21
5063,1989,8895234.0,34
5064,1989,104893674.0,17
5065,1989,8876972.0,33
5066,1989,500349.0,31
5067,1989,4481230.0,24
5068,1989,10170000.0,26
5069,1989,178695.0,25
5070,1989,58841.0,22
5071,1989,6949139.0,28
5072,1989,148003411.0,30
5073,1989,258759.0,18
5074,1989,253821.0,32
5075,1989,544209.0,23
5076,1989,1301671.0,29
5077,1989,2724109.0,35
5078,1989,27276781.0,37
5079,1989,6646912.0,192
5080,1989,13128619.0,41
5081,1989,11089222.0,44
5082,1989,31923117.0,47
5083,1989,419584.0,48
5084,1989,358150.0,50
5085,1989,3079001.0,51
5086,1989,10527187.0,54
5087,1989,24888.0,38
5088,1989,777592.0,55
5089,1989,10361068.0,56
5090,1989,78751283.0,82
5091,1989,521104.0,58
5092,1989,69975.0,59
5093,1989,5132594.0,57
5094,1989,6980033.0,60
5095,1989,24889507.0,4
5096,1989,10210185.0,61
5097,1989,2102131.0,64
5098,1989,38827764.0,66
5099,1989,1568131.0,67
5100,1989,46195954.0,68
5101,1989,4964371.0,71
5102,1989,772704.0,70
5103,1989,57766282.0,72
5104,1989,956509.0,75
5105,1989,4803300.0,80
5106,1989,15052447.0,83
5107,1989,6136166.0,87
5108,1989,448420.0,81
5109,1989,10089498.0,84
5110,1989,99224.0,85
5111,1989,8805995.0,86
5112,1989,135759.0,88
5113,1989,752897.0,89
5114,1989,4913676.0,92
5115,1989,4767260.0,52
5116,1989,6784161.0,90
5117,1989,10481719.0,93
5118,1989,178949174.0,94
5119,1989,852012673.0,95
5120,1989,3511009.0,98
5121,1989,17442590.0,99
5122,1989,252852.0,100
5123,1989,4518000.0,101
5124,1989,56671781.0,103
5125,1989,2373365.0,105
5126,1989,3310954.0,106
5127,1989,123069000.0,107
5128,1989,16249500.0,108
5129,1989,22387803.0,109
5130,1989,8570928.0,36
5131,1989,73436.0,111
5132,1989,2210013.0,115
5133,1989,3525502.0,119
5134,1989,2507600.0,120
5135,1989,4130042.0,118
5136,1989,28357.0,123
5137,1989,16990575.0,188
5138,1989,1767091.0,122
5139,1989,3684255.0,124
5140,1989,377100.0,125
5141,1989,2666955.0,117
5142,1989,24148104.0,128
5143,1989,30078.0,140
5144,1989,11536734.0,126
5145,1989,217937.0,132
5146,1989,80233749.0,133
5147,1989,44988.0,135
5148,1989,2039426.0,136
5149,1989,8774122.0,137
5150,1989,350722.0,138
5151,1989,39489419.0,144
5152,1989,606571.0,139
5153,1989,2120825.0,134
5154,1989,13087604.0,141
5155,1989,1955040.0,143
5156,1989,1051260.0,142
5157,1989,9174895.0,130
5158,1989,17020143.0,129
5159,1989,1288070.0,145
5160,1989,8116075.0,151
5161,1989,92744064.0,150
5162,1989,4129447.0,147
5163,1989,14848907.0,148
5164,1989,4226901.0,152
5165,1989,19145077.0,149
5166,1989,9306.0,153
5167,1989,3299200.0,154
5168,1989,1713838.0,155
5169,1989,111670386.0,156
5170,1989,2398535.0,157
5171,1989,21624311.0,159
5172,1989,60127343.0,160
5173,1989,14957.0,162
5174,1989,3764112.0,163
5175,1989,37961529.0,164
5176,1989,3505650.0,167
5177,1989,10005000.0,165
5178,1989,3951288.0,158
5179,1989,426896.0,168
5180,1989,23161458.0,171
5181,1989,147721000.0,173
5182,1989,7141974.0,174
5183,1989,20718709.0,191
5184,1989,7321832.0,178
5185,1989,2930901.0,180
5186,1989,314560.0,185
5187,1989,4159163.0,182
5188,1989,5270825.0,65
5189,1989,22803.0,184
5190,1989,7035378.0,186
5191,1989,7581000.0,187
5192,1989,4706626.0,189
5193,1989,408360.0,193
5194,1989,1996351.0,183
5195,1989,8492964.0,195
5196,1989,825952.0,196
5197,1989,69167.0,179
5198,1989,12034097.0,197
5199,1989,5670619.0,40
5200,1989,3763657.0,205
5201,1989,54324004.0,201
5202,1989,5264332.0,202
5203,1989,3621303.0,203
5204,1989,739735.0,204
5205,1989,98379.0,200
5206,1989,1256210.0,207
5207,1989,8256396.0,208
5208,1989,9017.0,210
5209,1989,17028543.0,213
5210,1989,51773000.0,214
5211,1989,3097889.0,216
5212,1989,246819000.0,217
5213,1989,20102902.0,218
5214,1989,15091.0,104
5215,1989,147181.0,219
5216,1989,167886.0,176
5217,1989,1931017.0,113
5218,1989,38668684.0,172
5219,1989,7491275.0,229
5220,1989,9846346.0,230
5221,1990,65712.0,11
5222,1990,10694796.0,1
5223,1990,11828638.0,6
5224,1990,3286542.0,3
5225,1990,53569.0,5
5226,1990,1900151.0,211
5227,1990,32637657.0,9
5228,1990,3556539.0,10
5229,1990,47818.0,12
5230,1990,63328.0,7
5231,1990,17065128.0,13
5232,1990,7677850.0,14
5233,1990,7175200.0,15
5234,1990,5483793.0,19
5235,1990,9967379.0,20
5236,1990,5133419.0,21
5237,1990,9131361.0,34
5238,1990,107147651.0,17
5239,1990,8718289.0,33
5240,1990,517418.0,31
5241,1990,4494310.0,24
5242,1990,10189348.0,26
5243,1990,182589.0,25
5244,1990,59326.0,22
5245,1990,7096194.0,28
5246,1990,150706446.0,30
5247,1990,258868.0,18
5248,1990,261928.0,32
5249,1990,558442.0,23
5250,1990,1341474.0,29
5251,1990,2809221.0,35
5252,1990,27691138.0,37
5253,1990,6715519.0,192
5254,1990,13342868.0,41
5255,1990,11430520.0,44
5256,1990,32601393.0,47
5257,1990,431119.0,48
5258,1990,364563.0,50
5259,1990,3158253.0,51
5260,1990,10626680.0,54
5261,1990,26027.0,38
5262,1990,788500.0,55
5263,1990,10333355.0,56
5264,1990,79433029.0,82
5265,1990,577173.0,58
5266,1990,69481.0,59
5267,1990,5140939.0,57
5268,1990,7129004.0,60
5269,1990,25518074.0,4
5270,1990,10449837.0,61
5271,1990,2149960.0,64
5272,1990,38867322.0,66
5273,1990,1569174.0,67
5274,1990,47878073.0,68
5275,1990,4986431.0,71
5276,1990,780430.0,70
5277,1990,58044701.0,72
5278,1990,983028.0,75
5279,1990,4802000.0,80
5280,1990,15446982.0,83
5281,1990,6354145.0,87
5282,1990,465549.0,81
5283,1990,10196792.0,84
5284,1990,99047.0,85
5285,1990,9050115.0,86
5286,1990,138263.0,88
5287,1990,747116.0,89
5288,1990,5053234.0,92
5289,1990,4777368.0,52
5290,1990,6925331.0,90
5291,1990,10373988.0,93
5292,1990,182159874.0,94
5293,1990,870452165.0,95
5294,1990,3513974.0,98
5295,1990,17658381.0,99
5296,1990,254826.0,100
5297,1990,4660000.0,101
5298,1990,56719240.0,103
5299,1990,2392030.0,105
5300,1990,3480587.0,106
5301,1990,123478000.0,107
5302,1990,16348000.0,108
5303,1990,23162269.0,109
5304,1990,8910808.0,36
5305,1990,75124.0,111
5306,1990,1674938.0,115
5307,1990,3593700.0,119
5308,1990,2209731.0,120
5309,1990,4236983.0,118
5310,1990,28765.0,123
5311,1990,17204094.0,188
5312,1990,1798997.0,122
5313,1990,3697838.0,124
5314,1990,381850.0,125
5315,1990,2663151.0,117
5316,1990,24570814.0,128
5317,1990,30329.0,140
5318,1990,11882762.0,126
5319,1990,224957.0,132
5320,1990,81720428.0,133
5321,1990,46047.0,135
5322,1990,2044174.0,136
5323,1990,8945026.0,137
5324,1990,354170.0,138
5325,1990,40099553.0,144
5326,1990,606372.0,139
5327,1990,2161433.0,134
5328,1990,13303459.0,141
5329,1990,2006027.0,143
5330,1990,1058775.0,142
5331,1990,9539665.0,130
5332,1990,17517054.0,129
5333,1990,1369011.0,145
5334,1990,8370648.0,151
5335,1990,95214257.0,150
5336,1990,4227820.0,147
5337,1990,14951510.0,148
5338,1990,4241473.0,152
5339,1990,19616530.0,149
5340,1990,9598.0,153
5341,1990,3329800.0,154
5342,1990,1804524.0,155
5343,1990,115414069.0,156
5344,1990,2449968.0,157
5345,1990,22109099.0,159
5346,1990,61558898.0,160
5347,1990,15293.0,162
5348,1990,3864972.0,163
5349,1990,38110782.0,164
5350,1990,3537000.0,167
5351,1990,9983218.0,165
5352,1990,4059195.0,158
5353,1990,441675.0,168
5354,1990,23201835.0,171
5355,1990,147969406.0,173
5356,1990,7319962.0,174
5357,1990,21090886.0,191
5358,1990,7536001.0,178
5359,1990,3047132.0,180
5360,1990,324171.0,185
5361,1990,4325388.0,182
5362,1990,5367179.0,65
5363,1990,23132.0,184
5364,1990,6999096.0,186
5365,1990,7586000.0,187
5366,1990,4750817.0,189
5367,1990,412756.0,193
5368,1990,1998161.0,183
5369,1990,8558835.0,195
5370,1990,854011.0,196
5371,1990,69507.0,179
5372,1990,12408996.0,197
5373,1990,5827069.0,40
5374,1990,3875947.0,205
5375,1990,55228410.0,201
5376,1990,5417860.0,202
5377,1990,3720278.0,203
5378,1990,758106.0,204
5379,1990,98727.0,200
5380,1990,1266518.0,207
5381,1990,8440023.0,208
5382,1990,9182.0,210
5383,1990,17586630.0,213
5384,1990,51891400.0,214
5385,1990,3117012.0,216
5386,1990,249623000.0,217
5387,1990,20510000.0,218
5388,1990,15617.0,104
5389,1990,150882.0,219
5390,1990,168186.0,176
5391,1990,1964986.0,113
5392,1990,39877570.0,172
5393,1990,7686401.0,229
5394,1990,10113893.0,230
5395,1991,67864.0,11
5396,1991,10745167.0,1
5397,1991,12228691.0,6
5398,1991,3266790.0,3
5399,1991,55434.0,5
5400,1991,2008383.0,211
5401,1991,33105763.0,9
5402,1991,3617631.0,10
5403,1991,48992.0,12
5404,1991,63634.0,7
5405,1991,17284036.0,13
5406,1991,7754891.0,14
5407,1991,7271300.0,15
5408,1991,5594828.0,19
5409,1991,10004486.0,20
5410,1991,5293046.0,21
5411,1991,9365064.0,34
5412,1991,109242834.0,17
5413,1991,8632367.0,33
5414,1991,535415.0,31
5415,1991,4502386.0,24
5416,1991,10194050.0,26
5417,1991,186462.0,25
5418,1991,59021.0,22
5419,1991,7244891.0,28
5420,1991,153336445.0,30
5421,1991,259402.0,18
5422,1991,269860.0,32
5423,1991,567710.0,23
5424,1991,1380584.0,29
5425,1991,2898052.0,35
5426,1991,28037420.0,37
5427,1991,6799978.0,192
5428,1991,13561945.0,41
5429,1991,11777719.0,44
5430,1991,33272628.0,47
5431,1991,442277.0,48
5432,1991,372721.0,50
5433,1991,3239414.0,51
5434,1991,10713812.0,54
5435,1991,27340.0,38
5436,1991,799061.0,55
5437,1991,10308578.0,56
5438,1991,80013896.0,82
5439,1991,628521.0,58
5440,1991,69141.0,59
5441,1991,5154298.0,57
5442,1991,7278402.0,60
5443,1991,26133905.0,4
5444,1991,10686279.0,61
5445,1991,2039220.0,64
5446,1991,38966376.0,66
5447,1991,1561314.0,67
5448,1991,49937430.0,68
5449,1991,5013740.0,71
5450,1991,784832.0,70
5451,1991,58557577.0,72
5452,1991,1009995.0,75
5453,1991,4835900.0,80
5454,1991,15843471.0,83
5455,1991,6615734.0,87
5456,1991,483142.0,81
5457,1991,10319927.0,84
5458,1991,99758.0,85
5459,1991,9296814.0,86
5460,1991,140739.0,88
5461,1991,744096.0,89
5462,1991,5196887.0,92
5463,1991,4689022.0,52
5464,1991,7066055.0,90
5465,1991,10373400.0,93
5466,1991,185361228.0,94
5467,1991,888941756.0,95
5468,1991,3534235.0,98
5469,1991,17846378.0,99
5470,1991,257797.0,100
5471,1991,4949000.0,101
5472,1991,56758521.0,103
5473,1991,2411867.0,105
5474,1991,3666379.0,106
5475,1991,123964000.0,107
5476,1991,16451711.0,108
5477,1991,23918235.0,109
5478,1991,9259362.0,36
5479,1991,76612.0,111
5480,1991,1339500.0,115
5481,1991,3666734.0,119
5482,1991,1939236.0,120
5483,1991,4341971.0,118
5484,1991,29168.0,123
5485,1991,17416596.0,188
5486,1991,1829509.0,122
5487,1991,3704134.0,124
5488,1991,387000.0,125
5489,1991,2650581.0,117
5490,1991,24988083.0,128
5491,1991,30564.0,140
5492,1991,12245260.0,126
5493,1991,232150.0,132
5494,1991,83351595.0,133
5495,1991,47053.0,135
5496,1991,2036686.0,136
5497,1991,9123969.0,137
5498,1991,363845.0,138
5499,1991,40680533.0,144
5500,1991,607105.0,139
5501,1991,2200077.0,134
5502,1991,13561175.0,141
5503,1991,2066302.0,143
5504,1991,1070266.0,142
5505,1991,9831584.0,130
5506,1991,18017464.0,129
5507,1991,1415617.0,145
5508,1991,8634640.0,151
5509,1991,97685360.0,150
5510,1991,4327289.0,147
5511,1991,15069798.0,148
5512,1991,4261732.0,152
5513,1991,20130779.0,149
5514,1991,9902.0,153
5515,1991,3495100.0,154
5516,1991,1895187.0,155
5517,1991,119203569.0,156
5518,1991,2502044.0,157
5519,1991,22583006.0,159
5520,1991,63039751.0,160
5521,1991,15640.0,162
5522,1991,3990995.0,163
5523,1991,38246193.0,164
5524,1991,3562110.0,167
5525,1991,9960235.0,165
5526,1991,4167996.0,158
5527,1991,456486.0,168
5528,1991,23001155.0,171
5529,1991,148394216.0,173
5530,1991,7485681.0,174
5531,1991,21453711.0,191
5532,1991,7754289.0,178
5533,1991,3135083.0,180
5534,1991,333952.0,185
5535,1991,4378169.0,182
5536,1991,5461070.0,65
5537,1991,23459.0,184
5538,1991,6732702.0,186
5539,1991,7595636.0,187
5540,1991,4867185.0,189
5541,1991,415981.0,193
5542,1991,1999429.0,183
5543,1991,8617375.0,195
5544,1991,889712.0,196
5545,1991,70439.0,179
5546,1991,12782281.0,197
5547,1991,6042428.0,40
5548,1991,3990215.0,205
5549,1991,56099865.0,201
5550,1991,5556306.0,202
5551,1991,3821782.0,203
5552,1991,772655.0,204
5553,1991,99010.0,200
5554,1991,1276224.0,207
5555,1991,8622853.0,208
5556,1991,9354.0,210
5557,1991,18171935.0,213
5558,1991,52000500.0,214
5559,1991,3135374.0,216
5560,1991,252981000.0,217
5561,1991,20952000.0,218
5562,1991,16090.0,104
5563,1991,154678.0,219
5564,1991,168701.0,176
5565,1991,2001982.0,113
5566,1991,40910959.0,172
5567,1991,7880466.0,229
5568,1991,10377815.0,230
5569,1992,70192.0,11
5570,1992,12057433.0,1
5571,1992,12632507.0,6
5572,1992,3247039.0,3
5573,1992,57283.0,5
5574,1992,2116231.0,211
5575,1992,33568285.0,9
5576,1992,3574555.0,10
5577,1992,50078.0,12
5578,1992,64659.0,7
5579,1992,17478635.0,13
5580,1992,7840709.0,14
5581,1992,7382050.0,15
5582,1992,5743085.0,19
5583,1992,10045158.0,20
5584,1992,5457778.0,21
5585,1992,9598555.0,34
5586,1992,111272102.0,17
5587,1992,8540164.0,33
5588,1992,554470.0,31
5589,1992,4275730.0,24
5590,1992,10216470.0,26
5591,1992,190299.0,25
5592,1992,58595.0,22
5593,1992,7394419.0,28
5594,1992,155900790.0,30
5595,1992,260212.0,18
5596,1992,277416.0,32
5597,1992,545944.0,23
5598,1992,1420695.0,29
5599,1992,2991727.0,35
5600,1992,28371264.0,37
5601,1992,6875364.0,192
5602,1992,13782297.0,41
5603,1992,12128604.0,44
5604,1992,33939039.0,47
5605,1992,452990.0,48
5606,1992,381947.0,50
5607,1992,3321939.0,51
5608,1992,10783748.0,54
5609,1992,28677.0,38
5610,1992,810431.0,55
5611,1992,10319123.0,56
5612,1992,80624598.0,82
5613,1992,623197.0,58
5614,1992,69112.0,59
5615,1992,5171370.0,57
5616,1992,7427340.0,60
5617,1992,26748303.0,4
5618,1992,10914222.0,61
5619,1992,1921153.0,64
5620,1992,39157685.0,66
5621,1992,1533091.0,67
5622,1992,52011554.0,68
5623,1992,5041992.0,71
5624,1992,786859.0,70
5625,1992,58849943.0,72
5626,1992,1037446.0,75
5627,1992,4873500.0,80
5628,1992,16241548.0,83
5629,1992,6832195.0,87
5630,1992,501334.0,81
5631,1992,10399061.0,84
5632,1992,101040.0,85
5633,1992,9544055.0,86
5634,1992,143173.0,88
5635,1992,744998.0,89
5636,1992,5344774.0,92
5637,1992,4575818.0,52
5638,1992,7205780.0,90
5639,1992,10369341.0,93
5640,1992,188558416.0,94
5641,1992,907574049.0,95
5642,1992,3558430.0,98
5643,1992,18385673.0,99
5644,1992,261057.0,100
5645,1992,5123000.0,101
5646,1992,56797087.0,103
5647,1992,2434574.0,105
5648,1992,3866887.0,106
5649,1992,124425000.0,107
5650,1992,16439095.0,108
5651,1992,24655723.0,109
5652,1992,9718215.0,36
5653,1992,77901.0,111
5654,1992,1620633.0,115
5655,1992,3745407.0,119
5656,1992,2052626.0,120
5657,1992,4444820.0,118
5658,1992,29581.0,123
5659,1992,17624457.0,188
5660,1992,1858507.0,122
5661,1992,3700114.0,124
5662,1992,392175.0,125
5663,1992,2614338.0,117
5664,1992,25400676.0,128
5665,1992,30794.0,140
5666,1992,12623342.0,126
5667,1992,239136.0,132
5668,1992,84993164.0,133
5669,1992,48015.0,135
5670,1992,2018023.0,136
5671,1992,9310572.0,137
5672,1992,367618.0,138
5673,1992,41237813.0,144
5674,1992,608516.0,139
5675,1992,2236494.0,134
5676,1992,13816881.0,141
5677,1992,2147527.0,143
5678,1992,1084441.0,142
5679,1992,10115420.0,130
5680,1992,18526708.0,129
5681,1992,1461687.0,145
5682,1992,8907644.0,151
5683,1992,100182045.0,150
5684,1992,4427172.0,147
5685,1992,15184166.0,148
5686,1992,4286401.0,152
5687,1992,20702133.0,149
5688,1992,10129.0,153
5689,1992,3531700.0,154
5690,1992,1985227.0,155
5691,1992,122375179.0,156
5692,1992,2554382.0,157
5693,1992,23047248.0,159
5694,1992,64543525.0,160
5695,1992,16004.0,162
5696,1992,4136644.0,163
5697,1992,38363667.0,164
5698,1992,3585176.0,167
5699,1992,9952494.0,165
5700,1992,4277051.0,158
5701,1992,471293.0,168
5702,1992,22794284.0,171
5703,1992,148538197.0,173
5704,1992,7657208.0,174
5705,1992,21780059.0,191
5706,1992,7974514.0,178
5707,1992,3230698.0,180
5708,1992,343916.0,185
5709,1992,4301566.0,182
5710,1992,5552206.0,65
5711,1992,23808.0,184
5712,1992,6428141.0,186
5713,1992,7646424.0,187
5714,1992,4956969.0,189
5715,1992,419521.0,193
5716,1992,1996498.0,183
5717,1992,8668067.0,195
5718,1992,925165.0,196
5719,1992,70763.0,179
5720,1992,13156406.0,197
5721,1992,6302926.0,40
5722,1992,4106219.0,205
5723,1992,56939020.0,201
5724,1992,5656208.0,202
5725,1992,3926369.0,203
5726,1992,783705.0,204
5727,1992,99260.0,200
5728,1992,1285502.0,207
5729,1992,8802540.0,208
5730,1992,9466.0,210
5731,1992,18801966.0,213
5732,1992,52150400.0,214
5733,1992,3153732.0,216
5734,1992,256514000.0,217
5735,1992,21449000.0,218
5736,1992,16476.0,104
5737,1992,158577.0,219
5738,1992,169799.0,176
5739,1992,2039030.0,113
5740,1992,41760755.0,172
5741,1992,8074337.0,229
5742,1992,10641501.0,230
5743,1993,72360.0,11
5744,1993,14003760.0,1
5745,1993,13038270.0,6
5746,1993,3227287.0,3
5747,1993,59156.0,5
5748,1993,2223284.0,211
5749,1993,34027240.0,9
5750,1993,3457349.0,10
5751,1993,51174.0,12
5752,1993,65834.0,7
5753,1993,17634808.0,13
5754,1993,7905633.0,14
5755,1993,7494800.0,15
5756,1993,5555220.0,19
5757,1993,10084475.0,20
5758,1993,5706181.0,21
5759,1993,9840075.0,34
5760,1993,113418757.0,17
5761,1993,8472313.0,33
5762,1993,573755.0,31
5763,1993,3942981.0,24
5764,1993,10239050.0,26
5765,1993,194177.0,25
5766,1993,58910.0,22
5767,1993,7544489.0,28
5768,1993,158440875.0,30
5769,1993,260995.0,18
5770,1993,284713.0,32
5771,1993,520838.0,23
5772,1993,1462262.0,29
5773,1993,3089146.0,35
5774,1993,28684764.0,37
5775,1993,6938265.0,192
5776,1993,13998386.0,41
5777,1993,12486773.0,44
5778,1993,34614735.0,47
5779,1993,463318.0,48
5780,1993,391749.0,50
5781,1993,3405372.0,51
5782,1993,10840934.0,54
5783,1993,30038.0,38
5784,1993,825986.0,55
5785,1993,10329855.0,56
5786,1993,81156363.0,82
5787,1993,611231.0,58
5788,1993,69169.0,59
5789,1993,5188628.0,57
5790,1993,7576074.0,60
5791,1993,27354327.0,4
5792,1993,11132829.0,61
5793,1993,1981419.0,64
5794,1993,39361262.0,66
5795,1993,1494128.0,67
5796,1993,53791672.0,68
5797,1993,5066447.0,71
5798,1993,789198.0,70
5799,1993,59106166.0,72
5800,1993,1065390.0,75
5801,1993,4911100.0,80
5802,1993,16643633.0,83
5803,1993,7046097.0,87
5804,1993,520236.0,81
5805,1993,10460415.0,84
5806,1993,102173.0,85
5807,1993,9790619.0,86
5808,1993,145541.0,88
5809,1993,747189.0,89
5810,1993,5496841.0,92
5811,1993,4600463.0,52
5812,1993,7345940.0,90
5813,1993,10357523.0,93
5814,1993,191737287.0,94
5815,1993,926351297.0,95
5816,1993,3576261.0,98
5817,1993,19295818.0,99
5818,1993,263725.0,100
5819,1993,5261000.0,101
5820,1993,56831821.0,103
5821,1993,2459062.0,105
5822,1993,4075759.0,106
5823,1993,124829000.0,107
5824,1993,16380672.0,108
5825,1993,25391830.0,109
5826,1993,10243550.0,36
5827,1993,79093.0,111
5828,1993,1653645.0,115
5829,1993,3818796.0,119
5830,1993,2132771.0,120
5831,1993,4544970.0,118
5832,1993,30012.0,123
5833,1993,17825611.0,188
5834,1993,1885478.0,122
5835,1993,3682613.0,124
5836,1993,397475.0,125
5837,1993,2563290.0,117
5838,1993,25806777.0,128
5839,1993,31024.0,140
5840,1993,13020100.0,126
5841,1993,245845.0,132
5842,1993,86648447.0,133
5843,1993,48944.0,135
5844,1993,1996893.0,136
5845,1993,9506510.0,137
5846,1993,371308.0,138
5847,1993,41788302.0,144
5848,1993,610170.0,139
5849,1993,2270311.0,134
5850,1993,14206254.0,141
5851,1993,2237064.0,143
5852,1993,1097374.0,142
5853,1993,10257233.0,130
5854,1993,19050077.0,129
5855,1993,1509834.0,145
5856,1993,9193078.0,151
5857,1993,102775465.0,150
5858,1993,4526689.0,147
5859,1993,15290368.0,148
5860,1993,4311991.0,152
5861,1993,21267359.0,149
5862,1993,10226.0,153
5863,1993,3572200.0,154
5864,1993,2071868.0,155
5865,1993,125546615.0,156
5866,1993,2607499.0,157
5867,1993,23513882.0,159
5868,1993,66083321.0,160
5869,1993,16380.0,162
5870,1993,4291588.0,163
5871,1993,38461408.0,164
5872,1993,3615497.0,167
5873,1993,9964675.0,165
5874,1993,4386202.0,158
5875,1993,486041.0,168
5876,1993,22763280.0,171
5877,1993,148458777.0,173
5878,1993,7904740.0,174
5879,1993,22163251.0,191
5880,1993,8196551.0,178
5881,1993,3313471.0,180
5882,1993,354086.0,185
5883,1993,4295689.0,182
5884,1993,5630987.0,65
5885,1993,24181.0,184
5886,1993,6620729.0,186
5887,1993,7699307.0,187
5888,1993,5018172.0,189
5889,1993,422375.0,193
5890,1993,1991746.0,183
5891,1993,8718561.0,195
5892,1993,953451.0,196
5893,1993,72253.0,179
5894,1993,13537060.0,197
5895,1993,6448280.0,40
5896,1993,4078392.0,205
5897,1993,57776082.0,201
5898,1993,5717806.0,202
5899,1993,4031698.0,203
5900,1993,795179.0,204
5901,1993,99492.0,200
5902,1993,1293974.0,207
5903,1993,8977173.0,208
5904,1993,9517.0,210
5905,1993,19462958.0,213
5906,1993,52179200.0,214
5907,1993,3171747.0,216
5908,1993,259919000.0,217
5909,1993,21942000.0,218
5910,1993,16855.0,104
5911,1993,162548.0,219
5912,1993,171362.0,176
5913,1993,2073990.0,113
5914,1993,42525440.0,172
5915,1993,8270917.0,229
5916,1993,10794918.0,230
5917,1994,74710.0,11
5918,1994,15455555.0,1
5919,1994,13462031.0,6
5920,1994,3207536.0,3
5921,1994,61037.0,5
5922,1994,2329024.0,211
5923,1994,34488696.0,9
5924,1994,3373713.0,10
5925,1994,52288.0,12
5926,1994,67072.0,7
5927,1994,17805468.0,13
5928,1994,7936118.0,14
5929,1994,7596550.0,15
5930,1994,5586408.0,19
5931,1994,10115603.0,20
5932,1994,5923394.0,21
5933,1994,10091256.0,34
5934,1994,115614891.0,17
5935,1994,8443591.0,33
5936,1994,593254.0,31
5937,1994,3762330.0,24
5938,1994,10226955.0,26
5939,1994,198416.0,25
5940,1994,59320.0,22
5941,1994,7693722.0,28
5942,1994,160980472.0,30
5943,1994,261712.0,18
5944,1994,291935.0,32
5945,1994,521260.0,23
5946,1994,1503544.0,29
5947,1994,3187844.0,35
5948,1994,29000663.0,37
5949,1994,6993795.0,192
5950,1994,14210674.0,41
5951,1994,12848862.0,44
5952,1994,35295461.0,47
5953,1994,473478.0,48
5954,1994,401655.0,50
5955,1994,3489152.0,51
5956,1994,10887207.0,54
5957,1994,31418.0,38
5958,1994,844444.0,55
5959,1994,10333587.0,56
5960,1994,81438348.0,82
5961,1994,623477.0,58
5962,1994,69198.0,59
5963,1994,5206180.0,57
5964,1994,7723934.0,60
5965,1994,27937006.0,4
5966,1994,11347652.0,61
5967,1994,2042500.0,64
5968,1994,39549108.0,66
5969,1994,1462514.0,67
5970,1994,55620211.0,68
5971,1994,5088333.0,71
5972,1994,790803.0,70
5973,1994,59327585.0,72
5974,1994,1093611.0,75
5975,1994,4836076.0,80
5976,1994,17040854.0,83
5977,1994,7262112.0,87
5978,1994,539992.0,81
5979,1994,10512922.0,84
5980,1994,103174.0,85
5981,1994,10037522.0,86
5982,1994,147843.0,88
5983,1994,749546.0,89
5984,1994,5652934.0,92
5985,1994,4652024.0,52
5986,1994,7486091.0,90
5987,1994,10343355.0,93
5988,1994,194928533.0,94
5989,1994,945261958.0,95
5990,1994,3590386.0,98
5991,1994,20248073.0,99
5992,1994,266021.0,100
5993,1994,5399000.0,101
5994,1994,56843400.0,103
5995,1994,2484182.0,105
5996,1994,4278166.0,106
5997,1994,125178000.0,107
5998,1994,16145766.0,108
5999,1994,26133744.0,109
6000,1994,10636353.0,36
6001,1994,80264.0,111
6002,1994,1641106.0,115
6003,1994,3888144.0,119
6004,1994,2125198.0,120
6005,1994,4641296.0,118
6006,1994,30447.0,123
6007,1994,18011744.0,188
6008,1994,1910642.0,122
6009,1994,3657144.0,124
6010,1994,402925.0,125
6011,1994,2520742.0,117
6012,1994,26201551.0,128
6013,1994,31253.0,140
6014,1994,13436121.0,126
6015,1994,252201.0,132
6016,1994,88314424.0,133
6017,1994,49840.0,135
6018,1994,1982458.0,136
6019,1994,9711797.0,137
6020,1994,374797.0,138
6021,1994,42337109.0,144
6022,1994,611389.0,139
6023,1994,2301510.0,134
6024,1994,14912873.0,141
6025,1994,2315191.0,143
6026,1994,1112846.0,142
6027,1994,10131799.0,130
6028,1994,19588703.0,129
6029,1994,1558449.0,145
6030,1994,9493324.0,151
6031,1994,105456121.0,150
6032,1994,4625260.0,147
6033,1994,15382838.0,148
6034,1994,4336613.0,152
6035,1994,21794751.0,149
6036,1994,10274.0,153
6037,1994,3620000.0,154
6038,1994,2133675.0,155
6039,1994,129245139.0,156
6040,1994,2661385.0,157
6041,1994,23983258.0,159
6042,1994,67650283.0,160
6043,1994,16770.0,162
6044,1994,4451694.0,163
6045,1994,38542652.0,164
6046,1994,3649237.0,167
6047,1994,9991525.0,165
6048,1994,4495301.0,158
6049,1994,500683.0,168
6050,1994,22730211.0,171
6051,1994,148407912.0,173
6052,1994,6732665.0,174
6053,1994,22703631.0,191
6054,1994,8416997.0,178
6055,1994,3419048.0,180
6056,1994,364505.0,185
6057,1994,4314953.0,182
6058,1994,5693038.0,65
6059,1994,24535.0,184
6060,1994,6959828.0,186
6061,1994,7734639.0,187
6062,1994,5142863.0,189
6063,1994,426548.0,193
6064,1994,1989443.0,183
6065,1994,8780745.0,195
6066,1994,953737.0,196
6067,1994,74205.0,179
6068,1994,13922626.0,197
6069,1994,6592998.0,40
6070,1994,4092612.0,205
6071,1994,58610010.0,201
6072,1994,5803993.0,202
6073,1994,4133037.0,203
6074,1994,807115.0,204
6075,1994,99731.0,200
6076,1994,1301393.0,207
6077,1994,9143141.0,208
6078,1994,9559.0,210
6079,1994,20125021.0,213
6080,1994,51921400.0,214
6081,1994,3189945.0,216
6082,1994,263126000.0,217
6083,1994,22377000.0,218
6084,1994,17255.0,104
6085,1994,166560.0,219
6086,1994,173107.0,176
6087,1994,2107947.0,113
6088,1994,43267982.0,172
6089,1994,8474216.0,229
6090,1994,10858594.0,230
6091,1995,77050.0,11
6092,1995,16418912.0,1
6093,1995,13912253.0,6
6094,1995,3187784.0,3
6095,1995,62928.0,5
6096,1995,2433988.0,211
6097,1995,34946110.0,9
6098,1995,3322782.0,10
6099,1995,53401.0,12
6100,1995,68398.0,7
6101,1995,18004882.0,13
6102,1995,7948278.0,14
6103,1995,7684850.0,15
6104,1995,5932783.0,19
6105,1995,10136811.0,20
6106,1995,6046511.0,21
6107,1995,10353263.0,34
6108,1995,117793338.0,17
6109,1995,8406067.0,33
6110,1995,612934.0,31
6111,1995,3750527.0,24
6112,1995,10193831.0,26
6113,1995,203556.0,25
6114,1995,59746.0,22
6115,1995,7841471.0,28
6116,1995,163515328.0,30
6117,1995,262303.0,18
6118,1995,299097.0,32
6119,1995,527536.0,23
6120,1995,1543634.0,29
6121,1995,3276706.0,35
6122,1995,29302311.0,37
6123,1995,7040687.0,192
6124,1995,14416796.0,41
6125,1995,13211647.0,44
6126,1995,35970101.0,47
6127,1995,483760.0,48
6128,1995,411382.0,50
6129,1995,3572856.0,51
6130,1995,10926703.0,54
6131,1995,32802.0,38
6132,1995,862418.0,55
6133,1995,10327253.0,56
6134,1995,81678051.0,82
6135,1995,629619.0,58
6136,1995,69201.0,59
6137,1995,5233373.0,57
6138,1995,7869753.0,60
6139,1995,28478022.0,4
6140,1995,11561683.0,61
6141,1995,2157220.0,64
6142,1995,39724050.0,66
6143,1995,1436634.0,67
6144,1995,57476536.0,68
6145,1995,5107790.0,71
6146,1995,792246.0,70
6147,1995,59543659.0,72
6148,1995,1121964.0,75
6149,1995,4657722.0,80
6150,1995,17438874.0,83
6151,1995,7468347.0,87
6152,1995,560740.0,81
6153,1995,10562153.0,84
6154,1995,104060.0,85
6155,1995,10286786.0,86
6156,1995,150094.0,88
6157,1995,751689.0,89
6158,1995,5812832.0,92
6159,1995,4620030.0,52
6160,1995,7627316.0,90
6161,1995,10328965.0,93
6162,1995,198140162.0,94
6163,1995,964279129.0,95
6164,1995,3608841.0,98
6165,1995,20948858.0,99
6166,1995,267468.0,100
6167,1995,5545000.0,101
6168,1995,56844303.0,103
6169,1995,2509372.0,105
6170,1995,4458195.0,106
6171,1995,125472000.0,107
6172,1995,15816243.0,108
6173,1995,26878347.0,109
6174,1995,10919528.0,36
6175,1995,81481.0,111
6176,1995,1655222.0,115
6177,1995,3959640.0,119
6178,1995,2142422.0,120
6179,1995,4733063.0,118
6180,1995,30890.0,123
6181,1995,18177572.0,188
6182,1995,1934079.0,122
6183,1995,3629102.0,124
6184,1995,408625.0,125
6185,1995,2485056.0,117
6186,1995,26599048.0,128
6187,1995,31482.0,140
6188,1995,13869138.0,126
6189,1995,258208.0,132
6190,1995,89969572.0,133
6191,1995,50702.0,135
6192,1995,1983964.0,136
6193,1995,9921094.0,137
6194,1995,377419.0,138
6195,1995,42880186.0,144
6196,1995,611712.0,139
6197,1995,2330334.0,134
6198,1995,15594830.0,141
6199,1995,2380341.0,143
6200,1995,1122457.0,142
6201,1995,10112816.0,130
6202,1995,20136888.0,129
6203,1995,1605370.0,145
6204,1995,9813918.0,151
6205,1995,108187610.0,150
6206,1995,4721929.0,147
6207,1995,15459006.0,148
6208,1995,4359184.0,152
6209,1995,22305571.0,149
6210,1995,10316.0,153
6211,1995,3673400.0,154
6212,1995,2172672.0,155
6213,1995,133117476.0,156
6214,1995,2716067.0,157
6215,1995,24449055.0,159
6216,1995,69250468.0,160
6217,1995,17209.0,162
6218,1995,4616439.0,163
6219,1995,38594998.0,164
6220,1995,3683103.0,167
6221,1995,10026176.0,165
6222,1995,4603917.0,158
6223,1995,515133.0,168
6224,1995,22684270.0,171
6225,1995,148375787.0,173
6226,1995,5686897.0,174
6227,1995,23290602.0,191
6228,1995,8632681.0,178
6229,1995,3524506.0,180
6230,1995,375189.0,185
6231,1995,4324149.0,182
6232,1995,5748195.0,65
6233,1995,24886.0,184
6234,1995,7210930.0,186
6235,1995,7625357.0,187
6236,1995,5302042.0,189
6237,1995,434490.0,193
6238,1995,1989872.0,183
6239,1995,8826939.0,195
6240,1995,953573.0,196
6241,1995,75304.0,179
6242,1995,14313450.0,197
6243,1995,6888856.0,40
6244,1995,4279566.0,205
6245,1995,59424834.0,201
6246,1995,5916173.0,202
6247,1995,4226623.0,203
6248,1995,819226.0,204
6249,1995,99977.0,200
6250,1995,1307822.0,207
6251,1995,9294102.0,208
6252,1995,9585.0,210
6253,1995,20680831.0,213
6254,1995,51512800.0,214
6255,1995,3208300.0,216
6256,1995,266278000.0,217
6257,1995,22785000.0,218
6258,1995,17674.0,104
6259,1995,170612.0,219
6260,1995,174902.0,176
6261,1995,2141405.0,113
6262,1995,43986084.0,172
6263,1995,8684135.0,229
6264,1995,10994041.0,230
6265,1996,79417.0,11
6266,1996,17106595.0,1
6267,1996,14383350.0,6
6268,1996,3168033.0,3
6269,1996,64147.0,5
6270,1996,2572735.0,211
6271,1996,35389362.0,9
6272,1996,3298898.0,10
6273,1996,54500.0,12
6274,1996,69798.0,7
6275,1996,18224767.0,13
6276,1996,7959017.0,14
6277,1996,7763000.0,15
6278,1996,5930507.0,19
6279,1996,10156637.0,20
6280,1996,6203860.0,21
6281,1996,10621210.0,34
6282,1996,119876868.0,17
6283,1996,8362826.0,33
6284,1996,632756.0,31
6285,1996,3907751.0,24
6286,1996,10159569.0,26
6287,1996,209840.0,25
6288,1996,60129.0,22
6289,1996,7989367.0,28
6290,1996,166037122.0,30
6291,1996,262793.0,18
6292,1996,306196.0,32
6293,1996,537494.0,23
6294,1996,1582169.0,29
6295,1996,3363570.0,35
6296,1996,29610218.0,37
6297,1996,7071850.0,192
6298,1996,14615483.0,41
6299,1996,13575324.0,44
6300,1996,36632573.0,47
6301,1996,494288.0,48
6302,1996,421007.0,50
6303,1996,3656234.0,51
6304,1996,10963031.0,54
6305,1996,34194.0,38
6306,1996,880058.0,55
6307,1996,10315241.0,56
6308,1996,81914831.0,82
6309,1996,644649.0,58
6310,1996,69166.0,59
6311,1996,5263074.0,57
6312,1996,8012314.0,60
6313,1996,28984634.0,4
6314,1996,11775221.0,61
6315,1996,2264073.0,64
6316,1996,39889852.0,66
6317,1996,1415594.0,67
6318,1996,59347649.0,68
6319,1996,5124573.0,71
6320,1996,796538.0,70
6321,1996,59756533.0,72
6322,1996,1150601.0,75
6323,1996,4491699.0,80
6324,1996,17844010.0,83
6325,1996,7683115.0,87
6326,1996,582573.0,81
6327,1996,10608800.0,84
6328,1996,104846.0,85
6329,1996,10536942.0,86
6330,1996,152261.0,88
6331,1996,753571.0,89
6332,1996,5976550.0,92
6333,1996,4557097.0,52
6334,1996,7770593.0,90
6335,1996,10311238.0,93
6336,1996,201373791.0,94
6337,1996,983281218.0,95
6338,1996,3637510.0,98
6339,1996,21639332.0,99
6340,1996,268916.0,100
6341,1996,5692000.0,101
6342,1996,56860281.0,103
6343,1996,2532894.0,105
6344,1996,4608676.0,106
6345,1996,125757000.0,107
6346,1996,15578227.0,108
6347,1996,27615736.0,109
6348,1996,11182612.0,36
6349,1996,82832.0,111
6350,1996,1703318.0,115
6351,1996,4034243.0,119
6352,1996,2203966.0,120
6353,1996,4820066.0,118
6354,1996,31337.0,123
6355,1996,18322506.0,188
6356,1996,1955098.0,122
6357,1996,3601613.0,124
6358,1996,414225.0,125
6359,1996,2457222.0,117
6360,1996,26999093.0,128
6361,1996,31719.0,140
6362,1996,14317454.0,126
6363,1996,263841.0,132
6364,1996,91586555.0,133
6365,1996,51538.0,135
6366,1996,1994226.0,136
6367,1996,10131906.0,137
6368,1996,379905.0,138
6369,1996,43423369.0,144
6370,1996,611003.0,139
6371,1996,2357033.0,134
6372,1996,16079553.0,141
6373,1996,2428816.0,143
6374,1996,1133996.0,142
6375,1996,10310528.0,130
6376,1996,20689051.0,129
6377,1996,1650066.0,145
6378,1996,10149937.0,151
6379,1996,110956183.0,150
6380,1996,4812391.0,147
6381,1996,15530498.0,148
6382,1996,4381336.0,152
6383,1996,22783969.0,149
6384,1996,10345.0,153
6385,1996,3732000.0,154
6386,1996,2209958.0,155
6387,1996,137234810.0,156
6388,1996,2771606.0,157
6389,1996,24907304.0,159
6390,1996,70944969.0,160
6391,1996,17732.0,162
6392,1996,4785895.0,163
6393,1996,38624370.0,164
6394,1996,3724655.0,167
6395,1996,10063945.0,165
6396,1996,4711655.0,158
6397,1996,529265.0,168
6398,1996,22619004.0,171
6399,1996,148160129.0,173
6400,1996,6715510.0,174
6401,1996,23862258.0,191
6402,1996,8843423.0,178
6403,1996,3670704.0,180
6404,1996,386069.0,185
6405,1996,4347370.0,182
6406,1996,5797140.0,65
6407,1996,25235.0,184
6408,1996,7472450.0,186
6409,1996,7617794.0,187
6410,1996,5434894.0,189
6411,1996,443834.0,193
6412,1996,1988628.0,183
6413,1996,8840998.0,195
6414,1996,973587.0,196
6415,1996,76417.0,179
6416,1996,14708879.0,197
6417,1996,7200291.0,40
6418,1996,4445883.0,205
6419,1996,60211096.0,201
6420,1996,6035600.0,202
6421,1996,4301093.0,203
6422,1996,831269.0,204
6423,1996,100195.0,200
6424,1996,1313434.0,207
6425,1996,9430550.0,208
6426,1996,9611.0,210
6427,1996,21249572.0,213
6428,1996,51057800.0,214
6429,1996,3226633.0,216
6430,1996,269394000.0,217
6431,1996,23225000.0,218
6432,1996,18120.0,104
6433,1996,174714.0,219
6434,1996,176713.0,176
6435,1996,2173716.0,113
6436,1996,44661603.0,172
6437,1996,8902019.0,229
6438,1996,11178171.0,230
6439,1997,81858.0,11
6440,1997,17788819.0,1
6441,1997,14871146.0,6
6442,1997,3148281.0,3
6443,1997,64682.0,5
6444,1997,2746119.0,211
6445,1997,35815971.0,9
6446,1997,3271418.0,10
6447,1997,55578.0,12
6448,1997,71218.0,7
6449,1997,18423037.0,13
6450,1997,7968041.0,14
6451,1997,7838250.0,15
6452,1997,5923862.0,19
6453,1997,10181245.0,20
6454,1997,6387026.0,21
6455,1997,10897353.0,34
6456,1997,122039226.0,17
6457,1997,8312068.0,33
6458,1997,652643.0,31
6459,1997,4047748.0,24
6460,1997,10117433.0,26
6461,1997,217117.0,25
6462,1997,60497.0,22
6463,1997,8137619.0,28
6464,1997,168546707.0,30
6465,1997,263224.0,18
6466,1997,313215.0,32
6467,1997,546865.0,23
6468,1997,1619354.0,29
6469,1997,3458472.0,35
6470,1997,29905948.0,37
6471,1997,7088906.0,192
6472,1997,14809289.0,41
6473,1997,13941181.0,44
6474,1997,37291946.0,47
6475,1997,505033.0,48
6476,1997,430654.0,50
6477,1997,3739421.0,51
6478,1997,10998129.0,54
6479,1997,35579.0,38
6480,1997,897471.0,55
6481,1997,10304131.0,56
6482,1997,82034771.0,82
6483,1997,667786.0,58
6484,1997,69081.0,59
6485,1997,5284991.0,57
6486,1997,8150076.0,60
6487,1997,29476031.0,4
6488,1997,11987838.0,61
6489,1997,2291561.0,64
6490,1997,40057389.0,66
6491,1997,1399535.0,67
6492,1997,61233480.0,68
6493,1997,5139835.0,71
6494,1997,804572.0,70
6495,1997,59969944.0,72
6496,1997,1179806.0,75
6497,1997,4349913.0,80
6498,1997,18268040.0,83
6499,1997,7842806.0,87
6500,1997,605570.0,81
6501,1997,10661259.0,84
6502,1997,105549.0,85
6503,1997,10788362.0,86
6504,1997,154330.0,88
6505,1997,755211.0,89
6506,1997,6144112.0,92
6507,1997,4534920.0,52
6508,1997,7915172.0,90
6509,1997,10290486.0,93
6510,1997,204628007.0,94
6511,1997,1002335230.0,95
6512,1997,3674171.0,98
6513,1997,22330770.0,99
6514,1997,271128.0,100
6515,1997,5836000.0,101
6516,1997,56890372.0,103
6517,1997,2554954.0,105
6518,1997,4733665.0,106
6519,1997,126057000.0,107
6520,1997,15334405.0,108
6521,1997,28364264.0,109
6522,1997,11431569.0,36
6523,1997,84308.0,111
6524,1997,1761468.0,115
6525,1997,4107551.0,119
6526,1997,2383300.0,120
6527,1997,4902346.0,118
6528,1997,31770.0,123
6529,1997,18449123.0,188
6530,1997,1972579.0,122
6531,1997,3575137.0,124
6532,1997,419450.0,125
6533,1997,2432851.0,117
6534,1997,27397118.0,128
6535,1997,31968.0,140
6536,1997,14778903.0,126
6537,1997,269040.0,132
6538,1997,93183094.0,133
6539,1997,52358.0,135
6540,1997,1996869.0,136
6541,1997,10359301.0,137
6542,1997,382791.0,138
6543,1997,43972046.0,144
6544,1997,609520.0,139
6545,1997,2381771.0,134
6546,1997,16521724.0,141
6547,1997,2484278.0,143
6548,1997,1148284.0,142
6549,1997,10512678.0,130
6550,1997,21249178.0,129
6551,1997,1693242.0,145
6552,1997,10494201.0,151
6553,1997,113791181.0,150
6554,1997,4895962.0,147
6555,1997,15610650.0,148
6556,1997,4405157.0,152
6557,1997,23249417.0,149
6558,1997,10363.0,153
6559,1997,3781300.0,154
6560,1997,2245588.0,155
6561,1997,141330267.0,156
6562,1997,2827992.0,157
6563,1997,25365386.0,159
6564,1997,72718837.0,160
6565,1997,18297.0,162
6566,1997,4960439.0,163
6567,1997,38649660.0,164
6568,1997,3759430.0,167
6569,1997,10108977.0,165
6570,1997,4818289.0,158
6571,1997,550591.0,168
6572,1997,22553978.0,171
6573,1997,147915361.0,173
6574,1997,7666732.0,174
6575,1997,24454372.0,191
6576,1997,9051539.0,178
6577,1997,3796038.0,180
6578,1997,397050.0,185
6579,1997,4405028.0,182
6580,1997,5842638.0,65
6581,1997,25596.0,184
6582,1997,7734313.0,186
6583,1997,7596501.0,187
6584,1997,5589410.0,189
6585,1997,452887.0,193
6586,1997,1985956.0,183
6587,1997,8846062.0,195
6588,1997,990734.0,196
6589,1997,77319.0,179
6590,1997,15103996.0,197
6591,1997,7450874.0,40
6592,1997,4592550.0,205
6593,1997,60989108.0,201
6594,1997,6117069.0,202
6595,1997,4363672.0,203
6596,1997,843341.0,204
6597,1997,100658.0,200
6598,1997,1318171.0,207
6599,1997,9557948.0,208
6600,1997,9630.0,210
6601,1997,21876935.0,213
6602,1997,50594600.0,214
6603,1997,3245069.0,216
6604,1997,272657000.0,217
6605,1997,23667000.0,218
6606,1997,18591.0,104
6607,1997,178871.0,219
6608,1997,178543.0,176
6609,1997,2204865.0,113
6610,1997,45285048.0,172
6611,1997,9133156.0,229
6612,1997,11362401.0,230
6613,1998,84355.0,11
6614,1998,18493132.0,1
6615,1998,15366864.0,6
6616,1998,3128530.0,3
6617,1998,65186.0,5
6618,1998,2921130.0,211
6619,1998,36233195.0,9
6620,1998,3240550.0,10
6621,1998,56603.0,12
6622,1998,72572.0,7
6623,1998,18607584.0,13
6624,1998,7976789.0,14
6625,1998,7913000.0,15
6626,1998,6035340.0,19
6627,1998,10203008.0,20
6628,1998,6584183.0,21
6629,1998,11201063.0,34
6630,1998,124350471.0,17
6631,1998,8256786.0,33
6632,1998,672484.0,31
6633,1998,4115059.0,24
6634,1998,10071963.0,26
6635,1998,224907.0,25
6636,1998,60943.0,22
6637,1998,8286928.0,28
6638,1998,171039804.0,30
6639,1998,263642.0,18
6640,1998,320152.0,32
6641,1998,557143.0,23
6642,1998,1655699.0,29
6643,1998,3555064.0,35
6644,1998,30155173.0,37
6645,1998,7110001.0,192
6646,1998,14996742.0,41
6647,1998,14314599.0,44
6648,1998,37944414.0,47
6649,1998,515959.0,48
6650,1998,440214.0,50
6651,1998,3821421.0,51
6652,1998,11033758.0,54
6653,1998,36947.0,38
6654,1998,914660.0,55
6655,1998,10294373.0,56
6656,1998,82047195.0,82
6657,1998,694920.0,58
6658,1998,68938.0,59
6659,1998,5304219.0,57
6660,1998,8282126.0,60
6661,1998,29924668.0,4
6662,1998,12199693.0,61
6663,1998,2322753.0,64
6664,1998,40223509.0,66
6665,1998,1386156.0,67
6666,1998,63136493.0,68
6667,1998,5153498.0,71
6668,1998,813947.0,70
6669,1998,60192790.0,72
6670,1998,1209832.0,75
6671,1998,4243607.0,80
6672,1998,18714708.0,83
6673,1998,7992545.0,87
6674,1998,629734.0,81
6675,1998,10720509.0,84
6676,1998,106200.0,85
6677,1998,11046215.0,86
6678,1998,156357.0,88
6679,1998,756697.0,89
6680,1998,6308537.0,92
6681,1998,4532135.0,52
6682,1998,8060896.0,90
6683,1998,10266570.0,93
6684,1998,207855486.0,94
6685,1998,1021434576.0,95
6686,1998,3712696.0,98
6687,1998,23053488.0,99
6688,1998,274047.0,100
6689,1998,5971000.0,101
6690,1998,56906744.0,103
6691,1998,2576567.0,105
6692,1998,4844403.0,106
6693,1998,126400000.0,107
6694,1998,15071640.0,108
6695,1998,29137373.0,109
6696,1998,11669077.0,36
6697,1998,85805.0,111
6698,1998,1819544.0,115
6699,1998,4178784.0,119
6700,1998,2639224.0,120
6701,1998,4980962.0,118
6702,1998,32190.0,123
6703,1998,18560798.0,188
6704,1998,1985639.0,122
6705,1998,3549331.0,124
6706,1998,424700.0,125
6707,1998,2410019.0,117
6708,1998,27791825.0,128
6709,1998,32209.0,140
6710,1998,15250934.0,126
6711,1998,273796.0,132
6712,1998,94767284.0,133
6713,1998,53164.0,135
6714,1998,2007523.0,136
6715,1998,10620475.0,137
6716,1998,385287.0,138
6717,1998,44516185.0,144
6718,1998,607662.0,139
6719,1998,2405148.0,134
6720,1998,16923195.0,141
6721,1998,2550501.0,143
6722,1998,1160421.0,142
6723,1998,10732456.0,130
6724,1998,21810542.0,129
6725,1998,1735953.0,145
6726,1998,10854920.0,151
6727,1998,116690527.0,150
6728,1998,4974552.0,147
6729,1998,15707209.0,148
6730,1998,4431464.0,152
6731,1998,23703328.0,149
6732,1998,10377.0,153
6733,1998,3815000.0,154
6734,1998,2279727.0,155
6735,1998,145476106.0,156
6736,1998,2885177.0,157
6737,1998,25818226.0,159
6738,1998,74491918.0,160
6739,1998,18852.0,162
6740,1998,5138829.0,163
6741,1998,38663481.0,164
6742,1998,3781101.0,167
6743,1998,10160196.0,165
6744,1998,4923449.0,158
6745,1998,580997.0,168
6746,1998,22507344.0,171
6747,1998,147670784.0,173
6748,1998,7914645.0,174
6749,1998,25029144.0,191
6750,1998,9261526.0,178
6751,1998,3927213.0,180
6752,1998,408145.0,185
6753,1998,4449975.0,182
6754,1998,5885083.0,65
6755,1998,25997.0,184
6756,1998,8056862.0,186
6757,1998,7567745.0,187
6758,1998,5699436.0,189
6759,1998,461749.0,193
6760,1998,1981629.0,183
6761,1998,8850974.0,195
6762,1998,1005158.0,196
6763,1998,78846.0,179
6764,1998,15500542.0,197
6765,1998,7709115.0,40
6766,1998,4728297.0,205
6767,1998,61745217.0,201
6768,1998,6156805.0,202
6769,1998,4431517.0,203
6770,1998,855409.0,204
6771,1998,101343.0,200
6772,1998,1322572.0,207
6773,1998,9677148.0,208
6774,1998,9634.0,210
6775,1998,22537658.0,213
6776,1998,50144500.0,214
6777,1998,3262683.0,216
6778,1998,275854000.0,217
6779,1998,24051000.0,218
6780,1998,19079.0,104
6781,1998,183088.0,219
6782,1998,180385.0,176
6783,1998,2090490.0,113
6784,1998,45852166.0,172
6785,1998,9372430.0,229
6786,1998,11548364.0,230
6787,1999,86867.0,11
6788,1999,19262847.0,1
6789,1999,15870753.0,6
6790,1999,3108778.0,3
6791,1999,65655.0,5
6792,1999,3097563.0,211
6793,1999,36653031.0,9
6794,1999,3206030.0,10
6795,1999,57594.0,12
6796,1999,73821.0,7
6797,1999,18812264.0,13
6798,1999,7992324.0,14
6799,1999,7982750.0,15
6800,1999,6180180.0,19
6801,1999,10226419.0,20
6802,1999,6788589.0,21
6803,1999,11533554.0,34
6804,1999,126754824.0,17
6805,1999,8210624.0,33
6806,1999,692133.0,31
6807,1999,4153014.0,24
6808,1999,10026738.0,26
6809,1999,232733.0,25
6810,1999,61285.0,22
6811,1999,8439052.0,28
6812,1999,173486281.0,30
6813,1999,264170.0,18
6814,1999,327045.0,32
6815,1999,570990.0,23
6816,1999,1691558.0,29
6817,1999,3655360.0,35
6818,1999,30401286.0,37
6819,1999,7143991.0,192
6820,1999,15176410.0,41
6821,1999,14698973.0,44
6822,1999,38585033.0,47
6823,1999,526443.0,48
6824,1999,449627.0,50
6825,1999,3901430.0,51
6826,1999,11070094.0,54
6827,1999,38295.0,38
6828,1999,931600.0,55
6829,1999,10283860.0,56
6830,1999,82100243.0,82
6831,1999,719371.0,58
6832,1999,68698.0,59
6833,1999,5321799.0,57
6834,1999,8411374.0,60
6835,1999,30346083.0,4
6836,1999,12412046.0,61
6837,1999,2356477.0,64
6838,1999,40386875.0,66
6839,1999,1390244.0,67
6840,1999,65077579.0,68
6841,1999,5165474.0,71
6842,1999,823422.0,70
6843,1999,60504420.0,72
6844,1999,1240764.0,75
6845,1999,4157192.0,80
6846,1999,19176791.0,83
6847,1999,8174897.0,87
6848,1999,655029.0,81
6849,1999,10761698.0,84
6850,1999,106823.0,85
6851,1999,11311078.0,86
6852,1999,158395.0,88
6853,1999,758014.0,89
6854,1999,6477365.0,92
6855,1999,4512597.0,52
6856,1999,8208941.0,90
6857,1999,10237530.0,93
6858,1999,210996910.0,94
6859,1999,1040500054.0,95
6860,1999,3754786.0,98
6861,1999,23820734.0,99
6862,1999,277381.0,100
6863,1999,6125000.0,101
6864,1999,56916317.0,103
6865,1999,2596271.0,105
6866,1999,4950775.0,106
6867,1999,126631000.0,107
6868,1999,14928374.0,108
6869,1999,29965129.0,109
6870,1999,11899006.0,36
6871,1999,87289.0,111
6872,1999,1877427.0,115
6873,1999,4250020.0,119
6874,1999,2789743.0,120
6875,1999,5057998.0,118
6876,1999,32615.0,123
6877,1999,18670411.0,188
6878,1999,1994243.0,122
6879,1999,3524238.0,124
6880,1999,430475.0,125
6881,1999,2390482.0,117
6882,1999,28176997.0,128
6883,1999,32394.0,140
6884,1999,15730885.0,126
6885,1999,278111.0,132
6886,1999,96334810.0,133
6887,1999,53834.0,135
6888,1999,2017142.0,136
6889,1999,10916993.0,137
6890,1999,387578.0,138
6891,1999,45041636.0,144
6892,1999,606001.0,139
6893,1999,2428488.0,134
6894,1999,17337893.0,141
6895,1999,2620611.0,143
6896,1999,1175267.0,142
6897,1999,10973956.0,130
6898,1999,22368655.0,129
6899,1999,1778277.0,145
6900,1999,11231469.0,151
6901,1999,119695565.0,150
6902,1999,5049878.0,147
6903,1999,15812088.0,148
6904,1999,4461913.0,152
6905,1999,24143157.0,149
6906,1999,10383.0,153
6907,1999,3835100.0,154
6908,1999,2312600.0,155
6909,1999,149694462.0,156
6910,1999,2943120.0,157
6911,1999,26252239.0,159
6912,1999,76249064.0,160
6913,1999,19380.0,162
6914,1999,5321388.0,163
6915,1999,38660271.0,164
6916,1999,3800081.0,167
6917,1999,10217828.0,165
6918,1999,5026031.0,158
6919,1999,613302.0,168
6920,1999,22472040.0,171
6921,1999,147214776.0,173
6922,1999,8009587.0,174
6923,1999,25634162.0,191
6924,1999,9478564.0,178
6925,1999,3958723.0,180
6926,1999,419229.0,185
6927,1999,4475145.0,182
6928,1999,5923852.0,65
6929,1999,26404.0,184
6930,1999,8384479.0,186
6931,1999,7540401.0,187
6932,1999,5850145.0,189
6933,1999,470458.0,193
6934,1999,1983045.0,183
6935,1999,8857874.0,195
6936,1999,1018370.0,196
6937,1999,80410.0,179
6938,1999,15901201.0,197
6939,1999,7981889.0,40
6940,1999,4867941.0,205
6941,1999,62442651.0,201
6942,1999,6189565.0,202
6943,1999,4501079.0,203
6944,1999,866649.0,204
6945,1999,101982.0,200
6946,1999,1327063.0,207
6947,1999,9788067.0,208
6948,1999,9640.0,210
6949,1999,23279247.0,213
6950,1999,49674000.0,214
6951,1999,3278963.0,216
6952,1999,279040000.0,217
6953,1999,24311650.0,218
6954,1999,19586.0,104
6955,1999,187432.0,219
6956,1999,182211.0,176
6957,1999,1888579.0,113
6958,1999,46364681.0,172
6959,1999,9621238.0,229
6960,1999,11716454.0,230
6961,2000,89101.0,11
6962,2000,19542982.0,1
6963,2000,16394062.0,6
6964,2000,3089027.0,3
6965,2000,66097.0,5
6966,2000,3275333.0,211
6967,2000,37070774.0,9
6968,2000,3168523.0,10
6969,2000,58230.0,12
6970,2000,75055.0,7
6971,2000,19028802.0,13
6972,2000,8011566.0,14
6973,2000,8048600.0,15
6974,2000,6307659.0,19
6975,2000,10251250.0,20
6976,2000,6998023.0,21
6977,2000,11882888.0,34
6978,2000,129193327.0,17
6979,2000,8170172.0,33
6980,2000,711442.0,31
6981,2000,4179350.0,24
6982,2000,9979610.0,26
6983,2000,240406.0,25
6984,2000,61833.0,22
6985,2000,8592656.0,28
6986,2000,175873720.0,30
6987,2000,264657.0,18
6988,2000,333926.0,32
6989,2000,587207.0,23
6990,2000,1726985.0,29
6991,2000,3759170.0,35
6992,2000,30685730.0,37
6993,2000,7184250.0,192
6994,2000,15351799.0,41
6995,2000,15091594.0,44
6996,2000,39215135.0,47
6997,2000,536758.0,48
6998,2000,458251.0,50
6999,2000,3979193.0,51
7000,2000,11105791.0,54
7001,2000,39658.0,38
7002,2000,948237.0,55
7003,2000,10255063.0,56
7004,2000,82211508.0,82
7005,2000,742033.0,58
7006,2000,68346.0,59
7007,2000,5339616.0,57
7008,2000,8540791.0,60
7009,2000,30774621.0,4
7010,2000,12626507.0,61
7011,2000,2392880.0,64
7012,2000,40567864.0,66
7013,2000,1396985.0,67
7014,2000,67031867.0,68
7015,2000,5176209.0,71
7016,2000,832509.0,70
7017,2000,60921384.0,72
7018,2000,1272935.0,75
7019,2000,4077131.0,80
7020,2000,19665502.0,83
7021,2000,8336967.0,87
7022,2000,684977.0,81
7023,2000,10805808.0,84
7024,2000,107432.0,85
7025,2000,11589761.0,86
7026,2000,160188.0,88
7027,2000,759051.0,89
7028,2000,6656725.0,92
7029,2000,4468302.0,52
7030,2000,8360225.0,90
7031,2000,10210971.0,93
7032,2000,214072421.0,94
7033,2000,1059633675.0,95
7034,2000,3805174.0,98
7035,2000,24628858.0,99
7036,2000,281205.0,100
7037,2000,6289000.0,101
7038,2000,56942108.0,103
7039,2000,2612205.0,105
7040,2000,5056174.0,106
7041,2000,126843000.0,107
7042,2000,14883626.0,108
7043,2000,30851606.0,109
7044,2000,12118841.0,36
7045,2000,88826.0,111
7046,2000,1934901.0,115
7047,2000,4320642.0,119
7048,2000,2895224.0,120
7049,2000,5154790.0,118
7050,2000,33026.0,123
7051,2000,18776371.0,188
7052,2000,1998630.0,122
7053,2000,3499536.0,124
7054,2000,436300.0,125
7055,2000,2367550.0,117
7056,2000,28554415.0,128
7057,2000,32465.0,140
7058,2000,16216431.0,126
7059,2000,282507.0,132
7060,2000,97873442.0,133
7061,2000,54224.0,135
7062,2000,2026350.0,136
7063,2000,11239101.0,137
7064,2000,390087.0,138
7065,2000,45538332.0,144
7066,2000,604950.0,139
7067,2000,2450979.0,134
7068,2000,17768505.0,141
7069,2000,2695003.0,143
7070,2000,1186873.0,142
7071,2000,11229387.0,130
7072,2000,22945150.0,129
7073,2000,1819141.0,145
7074,2000,11622665.0,151
7075,2000,122851984.0,150
7076,2000,5123222.0,147
7077,2000,15925513.0,148
7078,2000,4490967.0,152
7079,2000,24559500.0,149
7080,2000,10377.0,153
7081,2000,3857700.0,154
7082,2000,2344253.0,155
7083,2000,154369924.0,156
7084,2000,3001731.0,157
7085,2000,26654439.0,159
7086,2000,77958223.0,160
7087,2000,19726.0,162
7088,2000,5508297.0,163
7089,2000,38258629.0,164
7090,2000,3810605.0,167
7091,2000,10289898.0,165
7092,2000,5123819.0,158
7093,2000,645937.0,168
7094,2000,22442971.0,171
7095,2000,146596869.0,173
7096,2000,8109989.0,174
7097,2000,26298773.0,191
7098,2000,9704287.0,178
7099,2000,4027887.0,180
7100,2000,429978.0,185
7101,2000,4584067.0,182
7102,2000,5958482.0,65
7103,2000,26823.0,184
7104,2000,8721465.0,186
7105,2000,7516346.0,187
7106,2000,6114440.0,189
7107,2000,478998.0,193
7108,2000,1988925.0,183
7109,2000,8872109.0,195
7110,2000,1030496.0,196
7111,2000,81131.0,179
7112,2000,16307654.0,197
7113,2000,8259137.0,40
7114,2000,5008035.0,205
7115,2000,63066603.0,201
7116,2000,6272998.0,202
7117,2000,4569132.0,203
7118,2000,878360.0,204
7119,2000,102603.0,200
7120,2000,1332203.0,207
7121,2000,9893316.0,208
7122,2000,9638.0,210
7123,2000,24020697.0,213
7124,2000,49176500.0,214
7125,2000,3292224.0,216
7126,2000,282162411.0,217
7127,2000,24650400.0,218
7128,2000,20104.0,104
7129,2000,192074.0,219
7130,2000,184008.0,176
7131,2000,1823286.0,113
7132,2000,46813266.0,172
7133,2000,9891136.0,229
7134,2000,11834676.0,230
7135,2001,90691.0,11
7136,2001,19688632.0,1
7137,2001,16941587.0,6
7138,2001,3060173.0,3
7139,2001,67820.0,5
7140,2001,3454198.0,211
7141,2001,37480493.0,9
7142,2001,3133133.0,10
7143,2001,58324.0,12
7144,2001,76215.0,7
7145,2001,19274701.0,13
7146,2001,8042293.0,14
7147,2001,8111200.0,15
7148,2001,6465729.0,19
7149,2001,10286570.0,20
7150,2001,7212041.0,21
7151,2001,12249764.0,34
7152,2001,131670484.0,17
7153,2001,8009142.0,33
7154,2001,730257.0,31
7155,2001,4194932.0,24
7156,2001,9928549.0,26
7157,2001,248100.0,25
7158,2001,62504.0,22
7159,2001,8746084.0,28
7160,2001,178211881.0,30
7161,2001,265377.0,18
7162,2001,340748.0,32
7163,2001,603234.0,23
7164,2001,1761930.0,29
7165,2001,3844773.0,35
7166,2001,31020855.0,37
7167,2001,7229854.0,192
7168,2001,15523978.0,41
7169,2001,15493253.0,44
7170,2001,39837875.0,47
7171,2001,547741.0,48
7172,2001,465958.0,50
7173,2001,4053222.0,51
7174,2001,11139127.0,54
7175,2001,41054.0,38
7176,2001,964830.0,55
7177,2001,10216605.0,56
7178,2001,82349925.0,82
7179,2001,765490.0,58
7180,2001,68153.0,59
7181,2001,5358783.0,57
7182,2001,8669040.0,60
7183,2001,31200985.0,4
7184,2001,12845521.0,61
7185,2001,2461927.0,64
7186,2001,40850412.0,66
7187,2001,1388115.0,67
7188,2001,69018932.0,68
7189,2001,5188008.0,71
7190,2001,841320.0,70
7191,2001,61367388.0,72
7192,2001,1306590.0,75
7193,2001,4014373.0,80
7194,2001,20195577.0,83
7195,2001,8445717.0,87
7196,2001,719270.0,81
7197,2001,10862132.0,84
7198,2001,107936.0,85
7199,2001,11871565.0,86
7200,2001,161524.0,88
7201,2001,759809.0,89
7202,2001,6837861.0,92
7203,2001,4299642.0,52
7204,2001,8511728.0,90
7205,2001,10187576.0,93
7206,2001,217112437.0,94
7207,2001,1078970907.0,95
7208,2001,3866243.0,98
7209,2001,25425663.0,99
7210,2001,284968.0,100
7211,2001,6439000.0,101
7212,2001,56974100.0,103
7213,2001,2625405.0,105
7214,2001,5163310.0,106
7215,2001,127149000.0,107
7216,2001,14858335.0,108
7217,2001,31800343.0,109
7218,2001,12338192.0,36
7219,2001,90531.0,111
7220,2001,1991674.0,115
7221,2001,4389200.0,119
7222,2001,2981648.0,120
7223,2001,5275916.0,118
7224,2001,33376.0,123
7225,2001,18920275.0,188
7226,2001,1999473.0,122
7227,2001,3470818.0,124
7228,2001,441525.0,125
7229,2001,2337170.0,117
7230,2001,28930097.0,128
7231,2001,32444.0,140
7232,2001,16709665.0,126
7233,2001,287324.0,132
7234,2001,99394288.0,133
7235,2001,54413.0,135
7236,2001,2034882.0,136
7237,2001,11583824.0,137
7238,2001,393028.0,138
7239,2001,46014826.0,144
7240,2001,607389.0,139
7241,2001,2472601.0,134
7242,2001,18220716.0,141
7243,2001,2761823.0,143
7244,2001,1196287.0,142
7245,2001,11498818.0,130
7246,2001,23542517.0,129
7247,2001,1856402.0,145
7248,2001,12031430.0,151
7249,2001,126152678.0,150
7250,2001,5192764.0,147
7251,2001,16046180.0,148
7252,2001,4513751.0,152
7253,2001,24956071.0,149
7254,2001,10363.0,153
7255,2001,3880500.0,154
7256,2001,2374653.0,155
7257,2001,159217727.0,156
7258,2001,3061024.0,157
7259,2001,27014909.0,159
7260,2001,79626086.0,160
7261,2001,19828.0,162
7262,2001,5698489.0,163
7263,2001,38248076.0,164
7264,2001,3818774.0,167
7265,2001,10362722.0,165
7266,2001,5211541.0,158
7267,2001,678831.0,168
7268,2001,22131970.0,171
7269,2001,145976482.0,173
7270,2001,8223941.0,174
7271,2001,26947253.0,191
7272,2001,9938027.0,178
7273,2001,4138012.0,180
7274,2001,440395.0,185
7275,2001,4857096.0,182
7276,2001,5988095.0,65
7277,2001,27335.0,184
7278,2001,9070747.0,186
7279,2001,7503433.0,187
7280,2001,6394431.0,189
7281,2001,487394.0,193
7282,2001,1992060.0,183
7283,2001,8895960.0,195
7284,2001,1041396.0,196
7285,2001,81202.0,179
7286,2001,16727948.0,197
7287,2001,8538804.0,40
7288,2001,5145426.0,205
7289,2001,63649892.0,201
7290,2001,6408810.0,202
7291,2001,4635094.0,203
7292,2001,893001.0,204
7293,2001,103210.0,200
7294,2001,1338567.0,207
7295,2001,9995123.0,208
7296,2001,9621.0,210
7297,2001,24763325.0,213
7298,2001,48662400.0,214
7299,2001,3300939.0,216
7300,2001,284968955.0,217
7301,2001,24964450.0,218
7302,2001,20657.0,104
7303,2001,197034.0,219
7304,2001,185530.0,176
7305,2001,1840256.0,113
7306,2001,47229714.0,172
7307,2001,10191964.0,229
7308,2001,11910978.0,230
7309,2002,91781.0,11
7310,2002,21000256.0,1
7311,2002,17516139.0,6
7312,2002,3051010.0,3
7313,2002,70849.0,5
7314,2002,3633655.0,211
7315,2002,37885028.0,9
7316,2002,3105037.0,10
7317,2002,58177.0,12
7318,2002,77195.0,7
7319,2002,19495210.0,13
7320,2002,8081957.0,14
7321,2002,8171950.0,15
7322,2002,6648938.0,19
7323,2002,10332785.0,20
7324,2002,7431783.0,21
7325,2002,12632269.0,34
7326,2002,134139826.0,17
7327,2002,7837161.0,33
7328,2002,748324.0,31
7329,2002,4198410.0,24
7330,2002,9865548.0,26
7331,2002,255987.0,25
7332,2002,62912.0,22
7333,2002,8900583.0,28
7334,2002,180476685.0,30
7335,2002,266455.0,18
7336,2002,347463.0,32
7337,2002,619048.0,23
7338,2002,1795130.0,29
7339,2002,3930648.0,35
7340,2002,31359199.0,37
7341,2002,7284753.0,192
7342,2002,15693790.0,41
7343,2002,15914033.0,44
7344,2002,40454050.0,47
7345,2002,559047.0,48
7346,2002,473231.0,50
7347,2002,4122623.0,51
7348,2002,11170051.0,54
7349,2002,42456.0,38
7350,2002,982194.0,55
7351,2002,10196916.0,56
7352,2002,82488495.0,82
7353,2002,789129.0,58
7354,2002,68262.0,59
7355,2002,5375931.0,57
7356,2002,8795101.0,60
7357,2002,31624696.0,4
7358,2002,13070609.0,61
7359,2002,2547424.0,64
7360,2002,41431558.0,66
7361,2002,1379350.0,67
7362,2002,71073215.0,68
7363,2002,5200598.0,71
7364,2002,849891.0,70
7365,2002,61816234.0,72
7366,2002,1341696.0,75
7367,2002,3978515.0,80
7368,2002,20758326.0,83
7369,2002,8577790.0,87
7370,2002,754115.0,81
7371,2002,10902022.0,84
7372,2002,108231.0,85
7373,2002,12147518.0,86
7374,2002,162563.0,88
7375,2002,760323.0,89
7376,2002,7019908.0,92
7377,2002,4302174.0,52
7378,2002,8661546.0,90
7379,2002,10158608.0,93
7380,2002,220115092.0,94
7381,2002,1098313039.0,95
7382,2002,3931947.0,98
7383,2002,26255343.0,99
7384,2002,287523.0,100
7385,2002,6570000.0,101
7386,2002,57059007.0,103
7387,2002,2638244.0,105
7388,2002,5275532.0,106
7389,2002,127445000.0,107
7390,2002,14858948.0,108
7391,2002,32779823.0,109
7392,2002,12561779.0,36
7393,2002,92400.0,111
7394,2002,2047364.0,115
7395,2002,4446666.0,119
7396,2002,3060599.0,120
7397,2002,5405326.0,118
7398,2002,33693.0,123
7399,2002,19110707.0,188
7400,2002,1997534.0,122
7401,2002,3443067.0,124
7402,2002,446175.0,125
7403,2002,2310173.0,117
7404,2002,29301817.0,128
7405,2002,32386.0,140
7406,2002,17211934.0,126
7407,2002,292284.0,132
7408,2002,100917081.0,133
7409,2002,54496.0,135
7410,2002,2020157.0,136
7411,2002,11952660.0,137
7412,2002,395969.0,138
7413,2002,46480230.0,144
7414,2002,609828.0,139
7415,2002,2494617.0,134
7416,2002,18694946.0,141
7417,2002,2821703.0,143
7418,2002,1204621.0,142
7419,2002,11784498.0,130
7420,2002,24142445.0,129
7421,2002,1888525.0,145
7422,2002,12456517.0,151
7423,2002,129583026.0,150
7424,2002,5259006.0,147
7425,2002,16148929.0,148
7426,2002,4538159.0,152
7427,2002,25332178.0,149
7428,2002,10351.0,153
7429,2002,3948500.0,154
7430,2002,2403659.0,155
7431,2002,163262807.0,156
7432,2002,3120990.0,157
7433,2002,27334503.0,159
7434,2002,81285572.0,160
7435,2002,19851.0,162
7436,2002,5892596.0,163
7437,2002,38230364.0,164
7438,2002,3823701.0,167
7439,2002,10419631.0,165
7440,2002,5286512.0,158
7441,2002,713186.0,168
7442,2002,21730496.0,171
7443,2002,145306497.0,173
7444,2002,8372306.0,174
7445,2002,27570318.0,191
7446,2002,10180950.0,178
7447,2002,4175950.0,180
7448,2002,450760.0,185
7449,2002,5140113.0,182
7450,2002,6011275.0,65
7451,2002,27969.0,184
7452,2002,9411103.0,186
7453,2002,7496522.0,187
7454,2002,6686100.0,189
7455,2002,495666.0,193
7456,2002,1994530.0,183
7457,2002,8924958.0,195
7458,2002,1050809.0,196
7459,2002,83723.0,179
7460,2002,17164021.0,197
7461,2002,8838369.0,40
7462,2002,5281538.0,205
7463,2002,64222580.0,201
7464,2002,6541755.0,202
7465,2002,4698968.0,203
7466,2002,909639.0,204
7467,2002,103804.0,200
7468,2002,1345964.0,207
7469,2002,10094561.0,208
7470,2002,9609.0,210
7471,2002,25545090.0,213
7472,2002,48202470.0,214
7473,2002,3306441.0,216
7474,2002,287625193.0,217
7475,2002,25271850.0,218
7476,2002,21288.0,104
7477,2002,202125.0,219
7478,2002,186630.0,176
7479,2002,1846786.0,113
7480,2002,47661514.0,172
7481,2002,10508294.0,229
7482,2002,11984644.0,230
7483,2003,92701.0,11
7484,2003,22645130.0,1
7485,2003,18124342.0,6
7486,2003,3039616.0,3
7487,2003,73907.0,5
7488,2003,3813443.0,211
7489,2003,38278164.0,9
7490,2003,3084102.0,10
7491,2003,57941.0,12
7492,2003,78075.0,7
7493,2003,19720737.0,13
7494,2003,8121423.0,14
7495,2003,8234100.0,15
7496,2003,6860846.0,19
7497,2003,10376133.0,20
7498,2003,7659208.0,21
7499,2003,13030591.0,34
7500,2003,136503206.0,17
7501,2003,7775327.0,33
7502,2003,778256.0,31
7503,2003,4183757.0,24
7504,2003,9796749.0,26
7505,2003,263998.0,25
7506,2003,63325.0,22
7507,2003,9057378.0,28
7508,2003,182629278.0,30
7509,2003,267499.0,18
7510,2003,354045.0,32
7511,2003,634627.0,23
7512,2003,1826863.0,29
7513,2003,4026841.0,35
7514,2003,31642461.0,37
7515,2003,7339001.0,192
7516,2003,15859112.0,41
7517,2003,16354326.0,44
7518,2003,41057687.0,47
7519,2003,570130.0,48
7520,2003,480089.0,50
7521,2003,4188610.0,51
7522,2003,11199217.0,54
7523,2003,43862.0,38
7524,2003,1000350.0,55
7525,2003,10193998.0,56
7526,2003,82534176.0,82
7527,2003,806411.0,58
7528,2003,68442.0,59
7529,2003,5390574.0,57
7530,2003,8919852.0,60
7531,2003,32055883.0,4
7532,2003,13301184.0,61
7533,2003,2653390.0,64
7534,2003,42187645.0,66
7535,2003,1370720.0,67
7536,2003,73168838.0,68
7537,2003,5213014.0,71
7538,2003,858306.0,70
7539,2003,62256970.0,72
7540,2003,1378398.0,75
7541,2003,3951736.0,80
7542,2003,21329514.0,83
7543,2003,8772254.0,87
7544,2003,789681.0,81
7545,2003,10928070.0,84
7546,2003,108740.0,85
7547,2003,12415334.0,86
7548,2003,163385.0,88
7549,2003,760562.0,89
7550,2003,7201881.0,92
7551,2003,4303399.0,52
7552,2003,8812245.0,90
7553,2003,10129552.0,93
7554,2003,223080121.0,94
7555,2003,1117415123.0,95
7556,2003,3996521.0,98
7557,2003,27068823.0,99
7558,2003,289521.0,100
7559,2003,6689700.0,101
7560,2003,57313203.0,103
7561,2003,2651027.0,105
7562,2003,5396117.0,106
7563,2003,127718000.0,107
7564,2003,14909019.0,108
7565,2003,33767122.0,109
7566,2003,12787710.0,36
7567,2003,94302.0,111
7568,2003,2101506.0,115
7569,2003,4504807.0,119
7570,2003,3085173.0,120
7571,2003,5542641.0,118
7572,2003,34000.0,123
7573,2003,19303180.0,188
7574,2003,1993030.0,122
7575,2003,3415213.0,124
7576,2003,451630.0,125
7577,2003,2287955.0,117
7578,2003,29661270.0,128
7579,2003,32316.0,140
7580,2003,17724310.0,126
7581,2003,297226.0,132
7582,2003,102429341.0,133
7583,2003,54493.0,135
7584,2003,2022725.0,136
7585,2003,12342165.0,137
7586,2003,398582.0,138
7587,2003,46924293.0,144
7588,2003,612267.0,139
7589,2003,2516454.0,134
7590,2003,19186754.0,141
7591,2003,2883326.0,143
7592,2003,1213370.0,142
7593,2003,12087965.0,130
7594,2003,24739411.0,129
7595,2003,1915425.0,145
7596,2003,12900790.0,151
7597,2003,133119801.0,150
7598,2003,5323062.0,147
7599,2003,16225302.0,148
7600,2003,4564855.0,152
7601,2003,25682908.0,149
7602,2003,10344.0,153
7603,2003,4027200.0,154
7604,2003,2431600.0,155
7605,2003,166876680.0,156
7606,2003,3181608.0,157
7607,2003,27623341.0,159
7608,2003,82942837.0,160
7609,2003,19880.0,162
7610,2003,6090980.0,163
7611,2003,38204570.0,164
7612,2003,3826095.0,167
7613,2003,10458821.0,165
7614,2003,5353254.0,158
7615,2003,748525.0,168
7616,2003,21574326.0,171
7617,2003,144648618.0,173
7618,2003,8567992.0,174
7619,2003,28188977.0,191
7620,2003,10434504.0,178
7621,2003,4114826.0,180
7622,2003,461216.0,185
7623,2003,5350907.0,182
7624,2003,6026849.0,65
7625,2003,28601.0,184
7626,2003,9758281.0,186
7627,2003,7480591.0,187
7628,2003,6992367.0,189
7629,2003,503780.0,193
7630,2003,1995733.0,183
7631,2003,8958229.0,195
7632,2003,1058797.0,196
7633,2003,82781.0,179
7634,2003,17611356.0,197
7635,2003,9196366.0,40
7636,2003,5421001.0,205
7637,2003,64776956.0,201
7638,2003,6672492.0,202
7639,2003,4758988.0,203
7640,2003,926721.0,204
7641,2003,104410.0,200
7642,2003,1353548.0,207
7643,2003,10193798.0,208
7644,2003,9668.0,210
7645,2003,26354736.0,213
7646,2003,47812949.0,214
7647,2003,3310202.0,216
7648,2003,290107933.0,217
7649,2003,25567650.0,218
7650,2003,21982.0,104
7651,2003,207258.0,219
7652,2003,187440.0,176
7653,2003,1839425.0,113
7654,2003,48104048.0,172
7655,2003,10837973.0,229
7656,2003,12075828.0,230
7657,2004,93540.0,11
7658,2004,23553551.0,1
7659,2004,18771125.0,6
7660,2004,3026939.0,3
7661,2004,76933.0,5
7662,2004,3993339.0,211
7663,2004,38668796.0,9
7664,2004,3065745.0,10
7665,2004,57626.0,12
7666,2004,78941.0,7
7667,2004,19932722.0,13
7668,2004,8171966.0,14
7669,2004,8306500.0,15
7670,2004,7120496.0,19
7671,2004,10421137.0,20
7672,2004,7894554.0,21
7673,2004,13445977.0,34
7674,2004,138789725.0,17
7675,2004,7716860.0,33
7676,2004,833451.0,31
7677,2004,4142860.0,24
7678,2004,9730146.0,26
7679,2004,272128.0,25
7680,2004,63740.0,22
7681,2004,9216279.0,28
7682,2004,184722043.0,30
7683,2004,268505.0,18
7684,2004,360461.0,32
7685,2004,649991.0,23
7686,2004,1859085.0,29
7687,2004,4115138.0,35
7688,2004,31938807.0,37
7689,2004,7389625.0,192
7690,2004,16017966.0,41
7691,2004,16809407.0,44
7692,2004,41648268.0,47
7693,2004,581154.0,48
7694,2004,486583.0,50
7695,2004,4252800.0,51
7696,2004,11225294.0,54
7697,2004,45286.0,38
7698,2004,1018684.0,55
7699,2004,10197101.0,56
7700,2004,82516260.0,82
7701,2004,818373.0,58
7702,2004,68574.0,59
7703,2004,5404523.0,57
7704,2004,9043127.0,60
7705,2004,32510186.0,4
7706,2004,13534593.0,61
7707,2004,2763140.0,64
7708,2004,42921895.0,66
7709,2004,1362550.0,67
7710,2004,75301026.0,68
7711,2004,5228172.0,71
7712,2004,866694.0,70
7713,2004,62716306.0,72
7714,2004,1417110.0,75
7715,2004,3927340.0,80
7716,2004,21906444.0,83
7717,2004,8961039.0,87
7718,2004,826355.0,81
7719,2004,10955141.0,84
7720,2004,109516.0,85
7721,2004,12682108.0,86
7722,2004,164004.0,88
7723,2004,760424.0,89
7724,2004,7383407.0,92
7725,2004,4304600.0,52
7726,2004,8961489.0,90
7727,2004,10107146.0,93
7728,2004,225938595.0,94
7729,2004,1136264583.0,95
7730,2004,4070262.0,98
7731,2004,27858948.0,99
7732,2004,292074.0,100
7733,2004,6809000.0,101
7734,2004,57685327.0,103
7735,2004,2664024.0,105
7736,2004,5532423.0,106
7737,2004,127761000.0,107
7738,2004,15012984.0,108
7739,2004,34791836.0,109
7740,2004,13016371.0,36
7741,2004,96224.0,111
7742,2004,2153481.0,115
7743,2004,4574797.0,119
7744,2004,3122447.0,120
7745,2004,5687563.0,118
7746,2004,34300.0,123
7747,2004,19490431.0,188
7748,2004,1985384.0,122
7749,2004,3377075.0,124
7750,2004,458095.0,125
7751,2004,2263122.0,117
7752,2004,30033125.0,128
7753,2004,32236.0,140
7754,2004,18250774.0,126
7755,2004,302135.0,132
7756,2004,103945813.0,133
7757,2004,54435.0,135
7758,2004,2016186.0,136
7759,2004,12751995.0,137
7760,2004,401268.0,138
7761,2004,47338446.0,144
7762,2004,613353.0,139
7763,2004,2537949.0,134
7764,2004,19694411.0,141
7765,2004,2946575.0,143
7766,2004,1221003.0,142
7767,2004,12411342.0,130
7768,2004,25333247.0,129
7769,2004,1939406.0,145
7770,2004,13366885.0,151
7771,2004,136756848.0,150
7772,2004,5386223.0,147
7773,2004,16281779.0,148
7774,2004,4591910.0,152
7775,2004,26003965.0,149
7776,2004,10335.0,153
7777,2004,4087500.0,154
7778,2004,2468855.0,155
7779,2004,170648620.0,156
7780,2004,3243311.0,157
7781,2004,27893911.0,159
7782,2004,84607501.0,160
7783,2004,19907.0,162
7784,2004,6293166.0,163
7785,2004,38182222.0,164
7786,2004,3826878.0,167
7787,2004,10483861.0,165
7788,2004,5416324.0,158
7789,2004,777943.0,168
7790,2004,21451748.0,171
7791,2004,144067316.0,173
7792,2004,8791853.0,174
7793,2004,28831550.0,191
7794,2004,10698691.0,178
7795,2004,4166664.0,180
7796,2004,471785.0,185
7797,2004,5533329.0,182
7798,2004,6035655.0,65
7799,2004,29093.0,184
7800,2004,10117354.0,186
7801,2004,7463157.0,187
7802,2004,7317118.0,189
7803,2004,510572.0,193
7804,2004,1997012.0,183
7805,2004,8993531.0,195
7806,2004,1065764.0,196
7807,2004,82475.0,179
7808,2004,18084007.0,197
7809,2004,9613503.0,40
7810,2004,5565218.0,205
7811,2004,65311166.0,201
7812,2004,6801204.0,202
7813,2004,4819792.0,203
7814,2004,945989.0,204
7815,2004,105036.0,200
7816,2004,1361172.0,207
7817,2004,10292225.0,208
7818,2004,9791.0,210
7819,2004,27146084.0,213
7820,2004,47451626.0,214
7821,2004,3313801.0,216
7822,2004,292805298.0,217
7823,2004,25864350.0,218
7824,2004,22715.0,104
7825,2004,212422.0,219
7826,2004,188073.0,176
7827,2004,1832239.0,113
7828,2004,48556071.0,172
7829,2004,11188040.0,229
7830,2004,12160881.0,230
7831,2005,94483.0,11
7832,2005,24411191.0,1
7833,2005,19450959.0,6
7834,2005,3011487.0,3
7835,2005,79826.0,5
7836,2005,4280993.0,211
7837,2005,39070501.0,9
7838,2005,3047246.0,10
7839,2005,57254.0,12
7840,2005,79869.0,7
7841,2005,20176844.0,13
7842,2005,8227829.0,14
7843,2005,8391850.0,15
7844,2005,7388874.0,19
7845,2005,10478617.0,20
7846,2005,8149419.0,21
7847,2005,13876127.0,34
7848,2005,140912590.0,17
7849,2005,7658972.0,33
7850,2005,901921.0,31
7851,2005,4094297.0,24
7852,2005,9663915.0,26
7853,2005,280375.0,25
7854,2005,64154.0,22
7855,2005,9377388.0,28
7856,2005,186797334.0,30
7857,2005,269477.0,18
7858,2005,366717.0,32
7859,2005,663323.0,23
7860,2005,1892807.0,29
7861,2005,4208834.0,35
7862,2005,32242732.0,37
7863,2005,7437115.0,192
7864,2005,16175311.0,41
7865,2005,17275171.0,44
7866,2005,42220940.0,47
7867,2005,592683.0,48
7868,2005,492827.0,50
7869,2005,4315887.0,51
7870,2005,11246114.0,54
7871,2005,46727.0,38
7872,2005,1037062.0,55
7873,2005,10211216.0,56
7874,2005,82469422.0,82
7875,2005,830861.0,58
7876,2005,68674.0,59
7877,2005,5419432.0,57
7878,2005,9164768.0,60
7879,2005,32956690.0,4
7880,2005,13770012.0,61
7881,2005,2831732.0,64
7882,2005,43653155.0,66
7883,2005,1354775.0,67
7884,2005,77469940.0,68
7885,2005,5246096.0,71
7886,2005,874923.0,70
7887,2005,63188395.0,72
7888,2005,1458353.0,75
7889,2005,3902469.0,80
7890,2005,22496951.0,83
7891,2005,9140114.0,87
7892,2005,864726.0,81
7893,2005,10987314.0,84
7894,2005,110254.0,85
7895,2005,12948292.0,86
7896,2005,164430.0,88
7897,2005,759709.0,89
7898,2005,7564613.0,92
7899,2005,4310145.0,52
7900,2005,9111900.0,90
7901,2005,10087065.0,93
7902,2005,228805144.0,94
7903,2005,1154638713.0,95
7904,2005,4159914.0,98
7905,2005,28698684.0,99
7906,2005,296734.0,100
7907,2005,6930100.0,101
7908,2005,57969484.0,103
7909,2005,2676863.0,105
7910,2005,5678534.0,106
7911,2005,127773000.0,107
7912,2005,15147029.0,108
7913,2005,35843010.0,109
7914,2005,13246583.0,36
7915,2005,98164.0,111
7916,2005,2235403.0,115
7917,2005,4643044.0,119
7918,2005,3266318.0,120
7919,2005,5837986.0,118
7920,2005,34603.0,123
7921,2005,19673866.0,188
7922,2005,1977424.0,122
7923,2005,3322528.0,124
7924,2005,465158.0,125
7925,2005,2238799.0,117
7926,2005,30431902.0,128
7927,2005,32141.0,140
7928,2005,18792171.0,126
7929,2005,307018.0,132
7930,2005,105442402.0,133
7931,2005,54337.0,135
7932,2005,2005330.0,136
7933,2005,13180551.0,137
7934,2005,403834.0,138
7935,2005,47724471.0,144
7936,2005,614261.0,139
7937,2005,2559255.0,134
7938,2005,20211114.0,141
7939,2005,3012360.0,143
7940,2005,1228254.0,142
7941,2005,12755648.0,130
7942,2005,25923536.0,129
7943,2005,1962865.0,145
7944,2005,13855221.0,151
7945,2005,140490722.0,150
7946,2005,5454678.0,147
7947,2005,16319868.0,148
7948,2005,4623291.0,152
7949,2005,26285110.0,149
7950,2005,10318.0,153
7951,2005,4133900.0,154
7952,2005,2515192.0,155
7953,2005,174372098.0,156
7954,2005,3305868.0,157
7955,2005,28147267.0,159
7956,2005,86261250.0,160
7957,2005,19831.0,162
7958,2005,6498818.0,163
7959,2005,38165445.0,164
7960,2005,3821362.0,167
7961,2005,10503330.0,165
7962,2005,5476878.0,158
7963,2005,848710.0,168
7964,2005,21319685.0,171
7965,2005,143518814.0,173
7966,2005,9026299.0,174
7967,2005,29540577.0,191
7968,2005,10974057.0,178
7969,2005,4265762.0,180
7970,2005,482486.0,185
7971,2005,5683334.0,182
7972,2005,6037817.0,65
7973,2005,29508.0,184
7974,2005,10467292.0,186
7975,2005,7440769.0,187
7976,2005,7662654.0,189
7977,2005,516220.0,193
7978,2005,2000474.0,183
7979,2005,9029572.0,195
7980,2005,1071886.0,196
7981,2005,82858.0,179
7982,2005,18583557.0,197
7983,2005,10005012.0,40
7984,2005,5711597.0,205
7985,2005,65821360.0,201
7986,2005,6929145.0,202
7987,2005,4885775.0,203
7988,2005,969313.0,204
7989,2005,105633.0,200
7990,2005,1369075.0,207
7991,2005,10388344.0,208
7992,2005,9912.0,210
7993,2005,27946588.0,213
7994,2005,47105171.0,214
7995,2005,3317665.0,216
7996,2005,295516599.0,217
7997,2005,26167000.0,218
7998,2005,23497.0,104
7999,2005,217632.0,219
8000,2005,188626.0,176
8001,2005,1825050.0,113
8002,2005,49017147.0,172
8003,2005,11564870.0,229
8004,2005,12224753.0,230
8005,2006,95606.0,11
8006,2006,25442944.0,1
8007,2006,20162340.0,6
8008,2006,2992547.0,3
8009,2006,80221.0,5
8010,2006,4898954.0,211
8011,2006,39476851.0,9
8012,2006,3026486.0,10
8013,2006,56837.0,12
8014,2006,80895.0,7
8015,2006,20450966.0,13
8016,2006,8268641.0,14
8017,2006,8484550.0,15
8018,2006,7658190.0,19
8019,2006,10547958.0,20
8020,2006,8402631.0,21
8021,2006,14316242.0,34
8022,2006,142628831.0,17
8023,2006,7601022.0,33
8024,2006,970981.0,31
8025,2006,4058086.0,24
8026,2006,9604924.0,26
8027,2006,288729.0,25
8028,2006,64523.0,22
8029,2006,9542663.0,28
8030,2006,188820682.0,30
8031,2006,270425.0,18
8032,2006,372808.0,32
8033,2006,673260.0,23
8034,2006,1928704.0,29
8035,2006,4294352.0,35
8036,2006,32571193.0,37
8037,2006,7483934.0,192
8038,2006,16334575.0,41
8039,2006,17751333.0,44
8040,2006,42772910.0,47
8041,2006,604658.0,48
8042,2006,498884.0,50
8043,2006,4378172.0,51
8044,2006,11260630.0,54
8045,2006,48177.0,38
8046,2006,1055438.0,55
8047,2006,10238905.0,56
8048,2006,82376451.0,82
8049,2006,846947.0,58
8050,2006,68742.0,59
8051,2006,5437272.0,57
8052,2006,9284168.0,60
8053,2006,33435080.0,4
8054,2006,14009061.0,61
8055,2006,2880093.0,64
8056,2006,44397319.0,66
8057,2006,1346810.0,67
8058,2006,79691050.0,68
8059,2006,5266268.0,71
8060,2006,883083.0,70
8061,2006,63628261.0,72
8062,2006,1502534.0,75
8063,2006,3880347.0,80
8064,2006,23098586.0,83
8065,2006,9330625.0,87
8066,2006,905418.0,81
8067,2006,11020362.0,84
8068,2006,110988.0,85
8069,2006,13213330.0,86
8070,2006,164675.0,88
8071,2006,758367.0,89
8072,2006,7745200.0,92
8073,2006,4311159.0,52
8074,2006,9266288.0,90
8075,2006,10071370.0,93
8076,2006,231797427.0,94
8077,2006,1172373788.0,95
8078,2006,4273591.0,98
8079,2006,28905607.0,99
8080,2006,303782.0,100
8081,2006,7053700.0,101
8082,2006,58143979.0,103
8083,2006,2689660.0,105
8084,2006,6075548.0,106
8085,2006,127854000.0,107
8086,2006,15308085.0,108
8087,2006,36925253.0,109
8088,2006,13477779.0,36
8089,2006,100083.0,111
8090,2006,2363409.0,115
8091,2006,4719864.0,119
8092,2006,3455397.0,120
8093,2006,5973369.0,118
8094,2006,34889.0,123
8095,2006,19870706.0,188
8096,2006,1976780.0,122
8097,2006,3269909.0,124
8098,2006,472637.0,125
8099,2006,2218357.0,117
8100,2006,30833022.0,128
8101,2006,32011.0,140
8102,2006,19350299.0,126
8103,2006,314401.0,132
8104,2006,106886790.0,133
8105,2006,54208.0,135
8106,2006,1994287.0,136
8107,2006,13623541.0,137
8108,2006,405308.0,138
8109,2006,48088274.0,144
8110,2006,615025.0,139
8111,2006,2581242.0,134
8112,2006,20735982.0,141
8113,2006,3081229.0,143
8114,2006,1233996.0,142
8115,2006,13118307.0,130
8116,2006,26509413.0,129
8117,2006,1986558.0,145
8118,2006,14365168.0,151
8119,2006,144329764.0,150
8120,2006,5529811.0,147
8121,2006,16346101.0,148
8122,2006,4660677.0,152
8123,2006,26518971.0,149
8124,2006,10294.0,153
8125,2006,4184600.0,154
8126,2006,2560649.0,155
8127,2006,178069984.0,156
8128,2006,3368573.0,157
8129,2006,28381078.0,159
8130,2006,87901835.0,160
8131,2006,19619.0,162
8132,2006,6708217.0,163
8133,2006,38141267.0,164
8134,2006,3805214.0,167
8135,2006,10522288.0,165
8136,2006,5534675.0,158
8137,2006,1015060.0,168
8138,2006,21193760.0,171
8139,2006,143049637.0,173
8140,2006,9270066.0,174
8141,2006,30332968.0,191
8142,2006,11263387.0,178
8143,2006,4401365.0,180
8144,2006,493430.0,185
8145,2006,5809774.0,182
8146,2006,6034436.0,65
8147,2006,29959.0,184
8148,2006,10784973.0,186
8149,2006,7411569.0,187
8150,2006,8029517.0,189
8151,2006,522023.0,193
8152,2006,2006868.0,183
8153,2006,9080505.0,195
8154,2006,1077735.0,196
8155,2006,84600.0,179
8156,2006,19432009.0,197
8157,2006,10365614.0,40
8158,2006,5874240.0,205
8159,2006,66319525.0,201
8160,2006,7057417.0,202
8161,2006,4954029.0,203
8162,2006,994564.0,204
8163,2006,106190.0,200
8164,2006,1376919.0,207
8165,2006,10483558.0,208
8166,2006,10030.0,210
8167,2006,28773227.0,213
8168,2006,46787786.0,214
8169,2006,3322282.0,216
8170,2006,298379912.0,217
8171,2006,26488250.0,218
8172,2006,24323.0,104
8173,2006,222923.0,219
8174,2006,189379.0,176
8175,2006,1817659.0,113
8176,2006,49491756.0,172
8177,2006,11971567.0,229
8178,2006,12330490.0,230
8179,2007,96787.0,11
8180,2007,25903301.0,1
8181,2007,20909684.0,6
8182,2007,2970017.0,3
8183,2007,78168.0,5
8184,2007,5872624.0,211
8185,2007,39876111.0,9
8186,2007,3004393.0,10
8187,2007,56383.0,12
8188,2007,82016.0,7
8189,2007,20827622.0,13
8190,2007,8295487.0,14
8191,2007,8581300.0,15
8192,2007,7944609.0,19
8193,2007,10625700.0,20
8194,2007,8647761.0,21
8195,2007,14757074.0,34
8196,2007,144135934.0,17
8197,2007,7545338.0,33
8198,2007,1040532.0,31
8199,2007,4007876.0,24
8200,2007,9560953.0,26
8201,2007,297173.0,25
8202,2007,64888.0,22
8203,2007,9711152.0,28
8204,2007,190779453.0,30
8205,2007,271444.0,18
8206,2007,378748.0,32
8207,2007,681614.0,23
8208,2007,1966977.0,29
8209,2007,4375569.0,35
8210,2007,32888886.0,37
8211,2007,7551117.0,192
8212,2007,16495538.0,41
8213,2007,18251866.0,44
8214,2007,43306582.0,47
8215,2007,616899.0,48
8216,2007,504733.0,50
8217,2007,4440019.0,51
8218,2007,11269887.0,54
8219,2007,49647.0,38
8220,2007,1073873.0,55
8221,2007,10298828.0,56
8222,2007,82266372.0,82
8223,2007,865196.0,58
8224,2007,68775.0,59
8225,2007,5461438.0,57
8226,2007,9402206.0,60
8227,2007,33983827.0,4
8228,2007,14251835.0,61
8229,2007,2926168.0,64
8230,2007,45226803.0,66
8231,2007,1340680.0,67
8232,2007,81996185.0,68
8233,2007,5288720.0,71
8234,2007,890648.0,70
8235,2007,64021737.0,72
8236,2007,1549774.0,75
8237,2007,3860158.0,80
8238,2007,23708320.0,83
8239,2007,9547082.0,87
8240,2007,948814.0,81
8241,2007,11048473.0,84
8242,2007,111725.0,85
8243,2007,13477017.0,86
8244,2007,164763.0,88
8245,2007,756521.0,89
8246,2007,7924462.0,92
8247,2007,4310217.0,52
8248,2007,9420826.0,90
8249,2007,10055780.0,93
8250,2007,234858289.0,94
8251,2007,1189691809.0,95
8252,2007,4398942.0,98
8253,2007,28660887.0,99
8254,2007,311566.0,100
8255,2007,7180100.0,101
8256,2007,58438310.0,103
8257,2007,2701221.0,105
8258,2007,6473457.0,106
8259,2007,128001000.0,107
8260,2007,15484192.0,108
8261,2007,38036793.0,109
8262,2007,13714791.0,36
8263,2007,101998.0,111
8264,2007,2506769.0,115
8265,2007,4809608.0,119
8266,2007,3632740.0,120
8267,2007,6097177.0,118
8268,2007,35150.0,123
8269,2007,20078655.0,188
8270,2007,1983465.0,122
8271,2007,3231294.0,124
8272,2007,479993.0,125
8273,2007,2200325.0,117
8274,2007,31232633.0,128
8275,2007,31823.0,140
8276,2007,19924958.0,126
8277,2007,325126.0,132
8278,2007,108302973.0,133
8279,2007,54038.0,135
8280,2007,1982933.0,136
8281,2007,14080912.0,137
8282,2007,406724.0,138
8283,2007,48445647.0,144
8284,2007,615875.0,139
8285,2007,2605643.0,134
8286,2007,21280513.0,141
8287,2007,3153508.0,143
8288,2007,1239630.0,142
8289,2007,13495463.0,130
8290,2007,27092604.0,129
8291,2007,2011492.0,145
8292,2007,14897873.0,151
8293,2007,148294028.0,150
8294,2007,5607453.0,147
8295,2007,16381696.0,148
8296,2007,4709153.0,152
8297,2007,26713655.0,149
8298,2007,10267.0,153
8299,2007,4223800.0,154
8300,2007,2605700.0,155
8301,2007,181924521.0,156
8302,2007,3431614.0,157
8303,2007,28600387.0,159
8304,2007,89561377.0,160
8305,2007,19366.0,162
8306,2007,6921066.0,163
8307,2007,38120560.0,164
8308,2007,3782995.0,167
8309,2007,10542964.0,165
8310,2007,5590145.0,158
8311,2007,1231893.0,168
8312,2007,20882982.0,171
8313,2007,142805114.0,173
8314,2007,9523168.0,174
8315,2007,31191163.0,191
8316,2007,11563869.0,178
8317,2007,4588599.0,180
8318,2007,504619.0,185
8319,2007,5939163.0,182
8320,2007,6044131.0,65
8321,2007,30372.0,184
8322,2007,11118092.0,186
8323,2007,7381579.0,187
8324,2007,8417823.0,189
8325,2007,527946.0,193
8326,2007,2018122.0,183
8327,2007,9148092.0,195
8328,2007,1084008.0,196
8329,2007,85033.0,179
8330,2007,20703005.0,197
8331,2007,10722731.0,40
8332,2007,6047537.0,205
8333,2007,66826754.0,201
8334,2007,7188391.0,202
8335,2007,5024894.0,203
8336,2007,1019362.0,204
8337,2007,106638.0,200
8338,2007,1384861.0,207
8339,2007,10580395.0,208
8340,2007,10149.0,210
8341,2007,29629804.0,213
8342,2007,46509355.0,214
8343,2007,3328651.0,216
8344,2007,301231207.0,217
8345,2007,26868000.0,218
8346,2007,25191.0,104
8347,2007,228345.0,219
8348,2007,190478.0,176
8349,2007,1810222.0,113
8350,2007,49996094.0,172
8351,2007,12402073.0,229
8352,2007,12450568.0,230
8353,2008,97996.0,11
8354,2008,26427199.0,1
8355,2008,21691522.0,6
8356,2008,2947314.0,3
8357,2008,76055.0,5
8358,2008,6988685.0,211
8359,2008,40273769.0,9
8360,2008,2983421.0,10
8361,2008,55891.0,12
8362,2008,83251.0,7
8363,2008,21249199.0,13
8364,2008,8321496.0,14
8365,2008,8763400.0,15
8366,2008,8278109.0,19
8367,2008,10709973.0,20
8368,2008,8906469.0,21
8369,2008,15197915.0,34
8370,2008,145421318.0,17
8371,2008,7492561.0,33
8372,2008,1110343.0,31
8373,2008,3943392.0,24
8374,2008,9527985.0,26
8375,2008,305671.0,25
8376,2008,65273.0,22
8377,2008,9880593.0,28
8378,2008,192672317.0,30
8379,2008,272635.0,18
8380,2008,384568.0,32
8381,2008,689737.0,23
8382,2008,2007320.0,29
8383,2008,4467233.0,35
8384,2008,33247298.0,37
8385,2008,7647675.0,192
8386,2008,16661462.0,41
8387,2008,18777081.0,44
8388,2008,43815313.0,47
8389,2008,629470.0,48
8390,2008,510336.0,50
8391,2008,4501921.0,51
8392,2008,11276609.0,54
8393,2008,51123.0,38
8394,2008,1092390.0,55
8395,2008,10384603.0,56
8396,2008,82110097.0,82
8397,2008,882886.0,58
8398,2008,68782.0,59
8399,2008,5493621.0,57
8400,2008,9522948.0,60
8401,2008,34569592.0,4
8402,2008,14496797.0,61
8403,2008,3005779.0,64
8404,2008,45954106.0,66
8405,2008,1337090.0,67
8406,2008,84357105.0,68
8407,2008,5313399.0,71
8408,2008,896731.0,70
8409,2008,64379696.0,72
8410,2008,1599978.0,75
8411,2008,3848449.0,80
8412,2008,24326087.0,83
8413,2008,9779785.0,87
8414,2008,994971.0,81
8415,2008,11077841.0,84
8416,2008,112478.0,85
8417,2008,13739299.0,86
8418,2008,164725.0,88
8419,2008,754150.0,89
8420,2008,8101777.0,92
8421,2008,4309705.0,52
8422,2008,9575247.0,90
8423,2008,10038188.0,93
8424,2008,237936543.0,94
8425,2008,1206734806.0,95
8426,2008,4489544.0,98
8427,2008,29218381.0,99
8428,2008,317414.0,100
8429,2008,7308800.0,101
8430,2008,58826731.0,103
8431,2008,2711373.0,105
8432,2008,6632873.0,106
8433,2008,128063000.0,107
8434,2008,15776938.0,108
8435,2008,39186895.0,109
8436,2008,13943888.0,36
8437,2008,103966.0,111
8438,2008,2650930.0,115
8439,2008,4887613.0,119
8440,2008,3783887.0,120
8441,2008,6228370.0,118
8442,2008,35401.0,123
8443,2008,20285643.0,188
8444,2008,1995014.0,122
8445,2008,3198231.0,124
8446,2008,488650.0,125
8447,2008,2177322.0,117
8448,2008,31634992.0,128
8449,2008,31862.0,140
8450,2008,20513599.0,126
8451,2008,336883.0,132
8452,2008,109684489.0,133
8453,2008,53816.0,135
8454,2008,1971493.0,136
8455,2008,14551117.0,137
8456,2008,409379.0,138
8457,2008,48729486.0,144
8458,2008,616969.0,139
8459,2008,2633887.0,134
8460,2008,21845571.0,141
8461,2008,3233336.0,143
8462,2008,1244121.0,142
8463,2008,13889423.0,130
8464,2008,27664296.0,129
8465,2008,2038552.0,145
8466,2008,15455175.0,151
8467,2008,152382506.0,150
8468,2008,5687744.0,147
8469,2008,16445593.0,148
8470,2008,4768212.0,152
8471,2008,26881544.0,149
8472,2008,10243.0,153
8473,2008,4259800.0,154
8474,2008,2651028.0,155
8475,2008,185931955.0,156
8476,2008,3495276.0,157
8477,2008,28806185.0,159
8478,2008,91252326.0,160
8479,2008,19102.0,162
8480,2008,7137988.0,163
8481,2008,38125759.0,164
8482,2008,3760866.0,167
8483,2008,10558177.0,165
8484,2008,5645148.0,158
8485,2008,1444277.0,168
8486,2008,20537875.0,171
8487,2008,142742366.0,173
8488,2008,9781996.0,174
8489,2008,32065241.0,191
8490,2008,11872929.0,178
8491,2008,4839396.0,180
8492,2008,516001.0,185
8493,2008,6090860.0,182
8494,2008,6068099.0,65
8495,2008,30700.0,184
8496,2008,11444870.0,186
8497,2008,7350222.0,187
8498,2008,8823888.0,189
8499,2008,533938.0,193
8500,2008,2021316.0,183
8501,2008,9219637.0,195
8502,2008,1089870.0,196
8503,2008,86956.0,179
8504,2008,21474059.0,197
8505,2008,11098664.0,40
8506,2008,6222482.0,205
8507,2008,67328239.0,201
8508,2008,7324627.0,202
8509,2008,5100083.0,203
8510,2008,1043076.0,204
8511,2008,106932.0,200
8512,2008,1392803.0,207
8513,2008,10680380.0,208
8514,2008,10272.0,210
8515,2008,30509862.0,213
8516,2008,46258189.0,214
8517,2008,3336126.0,216
8518,2008,304093966.0,217
8519,2008,27302800.0,218
8520,2008,26115.0,104
8521,2008,233952.0,219
8522,2008,191787.0,176
8523,2008,1803370.0,113
8524,2008,50565812.0,172
8525,2008,12852966.0,229
8526,2008,12550347.0,230
8527,2009,99212.0,11
8528,2009,27385307.0,1
8529,2009,22507674.0,6
8530,2009,2927519.0,3
8531,2009,73852.0,5
8532,2009,7992644.0,211
8533,2009,40684338.0,9
8534,2009,2964296.0,10
8535,2009,55366.0,12
8536,2009,84534.0,7
8537,2009,21691653.0,13
8538,2009,8343323.0,14
8539,2009,8947243.0,15
8540,2009,8709366.0,19
8541,2009,10796493.0,20
8542,2009,9172514.0,21
8543,2009,15650022.0,34
8544,2009,146706810.0,17
8545,2009,7444443.0,33
8546,2009,1179453.0,31
8547,2009,3877750.0,24
8548,2009,9504583.0,26
8549,2009,314171.0,25
8550,2009,65636.0,22
8551,2009,10051317.0,28
8552,2009,194517549.0,30
8553,2009,273791.0,18
8554,2009,390311.0,32
8555,2009,697678.0,23
8556,2009,2048997.0,29
8557,2009,4564540.0,35
8558,2009,33630069.0,37
8559,2009,7743831.0,192
8560,2009,16833447.0,41
8561,2009,19319274.0,44
8562,2009,44313917.0,47
8563,2009,642493.0,48
8564,2009,515638.0,50
8565,2009,4563127.0,51
8566,2009,11283185.0,54
8567,2009,52602.0,38
8568,2009,1110974.0,55
8569,2009,10443936.0,56
8570,2009,81902307.0,82
8571,2009,901103.0,58
8572,2009,68787.0,59
8573,2009,5523095.0,57
8574,2009,9648061.0,60
8575,2009,35196037.0,4
8576,2009,14742766.0,61
8577,2009,3083888.0,64
8578,2009,46362946.0,66
8579,2009,1334515.0,67
8580,2009,86755585.0,68
8581,2009,5338871.0,71
8582,2009,901383.0,70
8583,2009,64710879.0,72
8584,2009,1653542.0,75
8585,2009,3814419.0,80
8586,2009,24950762.0,83
8587,2009,10021323.0,87
8588,2009,1043686.0,81
8589,2009,11107017.0,84
8590,2009,113249.0,85
8591,2009,14000190.0,86
8592,2009,164580.0,88
8593,2009,751258.0,89
8594,2009,8277302.0,92
8595,2009,4305181.0,52
8596,2009,9730638.0,90
8597,2009,10022650.0,93
8598,2009,240981299.0,94
8599,2009,1223640160.0,95
8600,2009,4535375.0,98
8601,2009,30289040.0,99
8602,2009,318499.0,100
8603,2009,7485600.0,101
8604,2009,59095365.0,103
8605,2009,2722401.0,105
8606,2009,6780493.0,106
8607,2009,128047000.0,107
8608,2009,16092822.0,108
8609,2009,40364444.0,109
8610,2009,14155740.0,36
8611,2009,105996.0,111
8612,2009,2795550.0,115
8613,2009,4951135.0,119
8614,2009,3905066.0,120
8615,2009,6360191.0,118
8616,2009,35675.0,123
8617,2009,20482477.0,188
8618,2009,2009169.0,122
8619,2009,3162916.0,124
8620,2009,497783.0,125
8621,2009,2141669.0,117
8622,2009,32042877.0,128
8623,2009,32401.0,140
8624,2009,21117092.0,126
8625,2009,349037.0,132
8626,2009,111049428.0,133
8627,2009,53593.0,135
8628,2009,1958782.0,136
8629,2009,15032635.0,137
8630,2009,412477.0,138
8631,2009,49015836.0,144
8632,2009,618294.0,139
8633,2009,2666713.0,134
8634,2009,22436660.0,141
8635,2009,3322616.0,143
8636,2009,1247429.0,142
8637,2009,14298932.0,130
8638,2009,28217204.0,129
8639,2009,2067919.0,145
8640,2009,16037915.0,151
8641,2009,156595758.0,150
8642,2009,5770639.0,147
8643,2009,16530388.0,148
8644,2009,4828726.0,152
8645,2009,27026941.0,149
8646,2009,10233.0,153
8647,2009,4302600.0,154
8648,2009,2697537.0,155
8649,2009,190123222.0,156
8650,2009,3559343.0,157
8651,2009,29009326.0,159
8652,2009,92946951.0,160
8653,2009,18826.0,162
8654,2009,7358890.0,163
8655,2009,38151603.0,164
8656,2009,3740410.0,167
8657,2009,10568247.0,165
8658,2009,5702574.0,158
8659,2009,1610274.0,168
8660,2009,20367487.0,171
8661,2009,142785348.0,173
8662,2009,10043737.0,174
8663,2009,32948155.0,191
8664,2009,12195029.0,178
8665,2009,4987573.0,180
8666,2009,527833.0,185
8667,2009,6259842.0,182
8668,2009,6091188.0,65
8669,2009,31059.0,184
8670,2009,11730037.0,186
8671,2009,7320807.0,187
8672,2009,9229227.0,189
8673,2009,539987.0,193
8674,2009,2039669.0,183
8675,2009,9298515.0,195
8676,2009,1094886.0,196
8677,2009,87298.0,179
8678,2009,21827220.0,197
8679,2009,11496128.0,40
8680,2009,6398624.0,205
8681,2009,67813654.0,201
8682,2009,7468596.0,202
8683,2009,5180957.0,203
8684,2009,1065540.0,204
8685,2009,107144.0,200
8686,2009,1401191.0,207
8687,2009,10784504.0,208
8688,2009,10408.0,210
8689,2009,31412520.0,213
8690,2009,46053331.0,214
8691,2009,3344156.0,216
8692,2009,306771529.0,217
8693,2009,27767400.0,218
8694,2009,27044.0,104
8695,2009,239689.0,219
8696,2009,193176.0,176
8697,2009,1797466.0,113
8698,2009,51170779.0,172
8699,2009,13318087.0,229
8700,2009,12679810.0,230
8701,2010,100341.0,11
8702,2010,28189672.0,1
8703,2010,23364185.0,6
8704,2010,2913021.0,3
8705,2010,71519.0,5
8706,2010,8481771.0,211
8707,2010,40788453.0,9
8708,2010,2946293.0,10
8709,2010,54849.0,12
8710,2010,85695.0,7
8711,2010,22031750.0,13
8712,2010,8363404.0,14
8713,2010,9054332.0,15
8714,2010,9126605.0,19
8715,2010,10895586.0,20
8716,2010,9445710.0,21
8717,2010,16116845.0,34
8718,2010,148391139.0,17
8719,2010,7395599.0,33
8720,2010,1213645.0,31
8721,2010,3811088.0,24
8722,2010,9483836.0,26
8723,2010,322106.0,25
8724,2010,65124.0,22
8725,2010,10223270.0,28
8726,2010,196353492.0,30
8727,2010,274711.0,18
8728,2010,396053.0,32
8729,2010,705516.0,23
8730,2010,2091664.0,29
8731,2010,4660067.0,35
8732,2010,34005902.0,37
8733,2010,7824909.0,192
8734,2010,17004162.0,41
8735,2010,19878036.0,44
8736,2010,44816108.0,47
8737,2010,656024.0,48
8738,2010,521212.0,50
8739,2010,4622252.0,51
8740,2010,11290417.0,54
8741,2010,54074.0,38
8742,2010,1129686.0,55
8743,2010,10474410.0,56
8744,2010,81776930.0,82
8745,2010,919199.0,58
8746,2010,68755.0,59
8747,2010,5547683.0,57
8748,2010,9775755.0,60
8749,2010,35856344.0,4
8750,2010,14989585.0,61
8751,2010,3147727.0,64
8752,2010,46576897.0,66
8753,2010,1331475.0,67
8754,2010,89237791.0,68
8755,2010,5363352.0,71
8756,2010,905169.0,70
8757,2010,65030575.0,72
8758,2010,1711105.0,75
8759,2010,3786695.0,80
8760,2010,25574719.0,83
8761,2010,10270728.0,87
8762,2010,1094524.0,81
8763,2010,11121341.0,84
8764,2010,114039.0,85
8765,2010,14259687.0,86
8766,2010,164905.0,88
8767,2010,747932.0,89
8768,2010,8450933.0,92
8769,2010,4295427.0,52
8770,2010,9842880.0,90
8771,2010,10000023.0,93
8772,2010,244016173.0,94
8773,2010,1240613620.0,95
8774,2010,4560155.0,98
8775,2010,31264875.0,99
8776,2010,318041.0,100
8777,2010,7623600.0,101
8778,2010,59277417.0,103
8779,2010,2733896.0,105
8780,2010,6931258.0,106
8781,2010,128070000.0,107
8782,2010,16321872.0,108
8783,2010,41517895.0,109
8784,2010,14363532.0,36
8785,2010,107995.0,111
8786,2010,2943356.0,115
8787,2010,4995800.0,119
8788,2010,4019956.0,120
8789,2010,6491988.0,118
8790,2010,35926.0,123
8791,2010,20668557.0,188
8792,2010,2022747.0,122
8793,2010,3097282.0,124
8794,2010,506953.0,125
8795,2010,2097555.0,117
8796,2010,32464865.0,128
8797,2010,33178.0,140
8798,2010,21731053.0,126
8799,2010,361575.0,132
8800,2010,112532401.0,133
8801,2010,53416.0,135
8802,2010,1946298.0,136
8803,2010,15529181.0,137
8804,2010,414508.0,138
8805,2010,49390988.0,144
8806,2010,619428.0,139
8807,2010,2702520.0,134
8808,2010,23073723.0,141
8809,2010,3419461.0,143
8810,2010,1250400.0,142
8811,2010,14718422.0,130
8812,2010,28717731.0,129
8813,2010,2099271.0,145
8814,2010,16647543.0,151
8815,2010,160952853.0,150
8816,2010,5855734.0,147
8817,2010,16615394.0,148
8818,2010,4889252.0,152
8819,2010,27161567.0,149
8820,2010,10241.0,153
8821,2010,4350700.0,154
8822,2010,2881914.0,155
8823,2010,194454498.0,156
8824,2010,3623617.0,157
8825,2010,29229572.0,159
8826,2010,94636700.0,160
8827,2010,18540.0,162
8828,2010,7583269.0,163
8829,2010,38042794.0,164
8830,2010,3721525.0,167
8831,2010,10573100.0,165
8832,2010,5768613.0,158
8833,2010,1713504.0,168
8834,2010,20246871.0,171
8835,2010,142849468.0,173
8836,2010,10309031.0,174
8837,2010,33739933.0,191
8838,2010,12530121.0,178
8839,2010,5076732.0,180
8840,2010,540394.0,185
8841,2010,6436698.0,182
8842,2010,6114034.0,65
8843,2010,31608.0,184
8844,2010,12026649.0,186
8845,2010,7291436.0,187
8846,2010,9714419.0,189
8847,2010,546080.0,193
8848,2010,2048583.0,183
8849,2010,9378126.0,195
8850,2010,1099920.0,196
8851,2010,89770.0,179
8852,2010,22337563.0,197
8853,2010,11894727.0,40
8854,2010,6571855.0,205
8855,2010,68270489.0,201
8856,2010,7621779.0,202
8857,2010,5267970.0,203
8858,2010,1088486.0,204
8859,2010,107383.0,200
8860,2010,1410296.0,207
8861,2010,10895063.0,208
8862,2010,10550.0,210
8863,2010,32341728.0,213
8864,2010,45870741.0,214
8865,2010,3352651.0,216
8866,2010,309327143.0,217
8867,2010,28562400.0,218
8868,2010,27556.0,104
8869,2010,245453.0,219
8870,2010,194672.0,176
8871,2010,1792563.0,113
8872,2010,51784921.0,172
8873,2010,13792086.0,229
8874,2010,12839771.0,230
8875,2011,101288.0,11
8876,2011,29249157.0,1
8877,2011,24259111.0,6
8878,2011,2905195.0,3
8879,2011,70567.0,5
8880,2011,8575205.0,211
8881,2011,41261490.0,9
8882,2011,2928976.0,10
8883,2011,54310.0,12
8884,2011,86729.0,7
8885,2011,22340024.0,13
8886,2011,8391643.0,14
8887,2011,9173082.0,15
8888,2011,9455733.0,19
8889,2011,11038264.0,20
8890,2011,9726380.0,21
8891,2011,16602651.0,34
8892,2011,150211005.0,17
8893,2011,7348328.0,33
8894,2011,1212077.0,31
8895,2011,3743142.0,24
8896,2011,9461643.0,26
8897,2011,329538.0,25
8898,2011,64564.0,22
8899,2011,10396246.0,28
8900,2011,198185302.0,30
8901,2011,275486.0,18
8902,2011,401506.0,32
8903,2011,713331.0,23
8904,2011,2134037.0,29
8905,2011,4732022.0,35
8906,2011,34339221.0,37
8907,2011,7912398.0,192
8908,2011,17173573.0,41
8909,2011,20448873.0,44
8910,2011,45308899.0,47
8911,2011,670071.0,48
8912,2011,527521.0,50
8913,2011,4679926.0,51
8914,2011,11298710.0,54
8915,2011,55492.0,38
8916,2011,1145086.0,55
8917,2011,10496088.0,56
8918,2011,80274983.0,82
8919,2011,936811.0,58
8920,2011,68742.0,59
8921,2011,5570572.0,57
8922,2011,9903737.0,60
8923,2011,36543541.0,4
8924,2011,15237728.0,61
8925,2011,3207570.0,64
8926,2011,46742697.0,66
8927,2011,1327439.0,67
8928,2011,91817929.0,68
8929,2011,5388272.0,71
8930,2011,908355.0,70
8931,2011,65345233.0,72
8932,2011,1772500.0,75
8933,2011,3756441.0,80
8934,2011,26205941.0,83
8935,2011,10527712.0,87
8936,2011,1144588.0,81
8937,2011,11104899.0,84
8938,2011,114918.0,85
8939,2011,14521515.0,86
8940,2011,165649.0,88
8941,2011,744230.0,89
8942,2011,8622504.0,92
8943,2011,4280622.0,52
8944,2011,9954312.0,90
8945,2011,9971727.0,93
8946,2011,247099697.0,94
8947,2011,1257621191.0,95
8948,2011,4580084.0,98
8949,2011,32378061.0,99
8950,2011,319014.0,100
8951,2011,7765800.0,101
8952,2011,59379449.0,103
8953,2011,2746169.0,105
8954,2011,7109980.0,106
8955,2011,127833000.0,107
8956,2011,16557202.0,108
8957,2011,42635144.0,109
8958,2011,14573885.0,36
8959,2011,109871.0,111
8960,2011,3143825.0,115
8961,2011,5045056.0,119
8962,2011,4181150.0,120
8963,2011,6188132.0,118
8964,2011,36189.0,123
8965,2011,20859743.0,188
8966,2011,2037677.0,122
8967,2011,3028115.0,124
8968,2011,518347.0,125
8969,2011,2059709.0,117
8970,2011,32903699.0,128
8971,2011,33945.0,140
8972,2011,22348158.0,126
8973,2011,374440.0,132
8974,2011,114150481.0,133
8975,2011,52971.0,135
8976,2011,1937398.0,136
8977,2011,16039734.0,137
8978,2011,416268.0,138
8979,2011,49794522.0,144
8980,2011,620079.0,139
8981,2011,2743938.0,134
8982,2011,23760421.0,141
8983,2011,3524249.0,143
8984,2011,1252404.0,142
8985,2011,15146094.0,130
8986,2011,29184133.0,129
8987,2011,2132340.0,145
8988,2011,17283112.0,151
8989,2011,165463745.0,150
8990,2011,5942553.0,147
8991,2011,16693074.0,148
8992,2011,4953088.0,152
8993,2011,27266399.0,149
8994,2011,10283.0,153
8995,2011,4384000.0,154
8996,2011,3206870.0,155
8997,2011,198602738.0,156
8998,2011,3688674.0,157
8999,2011,29477721.0,159
9000,2011,96337913.0,160
9001,2011,18240.0,162
9002,2011,7806637.0,163
9003,2011,38063255.0,164
9004,2011,3678732.0,167
9005,2011,10557560.0,165
9006,2011,5843939.0,158
9007,2011,1804171.0,168
9008,2011,20147528.0,171
9009,2011,143018195.0,173
9010,2011,10576932.0,174
9011,2011,34419624.0,191
9012,2011,12875880.0,178
9013,2011,5183688.0,180
9014,2011,553721.0,185
9015,2011,6612385.0,182
9016,2011,6137349.0,65
9017,2011,32495.0,184
9018,2011,12216837.0,186
9019,2011,7234099.0,187
9020,2011,10243050.0,189
9021,2011,552146.0,193
9022,2011,2052843.0,183
9023,2011,9449213.0,195
9024,2011,1105371.0,196
9025,2011,87441.0,179
9026,2011,22730733.0,197
9027,2011,12317730.0,40
9028,2011,6748672.0,205
9029,2011,68712846.0,201
9030,2011,7784819.0,202
9031,2011,5360811.0,203
9032,2011,1112976.0,204
9033,2011,107611.0,200
9034,2011,1420020.0,207
9035,2011,11032528.0,208
9036,2011,10700.0,210
9037,2011,33295738.0,213
9038,2011,45706086.0,214
9039,2011,3361637.0,216
9040,2011,311583481.0,217
9041,2011,29339400.0,218
9042,2011,27962.0,104
9043,2011,251294.0,219
9044,2011,196351.0,176
9045,2011,1799338.0,113
9046,2011,52443325.0,172
9047,2011,14265814.0,229
9048,2011,13025785.0,230
9049,2012,102112.0,11
9050,2012,30466479.0,1
9051,2012,25188292.0,6
9052,2012,2900401.0,3
9053,2012,71013.0,5
9054,2012,8664969.0,211
9055,2012,41733271.0,9
9056,2012,2914421.0,10
9057,2012,53691.0,12
9058,2012,87674.0,7
9059,2012,22733465.0,13
9060,2012,8429991.0,14
9061,2012,9295784.0,15
9062,2012,9795479.0,19
9063,2012,11106932.0,20
9064,2012,10014078.0,21
9065,2012,17113732.0,34
9066,2012,152090649.0,17
9067,2012,7305888.0,33
9068,2012,1224939.0,31
9069,2012,3674374.0,24
9070,2012,9446836.0,26
9071,2012,337059.0,25
9072,2012,64798.0,22
9073,2012,10569697.0,28
9074,2012,199977707.0,30
9075,2012,276197.0,18
9076,2012,406634.0,32
9077,2012,721145.0,23
9078,2012,2175425.0,29
9079,2012,4773306.0,35
9080,2012,34713395.0,37
9081,2012,7996861.0,192
9082,2012,17341771.0,41
9083,2012,21032684.0,44
9084,2012,45782417.0,47
9085,2012,684553.0,48
9086,2012,533864.0,50
9087,2012,4736593.0,51
9088,2012,11309290.0,54
9089,2012,56860.0,38
9090,2012,1156556.0,55
9091,2012,10510785.0,56
9092,2012,80425823.0,82
9093,2012,954297.0,58
9094,2012,68888.0,59
9095,2012,5591572.0,57
9096,2012,10030882.0,60
9097,2012,37260563.0,4
9098,2012,15483883.0,61
9099,2012,3252596.0,64
9100,2012,46773055.0,66
9101,2012,1322696.0,67
9102,2012,94451280.0,68
9103,2012,5413971.0,71
9104,2012,911059.0,70
9105,2012,65662240.0,72
9106,2012,1836705.0,75
9107,2012,3728874.0,80
9108,2012,26858762.0,83
9109,2012,10788692.0,87
9110,2012,1193636.0,81
9111,2012,11045011.0,84
9112,2012,115912.0,85
9113,2012,14781942.0,86
9114,2012,166392.0,88
9115,2012,743966.0,89
9116,2012,8792367.0,92
9117,2012,4267558.0,52
9118,2012,10108539.0,90
9119,2012,9920362.0,93
9120,2012,250222695.0,94
9121,2012,1274487215.0,95
9122,2012,4599533.0,98
9123,2012,33864447.0,99
9124,2012,320716.0,100
9125,2012,7910500.0,101
9126,2012,59539717.0,103
9127,2012,2759817.0,105
9128,2012,7211863.0,106
9129,2012,127629000.0,107
9130,2012,16792090.0,108
9131,2012,43725806.0,109
9132,2012,14786640.0,36
9133,2012,111618.0,111
9134,2012,3394663.0,115
9135,2012,5178337.0,119
9136,2012,4331740.0,120
9137,2012,5869870.0,118
9138,2012,36505.0,123
9139,2012,21017147.0,188
9140,2012,2054718.0,122
9141,2012,2987773.0,124
9142,2012,530946.0,125
9143,2012,2034319.0,117
9144,2012,33352169.0,128
9145,2012,34700.0,140
9146,2012,22966240.0,126
9147,2012,387539.0,132
9148,2012,115755909.0,133
9149,2012,52203.0,135
9150,2012,1929821.0,136
9151,2012,16514687.0,137
9152,2012,420028.0,138
9153,2012,50218185.0,144
9154,2012,620601.0,139
9155,2012,2792349.0,134
9156,2012,24487611.0,141
9157,2012,3636113.0,143
9158,2012,1255882.0,142
9159,2012,15581251.0,130
9160,2012,29660212.0,129
9161,2012,2167470.0,145
9162,2012,17954407.0,151
9163,2012,170075932.0,150
9164,2012,6030607.0,147
9165,2012,16754962.0,148
9166,2012,5018573.0,152
9167,2012,27330694.0,149
9168,2012,10444.0,153
9169,2012,4408100.0,154
9170,2012,3535579.0,155
9171,2012,202205861.0,156
9172,2012,3754862.0,157
9173,2012,29749589.0,159
9174,2012,98032317.0,160
9175,2012,17946.0,162
9176,2012,8026545.0,163
9177,2012,38063164.0,164
9178,2012,3634488.0,167
9179,2012,10514844.0,165
9180,2012,5923322.0,158
9181,2012,1905660.0,168
9182,2012,20058035.0,171
9183,2012,143378447.0,173
9184,2012,10840334.0,174
9185,2012,35159792.0,191
9186,2012,13231833.0,178
9187,2012,5312437.0,180
9188,2012,567763.0,185
9189,2012,6788587.0,182
9190,2012,6161289.0,65
9191,2012,33132.0,184
9192,2012,12440326.0,186
9193,2012,7199077.0,187
9194,2012,10701604.0,189
9195,2012,558111.0,193
9196,2012,2057159.0,183
9197,2012,9519374.0,195
9198,2012,1111444.0,196
9199,2012,88303.0,179
9200,2012,22605577.0,197
9201,2012,12754906.0,40
9202,2012,6926635.0,205
9203,2012,69157023.0,201
9204,2012,7956382.0,202
9205,2012,5458682.0,203
9206,2012,1137676.0,204
9207,2012,107502.0,200
9208,2012,1430377.0,207
9209,2012,11174383.0,208
9210,2012,10854.0,210
9211,2012,34273295.0,213
9212,2012,45593342.0,214
9213,2012,3371133.0,216
9214,2012,313877662.0,217
9215,2012,29774500.0,218
9216,2012,28421.0,104
9217,2012,257313.0,219
9218,2012,198124.0,176
9219,2012,1807106.0,113
9220,2012,53145033.0,172
9221,2012,14744658.0,229
9222,2012,13265331.0,230
9223,2013,102880.0,11
9224,2013,31541209.0,1
9225,2013,26147002.0,6
9226,2013,2895092.0,3
9227,2013,71367.0,5
9228,2013,8751847.0,211
9229,2013,42202935.0,9
9230,2013,2901385.0,10
9231,2013,52995.0,12
9232,2013,88497.0,7
9233,2013,23128129.0,13
9234,2013,8479823.0,14
9235,2013,9416801.0,15
9236,2013,10149577.0,19
9237,2013,11159407.0,20
9238,2013,10308730.0,21
9239,2013,17636408.0,34
9240,2013,154030139.0,17
9241,2013,7265115.0,33
9242,2013,1261673.0,31
9243,2013,3617559.0,24
9244,2013,9443211.0,26
9245,2013,344688.0,25
9246,2013,65001.0,22
9247,2013,10743349.0,28
9248,2013,201721767.0,30
9249,2013,276865.0,18
9250,2013,411702.0,32
9251,2013,728889.0,23
9252,2013,2217278.0,29
9253,2013,4802428.0,35
9254,2013,35080992.0,37
9255,2013,8089346.0,192
9256,2013,17509925.0,41
9257,2013,21632850.0,44
9258,2013,46237930.0,47
9259,2013,699393.0,48
9260,2013,539940.0,50
9261,2013,4791535.0,51
9262,2013,11321579.0,54
9263,2013,58212.0,38
9264,2013,1166968.0,55
9265,2013,10514272.0,56
9266,2013,80645605.0,82
9267,2013,971753.0,58
9268,2013,68819.0,59
9269,2013,5614932.0,57
9270,2013,10157051.0,60
9271,2013,38000626.0,4
9272,2013,15722989.0,61
9273,2013,3296367.0,64
9274,2013,46620045.0,66
9275,2013,1317997.0,67
9276,2013,97084366.0,68
9277,2013,5438972.0,71
9278,2013,913453.0,70
9279,2013,66002289.0,72
9280,2013,1902226.0,75
9281,2013,3717668.0,80
9282,2013,27525597.0,83
9283,2013,11055430.0,87
9284,2013,1243941.0,81
9285,2013,10965211.0,84
9286,2013,116945.0,85
9287,2013,15043981.0,86
9288,2013,167054.0,88
9289,2013,747420.0,89
9290,2013,8960657.0,92
9291,2013,4255689.0,52
9292,2013,10261206.0,90
9293,2013,9893082.0,93
9294,2013,253275918.0,94
9295,2013,1291132063.0,95
9296,2013,4623816.0,98
9297,2013,35481800.0,99
9298,2013,323764.0,100
9299,2013,8059500.0,101
9300,2013,60233948.0,103
9301,2013,2773129.0,105
9302,2013,7694814.0,106
9303,2013,127445000.0,107
9304,2013,17035551.0,108
9305,2013,44792368.0,109
9306,2013,14999683.0,36
9307,2013,113311.0,111
9308,2013,3646518.0,115
9309,2013,5678851.0,119
9310,2013,4427313.0,120
9311,2013,5985221.0,118
9312,2013,36806.0,123
9313,2013,21131756.0,188
9314,2013,2073939.0,122
9315,2013,2957689.0,124
9316,2013,543360.0,125
9317,2013,2012647.0,117
9318,2013,33803527.0,128
9319,2013,35425.0,140
9320,2013,23588073.0,126
9321,2013,400728.0,132
9322,2013,117290686.0,133
9323,2013,51352.0,135
9324,2013,1922716.0,136
9325,2013,17004033.0,137
9326,2013,425967.0,138
9327,2013,50648334.0,144
9328,2013,621207.0,139
9329,2013,2845153.0,134
9330,2013,25251731.0,141
9331,2013,3742959.0,143
9332,2013,1258927.0,142
9333,2013,16024775.0,130
9334,2013,30134807.0,129
9335,2013,2204510.0,145
9336,2013,18653199.0,151
9337,2013,174726123.0,150
9338,2013,6119379.0,147
9339,2013,16804432.0,148
9340,2013,5079623.0,152
9341,2013,27381555.0,149
9342,2013,10694.0,153
9343,2013,4442100.0,154
9344,2013,3816680.0,155
9345,2013,205337562.0,156
9346,2013,3821556.0,157
9347,2013,30038809.0,159
9348,2013,99700107.0,160
9349,2013,17805.0,162
9350,2013,8245627.0,163
9351,2013,38040196.0,164
9352,2013,3593077.0,167
9353,2013,10457295.0,165
9354,2013,6005652.0,158
9355,2013,2035501.0,168
9356,2013,19983693.0,171
9357,2013,143805638.0,173
9358,2013,11101350.0,174
9359,2013,35990704.0,191
9360,2013,13595566.0,178
9361,2013,5399162.0,180
9362,2013,582365.0,185
9363,2013,6964859.0,182
9364,2013,6185642.0,65
9365,2013,33285.0,184
9366,2013,12852485.0,186
9367,2013,7164132.0,187
9368,2013,11106031.0,189
9369,2013,563947.0,193
9370,2013,2059953.0,183
9371,2013,9600379.0,195
9372,2013,1118319.0,196
9373,2013,89949.0,179
9374,2013,21495821.0,197
9375,2013,13216766.0,40
9376,2013,7106229.0,205
9377,2013,69578602.0,201
9378,2013,8136610.0,202
9379,2013,5560095.0,203
9380,2013,1161555.0,204
9381,2013,107089.0,200
9382,2013,1440729.0,207
9383,2013,11300284.0,208
9384,2013,10918.0,210
9385,2013,35273570.0,213
9386,2013,45489648.0,214
9387,2013,3381180.0,216
9388,2013,316059947.0,217
9389,2013,30243200.0,218
9390,2013,28657.0,104
9391,2013,263534.0,219
9392,2013,199939.0,176
9393,2013,1818117.0,113
9394,2013,53873616.0,172
9395,2013,15234976.0,229
9396,2013,13555422.0,230
9397,2014,103594.0,11
9398,2014,32716210.0,1
9399,2014,27128337.0,6
9400,2014,2889104.0,3
9401,2014,71621.0,5
9402,2014,8835951.0,211
9403,2014,42669500.0,9
9404,2014,2889930.0,10
9405,2014,52217.0,12
9406,2014,89236.0,7
9407,2014,23475686.0,13
9408,2014,8546356.0,14
9409,2014,9535079.0,15
9410,2014,10494913.0,19
9411,2014,11209057.0,20
9412,2014,10614844.0,21
9413,2014,18169842.0,34
9414,2014,155961299.0,17
9415,2014,7223938.0,33
9416,2014,1311134.0,31
9417,2014,3571068.0,24
9418,2014,9448515.0,26
9419,2014,352335.0,25
9420,2014,65138.0,22
9421,2014,10916987.0,28
9422,2014,203459650.0,30
9423,2014,277493.0,18
9424,2014,416656.0,32
9425,2014,736357.0,23
9426,2014,2260376.0,29
9427,2014,4798734.0,35
9428,2014,35434066.0,37
9429,2014,8188649.0,192
9430,2014,17687108.0,41
9431,2014,22299585.0,44
9432,2014,46677947.0,47
9433,2014,714612.0,48
9434,2014,546076.0,50
9435,2014,4844288.0,51
9436,2014,11332026.0,54
9437,2014,59559.0,38
9438,2014,1176995.0,55
9439,2014,10525347.0,56
9440,2014,80982500.0,82
9441,2014,989087.0,58
9442,2014,69371.0,59
9443,2014,5643475.0,57
9444,2014,10282115.0,60
9445,2014,38760168.0,4
9446,2014,15957994.0,61
9447,2014,3323425.0,64
9448,2014,46480882.0,66
9449,2014,1314545.0,67
9450,2014,99746766.0,68
9451,2014,5461512.0,71
9452,2014,915560.0,70
9453,2014,66312067.0,72
9454,2014,1966855.0,75
9455,2014,3719414.0,80
9456,2014,28196358.0,83
9457,2014,11333365.0,87
9458,2014,1295183.0,81
9459,2014,10892413.0,84
9460,2014,117972.0,85
9461,2014,15306316.0,86
9462,2014,167543.0,88
9463,2014,751115.0,89
9464,2014,9127846.0,92
9465,2014,4238389.0,52
9466,2014,10412740.0,90
9467,2014,9866468.0,93
9468,2014,256229761.0,94
9469,2014,1307246509.0,95
9470,2014,4657740.0,98
9471,2014,36746488.0,99
9472,2014,327386.0,100
9473,2014,8215700.0,101
9474,2014,60789140.0,103
9475,2014,2784543.0,105
9476,2014,8658026.0,106
9477,2014,127276000.0,107
9478,2014,17288285.0,108
9479,2014,45831863.0,109
9480,2014,15210817.0,36
9481,2014,114985.0,111
9482,2014,3761584.0,115
9483,2014,6274342.0,119
9484,2014,4519398.0,120
9485,2014,6097764.0,118
9486,2014,37096.0,123
9487,2014,21239457.0,188
9488,2014,2095242.0,122
9489,2014,2932367.0,124
9490,2014,556319.0,125
9491,2014,1993782.0,117
9492,2014,34248603.0,128
9493,2014,36110.0,140
9494,2014,24215976.0,126
9495,2014,416738.0,132
9496,2014,118755887.0,133
9497,2014,50419.0,135
9498,2014,1917557.0,136
9499,2014,17551814.0,137
9500,2014,434558.0,138
9501,2014,51072436.0,144
9502,2014,621810.0,139
9503,2014,2902823.0,134
9504,2014,26038704.0,141
9505,2014,3843174.0,143
9506,2014,1261208.0,142
9507,2014,16477966.0,130
9508,2014,30606459.0,129
9509,2014,2243001.0,145
9510,2014,19372014.0,151
9511,2014,179379016.0,150
9512,2014,6208676.0,147
9513,2014,16865008.0,148
9514,2014,5137232.0,152
9515,2014,27462106.0,149
9516,2014,10940.0,153
9517,2014,4516500.0,154
9518,2014,4009267.0,155
9519,2014,208251628.0,156
9520,2014,3888793.0,157
9521,2014,30353951.0,159
9522,2014,101325201.0,160
9523,2014,17796.0,162
9524,2014,8464153.0,163
9525,2014,38011735.0,164
9526,2014,3534874.0,167
9527,2014,10401062.0,165
9528,2014,6090721.0,158
9529,2014,2214465.0,168
9530,2014,19908979.0,171
9531,2014,144237223.0,173
9532,2014,11368451.0,174
9533,2014,37003245.0,191
9534,2014,13970308.0,178
9535,2014,5469724.0,180
9536,2014,597375.0,185
9537,2014,7140688.0,182
9538,2014,6209526.0,65
9539,2014,33389.0,184
9540,2014,13309235.0,186
9541,2014,7130576.0,187
9542,2014,11213284.0,189
9543,2014,569682.0,193
9544,2014,2061980.0,183
9545,2014,9696110.0,195
9546,2014,1125865.0,196
9547,2014,91359.0,179
9548,2014,20072232.0,197
9549,2014,13697126.0,40
9550,2014,7288383.0,205
9551,2014,69960943.0,201
9552,2014,8326348.0,202
9553,2014,5663152.0,203
9554,2014,1184830.0,204
9555,2014,106626.0,200
9556,2014,1450661.0,207
9557,2014,11428948.0,208
9558,2014,10899.0,210
9559,2014,36336539.0,213
9560,2014,45272155.0,214
9561,2014,3391662.0,216
9562,2014,318386329.0,217
9563,2014,30757700.0,218
9564,2014,28971.0,104
9565,2014,269927.0,219
9566,2014,201757.0,176
9567,2014,1812771.0,113
9568,2014,54729551.0,172
9569,2014,15737793.0,229
9570,2014,13855753.0,230
9571,2015,104257.0,11
9572,2015,33753499.0,1
9573,2015,28127721.0,6
9574,2015,2880703.0,3
9575,2015,71746.0,5
9576,2015,8916899.0,211
9577,2015,43131966.0,9
9578,2015,2878595.0,10
9579,2015,51368.0,12
9580,2015,89941.0,7
9581,2015,23815995.0,13
9582,2015,8642699.0,14
9583,2015,9649341.0,15
9584,2015,10727148.0,19
9585,2015,11274196.0,20
9586,2015,10932783.0,21
9587,2015,18718019.0,34
9588,2015,157830000.0,17
9589,2015,7177991.0,33
9590,2015,1362142.0,31
9591,2015,3524324.0,24
9592,2015,9461076.0,26
9593,2015,359871.0,25
9594,2015,65237.0,22
9595,2015,11090085.0,28
9596,2015,205188205.0,30
9597,2015,278083.0,18
9598,2015,421437.0,32
9599,2015,743274.0,23
9600,2015,2305171.0,29
9601,2015,4819333.0,35
9602,2015,35704498.0,37
9603,2015,8282396.0,192
9604,2015,17870124.0,41
9605,2015,23012646.0,44
9606,2015,47119728.0,47
9607,2015,730216.0,48
9608,2015,552166.0,50
9609,2015,4895242.0,51
9610,2015,11339894.0,54
9611,2015,60911.0,38
9612,2015,1187280.0,55
9613,2015,10546059.0,56
9614,2015,81686611.0,82
9615,2015,1006259.0,58
9616,2015,70007.0,59
9617,2015,5683483.0,57
9618,2015,10405832.0,60
9619,2015,39543154.0,4
9620,2015,16195902.0,61
9621,2015,3340006.0,64
9622,2015,46444832.0,66
9623,2015,1315407.0,67
9624,2015,102471895.0,68
9625,2015,5479531.0,71
9626,2015,917200.0,70
9627,2015,66548272.0,72
9628,2015,2028517.0,75
9629,2015,3725276.0,80
9630,2015,28870939.0,83
9631,2015,11625998.0,87
9632,2015,1346973.0,81
9633,2015,10820883.0,84
9634,2015,118980.0,85
9635,2015,15567419.0,86
9636,2015,167978.0,88
9637,2015,755031.0,89
9638,2015,9294505.0,92
9639,2015,4203604.0,52
9640,2015,10563757.0,90
9641,2015,9843028.0,93
9642,2015,259091970.0,94
9643,2015,1322866505.0,95
9644,2015,4701957.0,98
9645,2015,37757813.0,99
9646,2015,330815.0,100
9647,2015,8380100.0,101
9648,2015,60730582.0,103
9649,2015,2794445.0,105
9650,2015,9494246.0,106
9651,2015,127141000.0,107
9652,2015,17542806.0,108
9653,2015,46851488.0,109
9654,2015,15417523.0,36
9655,2015,116707.0,111
9656,2015,3908743.0,115
9657,2015,6398940.0,119
9658,2015,4612329.0,120
9659,2015,6192235.0,118
9660,2015,37355.0,123
9661,2015,21336697.0,188
9662,2015,2118521.0,122
9663,2015,2904910.0,124
9664,2015,569604.0,125
9665,2015,1977527.0,117
9666,2015,34680458.0,128
9667,2015,36760.0,140
9668,2015,24850912.0,126
9669,2015,435582.0,132
9670,2015,120149897.0,133
9671,2015,49410.0,135
9672,2015,1912430.0,136
9673,2015,18112907.0,137
9674,2015,445053.0,138
9675,2015,51483949.0,144
9676,2015,622159.0,139
9677,2015,2964749.0,134
9678,2015,26843246.0,141
9679,2015,3946220.0,143
9680,2015,1262879.0,142
9681,2015,16938942.0,130
9682,2015,31068833.0,129
9683,2015,2282704.0,145
9684,2015,20128124.0,151
9685,2015,183995785.0,150
9686,2015,6298598.0,147
9687,2015,16939923.0,148
9688,2015,5188607.0,152
9689,2015,27610325.0,149
9690,2015,11185.0,153
9691,2015,4609400.0,154
9692,2015,4191776.0,155
9693,2015,210969298.0,156
9694,2015,3957099.0,157
9695,2015,30711863.0,159
9696,2015,103031365.0,160
9697,2015,17794.0,162
9698,2015,8682174.0,163
9699,2015,37986412.0,164
9700,2015,3473232.0,167
9701,2015,10358076.0,165
9702,2015,6177950.0,158
9703,2015,2414573.0,168
9704,2015,19815616.0,171
9705,2015,144640716.0,173
9706,2015,11642959.0,174
9707,2015,38171178.0,191
9708,2015,14356181.0,178
9709,2015,5535002.0,180
9710,2015,612660.0,185
9711,2015,7314773.0,182
9712,2015,6231066.0,65
9713,2015,33570.0,184
9714,2015,13763906.0,186
9715,2015,7095383.0,187
9716,2015,11194299.0,189
9717,2015,575475.0,193
9718,2015,2063531.0,183
9719,2015,9799186.0,195
9720,2015,1133936.0,196
9721,2015,93419.0,179
9722,2015,19205178.0,197
9723,2015,14140274.0,40
9724,2015,7473229.0,205
9725,2015,70294397.0,201
9726,2015,8524063.0,202
9727,2015,5766431.0,203
9728,2015,1205813.0,204
9729,2015,106122.0,200
9730,2015,1460177.0,207
9731,2015,11557779.0,208
9732,2015,10877.0,210
9733,2015,37477356.0,213
9734,2015,45167350.0,214
9735,2015,3402818.0,216
9736,2015,320738994.0,217
9737,2015,31298900.0,218
9738,2015,29366.0,104
9739,2015,276438.0,219
9740,2015,203571.0,176
9741,2015,1788196.0,113
9742,2015,55876504.0,172
9743,2015,16248230.0,229
9744,2015,14154937.0,230
9745,2016,104874.0,11
9746,2016,34636207.0,1
9747,2016,29154746.0,6
9748,2016,2876101.0,3
9749,2016,72540.0,5
9750,2016,8994263.0,211
9751,2016,43590368.0,9
9752,2016,2865835.0,10
9753,2016,50448.0,12
9754,2016,90564.0,7
9755,2016,24190907.0,13
9756,2016,8736668.0,14
9757,2016,9757812.0,15
9758,2016,10903327.0,19
9759,2016,11331422.0,20
9760,2016,11260085.0,21
9761,2016,19275498.0,34
9762,2016,159784568.0,17
9763,2016,7127822.0,33
9764,2016,1409661.0,31
9765,2016,3480986.0,24
9766,2016,9469379.0,26
9767,2016,367313.0,25
9768,2016,64554.0,22
9769,2016,11263015.0,28
9770,2016,206859578.0,30
9771,2016,278649.0,18
9772,2016,425994.0,32
9773,2016,749761.0,23
9774,2016,2352416.0,29
9775,2016,4904177.0,35
9776,2016,36110803.0,37
9777,2016,8373338.0,192
9778,2016,18083879.0,41
9779,2016,23711630.0,44
9780,2016,47625955.0,47
9781,2016,746232.0,48
9782,2016,558394.0,50
9783,2016,4945205.0,51
9784,2016,11342012.0,54
9785,2016,62255.0,38
9786,2016,1197881.0,55
9787,2016,10566332.0,56
9788,2016,82348669.0,82
9789,2016,1023261.0,58
9790,2016,70075.0,59
9791,2016,5728010.0,57
9792,2016,10527592.0,60
9793,2016,40339329.0,4
9794,2016,16439585.0,61
9795,2016,3365287.0,64
9796,2016,46484062.0,66
9797,2016,1315790.0,67
9798,2016,105293228.0,68
9799,2016,5495303.0,71
9800,2016,918371.0,70
9801,2016,66724104.0,72
9802,2016,2086206.0,75
9803,2016,3727505.0,80
9804,2016,29554303.0,83
9805,2016,11930985.0,87
9806,2016,1398927.0,81
9807,2016,10775971.0,84
9808,2016,119966.0,85
9809,2016,15827690.0,86
9810,2016,168346.0,88
9811,2016,759087.0,89
9812,2016,9460798.0,92
9813,2016,4174349.0,52
9814,2016,10713849.0,90
9815,2016,9814023.0,93
9816,2016,261850182.0,94
9817,2016,1338636340.0,95
9818,2016,4755335.0,98
9819,2016,38697943.0,99
9820,2016,335439.0,100
9821,2016,8546000.0,101
9822,2016,60627498.0,103
9823,2016,2802695.0,105
9824,2016,9964656.0,106
9825,2016,127076000.0,107
9826,2016,17794055.0,108
9827,2016,47894670.0,109
9828,2016,15624584.0,36
9829,2016,118513.0,111
9830,2016,4048085.0,115
9831,2016,6258619.0,119
9832,2016,4706097.0,120
9833,2016,6282196.0,118
9834,2016,37609.0,123
9835,2016,21425494.0,188
9836,2016,2143872.0,122
9837,2016,2868231.0,124
9838,2016,582014.0,125
9839,2016,1959537.0,117
9840,2016,35107264.0,128
9841,2016,37071.0,140
9842,2016,25501941.0,126
9843,2016,454252.0,132
9844,2016,121519221.0,133
9845,2016,48329.0,135
9846,2016,1906313.0,136
9847,2016,18700106.0,137
9848,2016,455356.0,138
9849,2016,51892349.0,144
9850,2016,622303.0,139
9851,2016,3029555.0,134
9852,2016,27696493.0,141
9853,2016,4051890.0,143
9854,2016,1263747.0,142
9855,2016,17405624.0,130
9856,2016,31526418.0,129
9857,2016,2323352.0,145
9858,2016,20921743.0,151
9859,2016,188666931.0,150
9860,2016,6389235.0,147
9861,2016,17030314.0,148
9862,2016,5234519.0,152
9863,2016,27861186.0,149
9864,2016,11437.0,153
9865,2016,4714100.0,154
9866,2016,4398070.0,155
9867,2016,213524840.0,156
9868,2016,4026336.0,157
9869,2016,31132779.0,159
9870,2016,104875266.0,160
9871,2016,17816.0,162
9872,2016,8899169.0,163
9873,2016,37970087.0,164
9874,2016,3406672.0,167
9875,2016,10325452.0,165
9876,2016,6266615.0,158
9877,2016,2595166.0,168
9878,2016,19702267.0,171
9879,2016,145015460.0,173
9880,2016,11930899.0,174
9881,2016,39377169.0,191
9882,2016,14751356.0,178
9883,2016,5607283.0,180
9884,2016,628102.0,185
9885,2016,7493913.0,182
9886,2016,6250510.0,65
9887,2016,33834.0,184
9888,2016,14292847.0,186
9889,2016,7058322.0,187
9890,2016,11066105.0,189
9891,2016,581453.0,193
9892,2016,2065042.0,183
9893,2016,9923085.0,195
9894,2016,1142524.0,196
9895,2016,94677.0,179
9896,2016,18964252.0,197
9897,2016,14592585.0,40
9898,2016,7661354.0,205
9899,2016,70607037.0,201
9900,2016,8725318.0,202
9901,2016,5868561.0,203
9902,2016,1224562.0,204
9903,2016,105707.0,200
9904,2016,1469330.0,207
9905,2016,11685667.0,208
9906,2016,10852.0,210
9907,2016,38748299.0,213
9908,2016,45038236.0,214
9909,2016,3413766.0,216
9910,2016,323071755.0,217
9911,2016,31847900.0,218
9912,2016,29739.0,104
9913,2016,283218.0,219
9914,2016,205544.0,176
9915,2016,1777557.0,113
9916,2016,56422274.0,172
9917,2016,16767761.0,229
9918,2016,14452704.0,230
9919,2017,105439.0,11
9920,2017,35643418.0,1
9921,2017,30208628.0,6
9922,2017,2873457.0,3
9923,2017,73837.0,5
9924,2017,9068296.0,211
9925,2017,44044811.0,9
9926,2017,2851923.0,10
9927,2017,49463.0,12
9928,2017,91119.0,7
9929,2017,24592588.0,13
9930,2017,8797566.0,14
9931,2017,9854033.0,15
9932,2017,11155593.0,19
9933,2017,11375158.0,20
9934,2017,11596779.0,21
9935,2017,19835858.0,34
9936,2017,161793964.0,17
9937,2017,7075947.0,33
9938,2017,1456834.0,31
9939,2017,3440027.0,24
9940,2017,9458989.0,26
9941,2017,374693.0,25
9942,2017,63873.0,22
9943,2017,11435533.0,28
9944,2017,208504960.0,30
9945,2017,279187.0,18
9946,2017,430276.0,32
9947,2017,756121.0,23
9948,2017,2401840.0,29
9949,2017,4996741.0,35
9950,2017,36545075.0,37
9951,2017,8451840.0,192
9952,2017,18368577.0,41
9953,2017,24393181.0,44
9954,2017,48351671.0,47
9955,2017,761664.0,48
9956,2017,564954.0,50
9957,2017,4993842.0,51
9958,2017,11336405.0,54
9959,2017,63581.0,38
9960,2017,1208523.0,55
9961,2017,10594438.0,56
9962,2017,82657002.0,82
9963,2017,1040233.0,58
9964,2017,70403.0,59
9965,2017,5764980.0,57
9966,2017,10647244.0,60
9967,2017,41136546.0,4
9968,2017,16696944.0,61
9969,2017,3396933.0,64
9970,2017,46593236.0,66
9971,2017,1317384.0,67
9972,2017,108197950.0,68
9973,2017,5508214.0,71
9974,2017,919019.0,70
9975,2017,66918020.0,72
9976,2017,2140215.0,75
9977,2017,3728004.0,80
9978,2017,30222262.0,83
9979,2017,12240789.0,87
9980,2017,1450694.0,81
9981,2017,10754679.0,84
9982,2017,120921.0,85
9983,2017,16087418.0,86
9984,2017,168606.0,88
9985,2017,763252.0,89
9986,2017,9626842.0,92
9987,2017,4124531.0,52
9988,2017,10863543.0,90
9989,2017,9787966.0,93
9990,2017,264498852.0,94
9991,2017,1354195680.0,95
9992,2017,4807388.0,98
9993,2017,39621162.0,99
9994,2017,343400.0,100
9995,2017,8713300.0,101
9996,2017,60536709.0,103
9997,2017,2808376.0,105
9998,2017,10215381.0,106
9999,2017,126972000.0,107
10000,2017,18037776.0,108
10001,2017,48948137.0,109
10002,2017,15830689.0,36
10003,2017,120362.0,111
10004,2017,4124904.0,115
10005,2017,6109252.0,119
10006,2017,4796631.0,120
10007,2017,6378261.0,118
10008,2017,37889.0,123
10009,2017,21506813.0,188
10010,2017,2170617.0,122
10011,2017,2828403.0,124
10012,2017,596336.0,125
10013,2017,1942248.0,117
10014,2017,35528115.0,128
10015,2017,37044.0,140
10016,2017,26169542.0,126
10017,2017,472442.0,132
10018,2017,122839258.0,133
10019,2017,47187.0,135
10020,2017,1898657.0,136
10021,2017,19311355.0,137
10022,2017,467999.0,138
10023,2017,52288341.0,144
10024,2017,622373.0,139
10025,2017,3096030.0,134
10026,2017,28569441.0,141
10027,2017,4160015.0,143
10028,2017,1264887.0,142
10029,2017,17881167.0,130
10030,2017,31975806.0,129
10031,2017,2364534.0,145
10032,2017,21737922.0,151
10033,2017,193495907.0,150
10034,2017,6480532.0,147
10035,2017,17131296.0,148
10036,2017,5276968.0,152
10037,2017,28183426.0,149
10038,2017,11682.0,153
10039,2017,4813600.0,154
10040,2017,4541854.0,155
10041,2017,216379655.0,156
10042,2017,4096063.0,157
10043,2017,31605486.0,159
10044,2017,106738501.0,160
10045,2017,17837.0,162
10046,2017,9114796.0,163
10047,2017,37974826.0,164
10048,2017,3325286.0,167
10049,2017,10300300.0,165
10050,2017,6355404.0,158
10051,2017,2711755.0,168
10052,2017,19588715.0,171
10053,2017,145293260.0,173
10054,2017,12230339.0,174
10055,2017,40679828.0,191
10056,2017,15157793.0,178
10057,2017,5612253.0,180
10058,2017,643634.0,185
10059,2017,7677565.0,182
10060,2017,6266654.0,65
10061,2017,34056.0,184
10062,2017,14864221.0,186
10063,2017,7020858.0,187
10064,2017,10658226.0,189
10065,2017,587559.0,193
10066,2017,2066388.0,183
10067,2017,10057698.0,195
10068,2017,1151390.0,196
10069,2017,95843.0,179
10070,2017,18983373.0,197
10071,2017,15085884.0,40
10072,2017,7852795.0,205
10073,2017,70898202.0,201
10074,2017,8925525.0,202
10075,2017,5968383.0,203
10076,2017,1243235.0,204
10077,2017,105415.0,200
10078,2017,1478607.0,207
10079,2017,11811443.0,208
10080,2017,10828.0,210
10081,2017,40127085.0,213
10082,2017,44880758.0,214
10083,2017,3422200.0,216
10084,2017,325122128.0,217
10085,2017,32388600.0,218
10086,2017,30060.0,104
10087,2017,290239.0,219
10088,2017,207630.0,176
10089,2017,1791003.0,113
10090,2017,56641209.0,172
10091,2017,17298054.0,229
10092,2017,14751101.0,230
10093,2018,105962.0,11
10094,2018,36686784.0,1
10095,2018,31273533.0,6
10096,2018,2866376.0,3
10097,2018,75013.0,5
10098,2018,9140169.0,211
10099,2018,44494502.0,9
10100,2018,2836557.0,10
10101,2018,48424.0,12
10102,2018,91626.0,7
10103,2018,24963258.0,13
10104,2018,8840521.0,14
10105,2018,9939771.0,15
10106,2018,11493472.0,19
10107,2018,11427054.0,20
10108,2018,11940683.0,21
10109,2018,20392723.0,34
10110,2018,163683958.0,17
10111,2018,7025037.0,33
10112,2018,1487340.0,31
10113,2018,3400129.0,24
10114,2018,9438785.0,26
10115,2018,382066.0,25
10116,2018,63918.0,22
10117,2018,11606905.0,28
10118,2018,210166592.0,30
10119,2018,279688.0,18
10120,2018,434274.0,32
10121,2018,762096.0,23
10122,2018,2451409.0,29
10123,2018,5094780.0,35
10124,2018,37072620.0,37
10125,2018,8514329.0,192
10126,2018,18701450.0,41
10127,2018,25076747.0,44
10128,2018,49276961.0,47
10129,2018,776313.0,48
10130,2018,571202.0,50
10131,2018,5040734.0,51
10132,2018,11328244.0,54
10133,2018,64884.0,38
10134,2018,1218831.0,55
10135,2018,10629928.0,56
10136,2018,82905782.0,82
10137,2018,1057198.0,58
10138,2018,70823.0,59
10139,2018,5793636.0,57
10140,2018,10765531.0,60
10141,2018,41927007.0,4
10142,2018,17015672.0,61
10143,2018,3445374.0,64
10144,2018,46797754.0,66
10145,2018,1321977.0,67
10146,2018,111129438.0,68
10147,2018,5515525.0,71
10148,2018,918996.0,70
10149,2018,67158348.0,72
10150,2018,2192012.0,75
10151,2018,3726549.0,80
10152,2018,30870641.0,83
10153,2018,12554864.0,87
10154,2018,1502091.0,81
10155,2018,10732882.0,84
10156,2018,121838.0,85
10157,2018,16346950.0,86
10158,2018,168678.0,88
10159,2018,785514.0,89
10160,2018,9792850.0,92
10161,2018,4087843.0,52
10162,2018,11012421.0,90
10163,2018,9775564.0,93
10164,2018,267066843.0,94
10165,2018,1369003306.0,95
10166,2018,4867316.0,98
10167,2018,40590700.0,99
10168,2018,352721.0,100
10169,2018,8882800.0,101
10170,2018,60421760.0,103
10171,2018,2811835.0,105
10172,2018,10459865.0,106
10173,2018,126811000.0,107
10174,2018,18276452.0,108
10175,2018,49953304.0,109
10176,2018,16025238.0,36
10177,2018,122261.0,111
10178,2018,4317185.0,115
10179,2018,5950839.0,119
10180,2018,4889391.0,120
10181,2018,6477793.0,118
10182,2018,38181.0,123
10183,2018,21670000.0,188
10184,2018,2198017.0,122
10185,2018,2801543.0,124
10186,2018,607950.0,125
10187,2018,1927174.0,117
10188,2018,35927511.0,128
10189,2018,37029.0,140
10190,2018,26846541.0,126
10191,2018,489758.0,132
10192,2018,124013861.0,133
10193,2018,45989.0,135
10194,2018,1889051.0,136
10195,2018,19934298.0,137
10196,2018,484630.0,138
10197,2018,52666014.0,144
10198,2018,622227.0,139
10199,2018,3163991.0,134
10200,2018,29423878.0,141
10201,2018,4270712.0,143
10202,2018,1265577.0,142
10203,2018,18367883.0,130
10204,2018,32399271.0,129
10205,2018,2405680.0,145
10206,2018,22577058.0,151
10207,2018,198387623.0,150
10208,2018,6572233.0,147
10209,2018,17231624.0,148
10210,2018,5311916.0,152
10211,2018,28506712.0,149
10212,2018,11924.0,153
10213,2018,4900600.0,154
10214,2018,4601157.0,155
10215,2018,219731479.0,156
10216,2018,4165255.0,157
10217,2018,32203944.0,159
10218,2018,108568836.0,160
10219,2018,17864.0,162
10220,2018,9329227.0,163
10221,2018,37974750.0,164
10222,2018,3193354.0,167
10223,2018,10283822.0,165
10224,2018,6443328.0,158
10225,2018,2766732.0,168
10226,2018,19473970.0,171
10227,2018,145398106.0,173
10228,2018,12531808.0,174
10229,2018,41999059.0,191
10230,2018,15574909.0,178
10231,2018,5638676.0,180
10232,2018,659249.0,185
10233,2018,7861281.0,182
10234,2018,6276342.0,65
10235,2018,34156.0,184
10236,2018,15411094.0,186
10237,2018,6982604.0,187
10238,2018,10395329.0,189
10239,2018,593715.0,193
10240,2018,2073894.0,183
10241,2018,10175214.0,195
10242,2018,1160428.0,196
10243,2018,96762.0,179
10244,2018,19333463.0,197
10245,2018,15604210.0,40
10246,2018,8046679.0,205
10247,2018,71127802.0,201
10248,2018,9128132.0,202
10249,2018,6065066.0,203
10250,2018,1261845.0,204
10251,2018,105150.0,200
10252,2018,1504709.0,207
10253,2018,11933041.0,208
10254,2018,10865.0,210
10255,2018,41515395.0,213
10256,2018,44690584.0,214
10257,2018,3427042.0,216
10258,2018,326838199.0,217
10259,2018,32956100.0,218
10260,2018,30335.0,104
10261,2018,297298.0,219
10262,2018,209701.0,176
10263,2018,1797085.0,113
10264,2018,57339635.0,172
10265,2018,17835893.0,229
10266,2018,15052184.0,230
10267,2019,106442.0,11
10268,2019,37769499.0,1
10269,2019,32353588.0,6
10270,2019,2854191.0,3
10271,2019,76343.0,5
10272,2019,9211657.0,211
10273,2019,44938712.0,9
10274,2019,2820602.0,10
10275,2019,47321.0,12
10276,2019,92117.0,7
10277,2019,25334826.0,13
10278,2019,8879920.0,14
10279,2019,10024283.0,15
10280,2019,11874838.0,19
10281,2019,11488980.0,20
10282,2019,12290444.0,21
10283,2019,20951639.0,34
10284,2019,165516222.0,17
10285,2019,6975761.0,33
10286,2019,1494188.0,31
10287,2019,3360711.0,24
10288,2019,9419758.0,26
10289,2019,389095.0,25
10290,2019,63911.0,22
10291,2019,11777315.0,28
10292,2019,211782878.0,30
10293,2019,280180.0,18
10294,2019,438048.0,32
10295,2019,767459.0,23
10296,2019,2499702.0,29
10297,2019,5209324.0,35
10298,2019,37618495.0,37
10299,2019,8575280.0,192
10300,2019,19039485.0,41
10301,2019,25782341.0,44
10302,2019,50187406.0,47
10303,2019,790986.0,48
10304,2019,577030.0,50
10305,2019,5084532.0,51
10306,2019,11316697.0,54
10307,2019,66134.0,38
10308,2019,1228836.0,55
10309,2019,10671870.0,56
10310,2019,83092962.0,82
10311,2019,1073994.0,58
10312,2019,71428.0,59
10313,2019,5814422.0,57
10314,2019,10881882.0,60
10315,2019,42705368.0,4
10316,2019,17343740.0,61
10317,2019,3498818.0,64
10318,2019,47134837.0,66
10319,2019,1326898.0,67
10320,2019,114120594.0,68
10321,2019,5521606.0,71
10322,2019,918465.0,70
10323,2019,67388001.0,72
10324,2019,2242785.0,75
10325,2019,3720161.0,80
10326,2019,31522290.0,83
10327,2019,12877539.0,87
10328,2019,1553031.0,81
10329,2019,10721582.0,84
10330,2019,122724.0,85
10331,2019,16604026.0,86
10332,2019,168624.0,88
10333,2019,798753.0,89
10334,2019,9958829.0,92
10335,2019,4065253.0,52
10336,2019,11160438.0,90
10337,2019,9771141.0,93
10338,2019,269582878.0,94
10339,2019,1383112050.0,95
10340,2019,4934340.0,98
10341,2019,41563520.0,99
10342,2019,360563.0,100
10343,2019,9054000.0,101
10344,2019,59729081.0,103
10345,2019,2813773.0,105
10346,2019,10698683.0,106
10347,2019,126633000.0,107
10348,2019,18513673.0,108
10349,2019,50951450.0,109
10350,2019,16207746.0,36
10351,2019,124241.0,111
10352,2019,4441100.0,115
10353,2019,5781907.0,119
10354,2019,4985289.0,120
10355,2019,6569088.0,118
10356,2019,38482.0,123
10357,2019,21803000.0,188
10358,2019,2225702.0,122
10359,2019,2794137.0,124
10360,2019,620001.0,125
10361,2019,1913822.0,117
10362,2019,36304408.0,128
10363,2019,37034.0,140
10364,2019,27533134.0,126
10365,2019,504508.0,132
10366,2019,125085311.0,133
10367,2019,44728.0,135
10368,2019,1876262.0,136
10369,2019,20567424.0,137
10370,2019,504062.0,138
10371,2019,53040212.0,144
10372,2019,622028.0,139
10373,2019,3232430.0,134
10374,2019,30285595.0,141
10375,2019,4383849.0,143
10376,2019,1265985.0,142
10377,2019,18867337.0,130
10378,2019,32804020.0,129
10379,2019,2446644.0,145
10380,2019,23443393.0,151
10381,2019,203304492.0,150
10382,2019,6663924.0,147
10383,2019,17344874.0,148
10384,2019,5347896.0,152
10385,2019,28832496.0,149
10386,2019,12132.0,153
10387,2019,4979200.0,154
10388,2019,4602768.0,155
10389,2019,223293280.0,156
10390,2019,4232532.0,157
10391,2019,32824861.0,159
10392,2019,110380804.0,160
10393,2019,17916.0,162
10394,2019,9542486.0,163
10395,2019,37965475.0,164
10396,2019,3193694.0,167
10397,2019,10286263.0,165
10398,2019,6530026.0,158
10399,2019,2807235.0,168
10400,2019,19371648.0,171
10401,2019,145453291.0,173
10402,2019,12835028.0,174
10403,2019,43232093.0,191
10404,2019,16000781.0,178
10405,2019,5703569.0,180
10406,2019,674993.0,185
10407,2019,8046828.0,182
10408,2019,6280217.0,65
10409,2019,34178.0,184
10410,2019,15981300.0,186
10411,2019,6945235.0,187
10412,2019,10447666.0,189
10413,2019,600301.0,193
10414,2019,2088385.0,183
10415,2019,10278887.0,195
10416,2019,1169613.0,196
10417,2019,97625.0,179
10418,2019,20098251.0,197
10419,2019,16126866.0,40
10420,2019,8243094.0,205
10421,2019,71307763.0,201
10422,2019,9337003.0,202
10423,2019,6158420.0,203
10424,2019,1280438.0,204
10425,2019,104951.0,200
10426,2019,1519955.0,207
10427,2019,12049314.0,208
10428,2019,10956.0,210
10429,2019,42949080.0,213
10430,2019,44474512.0,214
10431,2019,3428409.0,216
10432,2019,328329953.0,217
10433,2019,33580350.0,218
10434,2019,30610.0,104
10435,2019,304404.0,219
10436,2019,211905.0,176
10437,2019,1788878.0,113
10438,2019,58087055.0,172
10439,2019,18380477.0,229
10440,2019,15354608.0,230
10441,2020,106585.0,11
10442,2020,38972230.0,1
10443,2020,33428486.0,6
10444,2020,2837849.0,3
10445,2020,77700.0,5
10446,2020,9287289.0,211
10447,2020,45376763.0,9
10448,2020,2805608.0,10
10449,2020,46189.0,12
10450,2020,92664.0,7
10451,2020,25649248.0,13
10452,2020,8916864.0,14
10453,2020,10093121.0,15
10454,2020,12220227.0,19
10455,2020,11538604.0,20
10456,2020,12643123.0,21
10457,2020,21522626.0,34
10458,2020,167420951.0,17
10459,2020,6934015.0,33
10460,2020,1477469.0,31
10461,2020,3318407.0,24
10462,2020,9379952.0,26
10463,2020,394921.0,25
10464,2020,63893.0,22
10465,2020,11936162.0,28
10466,2020,213196304.0,30
10467,2020,280693.0,18
10468,2020,441725.0,32
10469,2020,772506.0,23
10470,2020,2546402.0,29
10471,2020,5343020.0,35
10472,2020,38028638.0,37
10473,2020,8638167.0,192
10474,2020,19300315.0,41
10475,2020,26491087.0,44
10476,2020,50930662.0,47
10477,2020,806166.0,48
10478,2020,582640.0,50
10479,2020,5123105.0,51
10480,2020,11300698.0,54
10481,2020,67311.0,38
10482,2020,1237537.0,55
10483,2020,10697858.0,56
10484,2020,83160871.0,82
10485,2020,1090156.0,58
10486,2020,71995.0,59
10487,2020,5831404.0,57
10488,2020,10999664.0,60
10489,2020,43451666.0,4
10490,2020,17588595.0,61
10491,2020,3555868.0,64
10492,2020,47365655.0,66
10493,2020,1329522.0,67
10494,2020,117190911.0,68
10495,2020,5529543.0,71
10496,2020,920422.0,70
10497,2020,67571107.0,72
10498,2020,2292573.0,75
10499,2020,3722716.0,80
10500,2020,32180401.0,83
10501,2020,13205153.0,87
10502,2020,1596049.0,81
10503,2020,10698599.0,84
10504,2020,123663.0,85
10505,2020,16858333.0,86
10506,2020,169231.0,88
10507,2020,797202.0,89
10508,2020,10121763.0,92
10509,2020,4047680.0,52
10510,2020,11306801.0,90
10511,2020,9750149.0,93
10512,2020,271857970.0,94
10513,2020,1396387127.0,95
10514,2020,4985382.0,98
10515,2020,42556984.0,99
10516,2020,366463.0,100
10517,2020,9215100.0,101
10518,2020,59438851.0,103
10519,2020,2820436.0,105
10520,2020,10928721.0,106
10521,2020,126261000.0,107
10522,2020,18755666.0,108
10523,2020,51985780.0,109
10524,2020,16396860.0,36
10525,2020,126463.0,111
10526,2020,4360444.0,115
10527,2020,5662923.0,119
10528,2020,5087584.0,120
10529,2020,6653942.0,118
10530,2020,38756.0,123
10531,2020,21919000.0,188
10532,2020,2254100.0,122
10533,2020,2794885.0,124
10534,2020,630419.0,125
10535,2020,1900449.0,117
10536,2020,36688772.0,128
10537,2020,36922.0,140
10538,2020,28225177.0,126
10539,2020,514438.0,132
10540,2020,125998302.0,133
10541,2020,43413.0,135
10542,2020,1856124.0,136
10543,2020,21224040.0,137
10544,2020,515332.0,138
10545,2020,53423198.0,144
10546,2020,621306.0,139
10547,2020,3294335.0,134
10548,2020,31178239.0,141
10549,2020,4498604.0,143
10550,2020,1266014.0,142
10551,2020,19377061.0,130
10552,2020,33199993.0,129
10553,2020,2489098.0,145
10554,2020,24333639.0,151
10555,2020,208327405.0,150
10556,2020,6755895.0,147
10557,2020,17441500.0,148
10558,2020,5379475.0,152
10559,2020,29348627.0,149
10560,2020,12315.0,153
10561,2020,5090200.0,154
10562,2020,4543399.0,155
10563,2020,227196741.0,156
10564,2020,4294396.0,157
10565,2020,33304756.0,159
10566,2020,112190977.0,160
10567,2020,17972.0,162
10568,2020,9749640.0,163
10569,2020,37899070.0,164
10570,2020,3281557.0,167
10571,2020,10297081.0,165
10572,2020,6618695.0,158
10573,2020,2760385.0,168
10574,2020,19265250.0,171
10575,2020,145245148.0,173
10576,2020,13146362.0,174
10577,2020,44440486.0,191
10578,2020,16436120.0,178
10579,2020,5685807.0,180
10580,2020,691191.0,185
10581,2020,8233970.0,182
10582,2020,6292731.0,65
10583,2020,34007.0,184
10584,2020,16537016.0,186
10585,2020,6899126.0,187
10586,2020,10606227.0,189
10587,2020,607065.0,193
10588,2020,2102419.0,183
10589,2020,10353442.0,195
10590,2020,1180655.0,196
10591,2020,98462.0,179
10592,2020,20772595.0,197
10593,2020,16644701.0,40
10594,2020,8442580.0,205
10595,2020,71475664.0,201
10596,2020,9543207.0,202
10597,2020,6250438.0,203
10598,2020,1299995.0,204
10599,2020,105254.0,200
10600,2020,1518147.0,207
10601,2020,12161723.0,208
10602,2020,11069.0,210
10603,2020,44404611.0,213
10604,2020,44207754.0,214
10605,2020,3429086.0,216
10606,2020,331526933.0,217
10607,2020,34232050.0,218
10608,2020,30910.0,104
10609,2020,311685.0,219
10610,2020,214929.0,176
10611,2020,1790133.0,113
10612,2020,58801927.0,172
10613,2020,18927715.0,229
10614,2020,15669666.0,230
10615,2021,106537.0,11
10616,2021,40099462.0,1
10617,2021,34503774.0,6
10618,2021,2811666.0,3
10619,2021,79034.0,5
10620,2021,9365145.0,211
10621,2021,45808747.0,9
10622,2021,2790974.0,10
10623,2021,45035.0,12
10624,2021,93219.0,7
10625,2021,25685412.0,13
10626,2021,8955797.0,14
10627,2021,10137750.0,15
10628,2021,12551213.0,19
10629,2021,11586195.0,20
10630,2021,12996895.0,21
10631,2021,22100683.0,34
10632,2021,169356251.0,17
10633,2021,6877743.0,33
10634,2021,1463265.0,31
10635,2021,3270943.0,24
10636,2021,9302585.0,26
10637,2021,400031.0,25
10638,2021,63764.0,22
10639,2021,12079472.0,28
10640,2021,214326223.0,30
10641,2021,281200.0,18
10642,2021,445373.0,32
10643,2021,777486.0,23
10644,2021,2588423.0,29
10645,2021,5457154.0,35
10646,2021,38239864.0,37
10647,2021,8704546.0,192
10648,2021,19493184.0,41
10649,2021,27198628.0,44
10650,2021,51516562.0,47
10651,2021,821625.0,48
10652,2021,587925.0,50
10653,2021,5153957.0,51
10654,2021,11256372.0,54
10655,2021,68136.0,38
10656,2021,1244188.0,55
10657,2021,10505772.0,56
10658,2021,83196078.0,82
10659,2021,1105557.0,58
10660,2021,72412.0,59
10661,2021,5856733.0,57
10662,2021,11117873.0,60
10663,2021,44177969.0,4
10664,2021,17797737.0,61
10665,2021,3620312.0,64
10666,2021,47415794.0,66
10667,2021,1330932.0,67
10668,2021,120283026.0,68
10669,2021,5541017.0,71
10670,2021,924610.0,70
10671,2021,67764304.0,72
10672,2021,2341179.0,75
10673,2021,3708610.0,80
10674,2021,32833031.0,83
10675,2021,13531906.0,87
10676,2021,1634466.0,81
10677,2021,10569207.0,84
10678,2021,124610.0,85
10679,2021,17109746.0,86
10680,2021,170534.0,88
10681,2021,804567.0,89
10682,2021,10278345.0,92
10683,2021,3878981.0,52
10684,2021,11447569.0,90
10685,2021,9709891.0,93
10686,2021,273753191.0,94
10687,2021,1407563842.0,95
10688,2021,5033164.0,98
10689,2021,43533592.0,99
10690,2021,372520.0,100
10691,2021,9371400.0,101
10692,2021,59133173.0,103
10693,2021,2827695.0,105
10694,2021,11148278.0,106
10695,2021,125681593.0,107
10696,2021,19191356.0,108
10697,2021,53005614.0,109
10698,2021,16589023.0,36
10699,2021,128874.0,111
10700,2021,4250114.0,115
10701,2021,5592631.0,119
10702,2021,5193416.0,120
10703,2021,6735277.0,118
10704,2021,39039.0,123
10705,2021,22156000.0,188
10706,2021,2281454.0,122
10707,2021,2800839.0,124
10708,2021,640064.0,125
10709,2021,1884490.0,117
10710,2021,37076584.0,128
10711,2021,36686.0,140
10712,2021,28915653.0,126
10713,2021,521457.0,132
10714,2021,126705138.0,133
10715,2021,42050.0,135
10716,2021,1837114.0,136
10717,2021,21904983.0,137
10718,2021,518536.0,138
10719,2021,53798084.0,144
10720,2021,619211.0,139
10721,2021,3347782.0,134
10722,2021,32077072.0,141
10723,2021,4614974.0,143
10724,2021,1266334.0,142
10725,2021,19889742.0,130
10726,2021,33573874.0,129
10727,2021,2530151.0,145
10728,2021,25252722.0,151
10729,2021,213401323.0,150
10730,2021,6850540.0,147
10731,2021,17533044.0,148
10732,2021,5408320.0,152
10733,2021,30034989.0,149
10734,2021,12511.0,153
10735,2021,5111300.0,154
10736,2021,4520471.0,155
10737,2021,231402117.0,156
10738,2021,4351267.0,157
10739,2021,33715471.0,159
10740,2021,113880328.0,160
10741,2021,18024.0,162
10742,2021,9949437.0,163
10743,2021,37747124.0,164
10744,2021,3262693.0,167
10745,2021,10361831.0,165
10746,2021,6703799.0,158
10747,2021,2688235.0,168
10748,2021,19122059.0,171
10749,2021,144746762.0,173
10750,2021,13461888.0,174
10751,2021,45657202.0,191
10752,2021,16876720.0,178
10753,2021,5453566.0,180
10754,2021,707851.0,185
10755,2021,8420641.0,182
10756,2021,6314167.0,65
10757,2021,33745.0,184
10758,2021,17065581.0,186
10759,2021,6834326.0,187
10760,2021,10748272.0,189
10761,2021,612985.0,193
10762,2021,2108079.0,183
10763,2021,10415811.0,195
10764,2021,1192271.0,196
10765,2021,99258.0,179
10766,2021,21324367.0,197
10767,2021,17179740.0,40
10768,2021,8644829.0,205
10769,2021,71601103.0,201
10770,2021,9750064.0,202
10771,2021,6341855.0,203
10772,2021,1320942.0,204
10773,2021,106017.0,200
10774,2021,1525663.0,207
10775,2021,12262946.0,208
10776,2021,11204.0,210
10777,2021,45853778.0,213
10778,2021,43848986.0,214
10779,2021,3426260.0,216
10780,2021,332048977.0,217
10781,2021,34915100.0,218
10782,2021,31122.0,104
10783,2021,319137.0,219
10784,2021,218764.0,176
10785,2021,1786038.0,113
10786,2021,59392255.0,172
10787,2021,19473125.0,229
10788,2021,15993524.0,230
10789,2022,106445.0,11
10790,2022,41128771.0,1
10791,2022,35588987.0,6
10792,2022,2777689.0,3
10793,2022,79824.0,5
10794,2022,9441129.0,211
10795,2022,46234830.0,9
10796,2022,2780469.0,10
10797,2022,44273.0,12
10798,2022,93763.0,7
10799,2022,26014399.0,13
10800,2022,9041851.0,14
10801,2022,10141756.0,15
10802,2022,12889576.0,19
10803,2022,11685814.0,20
10804,2022,13352864.0,21
10805,2022,22673762.0,34
10806,2022,171186372.0,17
10807,2022,6465097.0,33
10808,2022,1472233.0,31
10809,2022,3233526.0,24
10810,2022,9228071.0,26
10811,2022,405272.0,25
10812,2022,63595.0,22
10813,2022,12224110.0,28
10814,2022,215313498.0,30
10815,2022,281635.0,18
10816,2022,449002.0,32
10817,2022,782455.0,23
10818,2022,2630296.0,29
10819,2022,5579144.0,35
10820,2022,38939056.0,37
10821,2022,8775760.0,192
10822,2022,19603733.0,41
10823,2022,27914536.0,44
10824,2022,51874024.0,47
10825,2022,836774.0,48
10826,2022,593149.0,50
10827,2022,5180829.0,51
10828,2022,11212191.0,54
10829,2022,68706.0,38
10830,2022,1251488.0,55
10831,2022,10672118.0,56
10832,2022,83797985.0,82
10833,2022,1120849.0,58
10834,2022,72737.0,59
10835,2022,5903037.0,57
10836,2022,11228821.0,60
10837,2022,44903225.0,4
10838,2022,18001000.0,61
10839,2022,3684032.0,64
10840,2022,47778340.0,66
10841,2022,1348840.0,67
10842,2022,123379924.0,68
10843,2022,5556106.0,71
10844,2022,929766.0,70
10845,2022,67971311.0,72
10846,2022,2388992.0,75
10847,2022,3712502.0,80
10848,2022,33475870.0,83
10849,2022,13859341.0,87
10850,2022,1674908.0,81
10851,2022,10426919.0,84
10852,2022,125438.0,85
10853,2022,17357886.0,86
10854,2022,171774.0,88
10855,2022,808726.0,89
10856,2022,10432860.0,92
10857,2022,3855641.0,52
10858,2022,11584996.0,90
10859,2022,9643048.0,93
10860,2022,275501339.0,94
10861,2022,1417173173.0,95
10862,2022,5127170.0,98
10863,2022,44496122.0,99
10864,2022,382003.0,100
10865,2022,9557500.0,101
10866,2022,58940425.0,103
10867,2022,2827377.0,105
10868,2022,11285869.0,106
10869,2022,125124989.0,107
10870,2022,19634983.0,108
10871,2022,54027487.0,109
10872,2022,16767842.0,36
10873,2022,131232.0,111
10874,2022,4268873.0,115
10875,2022,5489739.0,119
10876,2022,5302681.0,120
10877,2022,6812341.0,118
10878,2022,39327.0,123
10879,2022,22181000.0,188
10880,2022,2305825.0,122
10881,2022,2831639.0,124
10882,2022,653103.0,125
10883,2022,1879383.0,117
10884,2022,37457971.0,128
10885,2022,36469.0,140
10886,2022,29611714.0,126
10887,2022,523787.0,132
10888,2022,127504125.0,133
10889,2022,41569.0,135
10890,2022,1831712.0,136
10891,2022,22593590.0,137
10892,2022,531113.0,138
10893,2022,54179306.0,144
10894,2022,617213.0,139
10895,2022,3398366.0,134
10896,2022,32969518.0,141
10897,2022,4736139.0,143
10898,2022,1262523.0,142
10899,2022,20405317.0,130
10900,2022,33938221.0,129
10901,2022,2567012.0,145
10902,2022,26207977.0,151
10903,2022,218541212.0,150
10904,2022,6948392.0,147
10905,2022,17700982.0,148
10906,2022,5457127.0,152
10907,2022,30547580.0,149
10908,2022,12668.0,153
10909,2022,5117200.0,154
10910,2022,4576298.0,155
10911,2022,235824862.0,156
10912,2022,4408581.0,157
10913,2022,34049588.0,159
10914,2022,115559009.0,160
10915,2022,18055.0,162
10916,2022,10142619.0,163
10917,2022,36821749.0,164
10918,2022,3220113.0,167
10919,2022,10409704.0,165
10920,2022,6780744.0,158
10921,2022,2695122.0,168
10922,2022,19047009.0,171
10923,2022,144236933.0,173
10924,2022,13776698.0,174
10925,2022,46874204.0,191
10926,2022,17316449.0,178
10927,2022,5637022.0,180
10928,2022,724273.0,185
10929,2022,8605718.0,182
10930,2022,6336392.0,65
10931,2022,33660.0,184
10932,2022,17597511.0,186
10933,2022,6664449.0,187
10934,2022,10913164.0,189
10935,2022,618040.0,193
10936,2022,2111986.0,183
10937,2022,10486941.0,195
10938,2022,1201670.0,196
10939,2022,119878.0,179
10940,2022,22125249.0,197
10941,2022,17723315.0,40
10942,2022,8848699.0,205
10943,2022,71697030.0,201
10944,2022,9952787.0,202
10945,2022,6430770.0,203
10946,2022,1341296.0,204
10947,2022,106858.0,200
10948,2022,1531044.0,207
10949,2022,12356117.0,208
10950,2022,11312.0,210
10951,2022,47249585.0,213
10952,2022,38000000.0,214
10953,2022,3422794.0,216
10954,2022,333271411.0,217
10955,2022,35648100.0,218
10956,2022,31305.0,104
10957,2022,326740.0,219
10958,2022,222382.0,176
10959,2022,1768086.0,113
10960,2022,59893885.0,172
10961,2022,20017675.0,229
10962,2022,16320537.0,230
10963,2023,106277.0,11
10964,2023,42239854.0,1
10965,2023,36684202.0,6
10966,2023,2745972.0,3
10967,2023,80088.0,5
10968,2023,9516871.0,211
10969,2023,46654581.0,9
10970,2023,2777970.0,10
10971,2023,43914.0,12
10972,2023,94298.0,7
10973,2023,26638544.0,13
10974,2023,9132383.0,14
10975,2023,10112555.0,15
10976,2023,13238559.0,19
10977,2023,11822592.0,20
10978,2023,13712828.0,21
10979,2023,23251485.0,34
10980,2023,172954319.0,17
10981,2023,6430370.0,33
10982,2023,1485509.0,31
10983,2023,3210847.0,24
10984,2023,9178298.0,26
10985,2023,410825.0,25
10986,2023,63489.0,22
10987,2023,12388571.0,28
10988,2023,216422446.0,30
10989,2023,281995.0,18
10990,2023,452524.0,32
10991,2023,787424.0,23
10992,2023,2675352.0,29
10993,2023,5742315.0,35
10994,2023,40097761.0,37
10995,2023,8849852.0,192
10996,2023,19629590.0,41
10997,2023,28647293.0,44
10998,2023,52085168.0,47
10999,2023,852075.0,48
11000,2023,598682.0,50
11001,2023,5212173.0,51
11002,2023,11194449.0,54
11003,2023,69310.0,38
11004,2023,1260138.0,55
11005,2023,10873689.0,56
11006,2023,84482267.0,82
11007,2023,1136455.0,58
11008,2023,73040.0,59
11009,2023,5946952.0,57
11010,2023,11332972.0,60
11011,2023,45606480.0,4
11012,2023,18190484.0,61
11013,2023,3748901.0,64
11014,2023,48373336.0,66
11015,2023,1366188.0,67
11016,2023,126527060.0,68
11017,2023,5584264.0,71
11018,2023,936375.0,70
11019,2023,68170228.0,72
11020,2023,2436566.0,75
11021,2023,3760365.0,80
11022,2023,34121985.0,83
11023,2023,14190612.0,87
11024,2023,1714671.0,81
11025,2023,10361295.0,84
11026,2023,126183.0,85
11027,2023,17602431.0,86
11028,2023,172952.0,88
11029,2023,813834.0,89
11030,2023,10593798.0,92
11031,2023,3853200.0,52
11032,2023,11724763.0,90
11033,2023,9589872.0,93
11034,2023,277534122.0,94
11035,2023,1428627663.0,95
11036,2023,5262382.0,98
11037,2023,45504560.0,99
11038,2023,393600.0,100
11039,2023,9756700.0,101
11040,2023,58761146.0,103
11041,2023,2825544.0,105
11042,2023,11337052.0,106
11043,2023,124516650.0,107
11044,2023,19900177.0,108
11045,2023,55100586.0,109
11046,2023,16944826.0,36
11047,2023,133515.0,111
11048,2023,4310108.0,115
11049,2023,5353930.0,119
11050,2023,5418377.0,120
11051,2023,6888388.0,118
11052,2023,39584.0,123
11053,2023,22037000.0,188
11054,2023,2330318.0,122
11055,2023,2871897.0,124
11056,2023,668606.0,125
11057,2023,1881750.0,117
11058,2023,37840044.0,128
11059,2023,36297.0,140
11060,2023,30325732.0,126
11061,2023,521021.0,132
11062,2023,128455567.0,133
11063,2023,41996.0,135
11064,2023,1811980.0,136
11065,2023,23293698.0,137
11066,2023,553214.0,138
11067,2023,54577997.0,144
11068,2023,616177.0,139
11069,2023,3447157.0,134
11070,2023,33897354.0,141
11071,2023,4862989.0,143
11072,2023,1261041.0,142
11073,2023,20931751.0,130
11074,2023,34308525.0,129
11075,2023,2604172.0,145
11076,2023,27202843.0,151
11077,2023,223804632.0,150
11078,2023,7046310.0,147
11079,2023,17879488.0,148
11080,2023,5519594.0,152
11081,2023,30896590.0,149
11082,2023,12780.0,153
11083,2023,5223100.0,154
11084,2023,4644384.0,155
11085,2023,240485658.0,156
11086,2023,4468087.0,157
11087,2023,34352719.0,159
11088,2023,117337368.0,160
11089,2023,18058.0,162
11090,2023,10329931.0,163
11091,2023,36685849.0,164
11092,2023,3205691.0,167
11093,2023,10525347.0,165
11094,2023,6861524.0,158
11095,2023,2716391.0,168
11096,2023,19056116.0,171
11097,2023,143826130.0,173
11098,2023,14094683.0,174
11099,2023,48109006.0,191
11100,2023,17763163.0,178
11101,2023,5917648.0,180
11102,2023,740424.0,185
11103,2023,8791092.0,182
11104,2023,6364943.0,65
11105,2023,33642.0,184
11106,2023,18143378.0,186
11107,2023,6618026.0,187
11108,2023,11088796.0,189
11109,2023,623236.0,193
11110,2023,2120937.0,183
11111,2023,10536632.0,195
11112,2023,1210822.0,196
11113,2023,119773.0,179
11114,2023,23227014.0,197
11115,2023,18278568.0,40
11116,2023,9053799.0,205
11117,2023,71801279.0,201
11118,2023,10143543.0,202
11119,2023,6516100.0,203
11120,2023,1360596.0,204
11121,2023,107773.0,200
11122,2023,1534937.0,207
11123,2023,12458223.0,208
11124,2023,11396.0,210
11125,2023,48582334.0,213
11126,2023,37000000.0,214
11127,2023,3423108.0,216
11128,2023,334914895.0,217
11129,2023,36412350.0,218
11130,2023,31538.0,104
11131,2023,334506.0,219
11132,2023,225681.0,176
11133,2023,1756374.0,113
11134,2023,60414495.0,172
11135,2023,20569737.0,229
11136,2023,16665409.0,230
