ID,NOMBRE,LAT,LONG,ID_REGION
1,Aarau,,,1035
2,Zofingen,47.288491,7.9458259,1035
3,Wettingen,,,1035
4,Baden,,,1035
5,Brugg,,,1035
6,Villmergen,,,1035
7,Leutwil,,,1035
8,Arni,,,1035
9,Schöftland,47.3054517,8.0527946,1035
10,Lengnau,,,1035
11,Gansingen,47.5432969,8.1343542,1035
12,Unterehrendingen,47.5037138,8.3470583,1035
13,Zeiningen,,,1035
14,Reinach,,,1035
15,Herznach,,,1035
16,Schinznach,,,1035
17,Meisterschwanden,47.2949842,8.2277227,1035
18,Villigen,,,1035
19,Rothrist,,,1035
20,Oftringen,47.3126595,7.92099,1035
21,Muri,,,1035
22,Rheinfelden,,,1035
23,Leibstadt,,,1035
24,Dietwil,47.1483703,8.3930952,1035
25,Buttwil,47.267594,8.3112049,1035
26,Niederlenz,,,1035
27,Laufenburg,,,1035
28,Mellikon,47.567172,8.3517064,1035
29,Hallwil,47.329448,8.1750054,1035
30,Uerkheim,47.3051502,8.0253266,1035
31,Bremgarten,47.3539569,8.3376446,1035
32,Murgenthal,,,1035
33,Mühlau,,,1035
34,Erlinsbach,47.3968661,8.0133738,1035
35,Gränichen,47.3592835,8.0971009,1035
36,Unterentfelden,47.3670123,8.0424171,1035
37,Rheinsulz,47.5556365,8.0909838,1035
38,Schwaderloch,47.5853969,8.1435346,1035
39,Aba,,,791
40,Amator,,,791
41,Umuahia,5.5324032,7.4924165,791
42,Abidjan,,,911
43,Attécoubé,,,911
44,Ányama,,,911
45,Adjamé,,,911
46,Bingerville,,,911
47,Treichville,,,911
48,Abobo,,,911
49,Yopougon,,,911
50,Mpody,,,911
51,Abu Dhabi,,,2201
52,Al Ain,,,2201
53,Abuja,,,1532
54,Xırdalan,,,2363
55,Ceyranbatan,,,2363
56,Aceh Utara,,,1419
57,Tapa Toean,,,1419
58,Banda Aceh,5.5528455,95.3192908,1419
59,Sinabang,2.479474,96.3805931,1419
60,Eleuthera,,,2077
61,Rio Branco,-9.9839885,-67.7997164,1450
62,Wadi Ghul,23.1934472,57.2020769,1727
63,Al Hamra,,,1727
64,Kafr as Selahat,,,1467
65,Mansoura,31.04077725,31.35812949882739,1467
66,El Senbellawein,30.8814711,31.4624047,1467
67,El-Khashashna,,,1467
68,Talkha,31.0522251,31.3731608,1467
69,Ad-Dawhah (Doha),,,1546
70,Gongola,,,1988
71,Song,,,1988
72,Ngaoundéré,,,1988
73,Adan (Aden),,,1749
74,Adana,36.9863599,35.3252861,1057
75,Yüreğir,,,1057
76,Ceyhan,,,1057
77,Kozan,37.4477712,35.8167812,1057
78,Addis Ababa,,,579
79,Khelvachauri,,,1578
80,Kobuleti,41.8113601,41.7793202,1578
81,Nakalakevi,,,1578
82,Khichauri,,,1578
83,Khulo,,,1578
84,Arissa,,,2383
85,Afyonkarahisar,,,1570
86,Kristiansand,,,796
87,Arendal,,,796
88,Mandal,58.0268181,7.4534802,796
89,Flekkefjord,58.2972667,6.6604201,796
90,Grimstad,,,796
91,Farsund,,,796
92,Songdalen,,,796
93,Risør,58.7207522,9.2343838,796
94,Lillesand,,,796
95,Froland,,,796
96,Agrigento,37.3122991,13.57465,401
97,Menfi,37.606639,12.967843,401
98,Canicattì,37.358942,13.850364,401
99,Aguascalientes,,,1281
100,Tejen,,,2284
101,Toyohashi,34.769123,137.391461,219
102,Toyoake,,,219
103,Okazaki,,,219
104,Nagoya,,,219
105,Tokoname,34.895858,136.838323,219
106,Atsuke,,,219
107,Kasugai,,,219
108,Agui,,,219
109,Tōkai,,,219
110,Ichinomiya,,,219
111,Konan,,,219
112,Nishio,,,219
113,Toyota,,,219
114,Ama County,,,219
115,Obu,,,219
116,Anjo,,,219
117,Komaki,,,219
118,Yatomi,35.098209,136.747831,219
119,Toyokawa,,,219
120,Kariya,,,219
121,Kitanagoya,,,219
122,Seto,35.240984,137.116187,219
123,Oyonnax,,,1117
124,Nantua,,,1117
125,Trévoux,45.9412075,4.7734565,1117
126,Saint-Étienne-sur-Chalaronne,46.1474,4.86619,1117
127,Saint-Nizier-le-Désert,46.0549022,5.14825,1117
128,Viriat,,,1117
129,Belley,,,1117
130,Bourg-en-Bresse,,,1117
131,Divonne-les-Bains,46.3570916,6.143049,1117
132,Bouvent,46.2867532,5.6398553,1117
133,Saint-Genis-Pouilly,46.243244,6.0207779,1117
134,Injoux-Génissiat,46.05073045,5.767313777430444,1117
135,Corveissiat,46.2439833,5.4823899,1117
136,Sathonay-Camp,,,1117
137,Gorrevod,46.4185,4.94,1117
138,Reyrieux,45.9357535,4.8220491,1117
139,Thoissey,,,1117
140,Champdor,46.0235374,5.60742264759339,1117
141,Izernore,46.2205657,5.555109,1117
142,Saint-Laurent-sur-Saône,46.3046804,4.8410969,1117
143,Neuilly-Saint-Front,49.1708005,3.2631904,143
144,Sissonne,49.5729937,3.8927868,143
145,Saint-Quentin,,,143
146,Laon,49.564665,3.620686,143
147,Vadencourt,49.93,3.5797222,143
148,Fontaine-lès-Vervins,49.8541667,3.9025,143
149,Origny-en-Thiérache,49.8954304,4.017654,143
150,Vervins,49.8346074,3.9079645,143
151,Juvincourt-et-Damary,,,143
152,Villers-Cotterêts,49.2549479,3.0909275,143
153,Montcornet,49.6963889,4.0180556,143
154,Guise,,,143
155,Cœuvres-et-Valsery,49.3387,3.15624,143
156,Soissons,49.3837621,3.327613,143
157,Autremencourt,49.705,3.7872222,143
158,Saint-Erme-Outre-et-Ramecourt,49.5151,3.83985,143
159,Chile Chico,-46.5396625,-71.7245816,1409
160,Coyhaique,,,1409
161,Aiwo,,,2206
162,Aizkraukle,,,2106
163,Aizpute,,,1833
164,Ziemupē,,,1833
165,Ajdovščina,,,2134
166,Akita,39.7168833,140.1296657,362
167,Daisen,,,362
168,Tazawako,39.7002861,140.7223789,362
169,Kitaakita,,,362
170,Yokote,,,362
171,Katagami,39.8572974,140.0132252,362
172,Odate,,,362
173,Hatirogata,,,362
174,Noshiro,40.2118417,140.0271517,362
175,Kazuno,,,362
176,Kosaka,,,362
177,Yurihonjo,,,362
178,Ouchi,39.44466,140.0767038,362
179,Hachirogata,39.9490242,140.0732441,362
180,Yuzawa,,,362
181,Minehama,40.2685867,140.0702169,362
182,Hachimori,40.370987,140.0181367,362
183,Shalkar,,,1437
184,Aktobe,,,1437
185,Temir,,,1437
186,Uyo,,,2127
187,Al-Ahmadi,,,2254
188,Fallujah,,,2486
189,Madinat al-Kuwait (Kuwait City),,,1522
190,Al-Manamah,,,1522
191,Al-Salmiya,,,1522
192,Al-Basrah (Basra),,,1508
193,Al-Rustaq,,,2282
194,Damanhur,,,386
195,Itay Al Barud,,,386
196,Kafr El Dawwar,,,386
197,Idkū,31.3057473,30.2985965,386
198,Al-Fayyum,,,2203
199,El-Mahalla El-Kubra,30.9723517,31.1683002,384
200,Basyoun,,,384
201,Tanta,30.7833666,30.9982536,384
202,Kafr El Zayat,,,384
203,Al-Iskanderiya (Alexandria),,,56
204,Al-Ismailiyah,30.5963288,32.395327360476834,1469
205,Riffa,,,2086
206,Awali,,,2086
207,Saida (Sidon),,,1427
208,Wad Medani,14.3965781,33.5309561,1033
209,Al-Jizah (Giza),,,385
210,Imbaba,30.088512,31.215927,385
211,Khartoum,,,1030
212,Omdurman,15.63588635,32.464113902890915,1030
213,Madinah (Medina),24.471153,39.6111216,1521
214,Shibin El Kom,30.5545106,31.0097923,1205
215,Tala,30.68002,30.943393,1205
216,Al-Minya,28.0893325,30.7570623,1472
217,Al-Muharraq,26.41346615,50.67972870771858,1748
218,Al-Diwaniyah,,,2487
219,Al-Qahira (Cairo),29.9562423,31.2602849,301
220,Heluan,29.8500001,31.333333,301
221,Zagazig,30.5853431,31.5035127,387
222,Dyarb Negm,,,387
223,Al Azizeyah,,,387
224,Bilbeis,,,387
225,Kafr Abrash,30.4077663,31.3618219,387
226,Kafr Saqr,,,387
227,Faqous,30.8,31.8,387
228,El Ibrahimiya,,,387
229,Gharbîya el-Saqriya,,,2123
230,Tuscaloosa,,,552
231,Birmingham,33.5206824,-86.8024326,552
232,Ozark,,,552
233,Eutaw,32.8406848,-87.8875144,552
234,Danville,,,552
235,Montgomery,,,552
236,Mobile,,,552
237,Phenix City,32.4709761,-85.0007653,552
238,Huntsville,,,552
239,Atmore,31.0237921,-87.4938708,552
240,Florence,34.79981,-87.677251,552
241,Athens,34.8045487,-86.9711698,552
242,Dothan,31.2237285,-85.3934375,552
243,Selma,49.2763731,-0.6998302,552
244,Adger,,,552
245,Hollins,33.1176177,-86.1444152,552
246,Troy,,,552
247,Russellville,,,552
248,Fort McClellan,33.7350834,-85.7866391857462,552
249,Langdale,32.8204073,-85.1721628,552
250,Knoxville,,,552
251,Lafayette,32.8998486,-85.4010592,552
252,Hartselle,34.4434282,-86.9352842,552
253,Hazelhurst,,,552
254,Leeds,33.5439212,-86.5427551,552
255,Evergreen,31.4334994,-86.9569176,552
256,Camden,,,552
257,Alabaster,,,552
258,Fort Rucker,31.3499557,-85.71403605213936,552
259,Maragogi,,,1777
260,Maceió,,,1777
261,Coruripe,-10.1249963,-36.1760623,1777
262,Dois Riachos,,,1777
263,Joaquim Gomes,,,1777
264,Palmeira dos Índios,-9.4076249,-36.6323616,1777
265,Santana do Ipanema,,,1777
266,San Ramón,10.2182194,-84.5714705713932,1108
267,Alajuela,10.0165183,-84.2138789,1108
268,Palmares de Alajuela,10.046546,-84.43557991130497,1108
269,Grecia,10.09060645,-84.2994019933575,1108
270,Naranjo,10.1052617,-84.39948072395714,1108
271,Atenas,9.9794934,-84.3990262636859,1108
272,Ciudad Quesada,,,1108
273,Maroadabo,,,1979
274,Anchorage,,,1636
275,Adah,,,1636
276,Haines,59.0831232,-135.3430573,1636
277,Unalakleet,,,1636
278,Kasilof,,,1636
279,Fairbanks,,,1636
280,Homer,,,1636
281,Eagle River,,,1636
282,Glennallen,,,1636
283,Palmer,,,1636
284,Girdwood,,,1636
285,Juneau,,,1636
286,Sebeș,45.9577309,23.5797925,422
287,Aiud,46.3108893,23.7188181,422
288,Ocna Mureș,46.3814028,23.8577354,422
289,Alba Iulia,46.0687385,23.5704398,422
290,Vințu de Jos,45.9944325,23.4855701,422
291,Teiuș,,,422
292,Blaj,46.1741571,23.9224826,422
293,Pețelca,46.2213921,23.736705,422
294,Abrud,,,422
295,Sântimbru,46.1360753,23.6502973,422
296,Șibot,45.9410607,23.3361763,422
297,Albacete,38.9950921,-1.8559154,1479
298,Agramón,38.4226504,-1.6374099,1479
299,Almansa,38.8682065,-1.0978627,1479
300,Hellín,38.5106649,-1.6995137,1479
301,Oas,,,890
302,Legazpi City,,,890
303,Calgary,51.0456064,-114.057541,291
304,Edmonton,,,291
305,Rosalind,,,291
306,Seven Persons,49.8773939,-110.9045993,291
307,Lethbridge,,,291
308,Barrhead,,,291
309,Jeffrey,54.0958418,-113.5755045,291
310,Grande Prairie,,,291
311,Fort McMurray,,,291
312,Millarville,,,291
313,Camrose,,,291
314,Athabasca,54.7214539,-113.2857941,291
315,Canmore,,,291
316,Spruce Grove,,,291
317,Didsbury,,,291
318,Red Deer,,,291
319,Priddis,50.8847878,-114.3257373,291
320,High River,,,291
321,Galahad,52.516667,-111.916667,291
322,Ferry Bank,,,291
323,Rocky Mountain House,,,291
324,Peace River,,,291
325,Cardston,49.1930694,-113.3092962,291
326,Beaverlodge,55.2106188,-119.4286716,291
327,Pincher Creek,49.4896314,-113.9471472,291
328,Valhalla Centre,,,291
329,Vegreville,,,291
330,Banff,,,291
331,Airdrie,,,291
332,Westlock,54.1562022,-113.8442804,291
333,Trochu,,,291
334,Bow Island,,,291
335,Lamont,,,291
336,Smoky Lake,54.1136641,-112.4714095,291
337,Lacombe,,,291
338,High Prairie,55.4358916,-116.4894792,291
339,Hardisty,52.6696007,-111.3093794,291
340,Swalwell,,,291
341,Manning,56.9234624,-117.627262,291
342,Edson,,,291
343,Manyberries,49.4007037,-110.6946331,291
344,Medicine Hat,50.04303,-110.679016,291
345,Vermilion,,,291
346,Wetaskiwin,,,291
347,Fort Saskatchewan,,,291
348,Olds,,,291
349,Provost,52.4137383,-110.639576,291
350,Drumheller,51.40159695,-112.61851667346612,291
351,Blairmore,49.6071847,-114.4381219,291
352,Coronation,52.0959823,-111.45955411596051,291
353,Killam,,,291
354,Viking,53.0972884,-111.7771466,291
355,Hanna,,,291
356,Three Hills,51.7024122,-113.268475,291
357,Stettler,52.3228746,-112.71302,291
358,Innisfail,,,291
359,Raymond,49.4606969,-112.6558579,291
360,Brooks,50.571027,-111.893005,291
361,Wainwright,52.8402725,-110.8514344,291
362,Okotoks,,,291
363,Tofield,53.3699134,-112.6686537,291
364,Coaldale,,,291
365,Cold Lake,54.46046,-110.192871,291
366,Cochrane,,,291
367,Halkirk,,,291
368,Wayne,,,291
369,Two Hills,,,291
370,Ponoka,,,291
371,Karaj,,,2326
372,Novi Ligure,44.76085,8.789551,201
373,Arquata Scrivia,44.6878448,8.8853385,201
374,Tortona,,,201
375,Fubine Monferrato,44.962752,8.42994,201
376,San Salvatore Monferrato,44.994154,8.565942,201
377,Acqui Terme,,,201
378,Alessandria,,,201
379,Ovada,44.638346,8.64525,201
380,Morano sul Po,45.1641964,8.3657078,201
381,Frugarolo,,,201
382,Predosa,,,201
383,Casale Monferrato,45.1362661,8.4498127,201
384,Cassine,44.749948,8.527846,201
385,Spigno Monferrato,,,201
386,Pontecurone,44.9604747,8.9336093,201
387,Ali Sabieh,,,1915
388,Villajoyosa,38.5100778,-0.2296202,570
389,Elda,,,570
390,Alicante,38.3436365,-0.4881708,570
391,San Vicente del Raspeig,,,570
392,Crevillente,38.2493099,-0.8111359,570
393,Elche,,,570
394,Orihuela,38.0856891,-0.9448805,570
395,Jávea,,,570
396,Petrel,,,570
397,Santa Pola,,,570
398,Alcoy,,,570
399,Almoradí,38.1096615,-0.7919322,570
400,Onil,,,570
401,Formentera del Segura,,,570
402,Denia,38.8408382,0.1061105,570
403,Torrellano,38.29313,-0.587777,570
404,Sanssat,46.2554811,3.4735776,13
405,Montbeugny,46.5286,3.4889,13
406,Vichy,46.1239268,3.4203712,13
407,Moulins,,,13
408,Cusset,46.1324239,3.4602736,13
409,Doyet,46.336,2.79764,13
410,Bellerive-sur-Allier,46.1156244,3.4063997,13
411,Gipcy,46.5026415,3.0555401,13
412,Charroux,46.1846945,3.1602582,13
413,Montluçon,46.3400296,2.6073963,13
414,Lapalisse,46.2488636,3.6324006,13
415,Néris-les-Bains,,,13
416,Désertines,,,13
417,Gannat,46.0996068,3.1995251,13
418,Almaty,38.8948943,67.24550687102516,509
419,Shokan,,,509
420,Turgen,43.396721,77.593498,509
421,Kaskelen,,,509
422,Kyzyltu,43.4140241,77.0661576,509
423,Usharal,,,509
424,Bakanas,,,509
425,Kargaly,,,509
426,Agiyk,,,509
427,Altynemel,43.8822465,77.8686857,509
428,Fabrichny,,,509
429,Taldykorgan,,,740
430,Ushtobe,,,740
431,Ashchybulak,,,740
432,Zhyldany,,,740
433,Esik,,,740
434,Sarkand,,,740
435,Karabulak,,,740
436,Talgar,,,740
437,Almería,,,566
438,El Ejido,,,566
439,Roquetas de Mar,,,566
440,Pechina,,,566
441,Abla,37.1416926,-2.7792318,566
442,Vélez-Rubio,37.6482765,-2.0745368,566
443,Cannes,,,517
444,Nice,,,517
445,Mandelieu-la-Napoule,,,517
446,Castagniers,43.7906001,7.2313062,517
447,Grasse,,,517
448,Menton,,,517
449,Villeneuve-Loubet,,,517
450,Cagnes-sur-Mer,,,517
451,Guillaumes,,,517
452,Antibes,,,517
453,Drap,43.7556098,7.3201523,517
454,Villefranche-sur-Mer,43.7042317,7.309969,517
455,Beausoleil,43.748281,7.4219677,517
456,Manosque,,,987
457,Sainte-Tulle,43.7858269,5.762704,987
458,Méolans-Revel,,,987
459,Barcelonnette,,,987
460,Senahú,15.4386527,-89.8091517686214,1492
461,Cobán,,,1492
462,San Cristóbal,,,1492
463,Rubtsovsk,,,168
464,Smirnovo,53.6688131,84.7079614,168
465,Barnaul,,,168
466,Pavlovsk,,,168
467,Biysk,,,168
468,Slavgorod,,,168
469,Topchikha,52.8175669,83.115343,168
470,Srosty,,,168
471,Blagoveshchenka,,,168
472,Barancha,,,168
473,Staroaleyskoye,,,168
474,Talmenka,,,168
475,Bahía Negra,,,2433
476,Ciudad del Este,,,2500
477,Druskininkai,,,963
478,Alytus,54.3991216,23.9815276,963
479,Varėna,,,963
480,Paliepis,,,963
481,Daugirdai,54.4336534,23.8074918,963
482,Alūksne,,,1635
483,Beja,57.4001012,27.2092092,1635
484,Macapá,,,2200
485,Laranjal do Jari,,,2200
486,Amasya,,,1847
487,Hamamözü,40.7831959,35.0242149,1847
488,Suluova,40.8364128,35.6455569,1847
489,Nītaure,57.1001183,25.2934255,1718
490,Kārļu pagasts,,,1718
491,Manaus,,,1454
492,Presidente Figueiredo,,,1454
493,Gojam,,,1319
494,Debre Birhan,9.6752117,39.5324899,1319
495,Jato,,,1319
496,Kombolcha,,,1319
497,Gondar,12.610368,37.466766,1319
498,Debre Markos,,,1319
499,Tilili,,,1319
500,Dessie,,,1319
501,Dembecha,,,1319
502,Amman,,,2136
503,Ammokhostos (Famagusta),,,1700
504,Arnadhi,,,1700
505,Paralimni,,,1700
506,Stylloi,,,1700
507,Akhna,,,1700
508,Dipkarpaz (Rizokarpaso),,,1700
509,Leninsky,,,1172
510,Raychikhinsk,,,1172
511,Belogorsk,,,1172
512,Magdagachi,,,1172
513,Kuybyshevka-Vostochnaya,,,1172
514,Razvedki,,,1172
515,Svobodny,,,1172
516,Novokiyevka,,,1172
517,Tokur,53.12478785,132.857670830225,1172
518,Châu Đốc,10.7101815,105.1188675,1297
519,Najaf,,,2194
520,Antananarivo,,,236
521,Ambohitrmanjaka,,,236
522,Onitsha,,,1989
523,Ogidi,,,1989
524,Nnewi,,,1989
525,Drama,,,1946
526,Xanthi,,,1946
527,Kavala,,,1946
528,Orestiada,,,1946
529,Komotini (Komotene),,,1946
530,Didymoteicho,,,1946
531,Alexandroupoli,,,1946
532,Sapai-Roopi,,,1946
533,Huaraz,-9.5298511,-77.5289981,1728
534,Ancona,43.6170137,13.5170982,203
535,Jesi,,,203
536,Senigallia,43.7149517,13.2179488,203
537,Fabriano,43.3358407,12.9046187,203
538,Cupramontana,,,203
539,Chiaravalle,43.6020552,13.3254004,203
540,Osimo,,,203
541,Sassoferrato,43.432655,12.857263,203
542,Secunderabad,,,83
543,Kalleda,,,83
544,Gooty,15.12279,77.636011,83
545,Hyderabad,14.1012429,77.6172132,83
546,Martur,,,83
547,Kaithepalle,,,83
548,Gocha Mahal,,,83
549,Pitapuram,17.9600108,83.4701853,83
550,Gungal,,,83
551,Machilipatnam,,,83
552,Guntur,,,83
553,Asaka,40.6462095,72.2489005,1083
554,Andijon,40.7833471,72.3506746,1083
555,Xonobod,,,1083
556,Qorasuv,,,1083
557,Andorra la Vella,,,1695
558,Goleni,,,2004
559,Mirnoe,,,2004
560,Anetan,-0.5106655499999999,166.94416043642684,1811
561,South Hill,18.1932111,-63.0900886,1935
562,The Valley,,,1935
563,Hefei,,,1698
564,Bengbu,,,1698
565,Liuan,,,1698
566,Suzhou,,,1698
567,Chuzhou,,,1698
568,Shucheng,31.466037,116.9438806,1698
569,Huainan,,,1698
570,Wuhu,,,1698
571,Fuyang,,,1698
572,Ankara,39.9207759,32.8540497,441
573,Beypazarı,40.1661927,31.9207632,441
574,Altındağ,,,441
575,Çankaya,39.9207759,32.8540497,441
576,Kalecik,,,441
577,Annaba,,,623
578,Korkuteli,,,1852
579,Antalya,,,1852
580,Manavgat,,,1852
581,Macun,36.8394096,29.8695415,1852
582,Medellín,,,318
583,Carepa,,,318
584,Urrao,,,318
585,Santa Fe de Antioquia,6.5386149,-75.91594156813584,318
586,Apartadó,,,318
587,Marinilla,6.1752941,-75.3377995,318
588,Caldas,,,318
589,Rionegro,6.1536166,-75.3741691,318
590,La Ceja,,,318
591,El Retiro,,,318
592,Turbo,,,318
593,Granada,,,318
594,Chigorodó,,,318
595,Bello,,,318
596,Vigía del Fuerte,,,318
597,El Bagre,,,318
598,Itagüí,,,318
599,Don Matías,6.4833333,-75.4,318
600,San Pedro de Urabá,,,318
601,Betania,,,318
602,Abejorral,5.7914299,-75.4270381,318
603,Ciudad Bolívar,,,318
604,Envigado,,,318
605,San Vicente,6.2826869,-75.3317647,318
606,Arboletes,8.8528266,-76.4273168,318
607,Támesis,5.67615565,-75.73232886815234,318
608,Jardin,,,318
609,Zaragoza,,,318
610,Amagá,6.035448199999999,-75.70093,318
611,Carmen de Viboral,,,318
612,Alejandría,6.3769175,-75.1411601,318
613,Tibiao,,,1997
614,Antofagasta,,,306
615,Tocopilla,,,306
616,Calama,,,306
617,Antwerpen (Antwerp),51.2211097,4.3997081,94
618,Deurne,51.20849,4.4719297,94
619,Mechelen (Mechlin),51.0281381,4.4803453,94
620,Geel,51.1610826,4.9903187,94
621,Niel,51.1098649,4.3303396,94
622,Berchem,51.1943524,4.4329972,94
623,Turnhout,,,94
624,Merksem,51.2438894,4.4397179,94
625,Hoboken,51.1794946,4.3617847,94
626,Oppuurs,51.0663067,4.2444735,94
627,Schoten,51.2516344,4.4980446,94
628,Bonheiden,,,94
629,Burcht,51.2028046,4.3416362,94
630,Borgerhout,51.2128453,4.4462406,94
631,Ekeren,,,94
632,Westerlo,51.086694,4.9168675,94
633,Herentals,,,94
634,Duffel,,,94
635,Lier,,,94
636,Weert,51.1021651,4.1920146,94
637,Brasschaat,51.2900693,4.4917295,94
638,Willebroek,51.06302865,4.357547354241776,94
639,Kapellen,,,94
640,Mortsel,51.1704119,4.4566996,94
641,Mol,51.1840421,5.1155267,94
642,Essen,51.4679229,4.4698256,94
643,Wijnegem,51.2270761,4.5225318,94
644,Reet-Rumst,,,94
645,Beerse,51.3191388,4.8564494,94
646,Hemiksem,51.1430192,4.3409826,94
647,Edegem,,,94
648,Hoogstraten,51.4012894,4.7616865,94
649,Zwijndrecht,51.23086665,4.318607588394736,94
650,Kalmthout,51.3832723,4.4763255,94
651,Westmalle,51.2970123,4.6933094,94
652,Sint-Lenaarts,51.3473203,4.6787433,94
653,Brecht,51.3484804,4.6398673,94
654,Bornem,51.0953014,4.2341308,94
655,Houtvenne,,,94
656,Broechem,51.1813951,4.5967162,94
657,Waarloos,51.1052659,4.453,94
658,Kessel,51.1383696,4.6282198,94
659,Meerhout,51.1317433,5.0772388,94
660,Blaasveld,51.0565194,4.3723517,94
661,Stabroek,51.3326535,4.3680664,94
662,Loenhout,,,94
663,Veerle,51.3333086,4.6697294,94
664,Boom,51.0873789,4.3667216,94
665,Schelle,51.1245635,4.3361875,94
666,Merksplas,51.3579924,4.8627355,94
667,Noorderwijk,51.141115,4.8402651,94
668,Sint-Antonius,51.2664123,4.6368375,94
669,Vorselaar,51.2023448,4.769482,94
670,Hulshout,51.0753923,4.7885461,94
671,Hombeek,51.0158695,4.4398366,94
672,Reet,,,94
673,Aartselaar,51.133297,4.3870241,94
674,Puurs,51.0762086,4.2817075,94
675,Meerle,51.4743516,4.8051679,94
676,Kontich,51.1353297,4.4454784,94
677,Klein-Vorst,51.0860783,5.0683581,94
678,El Tigre,,,1742
679,Puerto La Cruz,,,1742
680,San Tomé,,,1742
681,Barcelona,,,1742
682,Aragua de Barcelona,,,1742
683,Noheji,,,328
684,Kanagi,,,328
685,Hachinohe,,,328
686,Aomori,,,328
687,Tohoku,,,328
688,Hiranai,,,328
689,Soma,,,328
690,Owani,,,328
691,Mutsu,,,328
692,Hirosaki,,,328
693,Nanbu,40.4665818,141.3820348,328
694,Yato,,,328
695,Gonohe,,,328
696,Towada,,,328
697,Itayanagi,,,328
698,Oma,,,328
699,Ikarigaseki,,,328
700,Saint-Rhémy-en-Bosses,,,1957
701,Aosta,,,1957
702,Cogne,,,1957
703,Valtournenche,,,1957
704,Chambave,,,1957
705,Nus,,,1957
706,Gressoney-Saint-Jean,,,1957
707,Courmayeur,,,1957
708,Verrayes,,,1957
709,Bionaz,,,1957
710,Sukhumi,,,673
711,Shaumyanovka,42.9116242,41.2016638,673
712,Gali,,,673
713,Ochamchire,,,673
714,Gudauta,43.102487,40.6247105,673
715,Lykhny,,,673
716,Herisau,,,1339
717,Heiden,,,1339
718,Gais,,,1339
719,Wolfhalden,,,1339
720,Trogen,47.4079877,9.4650591,1339
721,Urnäsch,,,1339
722,Teufen,,,1339
723,Walzenhausen,47.4506581,9.6017721,1339
724,Speicher,47.4126429,9.4424912,1339
725,Appenzell,,,1237
726,Oberegg,,,1237
727,San Fernando de Apure,,,2277
728,Yegindykol,,,856
729,Kokshetau,,,856
730,Shchuchinsk,,,856
731,Makinsk,,,856
732,Atbasar,51.8099624,68.3584729,856
733,Stepnogorsk,,,856
734,Shantobe,,,856
735,Kamenka,,,856
736,Balkashino,,,856
737,Aqkol,,,856
738,Nagornoye,,,856
739,Gorno-Ulbinka,,,856
740,Burabay,,,856
741,Ar-Riyad,,,1184
742,As-Saih,29.9791255,30.9456423,1184
743,Arad,46.1753793,21.3196342,1343
744,Agrișu Mic,46.527837,22.0548227,1343
745,Pecica,,,1343
746,Aradul Nou,46.14480595,21.33490440358301,1343
747,Beliu,46.4932651,21.9864951,1343
748,Vinga,46.016185,21.2157252,1343
749,Lugoș,,,1343
750,Șiria,,,1343
751,Chișineu Criș,,,1343
752,Dorgoş,46.0505202,21.8372548,1343
753,Ineu,46.4259913,21.8416915,1343
754,Fântânele,46.1240279,21.3821957,1343
755,Maracay,,,556
756,Los Tacariguas,,,556
757,Turmero,10.2217183,-67.4865808,556
758,Villa de Cura,10.0385351,-67.5024648,556
759,Ocumare de la Costa,,,556
760,La Victoria,,,556
761,Azatashen,,,1289
762,Artashat,39.95727155,44.543217903468864,1289
763,Aygezard,,,1289
764,Vedi,39.9138481,44.7224953,1289
765,Ararat,,,1289
766,Masis,40.0617279,44.4427915,1289
767,Pokr Vedi,,,1289
768,Baghramyan,,,1289
769,Villarrica,-39.2780911,-72.2274364,308
770,Lautaro,,,308
771,Freire,-38.9514242,-72.6254333,308
772,Traiguén,-38.250816,-72.6668798,308
773,Loncoche,-39.370616,-72.6300704,308
774,Angol,-37.798787,-72.7086097,308
775,Cunco,,,308
776,Temuco,,,308
777,Ankawa,36.2283587,43.9953348,1509
778,Arbil,36.1911744,44.0094145,1509
779,Ardabil,,,1798
780,Ardahan,41.1102966,42.7035585,1734
781,Göle,,,1734
782,Belval,49.77746,4.63311,616
783,Fumay,49.9910213,4.7052616,616
784,Sedan,,,616
785,Charleville-Mézières,,,616
786,Foulzy,49.8489768,4.3747273,616
787,Attigny,49.479119,4.5776356,616
788,Carignan,49.6319856,5.1682498,616
789,Cliron,49.8101,4.61193,616
790,Sery,49.5832192,4.3476417,616
791,Aubenas,44.6205476,4.3902399,904
792,Tournon-sur-Rhône,45.0675156,4.832852,904
793,Guilherand-Granges,,,904
794,Lamastre,44.9854888,4.5796372,904
795,Vion,45.1099,4.80898,904
796,Vals-les-Bains,44.6553304,4.365739,904
797,Saint-Agrève,,,904
798,Uchumayo,-16.4251651,-71.6727116,884
799,Arequipa,-16.3988667,-71.5369607,884
800,Mollendo,-17.0292533,-72.0155447,884
801,Talla,43.6015412,11.78802,1261
802,Arezzo,,,1261
803,San Giovanni Valdarno,43.5649304,11.5305954,1261
804,Castiglion Fiorentino,,,1261
805,Montevarchi,,,1261
806,Cortona,,,1261
807,Pitești,,,503
808,Câmpulung,45.2697704,25.0438643,503
809,Câmpulung Muscel,,,503
810,Văleni-Podgoria,,,503
811,Ștefănești,44.8628447,24.9198851,503
812,Hârsești,44.5227012,24.7828999,503
813,Lerești,,,503
814,Schitu Golești,,,503
815,Drăganu,44.9432197,24.689050733450884,503
816,Aryanah,,,1567
817,Ouled Fraji,,,1567
818,Arica,,,2056
819,Ariha (Jericho),,,2288
820,Arima,,,1739
821,Malabar,,,1739
822,Glendale,,,453
823,Tucson,,,453
824,El Dorado,,,453
825,Phoenix,,,453
826,Flagstaff,,,453
827,Scottsdale,,,453
828,Ray,-22.8752954,-43.5641693,453
829,Mesa,,,453
830,Nogales,31.3402134,-110.936081,453
831,Douglas,31.3447174,-109.5545036,453
832,Tempe,,,453
833,Winslow,,,453
834,Gilbert,,,453
835,Songoopavi,,,453
836,Globe,,,453
837,Yuma,,,453
838,Prescott,,,453
839,Prat-Bonrepaux,43.0302074,1.0267568,1247
840,Foix,42.9638998,1.6053807,1247
841,Saint-Girons,42.9841865,1.1464455,1247
842,Lavelanet,42.9332121,1.8487179,1247
843,Balaguères,42.9562169,1.0386531,1247
844,Saint-Victor-Rouzaud,43.0929905,1.5529875,1247
845,Siguer,42.7637074,1.5659242,1247
846,Artigues,42.7177465,2.068714,1247
847,Lézat-sur-Lèze,43.2773,1.34623,1247
848,Little Rock,,,896
849,Marion,36.2378521,-92.6999559,896
850,Jonesboro,,,896
851,McAlmont,,,896
852,Magnolia,,,896
853,Pine Bluff,,,896
854,Hamburg,33.2281757,-91.7976285,896
855,Blytheville,,,896
856,Lonoke,,,896
857,Fayetteville,,,896
858,Jacksonville,,,896
859,Brinkley,,,896
860,Dumas,,,896
861,Saddle,36.3550653,-91.6387543,896
862,Fort Smith,,,896
863,Conway,,,896
864,Hot Springs,,,896
865,Monticello,33.6293427,-91.7912327,896
866,Tuckerman,35.7310015,-91.1994584,896
867,Pettigrew,35.8178571,-93.6485224,896
868,Arkansas City,,,896
869,Chambersville,33.7478844,-92.431264,896
870,Benton,,,896
871,Bebee,,,896
872,Nashville,33.9456692,-93.847129,896
873,North Little Rock,,,896
874,Paragould,36.0584021,-90.4973286,896
875,Battsengel sum,,,1837
876,Bulgan sum,,,1837
877,Khotont sum,,,1837
878,Khashaat sum,,,1837
879,Arkhangelsk,63.5589686,43.1221646,1165
880,Severodvinsk,64.563385,39.823769,1165
881,Lampozhnya,,,1165
882,Yertsevo,,,1165
883,Kotlas,,,1165
884,Nyandoma,,,1165
885,Danilovo,,,1165
886,Novodvinsk,,,1165
887,Mezen,65.843956,44.244141,1165
888,Vagharshapat,,,1577
889,Jrarat,,,1577
890,Bambakashat,,,1577
891,Armavir,,,1577
892,Pshatavan,,,1577
893,Geghakert,40.1862993,44.2434026,1577
894,Haykashen,,,1577
895,Parakar,40.1638384,44.4010599,1577
896,Guanajay,,,1397
897,Caimito,,,1397
898,Artemisa,22.8127715,-82.7630555,1397
899,Güira de Melena,,,1397
900,Candelaria,,,1397
901,Bahía Honda,22.8860893,-83.15706567658654,1397
902,San Antonio de los Baños,22.8889379,-82.5045048,1397
903,Mariel,,,1397
904,Gonaïves (Gonayiv),,,1890
905,Verrettes,,,1890
906,Hopa,41.3887543,41.4181638,1060
907,Oranjestad,,,634
908,Santa Cruz,,,634
909,San Nicolaas,12.4361328,-69.9094505,634
910,Savaneta,,,634
911,Paradera,,,634
912,Arusha,,,2017
913,Karutu,,,2017
914,As-Suwayda,,,2423
915,El-Suweis (Suez),,,1394
916,San Benedetto del Tronto,,,1268
917,Acquaviva Picena,42.9444068,13.811875,1268
918,Grottammare,42.9904967,13.8687605,1268
919,Ascoli Piceno,,,1268
920,Castignano,,,1268
921,Bsharri,,,1425
922,Tripoli,,,1425
923,Amioun,,,1425
924,Batroun,,,1425
925,Ehden,,,1425
926,Akkar,,,1425
927,Hamad Town,,,2215
928,Bani Jamra,,,2215
929,Hofuf,,,2104
930,Az-Zahran (Dhahran),,,2104
931,Qatif,,,2104
932,Jubail,,,2104
933,Khobar,,,2104
934,Ibra,,,2104
935,Dammam,,,2104
936,Akropong,6.7418404,-1.7305666,1487
937,Konongo,,,1487
938,Obuasi,,,1487
939,Aşgabat,37.943221,58.3961038,1620
940,Bisha,,,2103
941,Khamis Mushait,,,2103
942,Guwahati,,,1873
943,Cachar,24.758639950000003,92.8816647576822,1873
944,Astana,,,1352
945,Astara,,,2035
946,Suparıbağ,,,2035
947,Asti,,,1225
948,Portacomaro,,,1225
949,Astrakhan,,,888
950,Yandyki,,,888
951,Mumra,45.773884,47.655582,888
952,Karaban,,,888
953,Ilyinka,,,888
954,Oviedo,43.3618625,-5.8483581,113
955,Infiesto,43.3518565,-5.3691815,113
956,Levinco,43.1510796,-5.6003221,113
957,Gijón,,,113
958,Mieres,43.5319551,-5.6646492,113
959,Valdés,,,113
960,Candás,43.5845944,-5.7725691,113
961,Lugones,43.404341,-5.8120701,113
962,Castropol,43.5244016,-7.0270904,113
963,Turón,43.2099583,-5.7401538,113
964,Sietes,43.43218145,-5.367605100600017,113
965,Arriondas,,,113
966,Sotrondio,43.276024,-5.6048833,113
967,Avilés,,,113
968,Luanco,43.6135516,-5.793283206870202,113
969,Albariza,,,113
970,Trevías,43.49797075,-6.43098665,113
971,Ribadesella,,,113
972,Barredos,43.2598538,-5.5750031,113
973,Luarca,43.5375325,-6.5366775,113
974,San Martín de Teverga,,,113
975,Villamayor,,,113
976,Barros,43.3177689,-5.7109716,113
977,Asunción,,,270
978,Aswan,24.091071,32.897306,1473
979,Asyut,27.1832822,31.1853836,1468
980,Copiapó,-27.3664685,-70.3322753,1900
981,Matéri,,,2439
982,Allada,,,2330
983,Godomey,,,2330
984,Barranquilla,10.9938599,-74.7926118,319
985,Luruaco,,,319
986,Soledad,10.9149593,-74.7821054,319
987,Sabanalarga,,,319
988,Suán,10.30473315,-74.91403463227351,319
989,Campo de la Cruz,,,319
990,Siuna,13.7341305,-84.7789494,781
991,Nueva Guinea,,,2422
992,La Ceiba,,,2141
993,Sambo Creek,,,2141
994,El Porvenir,,,2141
995,Tela,,,2141
996,Jutiapa,,,2141
997,Juticalpa,,,2141
998,Beroroha,,,1980
999,Toamasina,,,2494
1000,Athina (Athens),37.9995283,23.722839,53
1001,Palaion Faliro,,,53
1002,Peiraias (Piraeus),37.94803645,23.64257639795499,53
1003,Peristeri,38.0128111,23.6955137,53
1004,Eleusina,,,53
1005,Nikaia,37.9660813,23.6478426,53
1006,Kythira,36.258028800000005,23.002435236230205,53
1007,Stamata,38.1254713,23.8803902,53
1008,Rifi,,,53
1009,Akharnes,,,53
1010,Horlargos,,,53
1011,Korydallos,,,53
1012,Drapetsona,37.9490926,23.6282598,53
1013,Spetses,37.25869575,23.13971911800676,53
1014,Aigina,,,53
1015,Sofikon,,,53
1016,Ilion,,,53
1017,Psychiko,38.0130854,23.772085,53
1018,Faliro,37.9450534,23.6652663,53
1019,Atyrau,47.1067183,51.9138976,1135
1020,Troyes,48.2971626,4.0746257,1191
1021,Chaource,48.0581589,4.1371816,1191
1022,Bar-sur-Aube,48.2332047,4.7058337,1191
1023,Nogent-sur-Seine,48.492439,3.4978181,1191
1024,Bar-sur-Seine,48.1126529,4.3759103,1191
1025,Pont-Sainte-Marie,48.3173614,4.1014237,1191
1026,Aix-en-Othe,,,1191
1027,Espéraza,,,1191
1028,Gélannes,48.4847699,3.6730186,1191
1029,Romilly-sur-Seine,48.5195734,3.7264161,1191
1030,Auce,,,1878
1031,Auckland,-36.852095,174.7631803,265
1032,Takapuna,-36.7878213,174.7729913,265
1033,Otahuhu,-36.9457267,174.8451244,265
1034,Whenuapai,-36.794101,174.6153747,265
1035,Papakura,,,265
1036,Manukau City,,,265
1037,Waitakere,,,265
1038,Albany,,,265
1039,Pukekohe,-37.2006384,174.9036875,265
1040,Helensville,-36.6799207,174.4505396,265
1041,Howick,,,265
1042,Devonport,-36.8297309,174.7975377,265
1043,Henderson,,,265
1044,Warkworth,,,265
1045,Avondale,-36.8930582,174.692814,265
1046,Middlemore,,,265
1047,North Shore City,,,265
1048,Birkenhead,,,265
1049,Carcassonne,43.2130358,2.3491069,614
1050,Narbonne,43.1837757,3.0041906,614
1051,Bize-Minervois,43.3184289,2.8723662,614
1052,Rurutu,,,2534
1053,Canberra,,,320
1054,Florey,-35.2257904,149.0501748,320
1055,Upernavik,74.97783765,-49.76022856596138,1238
1056,Avellino,40.9141958,14.7888764,1267
1057,Nusco,40.8869501,15.0840037,1267
1058,Sonnac,44.5480051,2.1092316,1253
1059,Decazeville,44.5585148,2.2542071,1253
1060,Rodez,,,1253
1061,Firmi,44.5404993,2.3093774,1253
1062,Espalion,44.5206809,2.7616471,1253
1063,Villefranche-de-Rouergue,44.3517623,2.0375431,1253
1064,Lunet,,,1253
1065,Millau,,,1253
1066,Saint-Affrique,43.9580035,2.8866641,1253
1067,Capdenac-Gare,44.5741127,2.0805165,1253
1068,Borama,,,2510
1069,Ayacucho,-13.1604269,-74.2256973,978
1070,Kuşadası,,,1573
1071,Aydın,37.8483767,27.8435878,1573
1072,Söke,,,1573
1073,Kyonpyaw,,,778
1074,Pathein (Bassein),16.7759,94.7415472,778
1075,Maubin,,,778
1076,Ayutthaya,14.3535427,100.5645684,1558
1077,Az-Zawiyah,32.7596665,12.7355967,624
1078,Orumiyeh (Urmia),,,694
1079,Sardasht,,,694
1080,Naqadeh,,,694
1081,Mianeh,,,694
1082,Badkhowreh,,,694
1083,Salmas,38.1969035,44.7685015,694
1084,Sarab,37.9407851,47.5374867,1336
1085,Tabriz,,,1336
1086,Azua de Compostela,,,2092
1087,Cuenca,,,1918
1088,Narancay,,,1918
1089,Aïn Defla,,,2344
1090,El Attaf,,,2344
1091,Ain-Témouchent,35.3048421,-1.1457771,980
1092,Chaabat El Leham,35.3367018,-1.1020618,980
1093,Hammam Bouhadjar,35.3790296,-0.9711585,980
1094,Ağrı,,,1855
1095,Doğubeyazıt,39.5483366,44.0793593,1855
1096,Karakose,,,1855
1097,Muğanlı,,,2552
1098,Ba,-17.5457103,177.6840732,583
1099,Vatukoula,-17.512433950000002,177.852169586351,583
1100,Nacula,,,583
1101,Votua,,,583
1102,Nadi,,,583
1103,Tavua,,,583
1104,Saunaka,,,583
1105,Lautoka,,,583
1106,Viseisei,,,583
1107,Varoka,,,583
1108,Nailaga,,,583
1109,Naidrodro,,,583
1110,Yalalevu,,,583
1111,Waya Levu,,,583
1112,Yasawa-i-Rara,,,583
1113,Al-Hillah,,,2191
1114,Bacău,46.5560493,26.9153557,1548
1115,Onești,,,1548
1116,Chetris,,,1548
1117,Luizi-Călugăra,46.5336759,26.8407666,1548
1118,Comănești,46.4216579,26.438008,1548
1119,Podu Turcului,46.2020269,27.3873659,1548
1120,Ștefan cel Mare,46.2154438,26.860361,1548
1121,Dărmănești,,,1548
1122,Bârsănești,46.3307682,26.6899012,1548
1123,Dămienești,46.7377686,26.9955304,1548
1124,Târgu Ocna,46.2797588,26.609355,1548
1125,Roșiori,46.7228126,27.0861632,1548
1126,Căiuți,46.1839594,26.9274485,1548
1127,Badajoz,38.878187,-6.9701115,575
1128,Mérida,,,575
1129,Montijo,38.9098936,-6.6151799,575
1130,Llerena,,,575
1131,Villanueva de la Serena,38.9736819,-5.8003669,575
1132,Guareña,38.8592191,-6.1028965,575
1133,Almendralejo,,,575
1134,Deggingen,,,34
1135,Baiersbronn,,,34
1136,Mannheim,49.4892913,8.4673098,34
1137,Stuttgart,48.7784485,9.1800132,34
1138,Singen,,,34
1139,Denkendorf,48.6956756,9.3170706,34
1140,Freudenstadt,,,34
1141,Heidelberg,,,34
1142,Furtwangen im Schwarzwald,,,34
1143,Göppingen,,,34
1144,Wiesloch,,,34
1145,Pforzheim,48.8908846,8.7029532,34
1146,Leonberg,48.8012983,9.0150026,34
1147,Rottenburg am Neckar,48.47696,8.9336788,34
1148,Langenau,,,34
1149,Kehl,48.5728929,7.8109768,34
1150,Rastatt,48.8574209,8.2088088,34
1151,Karlsruhe,49.0068705,8.4034195,34
1152,Filderstadt,,,34
1153,Biberach an der Riß,,,34
1154,Heidenheim an der Brenz,,,34
1155,Offenburg,,,34
1156,Weinheim,,,34
1157,Ladenburg,49.4724349,8.6106455,34
1158,Reutlingen,,,34
1159,Schramberg,48.225478,8.3852168,34
1160,Emmendingen,,,34
1161,Donaueschingen,,,34
1162,Heilbronn,49.142291,9.218655,34
1163,Lörrach,,,34
1164,Altshausen,47.934423,9.5386115,34
1165,Radolfzell am Bodensee,,,34
1166,Rheinfelden (Baden),,,34
1167,Bad Mergentheim,,,34
1168,Freiburg im Breisgau,47.9960901,7.8494005,34
1169,Konstanz,47.659216,9.1750718,34
1170,Ludwigsburg,,,34
1171,Bad Urach,,,34
1172,Villingen-Schwenningen,,,34
1173,Wangen im Allgäu,,,34
1174,Haslach im Kinzigtal,,,34
1175,Triberg im Schwarzwald,,,34
1176,Dittigheim,49.6101091,9.676174,34
1177,Tauberbischofsheim,,,34
1178,Schwetzingen,,,34
1179,Schonach im Schwarzwald,,,34
1180,Ravensburg,,,34
1181,Schwäbisch Gmünd,,,34
1182,Titisee-Neustadt,,,34
1183,Weingarten (Württemberg),,,34
1184,Kirchheim unter Teck,,,34
1185,Sindelfingen,,,34
1186,Metzingen,,,34
1187,Mutlangen,,,34
1188,Tübingen,,,34
1189,Friedrichshafen,,,34
1190,Böblingen,,,34
1191,Münsingen,,,34
1192,Eriskirch,47.6287757,9.5302479,34
1193,Ulm,48.3984968,9.9912458,34
1194,Bruchsal,49.124118,8.5980244,34
1195,Öhningen,47.6562012,8.9101114,34
1196,Sankt Peter,,,34
1197,Rottweil,,,34
1198,Walldürn,49.5833,9.36667,34
1199,Hemsbach,49.5919545,8.6460261,34
1200,Marbach am Neckar,48.9402085,9.256396,34
1201,Kornwestheim,48.8611498,9.1873875,34
1202,Blaubeuren,,,34
1203,Esslingen am Neckar,48.7427584,9.3071685,34
1204,Überlingen,47.7667246,9.1666488,34
1205,Niefern-Öschelbronn,,,34
1206,Achern,48.6300161,8.0735581,34
1207,Östringen,49.2192418,8.7097172,34
1208,Mühlacker,,,34
1209,Dettingen an der Erms,,,34
1210,Gaggenau,,,34
1211,Laupheim,48.230514,9.8771587,34
1212,Balingen,48.2737512,8.8557862,34
1213,Weinstadt,,,34
1214,Ochsenhausen,,,34
1215,Riedlingen,48.1534412,9.4748796,34
1216,Waiblingen,,,34
1217,Nußloch,49.3228653,8.6959385,34
1218,Geislingen an der Steige,,,34
1219,Ihringen,,,34
1220,Tannheim,47.9996294,10.0849321,34
1221,Kronau,49.2190434,8.6328799,34
1222,Walldorf,49.3038134,8.6433518,34
1223,Waldkirch,,,34
1224,Neckarsulm,49.191133,9.2248391,34
1225,Bietigheim-Bissingen,,,34
1226,Müllheim,47.808864150000005,7.611690913428795,34
1227,Staufen im Breisgau,,,34
1228,Isny im Allgäu,,,34
1229,Baden-Baden,48.7610716,8.239959,34
1230,Schopfheim,,,34
1231,Tettnang,,,34
1232,Alpirsbach,,,34
1233,Weinsberg,49.1504172,9.2865471,34
1234,Backnang,,,34
1235,Calw,,,34
1236,Albstadt,48.233048,8.9991483,34
1237,Schönaich,48.6565504,9.0588276,34
1238,Wertheim,,,34
1239,Hockenheim,49.3188892,8.5475467,34
1240,Bonlanden,48.0668675,10.0729669,34
1241,Gengenbach,48.4035425,8.0153059,34
1242,Kenzingen,48.1918267,7.7689368,34
1243,Renchen,48.58860785,8.01925482109081,34
1244,Fridingen an der Donau,48.0202558,8.9313419,34
1245,Schorndorf,48.8055169,9.5272665,34
1246,Gütenbach,,,34
1247,Wolfach,,,34
1248,Pfullingen,,,34
1249,Bühl,,,34
1250,Ostfildern,,,34
1251,Bad Säckingen,,,34
1252,Herbrechtingen,48.6226932,10.1761696,34
1253,Baienfurt,47.8280539,9.6519121,34
1254,Mosbach,,,34
1255,Nürtingen,,,34
1256,Vaihingen an der Enz,48.9321398,8.9568316,34
1257,Hinterzarten,,,34
1258,Herbolzheim,48.2198805,7.7769882,34
1259,Künzelsau,49.2803765,9.6901512,34
1260,Gochsheim,49.1035815,8.7503582,34
1261,Herrenberg,48.5956244,8.8671496,34
1262,Wurmberg,49.4487721,9.5821277,34
1263,Leimen,49.3491417,8.6909951,34
1264,Bad Schussenried,48.0047363,9.6561098,34
1265,Köndringen,48.1421408,7.799148006772575,34
1266,Kirchardt,49.2060256,8.9915645,34
1267,Breisach am Rhein,,,34
1268,Winnenden,,,34
1269,Säckingen,,,34
1270,Reckingen,47.5747235,8.3315391,34
1271,Aalen,48.8362705,10.0931765,34
1272,Stühlingen,47.7470397,8.4474495,34
1273,Blaustein,48.4159247,9.9187625,34
1274,Gernsbach,48.7636394,8.3379924,34
1275,Bad Saulgau,,,34
1276,Ehingen (Donau),48.2828519,9.7262175,34
1277,Eberbach,,,34
1278,Öhringen,49.2005034,9.5024397,34
1279,Tuttlingen,47.9844315,8.8186606,34
1280,Oberkirch,48.5307122,8.0783998,34
1281,Baghdad,30.665833,33.7227779,20
1282,Kadhimiya,33.403214649999995,44.31863381476539,20
1283,Kathmandu,,,786
1284,Sankhu,,,786
1285,Bansbari,,,786
1286,Lalitpur,,,786
1287,Pharping,,,786
1288,Minhla,,,1365
1289,Taungoo,18.9402101,96.4332782,1365
1290,Daik-U,17.789671,96.669693,1365
1291,Cruz das Almas,,,887
1292,Salvador,,,887
1293,Itacaré,,,887
1294,Juazeiro,,,887
1295,Ilhéus,-14.792599,-39.0453843,887
1296,Santo Amaro da Purificação,-12.5519686,-38.7060448,887
1297,Vera Cruz,,,887
1298,Porto Seguro,-16.443473,-39.064251,887
1299,Irará,-12.0420271,-38.7635638,887
1300,Camamu,,,887
1301,Ubatã,,,887
1302,Capim Grosso,,,887
1303,Ubaitaba,,,887
1304,Mucugê,-13.0053,-41.370271,887
1305,Bom Jesus da Lapa,-13.2498754,-43.4101019,887
1306,Irece,-11.3034965,-41.8557929,887
1307,Esplanada,-11.800614,-37.9453,887
1308,Serra Preta,,,887
1309,Cipó,,,887
1310,Ipirá,-12.1578337,-39.7416605,887
1311,Encruzilhada,-15.5317004,-40.909007,887
1312,Tijuana,,,242
1313,Mexicali,,,242
1314,El Salto,30.4674292,-115.43468,242
1315,Ensenada,,,242
1316,Tecate,32.5653831,-116.6298787,242
1317,Guerrero Negro,32.4834972,-116.8445568,242
1318,La Paz,,,1986
1319,Villa Carbon,,,1986
1320,San Jerónimo,,,2245
1321,Bakı,,,564
1322,Suraxanı,,,564
1323,Şağan,40.49577645,50.13191003655862,564
1324,Balakən,,,2468
1325,Denpasar,,,684
1326,Sanur,-8.6831728,115.2564626,684
1327,Bangli,,,684
1328,Jembrana,,,684
1329,Jimbaran,,,684
1330,Klungkung,,,684
1331,Türkmenbaşy,40.0053169,52.9928838,1167
1332,Quetta,30.1916569,67.0006542,803
1333,As-Salt,,,2412
1334,Al-Ardah,,,2412
1335,Domopole,,,2098
1336,Balvi,,,2098
1337,Balzers,,,1977
1338,Bandırma,40.3554705,27.9697603,1207
1339,Balıkesir,,,1207
1340,Gönen,40.1044116,27.6563981,1207
1341,Edremit,,,1207
1342,Bamako,,,776
1343,Djikoroni,,,776
1344,Quinzambougou,,,776
1345,Mogadishu,,,1711
1346,Pangkal Pinang,-2.1206733,106.1134604,1782
1347,Bangui,4.39904215,18.59608043286925,493
1348,Banja Luka,,,849
1349,Gradiška,,,849
1350,Prijedor,44.9117804,17.0921189,849
1351,Mrkonjic Grad,44.7868899,17.191402,849
1352,Prnjavor,,,849
1353,Milosavci,,,849
1354,Teslić,,,849
1355,Koljani,,,849
1356,Kotor Varoš,44.6146815,17.3740974,849
1357,Bjelajce,,,849
1358,Banjul,13.4410165,-16.56275092072591,1932
1359,Banská Bystrica,,,438
1360,Zvolen,,,438
1361,Banská Štiavnica,48.4580926,18.8988414,438
1362,Brezno,,,438
1363,Rimavská Sobota,,,438
1364,Revúca,,,438
1365,Kremnica,48.7042133,18.9174851,438
1366,Fiľakovo,48.2701641,19.8222938,438
1367,Detva,48.5595662,19.4205586,438
1368,Čierny Balog,48.745455,19.6600538,438
1369,Dobroč,48.4753289,19.566736,438
1370,Moštenica,48.8074792,19.2922324,438
1371,Vrbovka,,,438
1372,Žiar nad Hronom,,,438
1373,Krupina,,,438
1374,Lučenec,,,438
1375,Kriváň,48.5300071,19.4453897,438
1376,Malachov,48.7170857,19.1151601,438
1377,Ratka,48.2456783,19.7848363,438
1378,Hriňová,48.7634118,19.1630123,438
1379,Nová Baňa,48.4245994,18.6413651,438
1380,Očová,,,438
1381,Hronec,48.802333,19.5750026,438
1382,Kalinovo,48.3948069,19.7084748,438
1383,Poproč,,,438
1384,Hnúšťa,,,438
1385,Serang,,,2538
1386,Bar,,,2247
1387,Santa Cruz de Barahona,,,2159
1388,Komló,46.1911673,18.2613778,66
1389,Mohács,,,66
1390,Pécs,46.0765092,18.2280317,66
1391,Szigetvár,46.0474395,17.7993511,66
1392,Peterd,45.9718163,18.3624214,66
1393,Erzsébet,46.1006605,18.4586279,66
1394,Bóly,45.9692795,18.5161494,66
1395,Lánycsók,46.0048239,18.6236136,66
1396,Baksa,45.9595045,18.0950419,66
1397,Badalona,,,118
1398,Pineda de Mar,41.6276807,2.6898707,118
1399,Sabadell,41.5421013,2.1138977,118
1400,Rubí,,,118
1401,Mataró,41.5398348,2.4448926,118
1402,Terrassa,,,118
1403,Santa Coloma de Gramanet,,,118
1404,Martorell,41.4769177,1.9283971,118
1405,Canet de Mar,41.5900933,2.5777998,118
1406,El Masnou,,,118
1407,Cerdanyola del Valles,,,118
1408,San Justo Desvern,41.3815832,2.0750677,118
1409,Premiá de Mar,,,118
1410,Parets del Vallès,,,118
1411,Molíns de Rei,41.4138087,2.0159626,118
1412,Sallent de Llobregat,,,118
1413,Cabrils,41.5262354,2.3676258,118
1414,Granollers,41.6079555,2.2876008,118
1415,San Adrián del Besós,,,118
1416,Hospitalet de Llobregat,41.3598601,2.0997927,118
1417,Manresa,41.7288939,1.8286765,118
1418,La Garriga,41.6849111,2.2865796,118
1419,Cornellá de Llobregat,41.355724,2.0706225,118
1420,Orís,42.065576,2.212260540120897,118
1421,Calella,41.6132925,2.6576102,118
1422,Igualada,,,118
1423,San Quirico de Besora,,,118
1424,Santpedor,41.7847594,1.8386882,118
1425,Ripollet,,,118
1426,Vic,,,118
1427,Viladecans,41.3163083,2.0156034,118
1428,Sant Feliu de Llobregat,,,118
1429,San Baudilio de Llobregat,41.3459033,2.0413673,118
1430,Caldes de Montbui,41.632265,2.1676442,118
1431,El Prat de Llobregat,41.3246333,2.0952568,118
1432,Gavá,41.3050933,2.0063126,118
1433,Villanueva y Geltrú,41.2241992,1.7256327,118
1434,Cardona,41.9142758,1.68133,118
1435,Vilassar de Mar,,,118
1436,Manlleu,,,118
1437,Gurb,41.9409869,2.2433019,118
1438,Matadepera,,,118
1439,Esplugues de Llobregat,,,118
1440,Montgat,,,118
1441,Santa María de Palautordera,,,118
1442,Tiana,41.4819226,2.2689473,118
1443,Navarclés,,,118
1444,San Quirce del Vallés,,,118
1445,Aiguafreda,,,118
1446,Mollet del Vallés,,,118
1447,Alella,,,118
1448,Cardedeu,41.6385167,2.3558408,118
1449,Malgrat de Mar,,,118
1450,Berga,42.1011456,1.8454758,118
1451,Santa Perpetua de Moguda,,,118
1452,San Cugat del Vallés,,,118
1453,Sitges,41.2366707,1.8228136,118
1454,Moyá,,,118
1455,Premiá de Dalt,,,118
1456,Gironella,,,118
1457,Villafranca del Penedés,41.3463825,1.6995213,118
1458,San Andrés de Llavaneras,,,118
1459,Moncada y Reixach,41.4823115,2.1869985,118
1460,Bari,36.8491892,42.9935807,724
1461,Altamura,40.8285595,16.5527314,724
1462,Bitritto,41.044532,16.825185,724
1463,Terlizzi,,,724
1464,Grumo Appula,,,724
1465,Ruvo di Puglia,,,724
1466,Toritto,40.9982301,16.6797789,724
1467,Corato,41.1527614,16.4114643,724
1468,Modugno,,,724
1469,Monopoli,,,724
1470,Barinas,8.6182737,-70.2274065,1581
1471,Santa Bárbara,,,1581
1472,Barinitas,,,1581
1473,Eldama Ravine,,,1967
1474,Kabarnet,,,1967
1475,Kabartonjo,,,1967
1476,Trani,41.275088,16.4162585,1423
1477,Andria,,,1423
1478,Barletta,,,1423
1479,Molsheim,48.5419351,7.4924679,45
1480,Sélestat,,,45
1481,Strasbourg,,,45
1482,Wissembourg,,,45
1483,Schiltigheim,,,45
1484,Saverne,48.7419909,7.3625953,45
1485,Bischheim,48.6148396,7.7523716,45
1486,Ernstein,,,45
1487,Illkirch-Graffenstaden,48.5298611,7.7116218,45
1488,Schirmeck,48.4787302,7.2181806,45
1489,Herrlisheim,48.7276696,7.91025,45
1490,Wasselonne,48.6373266,7.4472685,45
1491,Obernai,,,45
1492,Haguenau,48.8172236,7.7885978,45
1493,Villé,48.3426621,7.3034728,45
1494,Barr,48.4088704,7.4492808,45
1495,Ingwiller,48.8718112,7.4798581,45
1496,La Walck,48.8519787,7.612471386993969,45
1497,Sassandra,4.9490007,-6.0921667,1905
1498,San Pédro,,,1905
1499,Basarabeasca,46.3272086,28.9839414,1170
1500,Therwil,47.4992969,7.5574673,1039
1501,Liestal,,,1039
1502,Binningen,,,1039
1503,Bretzwil,47.3970067,7.6508005,1039
1504,Sissach,,,1039
1505,Birsfelden,,,1039
1506,Bottmingen,,,1039
1507,Rothenfluh,,,1039
1508,Biel-Benken,47.506771,7.520962,1039
1509,Muttenz,,,1039
1510,Eptingen,47.384777,7.8217213,1039
1511,Pfeffingen,,,1039
1512,Bubendorf,,,1039
1513,Basel,,,132
1514,Riehen,,,132
1515,Colombo,,,85
1516,Panadura,,,85
1517,Negombo,,,85
1518,Modera,,,85
1519,Batangas,13.7558718,121.0584755,1765
1520,Batna,,,1785
1521,Barika,35.3846699,5.3702215,1785
1522,Menaâ,,,1785
1523,Berezino,,,1741
1524,Oral,,,1741
1525,Znamenskoye,,,1741
1526,Baucau,,,2295
1527,Bauska,,,2107
1528,Whakatane,,,1687
1529,Tauranga,,,1687
1530,Rotorua,,,1687
1531,Opotiki,,,1687
1532,Kawerau,,,1687
1533,Te Puna,,,1687
1534,Papamoa,,,1687
1535,Te Puke,-37.7853294,176.3270238,1687
1536,Bayan-Ovoo sum,,,1649
1537,Bayankhongor,46.1936649,100.7142654,1649
1538,Buutsagaan sum,,,1649
1539,Erdenetsogt sum,,,1649
1540,Khüreemaral sum,,,1649
1541,Bayburt,,,2272
1542,Yenagoa,,,2164
1543,Anyama,,,2164
1544,Eniwari,,,2164
1545,Neunburg vorm Wald,49.3487545,12.3819759,35
1546,Eggenfelden,,,35
1547,Würzburg,49.7933723,9.9309779,35
1548,Garmisch-Partenkirchen,,,35
1549,München (Munich),,,35
1550,Fürth,49.4772475,10.9893626,35
1551,Kempten,,,35
1552,Nürnberg,,,35
1553,Ruhpolding,,,35
1554,Füssen,,,35
1555,Mühldorf am Inn,48.2405007,12.5250991,35
1556,Schwarzenbach,49.718777450000005,12.002404831638191,35
1557,Berchtesgaden,47.63108,13.0021634,35
1558,Bayreuth,49.9427202,11.5763079,35
1559,Aschaffenburg,,,35
1560,Fischen im Allgäu,47.4666723,10.2727747,35
1561,Rosenheim,47.8539273,12.127262,35
1562,Mömbris,50.0691118,9.1660226,35
1563,Bayrischzell,,,35
1564,Regensburg,49.0195333,12.0974869,35
1565,Bad Tölz,,,35
1566,Reit im Winkl,,,35
1567,Augsburg,48.3690341,10.8979522,35
1568,Dietramszell,47.8507025,11.5944308,35
1569,Oberviechtach,,,35
1570,Bayerisch Eisenstein,,,35
1571,Bolsterlang,,,35
1572,Rottach-Egern,,,35
1573,Weiden,,,35
1574,Hausham,,,35
1575,Marktheidenfeld,49.8452797,9.6067197,35
1576,Straubing,,,35
1577,Schweinfurt,50.0499945,10.233302,35
1578,Oberwössen,,,35
1579,Oberstdorf,,,35
1580,Sonthofen,,,35
1581,Ohlstadt,,,35
1582,Seeshaupt,,,35
1583,Pappenheim,,,35
1584,Bad Hindelang,,,35
1585,Schwabmünchen,,,35
1586,Bamberg,49.8916044,10.8868478,35
1587,Bernbeuren,,,35
1588,Garching bei München,48.2513878,11.6509662,35
1589,Raubling,,,35
1590,Taufkirchen,48.3441996,12.1311312,35
1591,Immenstadt im Allgäu,,,35
1592,Oberstaufen,,,35
1593,Memmingen,47.9867696,10.181319,35
1594,Wolfratshausen,,,35
1595,Trostberg,,,35
1596,Holzkirchen,49.7816986,9.6796728,35
1597,Schwabach,49.3295535,11.0195132,35
1598,Trauchgau,,,35
1599,Neu-Ulm,,,35
1600,Starnberg,,,35
1601,Prien am Chiemsee,,,35
1602,Unterföhring,48.1950385,11.6449251,35
1603,Traunstein,,,35
1604,Tegernsee,,,35
1605,Erlangen,49.5928616,11.0056,35
1606,Reisbach,48.5686163,12.6298894,35
1607,Kitzingen,49.7392057,10.1624553,35
1608,Deggendorf,,,35
1609,Mindelheim,,,35
1610,Erding,,,35
1611,Landshut,,,35
1612,Kronach,50.2397846,11.3277669,35
1613,Neubeuern,47.7734832,12.1389535,35
1614,Obertaufkirchen,48.2622803,12.2794386,35
1615,Balderschwang,,,35
1616,Lindenberg im Allgäu,,,35
1617,Passau,,,35
1618,Ochsenfurt,,,35
1619,Freyung,,,35
1620,Ingolstadt,,,35
1621,Erpfting,48.0224601,10.8288503,35
1622,Lindau im Bodensee,47.5594972,9.684681,35
1623,Coburg,50.2582226,10.964561,35
1624,Vilshofen an der Donau,,,35
1625,Bernau am Chiemsee,,,35
1626,Burghausen,,,35
1627,Kulmbach,,,35
1628,Feuchtwangen,,,35
1629,Kaufbeuren,,,35
1630,Friedberg,,,35
1631,Dießen am Ammersee,,,35
1632,Indersdorf,,,35
1633,Marktredwitz,50.0009915,12.0856433,35
1634,Miesbach,,,35
1635,Maierhofen über Röthenbach,,,35
1636,Eichstätt,,,35
1637,Kelheim,,,35
1638,Fürstenfeldbruck,,,35
1639,Landsberg am Lech,,,35
1640,Bad Reichenhall,,,35
1641,Waldmünchen,49.3775728,12.7062127,35
1642,Grainau,,,35
1643,Mittenwald,,,35
1644,Miltenberg,,,35
1645,Jesenwang,48.1673595,11.133622,35
1646,Herrsching am Ammersee,47.9992929,11.1748083,35
1647,Oberau,47.562,11.133,35
1648,Tirschenreuth,,,35
1649,Floß,49.7255408,12.278355,35
1650,Zwiesel,49.0130274,13.2307617,35
1651,Buchloe,48.0361382,10.7241879,35
1652,Cham,49.2178194,12.6663832,35
1653,Eppishausen,48.1677834,10.5165068,35
1654,Donauwörth,,,35
1655,Lam,,,35
1656,Dillingen an der Donau,48.5812791,10.4951026,35
1657,Rattelsdorf,,,35
1658,Pfronten,,,35
1659,Amberg,,,35
1660,Bischofswiesen,,,35
1661,Rebensdorf,48.4810661,12.2858513,35
1662,Gunzenhausen,49.1147095,10.7545933,35
1663,Lenggries,,,35
1664,Bad Grönenbach,47.8777154,10.2215159,35
1665,Unterjoch,,,35
1666,Lauf an der Pegnitz,49.5118126,11.2813381,35
1667,Kolbermoor,47.8556623,12.0595795,35
1668,Oberaudorf,,,35
1669,Hof,50.3219015,11.9178807,35
1670,Tutzing,,,35
1671,Murnau am Staffelsee,,,35
1672,Burgsinn,50.1483669,9.6509683,35
1673,Dingolfing,,,35
1674,Aising,,,35
1675,Neumarkt in der Oberpfalz,49.279624,11.4594662,35
1676,Gauting,,,35
1677,Hertingen,,,35
1678,Schongau,47.8134583,10.8967857,35
1679,Bad Aibling,,,35
1680,Bad Griesbach im Rottal,,,35
1681,Weiler im Allgäu,47.5831505,9.9140112,35
1682,Kleinostheim,50.0038042,9.0655061,35
1683,Possenhofen,47.9592147,11.3111908,35
1684,Großheubach,49.7287668,9.2246475,35
1685,Bellenberg,48.2562497,10.0939037,35
1686,Altasbach,48.386083,13.17044,35
1687,Schwandorf,,,35
1688,Piding,47.7648237,12.9124872,35
1689,Schliersee,,,35
1690,Altötting,48.2268085,12.6757914,35
1691,Gößweinstein,49.7694317,11.3369898,35
1692,Freising,48.4008273,11.7439565,35
1693,Wasserlos,50.0715369,9.07428,35
1694,Benediktbeuern,,,35
1695,Großostheim,49.913254,9.0684725,35
1696,Neuburg an der Donau,48.7371951,11.1795268,35
1697,Neuendettelsau,,,35
1698,Langenzenn,49.4950727,10.7937902,35
1699,Wunsiedel,,,35
1700,Wasserburg am Inn,,,35
1701,Weißbach,48.1635255,10.4692514,35
1702,Bruckmühl,47.8828325,11.914614,35
1703,Obernburg am Main,49.842229,9.1480461,35
1704,Buchenberg,,,35
1705,Dachau,48.2592477,11.4354419,35
1706,Weilheim in Oberbayern,,,35
1707,Oberammergau,47.5966949,11.0673611,35
1708,Süsskofen,48.7084432,12.3749477,35
1709,Ebersberg,,,35
1710,Gräfelfing,48.1212042,11.4299784,35
1711,Inzell,,,35
1712,Altdorf bei Nürnberg,49.3858107,11.3564341,35
1713,Großwallstadt,49.8778629,9.1588408,35
1714,Pleinfeld,49.1054193,10.9847038,35
1715,Nesselwang,,,35
1716,Marktoberdorf,,,35
1717,Aschau im Chiemgau,,,35
1718,Bischofsgrün,,,35
1719,Peißenberg,,,35
1720,Ingemoos,,,35
1721,Ringelai,48.8130178,13.4718676,35
1722,Alzenau,,,35
1723,Sulzbach-Rosenberg,49.4992468,11.7470259,35
1724,Innleiten,47.8779223,12.1421329,35
1725,Königshofen,50.0601126,9.2065326,35
1726,Bad Kötzting,,,35
1727,Treuchtlingen,48.9554435,10.9089888,35
1728,Prittlbach,48.2862372,11.4492612,35
1729,Giggenhausen,48.3645501,11.6468515,35
1730,Hersbruck,,,35
1731,Hollstadt,50.3522045,10.2886139,35
1732,Palmberg,,,35
1733,Obertraubling,48.9657993,12.1671324,35
1734,Selb,,,35
1735,Pähl,,,35
1736,Erlabrunn,49.8598717,9.843799,35
1737,Bubenreuth,,,35
1738,Neubiberg,48.0769935,11.6615136,35
1739,Viechtach,,,35
1740,Brannenburg,,,35
1741,Moosburg an der Isar,,,35
1742,Bobingen,,,35
1743,Neustadt an der Donau,48.8065177,11.7681452,35
1744,Ottendichl,48.1289701,11.7399127,35
1745,Steingaden,47.7013884,10.8613586,35
1746,Obermaiselstein,,,35
1747,Neukirchen beim Heiligen Blut,,,35
1748,Kochel am See,,,35
1749,Schrobenhausen,48.5613407,11.2654488,35
1750,Dietmannsried,,,35
1751,Pegnitz,,,35
1752,Freilassing,,,35
1753,Penzberg,47.7518502,11.3763014,35
1754,Lohr am Main,,,35
1755,Niederwerrn,50.0610864,10.1821081,35
1756,Dittelbrunn,50.0777845,10.2206431,35
1757,Illertissen,,,35
1758,Wegscheid,,,35
1759,Günzburg,,,35
1760,Ansbach,49.3028611,10.5722288,35
1761,Bad Oberdorf,,,35
1762,Pfarrkirchen,48.4320329,12.9386266,35
1763,Ettal,,,35
1764,Großhesselohe,48.0703908,11.5341312,35
1765,Seeg,,,35
1766,Neuötting,48.2402896,12.685745,35
1767,Wallenfels,,,35
1768,Schleching,,,35
1769,Werneck,49.981604,10.1001527,35
1770,Pfaffenhofen,,,35
1771,Bubesheim,,,35
1772,Roth,,,35
1773,Bindlach,49.9819529,11.6134138,35
1774,Bayt Lahm (Bethlehem),,,2312
1775,Beijing,,,158
1776,Xicheng District,39.9108672,116.3599221,158
1777,Dongcheng District,39.9057136,116.3912972,158
1778,Fangshan District,,,158
1779,Shijingshan District,,,158
1780,Beirut,,,1243
1781,Chiah,33.8647711,35.4900513,1243
1782,Lebedi,51.31049455,37.59653872945135,864
1783,Belgorod,50.646559,36.57821034999999,864
1784,Prokhorovka,,,864
1785,Makeshkino,,,864
1786,Soldatskoye,,,864
1787,Tavrovo,,,864
1788,Zalomnoye,50.6756442,37.3503882,864
1789,Belize City,17.5002768,-88.1988737,1350
1790,Pieve di Cadore,,,400
1791,Belluno,,,400
1792,Cibiana di Cadore,,,400
1793,Feltre,,,400
1794,Alleghe,,,400
1795,Agordo,,,400
1796,Longarone,,,400
1797,Santo Stefano di Cadore,46.5579382,12.5491422,400
1798,Calalzo di Cadore,46.4467154,12.3803853,400
1799,Falcade,,,400
1800,Auronzo di Cadore,,,400
1801,Rocca Pietore,,,400
1802,Alano di Piave,45.9078199,11.9080775,400
1803,San Pietro di Cadore,,,400
1804,Sedico,46.11098,12.0971545,400
1805,Comelico Superiore,,,400
1806,Lozzo di Cadore,,,400
1807,Lamon,,,400
1808,Valle di Cadore,,,400
1809,Valletta,35.8989818,14.5136759,1676
1810,Attard,,,1676
1811,Ben Arous,36.7516855,10.2245072,1568
1812,Benevento,,,1366
1813,Moiano,41.0795121,14.5429198,1366
1814,Benghazi,32.1060708,20.0666748,1799
1815,Bengkulu,-3.7922858,102.2623797,1528
1816,Mazozo,-9.1071181,13.6190557,1869
1817,Benguela,,,2113
1818,Catumbela,,,2113
1819,Baguio City,16.4119905,120.5933719,936
1820,Riberalta,-11.01153105,-66.05558670491354,1747
1821,Trinidad,,,1747
1822,Beni Suef,29.0729812,31.0982562,957
1823,Al Fashn,28.8232566,30.8995433,957
1824,Gboko,7.37784815,8.871322377025628,1533
1825,Beograd (Belgrade),44.8178131,20.4568974,182
1826,Zemun,,,182
1827,Mladenovac,,,182
1828,Vinča,44.7607748,20.6183498,182
1829,Borča,,,182
1830,Umka,,,182
1831,Obrenovac,,,182
1832,Lazarevac,,,182
1833,Dubrava,44.5958325,20.0934953,182
1834,Kaluđerica,44.7557801,20.5579418,182
1835,Zahlé,33.8477069,35.9024955,1424
1836,Nabichit,,,1424
1837,Chlifa,,,1424
1838,Berane,,,1090
1839,Treviglio,45.5217245,9.5931485,716
1840,Serina,,,716
1841,Covo,45.5003219,9.7701068,716
1842,Castro,45.802987,10.06706,716
1843,Bergamo,,,716
1844,Trescore Balneario,,,716
1845,Gromo,45.96399,9.927054,716
1846,Treviolo,45.6715427,9.6117418,716
1847,Lovere,45.8168815,10.0752136,716
1848,Calcinate,45.619721,9.7988771,716
1849,Alzano Lombardo,,,716
1850,Clusone,,,716
1851,Zanica,45.6394601,9.6841257,716
1852,Vertova,45.8102188,9.8535071,716
1853,San Giovanni Bianco,,,716
1854,Casnigo,,,716
1855,Ponte San Pietro,45.6977541,9.5872254,716
1856,Schilpario,,,716
1857,Gazzaniga,,,716
1858,Osio Sotto,,,716
1859,Martinengo,45.5703685,9.767376,716
1860,Oltre Il Colle,,,716
1861,Santa Brigida,,,716
1862,Albino,,,716
1863,Sotto il Monte Giovanni XXIII,45.7057753,9.4996718,716
1864,Seriate,,,716
1865,Brembate,45.6039279,9.5555981,716
1866,Sedrina,45.781783,9.624051,716
1867,Selvino,,,716
1868,Sarnico,45.6701431,9.9635127,716
1869,Brembate di Sopra,,,716
1870,Ponteranica,,,716
1871,Berlin,,,657
1872,Ost-Berlin (East Berlin),,,657
1873,Friedrichshain,52.5122154,13.4502904,657
1874,Friedenau,52.472075,13.3296424,657
1875,West-Berlin,42.3881483,-71.6606239,657
1876,Wilmersdorf,52.4871152,13.3203298,657
1877,Schöneberg,52.482157,13.3551901,657
1878,Charlottenburg,52.515747,13.3096834,657
1879,Steglitz,52.4572569,13.3222865,657
1880,Tempelhof,52.4632921,13.3864477,657
1881,Grunewald,52.4873475,13.2637538,657
1882,Friedrichshagen,,,657
1883,Lichterfelde,52.437293,13.3138645,657
1884,Cöpenick,52.44018365,13.59460414427525,657
1885,Rixdorf,52.4740949,13.4456092,657
1886,Spandau,52.535788,13.1977924,657
1887,Lichtenberg,52.5321606,13.5118927,657
1888,Klein-Glienicke-Forst,,,657
1889,Rummelsburg,52.5013696,13.4835143,657
1890,Saanen,,,1036
1891,Rüschegg,46.7712929,7.4036704,1036
1892,Sumiswald,,,1036
1893,Zollikofen,,,1036
1894,Bern,,,1036
1895,Meiringen,,,1036
1896,Rumisberg,,,1036
1897,Mürren,,,1036
1898,Adelboden,,,1036
1899,Belp,,,1036
1900,Langenthal,,,1036
1901,Frauenkappelen,,,1036
1902,Saint-Imier,,,1036
1903,Konolfingen,,,1036
1904,Spiez,,,1036
1905,Interlaken,,,1036
1906,Zweisimmen,,,1036
1907,Thun,,,1036
1908,Aarberg,,,1036
1909,Unterseen,,,1036
1910,Büren an der Aare,,,1036
1911,Langnau im Emmental,,,1036
1912,Bönigen,,,1036
1913,Schönried,,,1036
1914,Brienz,,,1036
1915,Safnern,,,1036
1916,Oberdiessbach,,,1036
1917,Büren,,,1036
1918,Lauterbrunnen,46.5939043,7.9078016,1036
1919,Beatenberg,,,1036
1920,Gstaad,,,1036
1921,Krattigen,46.660973,7.7256121,1036
1922,Sigriswil,,,1036
1923,Huttwil,,,1036
1924,Wohlen,46.9708428,7.35592,1036
1925,Wichtrach,,,1036
1926,Wengen,,,1036
1927,Täuffeln,,,1036
1928,Obersteckholz,47.1988034,7.8167121,1036
1929,Moutier,47.2796142,7.3704192,1036
1930,Grindelwald,,,1036
1931,Erlenbach im Simmental,,,1036
1932,Bargen,47.0383598,7.2630166,1036
1933,Jegenstorf,,,1036
1934,Oberaargau,47.1704896,7.777168833391128,1036
1935,Worb,,,1036
1936,Farnern,,,1036
1937,Frutigen,,,1036
1938,Tavannes,47.220131,7.1986691,1036
1939,Corcelles,47.2857616,7.4556693,1036
1940,Biembach,47.0005638,7.6203997,1036
1941,Trub,,,1036
1942,Meikirch,,,1036
1943,Hondrich,,,1036
1944,Rüegsau,,,1036
1945,Niederbipp,,,1036
1946,Magglingen,,,1036
1947,Seftigen,46.7887815,7.5396362,1036
1948,Kiesen,46.8195399,7.5848154,1036
1949,Neuenegg,46.895472,7.3034416,1036
1950,Zäziwil,,,1036
1951,Boltigen,46.6295364,7.3907814,1036
1952,Lauenen,,,1036
1953,Mount-Crosin,,,1036
1954,Grosshöchstetten,,,1036
1955,Wilderswil,46.6633947,7.8629948,1036
1956,Rohrbachgraben,,,1036
1957,Thunstetten,,,1036
1958,Münchenbuchsee,,,1036
1959,Reichenbach,,,1036
1960,Orpund,,,1036
1961,Muri bei Bern,,,1036
1962,Burgdorf,,,1036
1963,Teuffenthal,,,1036
1964,Landiswil,,,1036
1965,Urtenen,,,1036
1966,Utzenstorf,,,1036
1967,Lyss,,,1036
1968,Hindelbank,,,1036
1969,Champoz,,,1036
1970,Wyssachen,,,1036
1971,Wangen an der Aare,,,1036
1972,Wimmis,,,1036
1973,Wiedlisbach,,,1036
1974,Madiswil,47.1648367,7.7968153,1036
1975,Ostermundigen,,,1036
1976,Seedorf,,,1036
1977,Schangnau,,,1036
1978,Berovo,41.6697382,22.81737348056537,1584
1979,Beyləqan,39.7671115,47.6153495,1645
1980,Biella,,,1513
1981,Casapinta,45.6160964,8.195713,1513
1982,Massazza,45.491362,8.164524,1513
1983,Muzaffarpur,26.1482548,85.3316096785584,396
1984,Jha Jha,26.59764845,85.4897758054462,396
1985,Pelsera,,,396
1986,Danapur,25.6358901,85.0474045,396
1987,Purnia,26.0,87.5,396
1988,Patna,25.6093239,85.1235252,396
1989,Oradea,47.0549163,21.9285231,44
1990,Batăr,,,44
1991,Valea lui Mihai,47.5171304,22.1348938,44
1992,Orodea,,,44
1993,Sălacea,47.4590468,22.3061447,44
1994,Uileacu de Beiuș,46.684581,22.221351,44
1995,Calea Mare,46.9081496,22.0651062,44
1996,Petreu,47.3373822,22.2960674,44
1997,Săcueni,47.3601466,22.0778745,44
1998,Bijeljina,44.7568464,19.2156628,1417
1999,Branjevo,44.5552976,19.1806386,1417
2000,Dvorovi,,,1417
2001,Bijelo Polje,,,2073
2002,Alice Town,25.7271964,-79.2965453,1881
2003,Tomé,-36.6170801,-72.9575043,307
2004,Coronel,,,307
2005,Concepción,-36.8270795,-73.0502399,307
2006,San Pedro de la Paz,,,307
2007,Los Ángeles,-37.4707455,-72.351686,307
2008,Talcahuano,-36.7144863,-73.1141087,307
2009,Malabo,,,1755
2010,Bishkek,42.868594,74.6043881,747
2011,Leninskoye,,,747
2012,Ouled Djellal,34.1650307,4.9990113,1865
2013,Biskra,34.8508816,5.729074,1865
2014,Belkau,52.6502758,11.7641309,1820
2015,Bissau,11.861324,-15.583055,1544
2016,Bistrița,47.1327012,24.4963949,54
2017,Prundu Bârgăului,,,54
2018,Maieru,,,54
2019,Purcăreţ,,,54
2020,Susenii Bârgăului,,,54
2021,Lunca Ilvei,,,54
2022,Măgura Ilvei,,,54
2023,Singeorz-Bai,,,54
2024,Bichigiu,47.4232323,24.3393095,54
2025,Bitlis,,,2081
2026,Bitola,,,1587
2027,Bizerte,,,1564
2028,Menzel Bourguiba,,,1564
2029,Bjelovar,45.8986869,16.8421977,1586
2030,Sirač,45.5272811,17.251294,1586
2031,Grubišno Polje,45.7020287,17.1722552,1586
2032,Stara Rača,,,1586
2033,Razlog,,,848
2034,Bansko,,,848
2035,Petrich,41.3952948,23.2067832,848
2036,Blagoevgrad,42.0111077,23.0906457,848
2037,Gotse Delchev,41.5733011,23.7281082,848
2038,Samuilovo,41.3713101,23.0874501,848
2039,Sandanski,,,848
2040,Gostun,,,848
2041,Mikrevo,41.62456,23.19516,848
2042,Dobrinishte,,,848
2043,Sklave,41.5217301,23.31601,848
2044,Blantyre,,,1395
2045,Bled,,,1693
2046,Pokljuka,,,1693
2047,Ribno,,,1693
2048,Zasip,,,1693
2049,Karlskrona,,,528
2050,Karlshamn,,,528
2051,Sölvesborg,56.0506535,14.5871906,528
2052,Olofström,56.3014882,14.5161735,528
2053,Lyckeby,,,528
2054,Ronneby,56.3,15.283333,528
2055,Boufarik,36.5736437,2.9073573,994
2056,Blida,,,994
2057,Veliki Vrh,,,2045
2058,Bobonaro,,,2124
2059,Namakia,,,1704
2060,Mahajanga,-15.7181492,46.3172577,1704
2061,Bogotá,4.6533816,-74.0836333,1204
2062,La Perseverancia,4.61741135,-74.06358803324733,1204
2063,Savica,46.2742953,13.9238681,1624
2064,Bohinjska Bistrica,,,1624
2065,Tagbilaran City,,,958
2066,Loboc,,,958
2067,Talibon,10.1508006,124.3269236,958
2068,Sucuto,,,2005
2069,Bolama,,,2005
2070,Bologna,44.4938203,11.3426327,193
2071,Medicina,44.4765572,11.6384123,193
2072,Imola,44.3535145,11.7141233,193
2073,Castel San Pietro Terme,,,193
2074,San Lazzaro di Savena,44.4715668,11.4048591,193
2075,Pianoro,,,193
2076,Crevalcore,,,193
2077,San Giovanni in Persiceto,44.6386593,11.1874019,193
2078,Bentivoglio,,,193
2079,Pieve di Cento,,,193
2080,Gaggio Montano,44.196956,10.932908,193
2081,Vergato,,,193
2082,San Pietro in Casale,44.6990515,11.4029261,193
2083,Casalecchio di Reno,44.4760177,11.2756857,193
2084,Gerede,,,2376
2085,Bolu,,,2376
2086,Bressanone,,,1132
2087,Tesido,,,1132
2088,Monguelfo-Tesido,,,1132
2089,Bolzano,,,1132
2090,Val di Vizze,,,1132
2091,Brunico,,,1132
2092,Santa Cristina Valgardena,,,1132
2093,Ponte Gardena,,,1132
2094,Lagundo,,,1132
2095,San Candido,,,1132
2096,Ortisei,,,1132
2097,Vipiteno,,,1132
2098,Valdaora,,,1132
2099,Silandro,,,1132
2100,Merano,,,1132
2101,Egna,,,1132
2102,Rio di Pusteria,,,1132
2103,Renon,,,1132
2104,Dobbiaco,,,1132
2105,Brennero,,,1132
2106,Selva di Val Gardena,,,1132
2107,Tires,,,1132
2108,Cermes,,,1132
2109,Fiè allo Sciliar,,,1132
2110,Rasun-Anterselva,,,1132
2111,Stelvio,,,1132
2112,Predoi,,,1132
2113,Chienes,,,1132
2114,Racines,,,1132
2115,Magrè sulla Strada del Vino,46.2873885,11.2098464,1132
2116,Badia,,,1132
2117,Castelrotto,,,1132
2118,Nova Levante,,,1132
2119,Laces,,,1132
2120,Gargazzone,,,1132
2121,Braies,,,1132
2122,Castelbello-Ciardes,46.6221611,10.923998550347491,1132
2123,Malles Venosta,,,1132
2124,San Lorenzo di Sebato,,,1132
2125,Villabassa,,,1132
2126,Rifiano,,,1132
2127,Varna,,,1132
2128,Corvara in Badia,,,1132
2129,Villandro,,,1132
2130,Cartagena de Indias,10.4265566,-75.5441671,314
2131,El Callao,,,314
2132,Córdoba,9.5868727,-74.8270428,314
2133,Guaranda,-1.4398571,-79.05766618235606,314
2134,San Jacinto,,,314
2135,San Basilio de Palenque,10.1043296,-75.1988429,314
2136,Arjona,,,314
2137,María La Baja,,,314
2138,Puerto Ordaz,,,314
2139,San Félix,,,314
2140,Guayana,,,314
2141,Ciudad Guayana,,,314
2142,Bomet,,,2102
2143,Kiramwok,,,2102
2144,Kipajit,,,2102
2145,Cheplanget,,,2102
2146,Ras El Oued,,,1650
2147,Bordj Zemoura,,,1650
2148,Aïn Taghrout,36.1445264,5.11326617506659,1650
2149,Borgo Maggiore,,,1736
2150,Borovnica,,,2131
2151,Miskolc,,,63
2152,Forró,48.3224482,21.08665,63
2153,Pálfalva,,,63
2154,Halmaj,48.2462494,21.0016795,63
2155,Sajóörös,47.9511834,21.0221987,63
2156,Mezőkövesd,,,63
2157,Ózd,48.2239095,20.2895983,63
2158,Bükkaranyos,47.9853201,20.7804184,63
2159,Szerencs,,,63
2160,Abaújszántó,48.278706,21.1855002,63
2161,Sajószentpéter,48.2183544,20.7087764,63
2162,Bodrogkisfalud,48.1728331,21.3574534,63
2163,Cserépfalu,47.9429765,20.5360221,63
2164,Mezőcsát,47.8175357,20.903168,63
2165,Monok,48.2121842,21.1497677,63
2166,Szárazberencs,,,63
2167,Bodroghalom,48.3035732,21.704878,63
2168,Tokaj,48.1235534,21.4113895,63
2169,Négyes,47.6986444,20.7000993,63
2170,Méra,48.359042,21.1517514,63
2171,Sátoraljaújhely,48.3960978,21.6561497,63
2172,Gömörszőlős,48.3738088,20.4273216,63
2173,Kazincbarcika,,,63
2174,Sárospatak,48.3216823,21.5655524,63
2175,Mezőkeresztes,47.829883,20.6922479,63
2176,Putnok,48.2942607,20.4342869,63
2177,Abaújkér,48.3075218,21.2015162,63
2178,Goražde,43.67089475,18.81923361503092,1639
2179,Kiseljak,,,1639
2180,Ustikolina,43.5835116,18.7896812,1639
2181,Botoșani,,,1147
2182,Cristești,47.6360764,26.7361836,1147
2183,Gorbănești,47.7753394,26.8588894,1147
2184,Dracsani,,,1147
2185,Vorniceni,47.9764099,26.6755971,1147
2186,Truşeşti,,,1147
2187,Hudești,,,1147
2188,Albești,47.6930194,27.0729216,1147
2189,Copălău,,,1147
2190,Dângeni,,,1147
2191,Darabani,,,1147
2192,Tudora,47.5074742,26.6345914,1147
2193,Rădăuți-Prut,48.2400203,26.8068359,1147
2194,Dorohoi,,,1147
2195,Nicolae Bălcescu,47.5670861,26.8989879,1147
2196,Corlățeni,47.9284351,26.5518084,1147
2197,Vornicești,,,1147
2198,Istres,43.5139051,4.9884323,494
2199,Martigues,,,494
2200,Marseille (Marseilles),43.2975573,5.3756864,494
2201,Aix-en-Provence,,,494
2202,Belcodène,43.4259944,5.5893482,494
2203,Salon-de-Provence,,,494
2204,La Ciotat,,,494
2205,Aubagne,,,494
2206,Grans,43.606758,5.063379,494
2207,Miramas,,,494
2208,Port-Saint-Louis-du-Rhône,43.3880925,4.8033753,494
2209,Gardanne,43.455613,5.4710661,494
2210,Arles,43.6776223,4.6309653,494
2211,Arawa,,,2000
2212,Inus,,,2000
2213,Pokpok,,,2000
2214,Carteret Islands,,,2000
2215,Bauluaku,,,2000
2216,Bouïra,,,2429
2217,Dellys,,,646
2218,Zemmouri,,,646
2219,Thénia,,,646
2220,Boumerdès,36.7590403,3.473102,646
2221,Boudouaou,36.727203,3.408382,646
2222,Sogamoso,,,1235
2223,Tuta,5.67861455,-73.18705631500403,1235
2224,Cómbita,,,1235
2225,Paipa,5.7812701,-73.1176532,1235
2226,Tunja,,,1235
2227,San José de Pare,,,1235
2228,Duitama,5.8277055,-73.0338939,1235
2229,Tenza,5.076382150000001,-73.41736086183475,1235
2230,Ventaquemada,5.3666155,-73.5216361,1235
2231,Chiscas,6.6767804,-72.40674385862157,1235
2232,Chiquinquirá,,,1235
2233,Ciénega,,,1235
2234,Togüí,5.917044199999999,-73.4964349053907,1235
2235,Pesca,,,1235
2236,Iza,,,1235
2237,Samacá,5.4917892,-73.48529,1235
2238,Sotaquirá,5.78568085,-73.25921165504153,1235
2239,Nivelles,,,1001
2240,Wezembeek-Oppem,,,1001
2241,Virginal-Samme,50.6415844,4.2100095,1001
2242,Mont-Saint-Guibert,50.6365628,4.6127019,1001
2243,Tubize,50.69302,4.204696,1001
2244,Wavre,50.7169694,4.610416,1001
2245,Ternat,,,1001
2246,Baisy-Thy,50.6040225,4.488077818971914,1001
2247,Sainte-Marie-Chevigny ,,,1001
2248,Biez,50.7267076,4.7033973,1001
2249,Spremberg,,,659
2250,Potsdam,,,659
2251,Cottbus,,,659
2252,Finsterwalde,,,659
2253,Bernau bei Berlin,52.6787254,13.5881114,659
2254,Frankfurt (Oder),,,659
2255,Lübben,51.94539535,13.902389375881372,659
2256,Döbern,51.6147262,14.5972172,659
2257,Luckenwalde,52.0902045,13.1741882,659
2258,Eberswalde,52.8350807,13.7996542,659
2259,Müncheberg,52.5037484,14.1404688,659
2260,Brandenburg an der Havel,,,659
2261,Eisenhüttenstadt,52.1448863,14.6294413,659
2262,Schlenzer,51.9616684,13.2480846,659
2263,Wriezen,,,659
2264,Neuruppin,52.9243859,12.8092919,659
2265,Herzberg,51.6924078,13.2358585,659
2266,Bad Belzig,,,659
2267,Ludwigsfelde,,,659
2268,Großräschen,,,659
2269,Kötzlin,52.9052269,12.22921123023592,659
2270,Forst (Lausitz),51.7438586,14.6455395,659
2271,Bad Saarow,,,659
2272,Kleinmachnow,52.4064167,13.2236601,659
2273,Altdöbern,51.6511561,14.0342532,659
2274,Rüdersdorf bei Berlin,,,659
2275,Kyritz,,,659
2276,Lauchhammer,51.4977774,13.7400618,659
2277,Guben,51.9503235,14.7153567,659
2278,Wagenitz,52.6677222,12.64545026570145,659
2279,Grünheide,52.4262298,13.8226458,659
2280,Beeskow,52.1721569,14.2471058,659
2281,Hennigsdorf,,,659
2282,Rathenow,52.6063703,12.3382259,659
2283,Jüterbog,51.9916493,13.0801128,659
2284,Ortrand,51.3761283,13.7576971,659
2285,Plaue an der Havel,52.408922,12.4181453,659
2286,Templin,53.1193496,13.5005559,659
2287,Wustermark,52.5462731,12.9404114,659
2288,Nauen,52.6061065,12.8772599,659
2289,Luckau,51.8524163,13.7150055,659
2290,Treuenbrietzen,52.0966552,12.8734896,659
2291,Groß Schönebeck,52.9042014,13.5328003,659
2292,Angermünde,53.017276,13.9981503,659
2293,Pritzwalk,53.1492896,12.1761903,659
2294,Kleinleipisch,51.5123612,13.7537427,659
2295,Perleberg,53.0762716,11.8627933,659
2296,Wittenberge,52.9983723,11.7507204,659
2297,Falkensee,,,659
2298,Prenzlau,53.3167,13.866575,659
2299,Schöneiche bei Berlin,52.4782896,13.6971638,659
2300,Hohen Neuendorf,52.6732755,13.2807255,659
2301,Oranienburg,52.7529379,13.2457591,659
2302,Elsterwerda,51.4614993,13.5204883,659
2303,Wormlage,51.6046212,13.899755728573204,659
2304,Kirchmöser,52.3758454,12.4228308,659
2305,Buckow,,,659
2306,Woltersdorf,52.4501153,13.7552036,659
2307,Lübbenau,51.8680114,13.9689477,659
2308,Sielow,51.82206605,14.32336406606423,659
2309,Königs Wusterhausen,52.2994511,13.6244389,659
2310,Jänschwalde,51.8616812,14.4984867,659
2311,Groß Marzehns,51.9929616,12.5816144,659
2312,Ziltendorf,52.206289,14.623729,659
2313,Dahme,52.2181697,13.7725949,659
2314,Hihen-Nauen,,,659
2315,Bad Freienwalde,52.787521,14.0300689,659
2316,Biesenthal,52.7664978,13.6289589,659
2317,Reichenberg (Mark),,,659
2318,Heckelberg,52.73389215,13.793051739022289,659
2319,Požarevac,44.6199926,21.1854,970
2320,Veliko Gradište,44.7629166,21.5161946,970
2321,Bistrica,,,970
2322,Kučevo,44.4782165,21.6693022,970
2323,Braslovče,,,2088
2324,Bratislava,,,520
2325,Rohožník,48.4584087,17.1648743,520
2326,Vysoká pri Morave,48.3280731,16.91213754766256,520
2327,Častá,,,520
2328,Lozorno,48.3346371,17.0444471,520
2329,Rusovce,48.052647,17.1469174,520
2330,Vištuk,,,520
2331,Veľké Čaníkovce,,,520
2332,Jarovce,48.0652367,17.1129421,520
2333,Bernolákovo,48.198971,17.3008589,520
2334,Senec,48.22150275,17.400582436119283,520
2335,Brazzaville,,,1628
2336,Făgăraș,,,1019
2337,Brașov,,,1019
2338,Bran,,,1019
2339,Fântâna,45.9662373,25.2995952,1019
2340,Predeal,,,1019
2341,Codlea,45.6924431,25.4490362,1019
2342,Jibert,46.0049076,25.0705441,1019
2343,Prejmer,,,1019
2344,Sânpetru,45.7066415,25.632262,1019
2345,Râșnov,,,1019
2346,Moeciu de Jos,,,1019
2347,Tohanu Vechi,45.5751073,25.3654217,1019
2348,Măgura,,,1019
2349,Săcele,45.616651,25.6910299,1019
2350,Cristian,45.6256808,25.4795415,1019
2351,Bremen,53.0758196,8.8071646,1304
2352,Bremerhaven,53.5505392,8.5851945,1304
2353,Orzinuovi,45.403976,9.921564,714
2354,Breno,,,714
2355,Brescia,45.5398022,10.2200214,714
2356,Temù,,,714
2357,Gavardo,,,714
2358,Manerbio,45.355777,10.13517,714
2359,Ponte di Legno,,,714
2360,Edolo,,,714
2361,Lumezzane,,,714
2362,Iseo,45.6595554,10.0510489,714
2363,Nave,45.5877271,10.2892353,714
2364,Gussago,45.5926638,10.15345,714
2365,Desenzano del Garda,,,714
2366,Pontevico,45.274374,10.092471,714
2367,Collebeato,45.5813147,10.2102711,714
2368,Collio,,,714
2369,Rovato,45.5670385,9.9986008,714
2370,Ghedi,,,714
2371,Borgosatollo,45.4771995,10.2407451,714
2372,Rezzato,45.5142403,10.3168627,714
2373,Vione,,,714
2374,Bagnolo Mella,45.429079,10.18437,714
2375,Travagliato,45.5239055,10.0797833,714
2376,Paitone,45.553076,10.4012548,714
2377,Drahichyn,,,450
2378,Yazvinki,,,450
2379,Brest,,,450
2380,Luninets,,,450
2381,Baranovichi,53.13217855,25.97101338172825,450
2382,Davyd-Haradok,,,450
2383,Pinsk,,,450
2384,Vyalikiya Arly,,,450
2385,Lyakhovtsy,,,450
2386,Kosava,,,450
2387,Cherni,52.1503912,23.7558516,450
2388,Malaryta,51.7919347,24.0835253,450
2389,Mikhalin Stary,,,450
2390,Narutovichi,,,450
2391,Rudkovka,52.0507785,25.6240778,450
2392,Hubernia,,,450
2393,Ivanava,,,450
2394,Parakhonsk,,,450
2395,Selovshchina,,,450
2396,Kobryn,52.2085858,24.3542923,450
2397,Hantsavichy,,,450
2398,Bobrik,52.2069563,26.574839,450
2399,Mikashevichi,52.22402085,27.429638144739307,450
2400,Devyatkovichi,,,450
2401,Zhabinka,,,450
2402,Brezovica pri Ljubljani,46.0242349,14.4179373,1622
2403,Obrežje,45.8520907,15.6892871,1335
2404,Brežice,45.9237869,15.5899944,1335
2405,Bojsno,45.9636517,15.6657354,1335
2406,Briceni,48.3613276,27.0849008,1733
2407,Grimăncăuți,,,1733
2408,Brindisi,40.6375408,17.9454957,732
2409,Mesagne,,,732
2410,Fasano,,,732
2411,Francavilla Fontana,,,732
2412,Torchiarolo,40.484029,18.051619,732
2413,Cellino San Marco,,,732
2414,Vancouver,,,103
2415,Burnaby,,,103
2416,Creston,,,103
2417,Victoria,,,103
2418,North Vancouver,,,103
2419,Langley,,,103
2420,Surrey,,,103
2421,Comox,49.6727575,-124.9276204,103
2422,Alert Bay,,,103
2423,Smithers,,,103
2424,Port Alice,50.426893,-127.488098,103
2425,Ladysmith,48.9936579,-123.8157964,103
2426,Kamloops,50.6758269,-120.339415,103
2427,New Westminster,49.2067726,-122.9108818,103
2428,Abbotsford,,,103
2429,Port Alberni,49.2343668,-124.8056517,103
2430,Chilliwack,,,103
2431,Duncan,48.7786872,-123.7080446,103
2432,Nanaimo,49.163877,-123.938122,103
2433,Kelowna,49.8879177,-119.495902,103
2434,Grand Forks,,,103
2435,Richmond,,,103
2436,Sechelt,,,103
2437,Kaslo,49.9106362,-116.9050242,103
2438,Kitimat,,,103
2439,Invermere,,,103
2440,Bella Coola,52.3722766,-126.7556535,103
2441,Trail,,,103
2442,Cranbrook,49.5107477,-115.7672772,103
2443,Quesnel,52.9794279,-122.493627,103
2444,South Wellington,49.105087,-123.8949121,103
2445,Vernon,50.2668671,-119.2718157,103
2446,Campbell River,,,103
2447,Princeton,49.460459,-120.507973,103
2448,Nelson,49.494891,-117.290039,103
2449,Ocean Falls,52.350441,-127.689972,103
2450,Toad Hot Springs,58.922464,-125.0569752,103
2451,West Vancouver,49.3311208,-123.159479,103
2452,Prince George,53.9128645,-122.7453699,103
2453,Atlin,59.5744934,-133.704318,103
2454,Dawson Creek,,,103
2455,Williams Lake,,,103
2456,Mission,49.1589351,-122.283583,103
2457,Coquitlam,49.2842958,-122.793281,103
2458,North Saanich,,,103
2459,Salmon Arm,,,103
2460,Delta,49.0846258,-123.057938,103
2461,Whistler,,,103
2462,White Rock,,,103
2463,Bralorne,50.7750096,-122.8137674,103
2464,Terrace,,,103
2465,Penticton,,,103
2466,Hazelton,,,103
2467,Rossland,,,103
2468,Powell River,,,103
2469,Tofino,,,103
2470,Kimberley,,,103
2471,Sidney,48.6505788,-123.3983246,103
2472,Castlegar,,,103
2473,Saanich,,,103
2474,Armstrong,50.4435749,-119.1944058,103
2475,McBride,53.304196,-120.1640704,103
2476,Chetwynd,,,103
2477,Vanderhoof,,,103
2478,Oliver,49.183333,-119.55,103
2479,Maple Ridge,,,103
2480,Anyox,55.416667,-129.833333,103
2481,Donald,51.4927269,-117.17612,103
2482,Murrayville,,,103
2483,Sparwood,,,103
2484,Brentwood Bay,,,103
2485,Cumberland,49.6184754,-125.0319702,103
2486,Merritt,,,103
2487,Revelstoke,,,103
2488,Port Coquitlam,49.2621643,-122.780542,103
2489,Golden,,,103
2490,Valemount,,,103
2491,Crofton,,,103
2492,Prince Rupert,,,103
2493,Squamish,,,103
2494,Matsqui,,,103
2495,Burns Lake,,,103
2496,Fernie,,,103
2497,Port Moody,,,103
2498,Chemainus,48.922499,-123.718414,103
2499,Tortola,,,2425
2500,Blīdenes pagasts,,,2085
2501,Slavonski Brod,45.1665803,18.0121385,1443
2502,Nova Gradiška,,,1443
2503,Gornja Vrba,45.1545647,18.0666089,1443
2504,Berekum,,,1944
2505,Sunyani,,,1944
2506,Nkoranza,,,1944
2507,Bandar Seri Begawan,,,2343
2508,Bryansk,,,537
2509,Seltso,53.4019014,34.10187780323282,537
2510,Klintsy,,,537
2511,Trostnaya,,,537
2512,Zhivet,,,537
2513,Voronok,,,537
2514,Klimovo,,,537
2515,Rogovskoye,,,537
2516,Podyvotye,,,537
2517,Caraliu,,,1015
2518,Brăila,,,1015
2519,Ianca,,,1015
2520,Mărașu,44.8452455,27.968947,1015
2521,Șuțești,45.2253378,27.4372784,1015
2522,Vișani,45.1566727,27.2855077,1015
2523,Smârdanul-Nou,,,1015
2524,Viziru,45.0018695,27.7129854,1015
2525,Însurăței,44.9134412,27.6051811,1015
2526,Gornji Rahić,44.7814818,18.6929474,1588
2527,Tavea,-16.6268092,178.7229699,1927
2528,Navatu,,,1927
2529,Buada,-0.53430575,166.92624061026532,1807
2530,București (Bucharest),44.43564445,26.10092625223488,500
2531,Budapest,47.47844135,19.057715351946257,60
2532,Kispest,47.4484411,19.1465176,60
2533,Újpest,47.5761686,19.0955082,60
2534,Pesterzsébet,47.43309885,19.11880571821414,60
2535,Pestszenterzsébet,47.42553265,19.116992237470157,60
2536,Rákospalota,47.5634365,19.1365016,60
2537,Terézváros,47.5085165,19.0651215,60
2538,Sashalom,47.5098147,19.1776272,60
2539,Pestszentlőrinc,47.4553681,19.1810669,60
2540,Pestújhely,47.5367192,19.1266683,60
2541,Csepel,47.4217019,19.0662891,60
2542,Nagytétény,47.3975678,18.9859582,60
2543,Budafok,47.4275301,19.0260778,60
2544,Cinkota,47.5222844,19.2300729,60
2545,Soroksár,47.4022924,19.1233965,60
2546,Rákosliget,47.4889412,19.259332,60
2547,Csillaghegy,47.5861629,19.0507049,60
2548,Bujumbura,,,1044
2549,Kamenge,,,1044
2550,Mayuyu,,,2079
2551,Kigozi,,,2079
2552,Plaridel,14.886116,120.859909,977
2553,Obando,14.70989,120.9365149,977
2554,Pulilan,,,977
2555,Hagonoy,14.8355035,120.7335206,977
2556,Meycauayan,,,977
2557,Bulawayo,,,416
2558,Bulgan,48.8129203,103.5322785,775
2559,Teshig sum,,,775
2560,Saikhan sum,,,775
2561,Dashinchilen sum,,,775
2562,Mount Elgon District,,,1969
2563,Sirisia,,,1969
2564,Kimilili,,,1969
2565,Kapsakwony,,,1969
2566,Chepkoya,,,1969
2567,Chepchabai,,,1969
2568,Sikhendu,,,1969
2569,Kapsogom,,,1969
2570,Bur Said (Port Said),31.263235,32.305505,881
2571,Burg-Kolonie,51.84482625,14.087333200578575,1347
2572,Krushevets,42.2741786,27.4852806,282
2573,Burgas,,,282
2574,Rosenovo,42.29176,27.22689,282
2575,Pomorie,,,282
2576,Devetintsi,42.5957699,26.8261,282
2577,Stara Reka,,,282
2578,Priseltsi,42.8242091,27.799207,282
2579,Gorno Ezerovo,42.4841476,27.3787553,282
2580,Fakiya,42.191,27.0850999,282
2581,Karnobat,,,282
2582,Momina Tsarkva,42.1443788,27.0127743,282
2583,Kableshkovo,42.6598371,27.5648758,282
2584,Tvarditsa,42.41004,27.4581199,282
2585,Ravna Gora,42.3629726,27.5395037,282
2586,Ahtopol,42.0995866,27.9434142,282
2587,Troyanovo,42.55496,27.14557,282
2588,Aytos,,,282
2589,Sozopol,42.4181556,27.6943124,282
2590,Gorno Yabalkovo,42.11268,27.1018299,282
2591,Pöttsching,47.8063691,16.3699519,1307
2592,Unterwart,,,1307
2593,Unterschützen,47.3203492,16.2023143,1307
2594,Kroatisch Minihof,47.5267217,16.6462403,1307
2595,Güssing,,,1307
2596,Neudörfl,47.7978747,16.2979047,1307
2597,Spitzzicken,47.2796768,16.2803577,1307
2598,Eisenstadt,47.8454821,16.5249288,1307
2599,Oberpullendorf,,,1307
2600,Kittsee,48.0924999,17.0638888,1307
2601,Oberwart,,,1307
2602,Burgos,42.343926,-3.696977,569
2603,Yudego,42.3628777,-4.004458,569
2604,Rabanera del Pinar,41.8938326,-3.1966167,569
2605,Caleruega,41.8252955,-3.4870326,569
2606,La Molina de Ubierna,,,569
2607,Cadiñanos,42.8304856,-3.3489659,569
2608,Aranda de Duero,,,569
2609,Villalomez,42.4294196,-3.3127225,569
2610,Nong Hong District,,,2020
2611,Buriram,,,2020
2612,Bursa,,,2029
2613,İnegöl,,,2029
2614,Rencēni,,,1831
2615,Vecates,,,1831
2616,Matīšu,,,1831
2617,Songa,-3.8596984,29.7200022,1885
2618,Bururi,,,1885
2619,Busan,35.1155532,129.0425868,225
2620,Bushehr,,,2539
2621,Amagoro,0.4951606,34.1124473,745
2622,Buxoro (Bukhara),39.7675529,64.4231326,1603
2623,Kogon,,,1603
2624,Burbogi,,,1603
2625,Pogoanele,44.9142484,26.992096,1017
2626,Buzău,,,1017
2627,Râmnicu Sărat,45.3854986,27.05030515118966,1017
2628,Fundata,,,1017
2629,Nehoui,,,1017
2630,Padina,44.8310088,27.1122752,1017
2631,Cotorca,44.8225836,26.825445,1017
2632,Săgeata,45.1000009,26.9855669,1017
2633,Glodeanu-Siliștea,44.8301921,26.8021367,1017
2634,Stăncești,45.1266488,26.9231904,1017
2635,Kecskemét,46.9073883,19.6917206,682
2636,Bátmonostor,46.1047946,18.9279168,682
2637,Kiskunhalas,46.4278497,19.4833076,682
2638,Kiskunmajsa,46.4906228,19.7393121,682
2639,Baja,46.1785471,18.9517255,682
2640,Szabadszállás,46.8752316,19.2225016,682
2641,Lajosmizse,47.0264714,19.5582644,682
2642,Császártöltés,46.4229794,19.1784944,682
2643,Kunszentmiklós,47.0257098,19.1234855,682
2644,Hercegszántó,45.950602,18.93584,682
2645,Homokmégy,46.4879879,19.0737359,682
2646,Kiskunfélegyháza,46.7113263,19.8502905,682
2647,Kecel,,,682
2648,Dunapataj,46.6442755,18.9990105,682
2649,Gara,46.034232,19.0386915,682
2650,Bácsalmás,46.1274127,19.3319128,682
2651,Csengőd,46.7160913,19.2675736,682
2652,Kalocsa,46.5230265,18.9825043,682
2653,Alpár,46.8174504,19.9909454,682
2654,Béchar,,,2517
2655,Béja,36.7236755,9.185382,1703
2656,Testour,,,1703
2657,Béjaïa,,,495
2658,Sidi-Aïch,36.612614,4.6942233,495
2659,El-Kseur,,,495
2660,Souk El Tenine,,,495
2661,Akbou,36.4597538,4.5289243,495
2662,Békés,46.7717431,21.1325877,676
2663,Nagybánhegyes,46.4591053,20.9017461,676
2664,Füzesgyarmat,47.1045582,21.2106131,676
2665,Békéscsaba,46.6798003,21.0985425,676
2666,Szarvas,46.8621434,20.5521466,676
2667,Orosháza,,,676
2668,Kétegyháza,46.5455442,21.1856277,676
2669,Békésszentandrás,46.8717052,20.4851283,676
2670,Kondoros,46.7599676,20.7950557,676
2671,Mezőhegyes,46.3139611,20.8194076,676
2672,Gádoros,46.6706884,20.599598,676
2673,Gyula,46.6438656,21.2747575,676
2674,Battonya,46.2858683,21.0218929,676
2675,Mezőkovácsháza,,,676
2676,Mezőberény,46.8240312,21.0290937,676
2677,Csanádapáca,46.5402011,20.8846149,676
2678,Csorvás,46.6304122,20.8336244,676
2679,Kevermes,46.417206,21.1843082,676
2680,Tótkomlós,,,676
2681,Kunágota,46.4233892,21.0489809,676
2682,Elek,,,676
2683,Gyoma,46.9307435,20.8266135,676
2684,Nagyszénás,46.6715027,20.6727493,676
2685,Oued Zem,,,1523
2686,Khouribga,,,1523
2687,Kasba Tadla,,,1523
2688,Ait Sidi Bou Ali,,,1523
2689,Bni Bataou,,,1523
2690,Ait Attab,,,1523
2691,Khénifra,,,1523
2692,Beni Mellal,,,1523
2693,El Ksiba,,,1523
2694,Hàm Tân,,,2511
2695,Bălți,,,1075
2696,Bạc Liêu,,,1743
2697,Bắc Giang,,,2463
2698,Quế Võ,,,2314
2699,Bến Tre,10.2448214,106.3734823,1773
2700,Caaguazú,-25.4661756,-56.0181685,807
2701,Ilobasco,13.8430116,-88.8489166,1474
2702,Cacongo,,,1142
2703,Cabinda,-5.5576435,12.1919468,1142
2704,Tuguegarao City,,,2111
2705,Peñablanca,,,2111
2706,Cagliari,,,727
2707,Cahul,45.9225188,28.1928887,1804
2708,Cajamarca,-7.1566682,-78.517306,1729
2709,Chota,-6.5614846,-78.6509551,1729
2710,Kasavu,-16.74397,179.67609,1925
2711,Kioa,,,1925
2712,Savusavu,-16.7802184,179.3328955,1925
2713,Vuniwai,-16.40739,179.76576,1925
2714,Tavuki,,,1925
2715,Manizales,5.0743694,-75.50811667440546,1341
2716,La Paila,5.3030542,-75.5208874,1341
2717,Chinchiná,5.00215285,-75.70398901206929,1341
2718,Truckee,,,21
2719,Santa Ana,,,21
2720,Los Angeles,34.0536909,-118.242766,21
2721,San Diego,32.7174202,-117.162772,21
2722,La Mesa,32.7678288,-117.0230839,21
2723,Eureka,,,21
2724,Harbor City,33.7911012,-118.3012604,21
2725,San José,,,21
2726,Palo Alto,37.4443293,-122.1598465,21
2727,Van Nuys,34.1866193,-118.4486675,21
2728,Montebello,,,21
2729,Westwood,,,21
2730,San Francisco,,,21
2731,Oakland,37.8044557,-122.271356,21
2732,Downey,33.9404441,-118.1292846,21
2733,Inglewood,,,21
2734,Hayward,,,21
2735,Santa Monica,,,21
2736,Long Beach,,,21
2737,South Lake Tahoe,,,21
2738,San Pedro,,,21
2739,Thousand Oaks,,,21
2740,Santa Rosa,,,21
2741,Hawthorne,33.9188589,-118.3483256,21
2742,Stanford,,,21
2743,Gardena,33.8815702,-118.2918113,21
2744,Whittier,33.9749136,-118.0338664,21
2745,Lancaster,,,21
2746,Fresno,,,21
2747,San Gabriel,34.0990995,-118.1085554,21
2748,Orange,33.750631,-117.8722311,21
2749,Roseville,38.7498251,-121.2864347,21
2750,Torrance,,,21
2751,Irvine,,,21
2752,Fremont,,,21
2753,Huntington Park,33.9805731,-118.2252073,21
2754,Playa del Rey,,,21
2755,Chula Vista,,,21
2756,Upland,,,21
2757,La Habra,,,21
2758,Pasadena,34.1476507,-118.144155,21
2759,Valencia,,,21
2760,Manhattan Beach,33.8915985,-118.3951241,21
2761,West Covina,,,21
2762,Sonora,,,21
2763,Fontana,,,21
2764,Gilroy,,,21
2765,Vacaville,,,21
2766,Lynwood,,,21
2767,Indio,33.74389845,-116.1970542100473,21
2768,Burbank,,,21
2769,Murrieta,,,21
2770,Anaheim,,,21
2771,Sacramento,38.5810606,-121.493895,21
2772,Alpine,,,21
2773,Newport Beach,,,21
2774,Santa Fe Springs,,,21
2775,Riverside,33.7219991,-116.0372472,21
2776,Montclair,,,21
2777,Salinas,,,21
2778,Alameda,,,21
2779,Corona,,,21
2780,Redlands,,,21
2781,San Luis Obispo,,,21
2782,Compton,,,21
2783,Mammoth Lakes,,,21
2784,Granada Hills,,,21
2785,Altadena,34.1898584,-118.1316619,21
2786,Concord,,,21
2787,Santa Barbara County,34.7136533,-119.985823,21
2788,Encino,34.1591324,-118.5016166,21
2789,Carson,,,21
2790,Chino,,,21
2791,Walnut Creek,,,21
2792,Los Gatos,,,21
2793,Orange County,,,21
2794,Fallbrook,,,21
2795,Placentia,33.8714814,-117.8617337,21
2796,Commerce,,,21
2797,Culver City,34.0211224,-118.396466,21
2798,Camarillo,,,21
2799,Canoga Park,,,21
2800,Arcadia,34.1362075,-118.0401497,21
2801,Fullerton,,,21
2802,Berkeley,,,21
2803,San Bernardino,34.8253019,-116.0833144,21
2804,Atwater,,,21
2805,Laguna Niguel,,,21
2806,Santa Clara,,,21
2807,Moorpark,,,21
2808,Topanga,34.0897,-118.6029649,21
2809,Malibu,34.035591,-118.689423,21
2810,San Leandro,,,21
2811,Corona Del Mar,,,21
2812,West Hills,,,21
2813,Westminster,33.7578725,-117.9859054,21
2814,Oceanside,,,21
2815,Verdugo Hills,,,21
2816,Pacific Palisades,34.0480643,-118.5264706,21
2817,Santa Barbara,34.4221319,-119.702667,21
2818,Santa Maria,34.9531295,-120.435857,21
2819,Escondido,,,21
2820,Mission Viejo,,,21
2821,Huntington Beach,,,21
2822,Sunnyvale,,,21
2823,Stockton,37.9577016,-121.290779,21
2824,Garden Grove,33.7746292,-117.9463717,21
2825,Northridge,34.2345615,-118.5369316,21
2826,Oxnard,,,21
2827,Redondo Beach,,,21
2828,Mount Baldy,,,21
2829,Mountain View,,,21
2830,Yuba City,,,21
2831,Lakewood,33.8503463,-118.117191,21
2832,Moraga,,,21
2833,Los Alamitos,,,21
2834,Rialto,,,21
2835,Monterey,,,21
2836,Glendora,34.1361187,-117.865339,21
2837,Bishop,,,21
2838,Bellflower,,,21
2839,Merced,,,21
2840,Alhambra,34.093042,-118.12706,21
2841,Bell,,,21
2842,San Rafael,37.9747795,-122.5316686,21
2843,Contra Costa County,,,21
2844,Madera,,,21
2845,Hermosa Beach,33.86428,-118.39591,21
2846,Modesto,,,21
2847,Beverly Hills,,,21
2848,Wilmington,,,21
2849,Covina,,,21
2850,San Mateo,,,21
2851,Live Oak,,,21
2852,East Los Angeles,34.0239015,-118.172015,21
2853,Redwood City,,,21
2854,Ventura,,,21
2855,Metz,,,21
2856,La Canada Flintridge,,,21
2857,Pomona,34.0553813,-117.7517496,21
2858,Port Hueneme,,,21
2859,Azusa,,,21
2860,Victorville,,,21
2861,Costa Mesa,,,21
2862,Lompoc,,,21
2863,Sunset Beach,,,21
2864,Hanford,36.3274502,-119.6456844,21
2865,Dinuba,36.5432837,-119.3870656,21
2866,Esparto,38.6930964,-122.018885,21
2867,Palm Springs,33.8246269,-116.540303,21
2868,Lennox,33.9390306,-118.3574427,21
2869,Bakersfield,35.3738712,-119.019463,21
2870,Travis Air Force Base,,,21
2871,Brea,33.9170444,-117.888855,21
2872,Menlo Park,,,21
2873,Santa Clara County,,,21
2874,San Dimas,,,21
2875,Fountain Valley,,,21
2876,San Pablo,,,21
2877,San Clemente,,,21
2878,Ukiah,,,21
2879,Woodland,,,21
2880,Mount Shasta,,,21
2881,Burlingame,37.5780965,-122.3473099,21
2882,Visalia,,,21
2883,Panorama City,,,21
2884,South Los Angeles,,,21
2885,Redding,,,21
2886,Clayton,,,21
2887,Anderson,40.445932,-122.3038561310231,21
2888,Aliso Viejo,,,21
2889,Claremont,,,21
2890,San Ramon,,,21
2891,Hollister,,,21
2892,Vandenberg,,,21
2893,Vallejo,,,21
2894,South Pasadena,34.1133062,-118.1478291,21
2895,Clovis,,,21
2896,La Jolla,,,21
2897,Taft,,,21
2898,Fairfield,,,21
2899,Petaluma,38.270022,-122.60612241304348,21
2900,Winters,38.5249065,-121.970801,21
2901,Placerville,38.7296252,-120.798546,21
2902,Wrightwood,,,21
2903,Atherton,,,21
2904,Martinez,,,21
2905,Elmira,38.3526,-121.91076582266548,21
2906,Paramount,,,21
2907,El Centro,32.792,-115.563051,21
2908,Hemet,,,21
2909,Irving,,,21
2910,Millbrae,,,21
2911,Napa,38.2971367,-122.2855293,21
2912,Ontario,,,21
2913,Laguna Beach,,,21
2914,Arroyo Grande,,,21
2915,Goleta,,,21
2916,North Hollywood,,,21
2917,Brentwood,37.9317766,-121.696026,21
2918,Toluca Lake,,,21
2919,Lake Arrowhead,,,21
2920,Loma Linda,,,21
2921,Manteca,,,21
2922,Eastvale,,,21
2923,Twentynine Palms,,,21
2924,Castro Valley,,,21
2925,Santa Ynez,,,21
2926,Folsom,,,21
2927,Encinitas,,,21
2928,Watsonville,36.9092773,-121.7529071,21
2929,National City,32.6781085,-117.0991967,21
2930,Templeton,,,21
2931,El Sobrante,,,21
2932,Fairfax,37.9872935,-122.587967,21
2933,San Fernando,34.1498533,-118.2732559,21
2934,Marin County,38.0409144,-122.6199638,21
2935,Tiburon,37.8775332,-122.460808,21
2936,Lone Pine,36.6049644,-118.0631279,21
2937,Greenbrae,37.9485356,-122.5247031,21
2938,Walnut Grove,38.250307500000005,-121.50477362611842,21
2939,Rumsey,38.8882322,-122.2374749,21
2940,Lodi,38.097198,-121.3878496465736,21
2941,Ione,38.3526913,-120.932717,21
2942,Campbell,37.2870626,-121.944881,21
2943,Woodland Hills,34.1684364,-118.6058382,21
2944,Laguna Hills,33.5948758,-117.6882067,21
2945,Auburn,,,21
2946,Red Bluff,40.1784279,-122.235923,21
2947,Happy Camp,41.793191,-123.379195,21
2948,Norwalk,33.9092802,-118.0849169,21
2949,Yorba Linda,,,21
2950,Camp Pendleton,33.3069873,-117.47376,21
2951,Tarzana,,,21
2952,Monrovia,34.1483499,-118.0014517,21
2953,Dana Point,33.4669721,-117.6981075,21
2954,Green Valley,34.6200885,-118.4131734,21
2955,Arcata,,,21
2956,Palmdale,,,21
2957,Pleasanton,,,21
2958,Seeley,,,21
2959,Suisun City,,,21
2960,Tulare,,,21
2961,Beaumont,,,21
2962,Coronado,,,21
2963,Chico,39.7284945,-121.8374777,21
2964,Monterey Park,,,21
2965,Laguna,,,21
2966,Turlock,,,21
2967,Shasta,40.7965121,-121.9979194,21
2968,Carlsbad,,,21
2969,Los Altos,,,21
2970,Cypress,,,21
2971,Kyburz,,,21
2972,Tustin,,,21
2973,Pacifica,,,21
2974,Banning,33.9255685,-116.875289,21
2975,Artesia,33.8690197,-118.0796195,21
2976,Healdsburg,,,21
2977,Dunsmuir,,,21
2978,Coniston,,,21
2979,Portola Valley,37.3736298,-122.219047,21
2980,Oroville,,,21
2981,Herbertville,,,21
2982,Forks of Salmon,,,21
2983,Milpitas,,,21
2984,Volcano,,,21
2985,Seal Beach,33.7423967,-118.1055926,21
2986,Livermore,37.6820583,-121.768053,21
2987,Elk Grove,,,21
2988,Davis,,,21
2989,Temecula,,,21
2990,La Verne,,,21
2991,Sierra Valley,,,21
2992,Fair Oaks,,,21
2993,Ridgecrest,,,21
2994,Palos Verdes,33.7483311,-118.3707683,21
2995,Poway,,,21
2996,Belvedere,37.8663951,-122.462699,21
2997,South Gate,,,21
2998,Oakdale,37.7639175,-120.8458926370254,21
2999,La Mirada,33.9060971,-118.0107092,21
3000,Callao,,,913
3001,La Punta,,,913
3002,Mazzarino,,,1198
3003,Caltanissetta,37.4899412,14.0631618,1198
3004,Riesi,37.2819611,14.0824138,1198
3005,Santa Caterina Villarmosa,37.591147,14.036265,1198
3006,Villalba,,,1198
3007,San Cataldo,,,1198
3008,Niscemi,,,1198
3009,Beaumesnil,48.89417,-0.9825,11
3010,Caen,49.1813403,-0.3635615,11
3011,Saint-Martin-de-Fontenay,49.1164329,-0.3720252,11
3012,Vendeuvre,48.9909674,-0.0759835,11
3013,Lisieux,,,11
3014,Graye-sur-Mer,49.3293859,-0.4719064,11
3015,Aunay-sur-Odon,,,11
3016,Martragny,49.2513234,-0.5968596,11
3017,Bayeux,49.2764624,-0.7024738,11
3018,Garcelles-Secqueville,49.0977438,-0.2893904,11
3019,Mestry,49.2794674,-0.994204,11
3020,Vire,48.8385198,-0.8893293,11
3021,Bénouville,49.2466066,-0.2781925,11
3022,Deauville,49.36,0.0752778,11
3023,Villers-sur-Mer,,,11
3024,Trouville-sur-Mer,,,11
3025,Camagüey,,,342
3026,Nuevitas,21.5465376,-77.2635014,342
3027,Florida,21.5268861,-78.2258106,342
3028,Vertientes,21.2586316,-78.1499374,342
3029,Esmeralda,21.851343,-78.1154985,342
3030,Santa Cruz del Sur,,,342
3031,Guáimaro,,,342
3032,Carlos Manuel de Céspedes,,,342
3033,Minas,,,342
3034,Minalabac,,,1996
3035,Naga City,,,1996
3036,Iriga City,,,1996
3037,Campeche,19.8381215,-90.5198253,1721
3038,Campobasso,,,295
3039,Gambatesa,41.5098892,14.9120522,295
3040,Casacalenda,41.7396685,14.8519039,295
3041,Ripabottoni,41.689231,14.808331,295
3042,Las Piedras,-34.7274904,-56.2164982,955
3043,Canelones,,,955
3044,El Pinar,,,955
3045,Santander,43.4620412,-3.8099719,568
3046,Torrelavega,43.3487303,-4.0515082,568
3047,Laredo,43.41063,-3.4173,568
3048,Santoña,43.44497425,-3.455931892666148,568
3049,Revilla de Camargo,43.4064272,-3.8638096,568
3050,Meruelo,43.4442752,-3.582411776463331,568
3051,Hinojedo,,,568
3052,Maliaño,43.41845,-3.83623,568
3053,Castro Urdiales,43.3843347,-3.2162576,568
3054,Reinosa,,,568
3055,San Felices de Buelna,43.26630875,-4.030329207737704,568
3056,Alceda,43.1927383,-3.9160853,568
3057,Laveissiere,,,1201
3058,Aurillac,,,1201
3059,Saint-Flour,45.0334949,3.0931009,1201
3060,Sourniac,45.2757552,2.3398239,1201
3061,Christchurch,,,415
3062,Lyttelton,,,415
3063,Timaru,,,415
3064,Ashburton,,,415
3065,Rangiora,,,415
3066,Darfield,,,415
3067,Southbridge,,,415
3068,Geraldine,,,415
3069,Kaiapoi,-43.3831623,172.6521689,415
3070,Temuka,-44.2439593,171.2797349,415
3071,Rotherham,-42.6974828,172.9426569,415
3072,Winchester,,,415
3073,near Springfield,,,415
3074,Opawa,,,415
3075,Methven,-43.6324332,171.6472608,415
3076,Kaikoura,,,415
3077,Honiara,,,2208
3078,Sapi-an,,,961
3079,Katima Mulilo,,,2543
3080,Cartagena del Chairá,1.3345179,-74.8414067,313
3081,La Montañita,,,313
3082,Puerto Camelia,,,313
3083,Bejuma,,,1087
3084,Guacara,,,1087
3085,Naguanagua,,,1087
3086,Puerto Cabello,,,1087
3087,San Joaquín,,,1087
3088,Santa Teresa,,,2421
3089,Gârliste,45.1775299,21.8134312,1016
3090,Reșița,45.2890106,21.8877676,1016
3091,Cuptoare,45.0107604,22.3084531,1016
3092,Scăiuş,45.5176702,21.919442,1016
3093,Băile Herculane,44.8785058,22.4143883,1016
3094,Moldova Nouă,44.7351089,21.6657727,1016
3095,Caransebeş,,,1016
3096,Cornereva,,,1016
3097,Tulcán,0.8114572,-77.7172256,1272
3098,El Carmelo,,,1272
3099,La Carolina,,,1272
3100,Cristóbal Colón,0.6058547,-77.8115738,1272
3101,San Isidro,,,1272
3102,Carlow,,,1680
3103,Muine Bheag,52.7018267,-6.9566623,1680
3104,Rathvilly,,,1680
3105,Cartago,9.8642435,-83.9204377,1107
3106,Oriental,,,1107
3107,San Nicolás,9.89717335,-83.93797128673813,1107
3108,Turrialba,9.78436035,-83.49959318552582,1107
3109,Settat,33.002397,-7.619867,12
3110,Casablanca,33.5945144,-7.6200284,12
3111,Benslimane,,,12
3112,Azemmour,,,12
3113,Hay Hassani,,,12
3114,Al Fida,,,12
3115,El Jadida,,,12
3116,Aïn Sebaâ,,,12
3117,Bouznika,33.781005,-7.1610294,12
3118,Mohammédia,33.6958383,-7.3893292,12
3119,Berrechid,33.2676746,-7.5811465,12
3120,Souk El-Arbâ Amrane,,,12
3121,Palenque,5.422039,-71.7314386,315
3122,Aversa,,,712
3123,Caserta,,,712
3124,Casal di Principe,41.011412,14.124825,712
3125,San Nicola la Strada,,,712
3126,Piedimonte Matese,,,712
3127,Marcianise,41.0300719,14.3981639,712
3128,Capua,,,712
3129,San Prisco,41.087115,14.278228,712
3130,Gioia Sannitica,41.30012,14.444129,712
3131,Castellón de la Plana,,,567
3132,Benlloch,40.2112756,0.0270647,567
3133,Vall de Uxó,,,567
3134,Vinaroz,40.4703992,0.4746076,567
3135,Borriol,,,567
3136,Villarreal,,,567
3137,Ayódar,39.9985635,-0.3744545,567
3138,Benicarló,,,567
3139,Cabrejas,,,567
3140,Castries,,,1976
3141,Catania,,,1131
3142,Grammichele,37.2146821,14.6365417,1131
3143,Paternò,,,1131
3144,Caltagirone,,,1131
3145,Militello in Val di Catania,37.2749214,14.7939684,1131
3146,Catanzaro,,,1340
3147,Popayán,2.4422295,-76.6072368,1291
3148,Morales,,,1291
3149,Santander de Quilichao,3.0075752,-76.4856531,1291
3150,Puerto Tejada,3.2288972,-76.4192267,1291
3151,Cootehill,54.0725259,-7.0822524,1681
3152,Virginia,53.8350708,-7.0831588,1681
3153,Killeshandra,54.0146118,-7.5286568,1681
3154,Cavan,,,1681
3155,Cornafean,53.9471107,-7.4859732,1681
3156,Bacoor,14.458816,120.959579,973
3157,Cavite,14.4833969,120.9088359,973
3158,George Town,,,1320
3159,Cayman Brac,19.71988615,-79.79313999026272,1320
3160,Grand Cayman,,,1320
3161,Cañar,,,2228
3162,Fortaleza,,,1452
3163,Iguatu,,,1452
3164,Paracuru,,,1452
3165,Groaíras,,,1452
3166,Pacatuba,,,1452
3167,Jaguaretama,,,1452
3168,Sobral,,,1452
3169,Danao,,,2424
3170,Cebu City,,,813
3171,Celje,46.2285307,15.2682331,820
3172,Teharje,,,820
3173,Kampala,0.32690195,32.58410387660493,1062
3174,Entebbe,0.0611715,32.4698564,1062
3175,Lambaré,,,1062
3176,Limpio,,,1062
3177,Rakops,,,1062
3178,Capiatá,,,1062
3179,Tutume,,,1062
3180,Nueva Italia,,,1062
3181,Mahalapye,,,1062
3182,Mulago,,,1062
3183,Cape Coast,,,1062
3184,Mookane,,,1062
3185,Mukono,,,1062
3186,Luwero,,,1062
3187,Marobela,,,1062
3188,Kayunga,,,1062
3189,Hula,,,1062
3190,Luque,-25.2665417,-57.4926928,1062
3191,Shoshong,,,1062
3192,Nakasongola,,,1062
3193,Semitwe,,,1062
3194,Kabwe (Broken Hill),,,1062
3195,Itauguá,,,1062
3196,Shashe-Mooke,,,1062
3197,Fernando de la Mora,-25.3281673,-57.5521492,1062
3198,Ypacarai,-25.4046805,-57.2857757,1062
3199,San Lorenzo,,,1062
3200,Selebi-Phikwe,,,1062
3201,Juba,,,2506
3202,Yaoundé,,,312
3203,Matomb,,,312
3204,Mvaa,,,312
3205,Ouagadougou,,,312
3206,Ngoksa,,,312
3207,Mbalmayo,,,312
3208,Bafia,4.7399331,11.2205928,312
3209,Bikok,,,312
3210,Kéleng,,,312
3211,Hamdallaye,,,2264
3212,Bandéo-Naponé,,,2366
3213,Akoga,,,2388
3214,Cerklje na Gorenjskem,,,2255
3215,Valledupar,,,1908
3216,Aguachica,,,1908
3217,Pailitas,8.965432,-73.626229,1908
3218,Cetinje,42.387837,18.9218192,1094
3219,Ceuta,,,1110
3220,Resistencia,,,649
3221,Juan José Castelli,-25.9467092,-60.6200235,649
3222,Presidente de la Plaza,-26.95627195,-59.78109365956785,649
3223,Tres Isletas,,,649
3224,Charata,-27.2178115,-61.1873712,649
3225,Ganggye,,,2067
3226,Chaguanas,,,2024
3227,Edinburgh,,,2024
3228,Montrose,,,2024
3229,Shahrekord,,,2222
3230,Lordegan,,,2222
3231,Shalamzar,,,2222
3232,Borujen,,,2222
3233,San Ignacio,,,2401
3234,Chandigarh,30.72984395,76.78414567016054,1377
3235,Chantaburi,12.6064515,102.0996672,1274
3236,Angoulême,,,593
3237,Ruffec,,,593
3238,Cherves-Richemont,45.7479563,-0.3385613730077575,593
3239,Garat,45.6266147,0.2635024,593
3240,Cognac,45.6931647,-0.3250175,593
3241,Verdille,45.8821033,-0.1072048,593
3242,Jarnac,45.6708782,-0.1769735,593
3243,Confolens,46.0150236,0.6728934,593
3244,Sigogne,45.7371288,-0.1578871,593
3245,Soyaux,45.6412991,0.1931511,593
3246,Barbezieux-Saint-Hilaire,,,593
3247,Champagne-Mouton,45.9908656,0.4103041,593
3248,La Rochefoucauld,45.739278,0.3935027129141378,593
3249,La Rochelle,,,609
3250,Saint-Thomas-de-Conac,45.3876458,-0.6866415,609
3251,Saintes,,,609
3252,Royan,,,609
3253,Rochefort,45.9366592,-0.9616399,609
3254,Jonzac,45.4454469,-0.4320984,609
3255,Saint-Georges-de-Didonne,45.6024886,-0.997949,609
3256,Gémozac,45.5688319,-0.6747673,609
3257,Achkhoy-Martan,,,1074
3258,Grozny,,,1074
3259,Urus-Martan,,,1074
3260,Kulary,,,1074
3261,Argun,,,1074
3262,Terskoye,,,1074
3263,Sadovoye,,,1074
3264,Pervomayskaya,,,1074
3265,Chelyabinsk,,,490
3266,Tryokhgorny,,,490
3267,Magnitogorsk,,,490
3268,Zlatoust,,,490
3269,Ozyork,,,490
3270,Miass,,,490
3271,Katav-Ivanovsk,,,490
3272,Bredy,52.4223974,60.3372556,490
3273,Kusa,,,490
3274,Kasli,,,490
3275,Uyskoye,,,490
3276,Asha,,,490
3277,Kopeysk,,,490
3278,Troitsk,,,490
3279,Kazanovka,,,490
3280,Yemanzhelinsk,,,490
3281,Snezhinsk,56.087009,60.732674,490
3282,Bakal,54.936657,58.810249,490
3283,Satka,,,490
3284,Tyubelyas,,,490
3285,Kyshtym,,,490
3286,Saulzais-le-Potier,46.5985288,2.4954469,10
3287,Bourges,47.0811658,2.399125,10
3288,Neuvy-sur-Barangeon,47.3146917,2.2551101,10
3289,Vierzon,47.2217489,2.0691421,10
3290,Bussy,46.9063069,2.6233511,10
3291,Saint-Doulchard,,,10
3292,Jussy-Champagne,46.9852159,2.64411,10
3293,Graçay,47.1426965,1.8471081,10
3294,Saint-Amand-Montrond,46.7227062,2.5046503,10
3295,Farges-Allichamps,46.7582487,2.4024034,10
3296,Santranges,47.4981798,2.7726737,10
3297,Saint-Satur,47.3390546,2.8540497,10
3298,Cherkasy,,,879
3299,Zarichchia,,,879
3300,Mankivtsi,,,879
3301,Uman,,,879
3302,Talne,48.8889723,30.6980137,879
3303,Kutsivka,,,879
3304,Matusiv,,,879
3305,Smila,49.2336897,31.8829216,879
3306,Grushkivka,,,879
3307,Khrystynivka,48.812969,29.9677872,879
3308,Melnykivka,49.1546721,31.6559542,879
3309,Chernihiv,,,1164
3310,Korop,,,1164
3311,Varva,,,1164
3312,Nizhyn,,,1164
3313,Nosovka,,,1164
3314,Pryluky,,,1164
3315,Makiïvka,50.676498,31.828421,1164
3316,Khalyavin,,,1164
3317,Bakhmach,,,1164
3318,Novoselivka,,,1164
3319,Kalynovytsia,,,1164
3320,Lutava,,,1164
3321,Voloskivtsi,51.548191,32.006611,1164
3322,Hannivka,,,1164
3323,Mryn,,,1164
3324,Bobrovitsa,,,1164
3325,Lyubech,,,1164
3326,Vytylivka,48.4020383,25.8017548,442
3327,Chernivtsi,,,442
3328,Kitsman,,,442
3329,Storozhynets,,,442
3330,Novoselytsia,,,442
3331,Bairaky,,,442
3332,Khotyn,48.5068418,26.4859086,442
3333,Marshyntsi,,,442
3334,Rajnandgaon District,,,1374
3335,Bilaspur,21.98934025,82.10996498737376,1374
3336,Chiang Mai,18.7882778,98.9858802,531
3337,Chiang Rai,,,2301
3338,Pichucalco,,,1685
3339,Ángel Albino Corzo,15.7587635,-92.68954876168898,1685
3340,Inzai,35.8322582,140.1452981,213
3341,Chiba,35.609985,140.118126,213
3342,Isumi,,,213
3343,Shisui,,,213
3344,Funabashi,35.699997,139.988668,213
3345,Nagareyama,,,213
3346,Oamishirasato,,,213
3347,Ichihara,,,213
3348,Togane,,,213
3349,Ichikawa,,,213
3350,Matsudo,,,213
3351,Yachiyo,,,213
3352,Abiko,,,213
3353,Katori,,,213
3354,Urayasu,,,213
3355,Sawara,35.8945456,140.4940774,213
3356,Narashino,35.670572,140.018956,213
3357,Kisarazu,,,213
3358,Narita,,,213
3359,Sakura,,,213
3360,Noda,35.9549076,139.8748667,213
3361,Kashiwa,,,213
3362,Shiroi,,,213
3363,Chieti,,,1265
3364,Ortona,42.349643,14.403913,1265
3365,Casalbordino,,,1265
3366,Archi,42.089937,14.381217,1265
3367,Guardiagrele,,,1265
3368,Ciudad Juárez,,,882
3369,Delicias,,,882
3370,Ciudad Cuauhtómoc,,,882
3371,Cuauhtémoc,,,882
3372,Chihuahua,28.6368669,-106.076745,882
3373,Matamoros,26.71201945,-105.54726534643656,882
3374,Ojinaga,29.5654282,-104.4128523,882
3375,Parral,,,882
3376,Casas Grandes,30.20776175,-108.227753525723,882
3377,Colonia Juárez,30.3076107,-108.081005,882
3378,Colonia Dublán,30.4460625,-107.919349,882
3379,Ciénega de Ceniceros,,,882
3380,San Andrés,,,882
3381,Guamote,-2.0493320500000003,-78.64266925580715,1300
3382,Mindat,,,2454
3383,Chinandega,12.6297966,-87.1278086,629
3384,Quezaltepeque,14.6345618,-89.4423523,1709
3385,Chișinău,,,1212
3386,Chlef,,,1482
3387,Ténès,36.5080818,1.3078072,1482
3388,Oum Drou,36.1966757,1.3913824,1482
3389,Quibdó,5.6923407,-76.6583801,1460
3390,Tadó,,,1460
3391,Bojaya,6.4417196,-77.05457212780672,1460
3392,Si Racha District,,,2152
3393,Pattaya,,,2152
3394,Chonburi,,,2152
3395,Wansheng,,,1750
3396,Chongqing,,,1750
3397,Nanping,,,1750
3398,Yuzhong,,,1750
3399,Puerto Madryn,,,652
3400,Rawson,,,652
3401,Trelew,,,652
3402,Comodoro Rivadavia,-45.8632024,-67.4752615,652
3403,Esquel,,,652
3404,Gualjaina,,,652
3405,Sawi,,,2461
3406,Jeungpyeong,,,749
3407,Cheongju,,,749
3408,Chungju,36.9907334,127.9259891,749
3409,Jecheon,,,749
3410,Cheongwon County,,,749
3411,Umsong,,,749
3412,Jincheon,,,749
3413,Eumseong County,,,749
3414,Seosan,,,231
3415,Boryeong,36.33401,126.613165,231
3416,Dangjin,,,231
3417,Asan,36.7899498,127.0026769,231
3418,Buyeo County,,,231
3419,Yesan,36.6871147,126.8284677,231
3420,Geochang County,,,231
3421,Cheonan,36.8150283,127.1140654,231
3422,Geumsan County,,,231
3423,Yeonmu,,,231
3424,Weno,,,2220
3425,Topner,,,451
3426,Cheboksary,,,451
3427,Karakly,,,451
3428,Novocheboksarsk,,,451
3429,Norvash-Shigali,,,451
3430,Korezino,,,451
3431,Yagunkino,,,451
3432,Kildishevo,,,451
3433,Novoye Toyderyakovo,,,451
3434,Kyumel-Yamashi,,,451
3435,Akshiki,,,451
3436,Cherepanovo,,,451
3437,Tsivilsk,,,451
3438,Yamanchurino,,,451
3439,Karak-Sirmy,,,451
3440,Smychka,,,451
3441,Verkhnaya Yandoba,,,451
3442,Baldayevo,,,451
3443,Turmyshi,,,451
3444,Kozlovka,,,451
3445,Brenyashi,,,451
3446,Izederkino,,,451
3447,Erenary,,,451
3448,Atayevo,,,451
3449,Spotara,,,451
3450,Munsyut,,,451
3451,Bolshaya Vyla,,,451
3452,Shibaylovo,,,451
3453,Yanglig,,,451
3454,Kara-Balta,42.8023631,73.8526559,1440
3455,Tokmok,,,1440
3456,Chong-Aryk,,,1440
3457,Ivanovka,,,1440
3458,Kant,,,1440
3459,Belovodsk,42.83512845,74.11827170282014,1440
3460,Alamudun,,,1440
3461,Beyshek,,,1440
3462,Panfilov district,,,1440
3463,Shopokov,,,1440
3464,Cibitoke,,,2333
3465,Chambas,,,335
3466,Velazco,21.922354,-78.3210746,335
3467,Ciego de Ávila,,,335
3468,Majagua,21.9113562,-78.9991471,335
3469,Morón,,,335
3470,Bolivia,22.0715832,-78.3534878,335
3471,Cienfuegos,,,367
3472,Rodas,22.3375904,-80.5548175,367
3473,Aguada de Pasajeros,,,367
3474,Abreus,,,367
3475,Santa Isabel de las Lajas,22.4157061,-80.2943145,367
3476,Lajas,,,367
3477,Cumanayagua,22.1493835,-80.2021172,367
3478,Cruces,22.3429449,-80.2727876,367
3479,Cimișlia,,,2355
3480,San Marino,,,1266
3481,Freeport,,,166
3482,Buenos Aires,,,153
3483,San Martín,-34.5929704,-58.3733581,153
3484,Belgrano,-34.5613076,-58.4565454,153
3485,Saavedra,-34.5525291,-58.4862759,153
3486,Ituzaingó,-34.6328528,-58.3793112,153
3487,Ciudadela,,,153
3488,Temperley,-34.5525332,-58.4463015,153
3489,La Paternal,,,153
3490,Adrogué,-34.5872839,-58.3922854,153
3491,Monserrat,-34.6115595,-58.3841265,153
3492,Palermo,-34.5803362,-58.4245236,153
3493,Barracas,-34.6452854,-58.3875619,153
3494,José León Suárez,,,153
3495,Argamasilla de Alba,39.1286071,-3.0903226,116
3496,Manzanares,38.9962242,-3.3722143,116
3497,Puertollano,,,116
3498,Ciudad Real,38.9854201,-3.9285138,116
3499,La Solana,38.941937,-3.236528,116
3500,Herencia,39.3679627,-3.3550331,116
3501,Luciana,38.9844387,-4.2925731,116
3502,Alcázar de San Juan,39.3899806,-3.2101376,116
3503,Bolaños de Calatrava,,,116
3504,Tomelloso,,,116
3505,Malagón,39.1688771,-3.8512824,116
3506,Socuéllamos,,,116
3507,Campo de Criptana,,,116
3508,La Habana (Havana),,,340
3509,Guanabo,23.1702407,-82.1293964,340
3510,Arroyo Naranjo,,,340
3511,Marianao,,,340
3512,Boyeros,,,340
3513,La Lisa,,,340
3514,Oriente,21.9340506,-79.4481282,340
3515,Puentes Grandes,23.0994135,-82.40681383889199,340
3516,Playa,,,340
3517,Luyanó,23.10649895,-82.35374299120262,340
3518,Guanabacoa,23.1255172,-82.3048707,340
3519,Wajay,23.0030925,-82.4251486,340
3520,Vedado,23.1386146,-82.392014,340
3521,Santa Fé,23.0735091,-82.51328398578045,340
3522,Habana del Este,23.11630735,-82.13773305542935,340
3523,Cerro,23.11848705,-82.37601333250288,340
3524,Mantilla,23.0684506,-82.34458455436648,340
3525,San Miguel del Padrón,,,340
3526,10 de October,,,340
3527,Pipián,,,340
3528,Cuatro Caminos,43.3677773,-8.4144059,340
3529,Párraga,23.05281,-82.3284521,340
3530,Lawton,23.09525745,-82.349983681274,340
3531,Ciudad de México (Mexico City),,,67
3532,Xochimilco,19.2633607,-99.1047377,67
3533,Tlalpan,,,67
3534,Tacuba,19.4589733,-99.1879615,67
3535,Azcapotzalco,19.4838908,-99.1843937,67
3536,Tacubaya,19.4009759,-99.1841954,67
3537,Tepito,19.445545,-99.1273622,67
3538,Miguel Hidalgo,19.4071156,-99.1906167,67
3539,Liscannor,,,1937
3540,Moyasta,52.671389,-9.538333,1937
3541,Ardeamush,53.0328117,-9.323040860536292,1937
3542,Killard,,,1937
3543,Kilmihill,,,1937
3544,Clarendon Park,,,656
3545,Suttons,,,656
3546,May Pen,,,656
3547,Portland Cottage,,,656
3548,Beckford Kraal,,,656
3549,Pleasant Valley,,,656
3550,Milk River,,,656
3551,Cluj-Napoca,46.769379,23.5899542,55
3552,Huedin,46.8656535,23.0246871,55
3553,Gherla,47.0287702,23.9077402,55
3554,Turda,46.5685214,23.7853643,55
3555,Câmpia Turzii,,,55
3556,Zvorsca,,,55
3557,Băgara,46.8641444,23.3040828,55
3558,Mociu,46.7943436,24.021475,55
3559,Căianu Mic,,,55
3560,Răchițele,46.7065334,22.8941635,55
3561,Baciu,46.7897349,23.5276882,55
3562,Bobâlna,47.1411646,23.6431096,55
3563,Dej,,,55
3564,Sânmartin,46.8994923,23.5684101,55
3565,Saltillo,25.4230425,-100.9927509,1189
3566,Torreón,,,1189
3567,Monclova,,,1189
3568,San Pedro de las Colonias,,,1189
3569,Piedras Negras,28.704596,-100.5167137,1189
3570,Ramos Arizpe,,,1189
3571,Cuatro Ciénegas,26.66650175,-102.37918543947076,1189
3572,Múzquiz,,,1189
3573,Cochabamba,-17.401245799999998,-66.16756808852,1696
3574,Penonomé,8.67920825,-80.24893029160813,1808
3575,Tinaco,,,2129
3576,San Carlos,,,2129
3577,Ciudad de Armería,,,1722
3578,Colima,19.2433991,-103.7280738,1722
3579,Savalou,,,2399
3580,Juan González,19.5053313,-99.0896205,1256
3581,Carmelo,-33.9967827,-58.2836485,1256
3582,Tarariras,-34.2648285,-57.6143416,1256
3583,Colonia,,,1256
3584,Nueva Helvecia,-34.2849689,-57.2336726,1256
3585,Riachuelo,-34.4323256,-57.7108299,1256
3586,Durango,,,454
3587,Steamboat Springs,,,454
3588,Denver,39.7392364,-104.984862,454
3589,Edwards,,,454
3590,Aspen,,,454
3591,Highlands Ranch,,,454
3592,Starkville,37.115298,-104.524153,454
3593,Wheat Ridge,,,454
3594,Boulder,40.0149856,-105.270545,454
3595,Littleton,,,454
3596,Frisco,,,454
3597,Arapahoe,39.6416781,-104.3628567,454
3598,Lyons,,,454
3599,Glenwood Springs,,,454
3600,Vail,,,454
3601,Climax,,,454
3602,Colorado Springs,,,454
3603,Grand Junction,,,454
3604,Pueblo,,,454
3605,Lamar,38.0872306,-102.620749,454
3606,Fairplay,,,454
3607,Telluride,,,454
3608,Silverthorne,,,454
3609,Boone,38.247767,-104.2572357,454
3610,Longmont,,,454
3611,Fort Collins,,,454
3612,Alamosa,,,454
3613,Louisville,,,454
3614,El Jebel,,,454
3615,Leadville,39.2508229,-106.2925238,454
3616,Simla,,,454
3617,Superior,,,454
3618,Aurora,,,454
3619,Gilman,,,454
3620,Cedaredge,,,454
3621,Rangely,40.0874759,-108.804829,454
3622,Santa Rosa de Aguán,,,805
3623,Sonaguera,,,805
3624,Colón,,,805
3625,Balfate,,,805
3626,Tocoa,,,805
3627,Trujillo,,,805
3628,Comayagua,,,2139
3629,Como,22.28385935,114.15054456666668,708
3630,Garzeno,46.1342737,9.2483448,708
3631,Mariano Comense,45.6971411,9.1784276,708
3632,Vercana,46.159489,9.335137,708
3633,Orsenigo,45.7773453,9.1811482,708
3634,Erba,,,708
3635,Gravedona ed Uniti,46.1576753,9.184375648009642,708
3636,Cantù,,,708
3637,Nesso,45.9114218,9.1571129,708
3638,Blevio,45.8399418,9.1024697,708
3639,Locate Varesino,45.6888509,8.9306787,708
3640,Dongo,46.1229363,9.2790794,708
3641,Inverigo,,,708
3642,Rovellasca,45.6679876,9.0541748,708
3643,Figino Serenza,45.7097797,9.1289394,708
3644,Pianello del Lario,46.1027691,9.2766331,708
3645,Trezzone,46.1711426,9.3514943,708
3646,Gera Lario,46.1710994,9.3718986,708
3647,Menaggio,,,708
3648,Laglio,45.880967,9.1380307,708
3649,Domaso,46.1509896,9.3281424,708
3650,Agnibilékrou,,,1106
3651,Etuéboué,5.2108493,-3.214726,1106
3652,Nouamou,,,1106
3653,Conakry,9.5170602,-13.6998434,1494
3654,Ratoma,,,1494
3655,Milford,,,553
3656,Ansonia,41.3441417,-73.0799255,553
3657,Norwich,41.5243537,-72.0759008,553
3658,Salisbury,,,553
3659,Hartford,,,553
3660,Farmington,,,553
3661,Canton,41.8577778,-72.9161111,553
3662,Manchester,,,553
3663,Greenwich,,,553
3664,New Haven,,,553
3665,Putnam,41.3403691,-73.38232231099292,553
3666,Stamford,,,553
3667,Waterbury,,,553
3668,South Manchester,,,553
3669,Bloomfield,41.8523676,-72.6641073,553
3670,Danbury,,,553
3671,Stafford,,,553
3672,East Hartford,,,553
3673,Bridgeport,,,553
3674,New Britain,41.69292775,-72.7654290341701,553
3675,Monroe,,,553
3676,New London,41.3556187,-72.0997804,553
3677,Hamden,,,553
3678,Bristol,,,553
3679,Sharon,,,553
3680,Torrington,,,553
3681,West Simsbury,,,553
3682,Old Lyme,41.3159315,-72.3289715,553
3683,Darien,,,553
3684,Marlborough,,,553
3685,Old Saybrook,,,553
3686,Middletown,41.5623178,-72.6509061,553
3687,Bethany,,,553
3688,Trumbull,,,553
3689,Cheshire,,,553
3690,Glastonbury,41.7148499,-72.6077753,553
3691,Ridgefield,,,553
3692,Woodbury,,,553
3693,Somers,,,553
3694,Naugatuck,,,553
3695,Wilton,41.1953739,-73.4378988,553
3696,Weston,,,553
3697,New Canaan,,,553
3698,Constantine,36.3641642,6.6084281,622
3699,Medgidia,,,506
3700,Constanța,,,506
3701,Mangalia,,,506
3702,Cernavodă,44.3416349,28.0316248,506
3703,Mihai Viteazu,44.646064,28.6744256,506
3704,Mufulira,-12.5512171,28.2408844,1010
3705,Ndola,,,1010
3706,Kitwe,-12.8104186,28.2068361,1010
3707,Chingola,,,1010
3708,Luanshya,-13.131866,28.4175195,1010
3709,Kalulushi,,,1010
3710,Chambishi,-12.6346433,28.0664806,1010
3711,Chililabombwe,-12.3681241,27.8357281,1010
3712,Coquimbo,-29.9531851,-71.3379503,1458
3713,Combarbalá,-31.1781518,-71.0024382,1458
3714,La Serena,,,1458
3715,Atyrá,-25.2796362,-57.1707831,1539
3716,Juan de Mena,,,1539
3717,Mbocajaty,,,1539
3718,Kanturk,,,701
3719,Castletownroche,,,701
3720,Cork,,,701
3721,Banteer,,,701
3722,Skibbereen,,,701
3723,Kinsale,51.705737,-8.5229823,701
3724,Castlemagner,,,701
3725,Castletown,51.7695133,-8.9532641,701
3726,Macroom,51.9049705,-8.9599195,701
3727,Mallow,,,701
3728,Bandon,,,701
3729,Leap,51.5810635,-9.1433393,701
3730,Charleville,52.3546432,-8.6828833,701
3731,Fermoy,,,701
3732,Kilcuddy,,,701
3733,Ballydehob,51.5621926,-9.4607391,701
3734,Adrigole,51.6952655,-9.7220632,701
3735,Glanmire,51.9192272,-8.3959789,701
3736,Carriganimma,,,701
3737,Youghal,51.9494736,-7.8431892,701
3738,Cobh,51.8500947,-8.294279,701
3739,Corozal Town,18.394332,-88.3886854,1697
3740,Corrientes,,,815
3741,Goya,-29.1444046,-59.2649825,815
3742,La Cruz,-29.1784567,-56.6382532,815
3743,Curuzú Cuatiá,-29.7913375,-58.0498307,815
3744,Yapeyú,-29.4666943,-56.8164051,815
3745,Brive-la-Gaillarde,45.1584982,1.5332389,1228
3746,Le Lonzac,45.4641038,1.7287264,1228
3747,La Palisse,45.1582087,1.5602757,1228
3748,Ucciani,42.0448868,8.9784478,1421
3749,Calcatoggio,,,1421
3750,Ajaccio,,,1421
3751,Piana,42.2388671,8.6370569,1421
3752,Porto-Vecchio,,,1421
3753,Levie,41.7035662,9.1229647,1421
3754,San Pedro Sula,,,1756
3755,Puerto Cortés,,,1756
3756,Cosenza,,,2072
3757,Cariati,,,2072
3758,Paola,,,2072
3759,Castrovillari,,,2072
3760,Antipas,,,2128
3761,Salcedo,-1.0570033,-78.54111388978822,1919
3762,Couva,10.4223291,-61.458708,535
3763,Brasso,,,535
3764,Claxton Bay,10.3534367,-61.4569401,535
3765,Pointe-à-Pierre,10.3228677,-61.4453208,535
3766,Gasparillo,,,535
3767,Întorsura Buzăului,45.6750439,26.030915,1194
3768,Sfântu Gheorghe,45.8716211,25.8020493,1194
3769,Imeni,45.943563,26.1714798,1194
3770,Târgu Secuiesc,46.0007042,26.1373615,1194
3771,Ozun,,,1194
3772,Tamașfalău,45.8843815,26.1158674,1194
3773,Zagon,45.7696815,26.1132492,1194
3774,Zălan,,,1194
3775,Baraolt,46.0751919,25.5996242,1194
3776,Cremona,45.1334796,10.0248716,730
3777,Sospiro,45.108571,10.157675,730
3778,Vescovato,45.175073,10.164574,730
3779,Casalmaggiore,44.9863857,10.4153504,730
3780,Paderno Ponchielli,45.238872,9.930268,730
3781,Pizzighettone,,,730
3782,Pandino,45.4048829,9.5517179,730
3783,Crema,45.6793617,9.6738786,730
3784,Castelverde,45.188771,9.99557,730
3785,Soresina,45.2871222,9.8570508,730
3786,Castelleone,,,730
3787,Formigara,45.2232208,9.7717668,730
3788,Parsac,46.19660985,2.152286752071888,1277
3789,Châtelus-Malvaleix,46.3037395,2.0231684,1277
3790,Domeyrot,,,1277
3791,Lavaveix-les-Mines,46.0722423,2.0891824,1277
3792,Criuleni,47.236285,29.1546706,1836
3793,Slobozia-Dușca,,,1836
3794,Calabar,,,1537
3795,Ekoli,,,1537
3796,Boki,,,1537
3797,Crotone,,,711
3798,Szeged,46.2546312,20.1486016,680
3799,Hódmezővásárhely,,,680
3800,Szentes,46.6524049,20.2566408,680
3801,Makó,,,680
3802,Apátfalva,46.1768429,20.5746455,680
3803,Szöreg,46.2094781,20.1941063,680
3804,Mindszent,46.524022,20.186003,680
3805,Tápé,46.2628203,20.1926043,680
3806,Csongrád,46.7044213,20.1401294,680
3807,Szegvár,46.5851274,20.221903,680
3808,Kasonge,,,647
3809,Waku-Kungo,-11.36343,15.120778,647
3810,Mota del Cuervo,,,825
3811,Tarancón,,,825
3812,La Melgosa,40.0260433,-2.0955057,825
3813,Salinas del Manzano,40.0888092,-1.5536527,825
3814,Facatativá,,,1295
3815,Chía,,,1295
3816,Soacha,4.5821413,-74.2197178,1295
3817,Guatavita,,,1295
3818,Puerto Salgar,5.4648005,-74.6550167,1295
3819,Madrid,4.736726,-74.2654685,1295
3820,Carmen de Carupa,,,1295
3821,Tabio,,,1295
3822,Manta,4.99466305,-73.55093635740954,1295
3823,Cucunubá,5.25,-73.77,1295
3824,Suesca,5.1033413,-73.7990059,1295
3825,Nemocón,5.09723315,-73.87473408103918,1295
3826,Saluzzo,,,1210
3827,Demonte,,,1210
3828,Cuneo,,,1210
3829,Centallo,,,1210
3830,Vinadio,,,1210
3831,Racconigi,,,1210
3832,Alba,,,1210
3833,Pietraporzio,,,1210
3834,Ceva,44.3872764,8.0330475,1210
3835,Fossano,44.5493489,7.7250155,1210
3836,Canale,,,1210
3837,Sommariva del Bosco,,,1210
3838,Dronero,44.4659423,7.3672557,1210
3839,Limone Piemonte,,,1210
3840,Frabosa Soprana,,,1210
3841,Savigliano,44.644037,7.655929,1210
3842,Bra,,,1210
3843,Scarnafigi,,,1210
3844,Willemstad,,,633
3845,Klein Curaçao,,,633
3846,Sint Joris,,,633
3847,San José Guayabal,,,2480
3848,Espinar,,,1140
3849,Cusco,-13.5170887,-71.9785356,1140
3850,Cilleros,40.1136983,-6.7913987,1480
3851,Cáceres,,,1480
3852,Jerez de la Frontera,,,931
3853,El Puerto de Santa María,,,931
3854,La Línea de la Concepción,,,931
3855,Cádiz,,,931
3856,Algeciras,,,931
3857,Sanlúcar de Barrameda,36.7761393,-6.3534794,931
3858,Puerto Real,36.5286856,-6.1902161,931
3859,Rota,,,931
3860,Oncativo,-31.9133731,-63.6817724,273
3861,Río Tercero,-32.2356026,-63.6625664,273
3862,Castro del Río,,,273
3863,Unquillo,,,273
3864,Serrano,-34.4710688,-63.5400798,273
3865,Villa General Belgrano,,,273
3866,San Bernardo del Viento,,,273
3867,Bélmez,38.272413,-5.2078919,273
3868,La Falda,,,273
3869,Anisacate,,,273
3870,Las Varillas,,,273
3871,Baena,,,273
3872,Villa María,,,273
3873,Río Cuarto,,,273
3874,Laboulaye,,,273
3875,Cereté,,,273
3876,Puente Genil,,,273
3877,Hernando,-32.4279251,-63.7343423,273
3878,Villa Dolores,,,273
3879,Tierralta,,,273
3880,Aguilar de la Frontera,37.5146967,-4.6567166,273
3881,Villa Carlos Paz,,,273
3882,Pascanas,,,273
3883,Carrilobo,-31.8715895,-63.1157318,273
3884,Priego de Córdoba,37.4384292,-4.1980422,273
3885,La Pampa,-30.9433264,-64.2762055,273
3886,La Carlota,37.6746159,-4.9325335,273
3887,Bengolea,,,273
3888,Montalbán de Córdoba,37.5814618,-4.7496714,273
3889,Cardeña,38.2703085,-4.3227324,273
3890,Lucena,,,273
3891,Altos de Chipón,,,273
3892,Morteros,-30.7107038,-62.0067058,273
3893,Oliva,-32.0424889,-63.5670199,273
3894,Peñarroya-Pueblonuevo,,,273
3895,Alta Gracia,,,273
3896,Argüello,,,273
3897,Santa Cruz de Lorica,,,273
3898,Brinkmann,-30.8674847,-62.0368545,273
3899,Montería,8.6046053,-75.97832027208273,273
3900,Monte Maíz,-33.2042607,-62.6006255,273
3901,Colonia Caroya,,,273
3902,Villa Allende,-31.2936496,-64.2976569,273
3903,Ucacha,,,273
3904,Călărași,,,1146
3905,Vasilați,,,1146
3906,Sohatu,44.3247078,26.5003698,1146
3907,Bahu,,,1146
3908,Olteniţa,44.0904556,26.6407009,1146
3909,Budești,,,1146
3910,Lehliu Gară,,,1146
3911,Borcea,44.3293754,27.7314916,1146
3912,Chircăiești,46.7147751,29.5290174,1174
3913,Cēsis,,,945
3914,Cəbrayil,39.3958878,47.0286002,1860
3915,Cần Thơ,,,1311
3916,Daegu,,,1385
3917,Daejeon,,,1386
3918,Yogyakarta,-7.8011998,110.3646608,70
3919,Bantul,,,70
3920,Jakarta,-6.26289085,106.88222894692834,75
3921,Kashithang,,,2340
3922,Dajabón,19.5501376,-71.7039072,1663
3923,Loma de Cabrera,,,1663
3924,Dakar,14.693425,-17.447938,608
3925,Yeumbeul,,,608
3926,Médina Fass Mbao,,,608
3927,Rufisque,,,608
3928,Pikine,,,608
3929,Guediawaye,,,608
3930,Yeumbeul Nord,,,608
3931,Bel-Air,,,608
3932,Tivaonane,,,608
3933,Galle,,,2300
3934,Vekadahena,,,2300
3935,Leksand,,,522
3936,Ludvika,,,522
3937,Hedemora,,,522
3938,Borlänge,,,522
3939,Avesta,60.216667,16.333333,522
3940,Falun,,,522
3941,Vansbro,,,522
3942,Mora,,,522
3943,Rättvik,,,522
3944,Älvdalen,,,522
3945,Gagnef,,,522
3946,Orsa,61.3,14.75,522
3947,Smedjebacken,60.1430763,15.4143028,522
3948,Danilovgrad,42.55914245,19.113733502335062,1638
3949,Dar-es-Salaam,,,2426
3950,Darkhan,49.4922428,105.9361613,1644
3951,Daugavpils,,,1690
3952,Krivošejeva,,,871
3953,Medumi,56.0766255,26.7340031,871
3954,Panacan,,,2135
3955,Davao City,,,2135
3956,Sawata,,,2501
3957,Gurbansoltan Eje,,,2161
3958,Ýylanly,,,2161
3959,Dibezana,,,2093
3960,Kudo-Felasï,,,2093
3961,Adi Bari,,,2093
3962,Kisadeka,,,2093
3963,Adi-Kinzinab,,,2093
3964,Ādī Bilay,,,2093
3965,Adi Zemer,,,2093
3966,Debarwa,,,2093
3967,Adi Shumakele,,,2093
3968,Geza Hamle,,,2093
3969,Mirara,,,2093
3970,Assab,,,2535
3971,Nuseirat Camp,,,1998
3972,Deir el-Balah,,,1998
3973,Greenville,39.77815075,-75.60597661661248,324
3974,Dover,39.158168,-75.5243682,324
3975,Delaware City,39.5778901,-75.588815,324
3976,Asaba,,,292
3977,Abavo,6.118773,6.180255,292
3978,Effurun,,,292
3979,Ughelli,,,292
3980,Warri,5.5186186,5.7480196,292
3981,Sapele,5.83156395,5.660127976472991,292
3982,Issele-Uku,,,292
3983,Onicha-Ugbo,,,292
3984,Okpanam,,,292
3985,Turogbene,,,292
3986,Agbor,6.2578135,6.182193,292
3987,Umukwata,,,292
3988,Meadow Bank,,,1262
3989,Georgetown,6.8137426,-58.1624465,296
3990,Mahaica,6.6820055,-57.9229012,296
3991,La Bonne Intention,6.8132093,-58.0625458,296
3992,Odienné,,,2524
3993,Acıpayam,37.4273777,29.3505097,1850
3994,Denizli,,,1850
3995,Niort,,,1122
3996,Thouars,46.9790193,-0.2153741,1122
3997,Bressuire,,,1122
3998,Melle,46.23181635,-0.1395367196316273,1122
3999,Saint-Marsault,46.7452296,-0.6637663,1122
4000,Saint-Varent,46.8892151,-0.2357384,1122
4001,Breloux-La Crèche,46.3644835,-0.3076542416208347,1122
4002,Courlay,46.7794817,-0.5660558,1122
4003,Sepvret,,,1122
4004,Dhaka (Dacca),,,1413
4005,Kishoreganj,24.4339822,90.7857232,1413
4006,Gazipur,,,1413
4007,Dhamar,,,2342
4008,Nasiriyah,,,2193
4009,Betsihaka,,,2419
4010,Dibër,,,2437
4011,Maraval,,,2022
4012,Petit Valley,,,2022
4013,Bilsdorf,,,1138
4014,Ettelbruck,49.8470016,6.0984659,1138
4015,Beckerich,,,1138
4016,Lieler,,,1138
4017,Wiltz,49.960366,5.9709379,1138
4018,Kayl,,,1138
4019,Hautbellain,,,1138
4020,Diekirch,49.8648017,6.1540133,1138
4021,Alscheid,,,1138
4022,Berlé,,,1138
4023,Redange,,,1138
4024,Calmus,,,1138
4025,Troisvierges,,,1138
4026,Selz,49.8786616,6.1883507,1138
4027,Bigonville,,,1138
4028,Dili,,,2094
4029,Dimashq (Damascus),,,1554
4030,Diourbel,,,2230
4031,Washington,,,550
4032,Caracas,,,558
4033,Brasília,,,171
4034,Sobradinho,,,171
4035,Taguatinga,-15.8335277,-48.0565716,171
4036,Ceilândia,,,171
4037,Santo Domingo,,,344
4038,Cristo Rey,,,344
4039,Celorico da Beira,,,496
4040,Guarda,40.5378408,-7.2662964,496
4041,Espinho,41.0083643,-8.6394111,1141
4042,Águeda,40.5785006,-8.4438017,1141
4043,Ílhavo,40.6001108,-8.6666667,1141
4044,Aveiro,40.640496,-8.6537841,1141
4045,São João da Madeira,,,1141
4046,Santa Maria da Feira,,,1141
4047,Ovar,,,1141
4048,Moura,38.12514695,-7.397999820065895,1432
4049,Barrancos,,,1432
4050,Serpa,,,1432
4051,Aljustrel,37.89032505,-8.196352126164136,1432
4052,Guimarães,,,1542
4053,Fafe,,,1542
4054,Esposende,,,1542
4055,Braga,,,1542
4056,Vila Nova de Famalicão,,,1542
4057,Vieira do Minho,41.6347151,-8.1425725,1542
4058,Barcelos,41.5314496,-8.6192306,1542
4059,Vimioso,41.5849534,-6.5291002,1930
4060,Castelo Branco,,,1433
4061,Fundão,40.1408065,-7.5017521,1433
4062,Covilhã,,,1433
4063,Coimbra,,,1215
4064,Oliveira do Hospital,,,1215
4065,Lousã,,,1215
4066,Figueira da Foz,,,1215
4067,Tábua,,,1215
4068,Faro,,,1434
4069,Portimão,,,1434
4070,São Brás de Alportel,37.1529622,-7.8879138,1434
4071,Albufeira,,,1434
4072,Lagoa,,,1434
4073,Silves,37.26398255,-8.348731138182709,1434
4074,Olhão,37.0646943,-7.8112903973220735,1434
4075,Tavira,,,1434
4076,Algarve,,,1434
4077,Caldas da Rainha,,,498
4078,Peniche,39.3568749,-9.3786838,498
4079,Marinha Grande,,,498
4080,Nazaré,,,498
4081,Leiria,,,498
4082,Lisboa,,,421
4083,Lourinhã,,,421
4084,Oeiras,38.6925777,-9.3123076,421
4085,Cascais,38.6968919,-9.4204495,421
4086,Amadora,,,421
4087,Vila Franca de Xira,,,421
4088,Alcântara,,,421
4089,Torres Vedras,,,421
4090,Alenquer,,,421
4091,Cadaval,39.242859,-9.1026628,421
4092,Sintra,38.79846,-9.3881,421
4093,Azambuja,,,421
4094,Campo Maior,39.0125063,-7.0692822,1192
4095,Marvão,,,1192
4096,Elvas,38.8806123,-7.1637237,1192
4097,Portalegre,,,1192
4098,Monforte,,,1192
4099,Rio Maior,,,1196
4100,Alcanena,,,1196
4101,Cartaxo,,,1196
4102,Santarém,,,1196
4103,Abrantes,39.4631905,-8.1973618,1196
4104,Vila Nova da Barquinha,39.4840045,-8.429939692509734,1196
4105,Coruche,,,1196
4106,Salvaterra de Magos,39.0249942,-8.7929278,1196
4107,Tomar,39.6036596,-8.4150492,1196
4108,Ourém,,,1196
4109,Torres Novas,,,1196
4110,Golegã,39.4017959,-8.4867361,1196
4111,Almada,,,1431
4112,Setúbal,,,1431
4113,Sines,37.956549,-8.8689639,1431
4114,Barreiro,38.6340657,-9.047855912091004,1431
4115,Moita,,,1431
4116,Alcochete,,,1431
4117,Caminha,41.8757598,-8.8388375,1233
4118,Viana do Castelo,,,1233
4119,Ponte de Lima,,,1233
4120,Vila Real,41.2976935,-7.7457614,1541
4121,Chaves,,,1541
4122,Sabrosa,,,1541
4123,Viseu,,,1670
4124,Lamego,,,1670
4125,Mangualde,,,1670
4126,Évora,,,1203
4127,Porto,,,1143
4128,Póvoa de Varzim,,,1143
4129,Matosinhos,,,1143
4130,Amarante,,,1143
4131,Vila Nova de Gaia,,,1143
4132,Maia,,,1143
4133,Santo Tirso,,,1143
4134,Vila do Conde,,,1143
4135,Lousada,,,1143
4136,Felgueiras,41.3647716,-8.1989321,1143
4137,Trofa,,,1143
4138,Penafiel,,,1143
4139,Paços de Ferreira,,,1143
4140,Paredes,41.2078862,-8.3332321,1143
4141,Senožeče,45.7208206,14.0393917,1405
4142,Diyarbakır,,,1574
4143,Ergani,38.2689763,39.7609219,1574
4144,Bismil,,,1574
4145,Djibouti,,,2350
4146,Dnipro,,,514
4147,Zelenodolsk,,,514
4148,Kryvyi Rih,,,514
4149,Marhanets,,,514
4150,Aleksandrovo,,,514
4151,Ternivka,,,514
4152,Vakulove,,,514
4153,Nikopol,47.5692061,34.3917272,514
4154,Pavlohrad,,,514
4155,Vasylkivtsi,,,514
4156,Pridneprovsk,,,514
4157,Kaznacheivka,,,514
4158,Gulbene,,,1330
4159,Dobele,56.6257485,23.277275,1330
4160,Bērzmuiža,56.68386065,23.426235195649017,1330
4161,Doboj,,,1101
4162,Derventa,,,1101
4163,Šamac,,,1101
4164,Kolibe Gornje,,,1101
4165,Dobrich,43.5688397,27.8297415,285
4166,Balchik,43.4259186,28.1602967,285
4167,General Toshevo,43.7001477,28.0362083,285
4168,Kotlentsi,43.57111,27.92306,285
4169,Krapets,43.624967,28.5664132,285
4170,Voynikovo,43.70333,27.36615,285
4171,Gradnitsa,43.725,27.22234,285
4172,Krasen,43.84354,27.9304,285
4173,Krushari,43.85965835,27.732971632645267,285
4174,Travnik,43.59467,28.27385,285
4175,Stefan Karadzha,43.62008,27.8774,285
4176,Kavarna,43.4332836,28.3390066,285
4177,Kardam,43.7546011,28.1057178,285
4178,Karapelit,43.64827,27.56729,285
4179,Kolartsi,43.84294,27.54335,285
4180,Dobrova,46.0545038,14.4156797,1592
4181,Dodoma,,,2018
4182,Kondoa,,,2018
4183,Mvumi,,,2018
4184,Zaboršt,,,2097
4185,Dolsko,,,2097
4186,Craiova,44.3190159,23.7965614,251
4187,Leu,44.1874824,23.9999762,251
4188,Popânzăleşti,44.2807423,24.0682444,251
4189,Băilești,,,251
4190,Pielești,,,251
4191,Calafat,,,251
4192,Orodel,,,251
4193,Bechet,43.784314,23.9574422,251
4194,Hunia,44.055377,23.0985818,251
4195,Cârna,43.8835464,23.5973243,251
4196,Sălcuța,44.2443021,23.4396282,251
4197,Grecești,,,251
4198,Jelenia Góra,,,150
4199,Bolesławiec,51.262169150000005,15.5550197073441,150
4200,Głuszyca,,,150
4201,Cieplice Śląskie-Zdrój,,,150
4202,Jugowice,,,150
4203,Bystrzyca Kłodzka,50.2968684,16.652017,150
4204,Złotoryja,,,150
4205,Duszniki-Zdrój,,,150
4206,Wrocław,,,150
4207,Bielawa,50.675389800000005,16.607192643781275,150
4208,Polkowice,51.5039288,16.0713371,150
4209,Kleczków,,,150
4210,Świdnica,,,150
4211,Wałbrzych,,,150
4212,Głogów,51.6636791,16.0935567,150
4213,Strzelin,,,150
4214,Przedborowa,50.64178,16.72432,150
4215,Kłodzko,,,150
4216,Zgorzelec,51.1477005,15.0079028,150
4217,Kamienna Góra,50.78468925,16.022363067768467,150
4218,Dzierżoniów,50.7281896,16.6514455,150
4219,Sobótka,50.8990885,16.7445705,150
4220,Legnica,,,150
4221,Proboszczów,51.0633351,15.7934124,150
4222,Oława,,,150
4223,Kowary,,,150
4224,Lubań,51.1180898,15.2892651,150
4225,Lubin,,,150
4226,Ruszkowice,50.6935766,16.8714372,150
4227,Szklarska Poręba,50.81428365,15.454496657235111,150
4228,Niemil,50.8616306,17.2689652,150
4229,Trzebnica,,,150
4230,Lwówek Śląski,51.1108891,15.5850018,150
4231,Orsk,,,150
4232,Leśna,,,150
4233,Środa Śląska,,,150
4234,Bogatynia,,,150
4235,Niemcza,50.7163426,16.8350398,150
4236,Szklary Górne,51.4407476,16.0928012,150
4237,Nowice,50.9111729,16.4684138,150
4238,Sobocisko,,,150
4239,Syców,,,150
4240,Świebodzice,,,150
4241,Unisław Śląski,50.7131503,16.2477789,150
4242,Miłkowice,51.2560695,16.0629104,150
4243,Polanica-Zdrój,50.4079276,16.5107431,150
4244,Grabik,51.6350356,15.9187625,150
4245,Świebodów,51.46756,17.2998,150
4246,Chocianów,51.4168327,15.8986889,150
4247,Karpacz,,,150
4248,Międzylesie,50.1480131,16.6669348,150
4249,Owiesno,50.64815,16.69185,150
4250,Jaczków,50.8070322,16.0970704,150
4251,Prusice,51.3707663,16.9626816,150
4252,Stronie Śląskie,50.2916337,16.8736919,150
4253,Oleśnica,51.2095314,17.3804559,150
4254,Gierczyn,50.931206,15.4015186,150
4255,Miłków,,,150
4256,Oleszna,50.8138651,16.8000772,150
4257,Dobromierz,50.9103288,16.236091,150
4258,Prusy,50.7561519,16.9349379,150
4259,Walim,,,150
4260,Jawor,51.067702100000005,16.197613635866436,150
4261,Ścinawka Średnia,,,150
4262,Strzegom,50.9601066,16.3462134,150
4263,Góra,,,150
4264,Oborniki Śląskie,,,150
4265,Lądek-Zdrój,50.3458254,16.8725948,150
4266,Bożków,50.5136569,16.5762286,150
4267,Tłumaczów,50.55458,16.4321101,150
4268,Domžale,,,2059
4269,Radomlje,,,2059
4270,Ihan,,,2059
4271,Letterkenny,,,1506
4272,Ballyshannon,54.501979,-8.1897659,1506
4273,Inver,54.651944,-8.283333,1506
4274,Gortnagrace,54.7537159,-7.59017721626368,1506
4275,Malin,55.3747815,-7.3995323,1506
4276,Mariupol,,,448
4277,Kramatorsk,48.7389415,37.5843812,448
4278,Donetsk,,,448
4279,Shakhtarsk,,,448
4280,Starohnativka,47.5396027,37.7803336,448
4281,Ukrainsk,48.09471,37.35866,448
4282,Lyman,48.9801314,37.8168012,448
4283,Blahodatne,47.6992867,37.4193794,448
4284,Artemivsk,,,448
4285,Bilozerske,48.53313,37.05791,448
4286,Novoorlovka,48.18165,38.40932,448
4287,Horlivka,,,448
4288,Krasnoarmeyskoye,,,448
4289,Pokrovsk,,,448
4290,Bakhmut,48.5894123,38.0020994,448
4291,Amvrosiivka,,,448
4292,Yenakiieve,48.2305107,38.185045,448
4293,Kalchyk,,,448
4294,Mykolaivka,,,448
4295,Zuhres,48.0181156,38.2699093,448
4296,Yarovo,,,448
4297,Oleksiyevo-Druzhkivka,,,448
4298,Chasiv Yar,,,448
4299,Dymytrov,,,448
4300,Snizhne,,,448
4301,Mayaki,48.9429039,37.6228743,448
4302,Sarlat-la-Canéda,44.8879431,1.2161321,1190
4303,Lamonzie-Saint-Martin,44.8433333,0.3847222,1190
4304,Périgueux,,,1190
4305,Bergerac,,,1190
4306,Saint-Félix-de-Villadeix,44.924068,0.6835976,1190
4307,Lamothe-Montravel,44.8503948,0.0250918,1190
4308,Ribérac,45.2478033,0.3398094,1190
4309,Bénévent,45.0226853,0.2519437,1190
4310,Dosso,,,2404
4311,Saourin Kaihi,,,2404
4312,Besançon,47.2380222,6.0243622,16
4313,Pontarlier,,,16
4314,Reculfoz,,,16
4315,Montbéliard,47.5102368,6.7977564,16
4316,Valentigney,47.4622925,6.8308784,16
4317,Arc-et-Senans,,,16
4318,Audincourt,47.4819786,6.8413684,16
4319,Sochaux,47.5138641,6.8305344,16
4320,Fourcatier,,,16
4321,Grand-Charmont,47.527578,6.8230306,16
4322,Seloncourt,47.4616568,6.8592928,16
4323,Bethoncourt,47.5333448,6.7984849,16
4324,Meslières,47.4169611,6.8886225,16
4325,Exincourt,47.5009,6.83595,16
4326,Morteau,,,16
4327,Roche-lez-Beaupré,47.2751161,6.1155351,16
4328,Colombier-Fontaine,47.4541385,6.6926206,16
4329,Zuidlaarderveen,53.1033499,6.7491326,1139
4330,Eelderwolde,53.1734552,6.5463307,1139
4331,Odoorn,52.8516104,6.84635,1139
4332,Nieuw-Amsterdam,,,1139
4333,Dalen,,,1139
4334,Smilde,,,1139
4335,Meppel,,,1139
4336,Hoogeveen,,,1139
4337,Zorgvlied,,,1139
4338,Emmen,52.75286615,6.952513466208563,1139
4339,Rolde,52.98438,6.64876,1139
4340,Assen,,,1139
4341,Havelte,52.7712967,6.235975,1139
4342,Zuidwolde,,,1139
4343,Beilen,,,1139
4344,Eelde,,,1139
4345,Valthermond,,,1139
4346,Norg,,,1139
4347,Zuidlaren,,,1139
4348,Hollandscheveld,,,1139
4349,Paterswolde,,,1139
4350,Gasselte,,,1139
4351,Vledder,,,1139
4352,Drochia,,,2325
4353,Errachidia,,,1981
4354,Ouarzazate,,,1981
4355,Midelt,,,1981
4356,Er-Rich,,,1981
4357,Zaida,,,1981
4358,Boumia,,,1981
4359,Valence,44.9332277,4.8920811,929
4360,Romans-sur-Isère,45.0458886,5.0528681,929
4361,Beaumont-Monteux,,,929
4362,Montélimar,,,929
4363,Charens,,,929
4364,Bourg-de-Péage,,,929
4365,La Bégude-de-Mazenc,44.5449624,4.9348706,929
4366,Pierrelatte,,,929
4367,Dieuletif,,,929
4368,Saillans,44.6975415,5.1972501,929
4369,Savasse,,,929
4370,Dubai,,,2155
4371,Dublin,53.38026325,-6.293810883072954,24
4372,Balbriggan,53.6037473,-6.1845611,24
4373,Stillorgan,53.3181481,-6.2307368,24
4374,Lucan,53.3479373,-6.3463631,24
4375,Rathmines,53.3265199,-6.2648571,24
4376,Loughlinstown,53.2484539,-6.113814,24
4377,Dún Laoghaire,53.3343902,-6.119731812913063,24
4378,Dundrum,53.3068763,-6.224625093340977,24
4379,Rathcoole County,53.2813003,-6.4679425,24
4380,Clondalkin,,,24
4381,Rathgar,53.3118481,-6.2744692,24
4382,Glenageary,,,24
4383,Blanchardstown,53.4050821,-6.381214603268807,24
4384,Foxrock,,,24
4385,Howth,53.38945405,-6.114519560232189,24
4386,Malahide,53.42838385,-6.150639216176364,24
4387,Sandymount,,,24
4388,Sutton,37.710796,-121.9285094,24
4389,Drimnagh,53.3299263,-6.3236515,24
4390,Chapelizod,53.3479155,-6.3451971,24
4391,Brittas,,,24
4392,Rathfarnham,53.297328500000006,-6.280709603342477,24
4393,Castlenock,,,24
4394,Smithfield,53.3484314,-6.2782374,24
4395,Stepaside,53.25857925,-6.239110340313831,24
4396,Monkstown,53.3244599,-6.213813700292559,24
4397,Dubrovnik,,,841
4398,Metković,,,841
4399,Cavtat,,,841
4400,Korčula,42.9437813,16.91347631417291,841
4401,Orebić,,,841
4402,Vela Luka,42.9609767,16.7180177,841
4403,Račišće,,,841
4404,Bosca,,,2352
4405,Dumyat,,,1470
4406,Tlahualilo,26.308393,-103.60373280049151,770
4407,Gómez Palacio,,,770
4408,Rosario,26.5047683,-105.6432018,770
4409,San Juan del Rio,,,770
4410,Canatlán,,,770
4411,Durazno,-33.3804517,-56.5224396,1081
4412,Durrës,41.33141865,19.45650647448156,1814
4413,Patra,,,671
4414,Amaliada,,,671
4415,Agrinio,,,671
4416,Astakos,,,671
4417,Aegion,,,671
4418,Leukada,,,671
4419,Mesolongi,,,671
4420,Nafpaktos,,,671
4421,Kalavryta,,,671
4422,Kertezi,,,671
4423,Aitoliko,,,671
4424,Kastoria,,,1416
4425,Florina,,,1416
4426,Kozani,,,1416
4427,Ptolemaida,,,1416
4428,Mavropigi,,,1416
4429,Grevena,,,1416
4430,Târgoviște,44.9267709,25.462816,1185
4431,Tărtășești,44.5771423,25.8169327,1185
4432,Picior de Munte,44.7825018,25.3901997,1185
4433,Lucieni,44.8477651,25.4418641,1185
4434,Bolovani,44.7251953,25.6343221,1185
4435,Voinești,,,1185
4436,Uliești,44.5888052,25.4276843,1185
4437,Gaești,,,1185
4438,Fieni,45.130649,25.4195745,1185
4439,Odobești,44.6148964,25.5591946,1185
4440,Răcari,,,1185
4441,Düzce,,,1854
4442,Aybaşı,40.9249092,31.1135425,1854
4443,New Amsterdam,6.2426407,-57.5168359,1193
4444,Kokopo,,,2001
4445,Rabaul,,,2001
4446,Kapchorwa,,,669
4447,Kaproron,,,669
4448,Kapchorwa District,,,669
4449,Korofidua,,,669
4450,Mbale,0.97657055,34.202186921889464,669
4451,Kapkworos,,,669
4452,Jinja,0.57515665,33.28052985775423,669
4453,Begoro,6.38479,-0.376333,669
4454,Namoryo,,,669
4455,Pago Pago,,,669
4456,Kween District,,,669
4457,Tororo,0.74074215,34.102686174797185,669
4458,Busia,0.3917102999999999,34.01601353436425,669
4459,Magoro,,,669
4460,East London,,,508
4461,Port Elizabeth,,,508
4462,Mdantsane,,,508
4463,Uitenhage,,,508
4464,Queenstown,-31.891667,26.881944,508
4465,Aberdeen,,,508
4466,Somerset East,,,508
4467,Cradock,,,508
4468,Middelburg,,,508
4469,Graaff-Reinet,-32.2535405,24.5336485,508
4470,Dordrecht,-31.37337,27.046462,508
4471,Lady Frere,,,508
4472,Steynsburg,-31.294444,25.823889,508
4473,Fort Beaufort,,,508
4474,Grahamstown,,,508
4475,Humansdorp,,,508
4476,Tarkastad,-32.0072222,26.2605556,508
4477,Adelaide,-32.7060195,26.2950503,508
4478,Cookhouse,,,508
4479,Aliwal North,,,508
4480,Kimotong,,,2285
4481,Benin City,6.3330586,5.6221058,790
4482,Kwale,,,790
4483,Uromi,,,790
4484,Auchi,,,790
4485,Matsuyama,,,220
4486,Ueshima,,,220
4487,Uwajima,33.2232315,132.5606514,220
4488,Niihama,33.9603497,133.2835899,220
4489,Ozu,33.506488,132.5446842,220
4490,Namikata,,,220
4491,Shikokuchuo,,,220
4492,Kikuma,,,220
4493,Iyo,33.7578962,132.7039458,220
4494,Seiyo,33.3625533,132.5109394,220
4495,Saijo,,,220
4496,Ado Ekiti,,,1991
4497,Ijero,,,1991
4498,El Bayadh,33.684319,1.0182453,1446
4499,Machala,,,2479
4500,El-Oued,33.3611766,6.8603492,1875
4501,Chinique,,,2095
4502,Santa Cruz del Quiché,,,2095
4503,Uspantán,,,2095
4504,Elazığ,,,1575
4505,Sivrice,38.4474169,39.3082646,1575
4506,Shtёrmen,,,2204
4507,Elbasan,,,2204
4508,Keiyo District,,,1962
4509,Iten,,,1962
4510,Kapsowar,,,1962
4511,Matira,,,1962
4512,Marakwet District,,,1962
4513,Kaptarakwa,,,1962
4514,Korkitony,,,1962
4515,Siboh,,,1962
4516,Changach,,,1962
4517,Kamasia,,,1962
4518,Kimowo,,,1962
4519,Tambach,,,1962
4520,Chesubet,,,1962
4521,Sabor,,,1962
4522,Embu,,,2448
4523,Encamp,42.5321146,1.5741201,1867
4524,El pas de la Casa,,,1867
4525,Newcastle upon Tyne,54.9738474,-1.6131572,5
4526,London,51.5074456,-0.1277653,5
4527,Nottingham,52.9534193,-1.1496461,5
4528,Windsor,51.4837886,-0.6040418665032687,5
4529,Kensington,51.4989948,-0.1991229,5
4530,West Ham,51.5280966,0.0045685,5
4531,Chesterton,52.2222881,0.1445917,5
4532,Thanet,51.35330455,1.331986597351328,5
4533,Coventry,52.4081812,-1.510477,5
4534,Brighton,,,5
4535,Sheffield,53.3806626,-1.4702278,5
4536,Taunton,,,5
4537,Ospringe,51.29640195,0.8539476623197698,5
4538,Cambridge,41.0083446,28.9545875,5
4539,Newmarket,,,5
4540,Bedford,52.1363806,-0.4675041,5
4541,Newton Solney,52.8282766,-1.5839929,5
4542,Wycombe,51.66356185,-0.818083680966309,5
4543,Stoke-on-Trent,,,5
4544,Wombwell,53.5209656,-1.4032589,5
4545,Bury,53.5927543,-2.2972827,5
4546,Keighley,53.8684021,-1.9020456,5
4547,Croydon,51.3713049,-0.101957,5
4548,Stratford,52.1927803,-1.70634,5
4549,Lambeth,51.4952111,-0.1163354,5
4550,Fulham,51.474408,-0.206809,5
4551,Blackpool,53.8179442,-3.0509812,5
4552,Addlestone,51.3711193,-0.4895776,5
4553,Towcester,52.132756,-0.9894811,5
4554,Southampton,,,5
4555,Preston,,,5
4556,Hackney,51.5432402,-0.0493621,5
4557,Tetbury,51.639272,-2.1594783,5
4558,Derby,,,5
4559,Ashford,,,5
4560,Walton-on-Thames,51.3856837,-0.419814,5
4561,Oxford,51.7520131,-1.2578499,5
4562,Ashtead,51.3055227,-0.3071682,5
4563,Chorlton-cum-Hardy,53.4425082,-2.2772108,5
4564,Royal Tunbridge Wells,51.1371483,0.2673446,5
4565,Holborn,51.5195982,-0.1137266,5
4566,Martley,52.2369453,-2.3604621,5
4567,Clatterbridge,,,5
4568,Camberwell,51.4745706,-0.0925416,5
4569,Aylesbury,51.8161412,-0.8130383,5
4570,Timperley,53.3961615,-2.3202602,5
4571,Northwich,53.2602539,-2.5145104,5
4572,Chelmsford,,,5
4573,Stoke Newington,51.5578698,-0.0822482,5
4574,Surbiton,51.3937557,-0.3033105,5
4575,Cookham Dean,51.5614551,-0.7461153,5
4576,Hammersmith,,,5
4577,Beverley,,,5
4578,Scarborough,54.2820009,-0.4011868,5
4579,Watford,51.6553875,-0.3957425,5
4580,Great Yarmouth,52.6071742,1.7314845,5
4581,Paddington,51.5154795,-0.175365,5
4582,Halifax,53.7229229,-1.8604874,5
4583,Marylebone,51.5232789,-0.155596,5
4584,Didcot,51.6056908,-1.2467923,5
4585,Burton-on-Trent,,,5
4586,Twickenham,51.4467444,-0.3281887,5
4587,Guildford,51.2356068,-0.5732063,5
4588,Reading,51.4564242,-0.9700664,5
4589,Amersham,51.676685,-0.607692,5
4590,Purley,51.3388112,-0.1158589,5
4591,Brentford,51.4863958,-0.3216623,5
4592,Middlesbrough,54.5760419,-1.2344047,5
4593,Holt,52.9054382,1.0928322,5
4594,Epsom,51.3326098,-0.2678212,5
4595,Shrewsbury,,,5
4596,Liverpool,,,5
4597,Hitchin,,,5
4598,Hertford,,,5
4599,Swindon,,,5
4600,Bradford,53.7944229,-1.7519186,5
4601,South Kensington,51.4940494,-0.1730439,5
4602,Shipston-on-Stour,52.0630181,-1.6247264,5
4603,Marlow,51.5718706,-0.7769654,5
4604,Slough,51.5111014,-0.5940682,5
4605,Blackburn,53.749326,-2.4840566,5
4606,Perivale,51.5364952,-0.3225887,5
4607,Grantchester,52.179362,0.0932745,5
4608,Sydenham,51.4267658,-0.0523877,5
4609,Hampton,51.4150272,-0.3691409,5
4610,Barnet,51.65309,-0.2002261,5
4611,Shaftesbury,51.0056195,-2.1955975,5
4612,Poole,,,5
4613,Uckfield,50.97058355,0.0930413999898988,5
4614,Solihull,,,5
4615,Northampton,,,5
4616,Basford,,,5
4617,Kingston-upon-Thames,51.4096275,-0.3062621,5
4618,West Bromwich,52.5186579,-1.9923114,5
4619,Waltham Cross,51.6857829,-0.0330001,5
4620,Newton Abbot,50.5296441,-3.6112097,5
4621,Cowes,50.7633176,-1.2985186,5
4622,Willesden,,,5
4623,Islington,51.5384287,-0.0999051,5
4624,Carlisle,,,5
4625,York,53.96565785,-1.0743052444639218,5
4626,Southwark,51.46525455,-0.0690186332146649,5
4627,South Moulton,52.273361,-0.8540826,5
4628,Wakefield,53.6829541,-1.4967286,5
4629,Bromley,51.36685695,0.0617090760908167,5
4630,Wandsworth,51.4570271,-0.1932607,5
4631,Margate,51.3878174,1.3819699,5
4632,Deptford,51.4758453,-0.0215164,5
4633,Knightsbridge,51.5008444,-0.166965,5
4634,Honiton,50.7981119,-3.1924599,5
4635,Wallsend,54.9911912,-1.5342042,5
4636,Burley,50.8266,-1.70164,5
4637,Hounslow,51.4686132,-0.3613471,5
4638,Hampstead,51.55653,-0.1783011,5
4639,Sidcup,,,5
4640,Woking,,,5
4641,Wokingham,51.4570846,-0.8865370303212372,5
4642,Larkfield,51.2994971,0.4429251,5
4643,Southend-on-Sea,,,5
4644,Brixton,51.4633914,-0.1148023,5
4645,Guisborough,54.5359551,-1.051085,5
4646,Lewisham,51.4624292,-0.0101787,5
4647,Bolton,,,5
4648,Highbury,51.5457996,-0.1027127,5
4649,Duffield,52.9861026,-1.4888648,5
4650,Uxbridge,51.5449509,-0.4816672,5
4651,Ilkeston,52.970845,-1.3091628,5
4652,Worsbrough,53.5314897,-1.4672505,5
4653,Wolverhampton,52.5847651,-2.127567,5
4654,Harrow,51.59682715,-0.3373046180437286,5
4655,Ipswich,52.0579324,1.1528095,5
4656,Buxton,53.2593422,-1.9100768,5
4657,Southport,53.6475988,-3.0041751,5
4658,Barrow-in-Furness,54.128879600000005,-3.2269008205428933,5
4659,Eastbourne,50.7664372,0.2781546,5
4660,Prestwich,53.5304274,-2.2960186,5
4661,West Kirby,53.3733229,-3.1865608,5
4662,Crawley,51.1103444,-0.1801094,5
4663,Wells,51.2094511,-2.6451203,5
4664,Portsmouth,,,5
4665,Hastings,,,5
4666,Barnston,51.84406415,0.3840507092466223,5
4667,Heswall,53.3283218,-3.1002176,5
4668,Colchester,,,5
4669,Chichester,50.84467705,-0.7831144316193243,5
4670,Worksop,,,5
4671,Harlesden,,,5
4672,Steyning,50.8902203,-0.3302184,5
4673,Enfield,,,5
4674,Exeter,50.7255794,-3.5269497,5
4675,East Ham,51.5329628,0.0553201,5
4676,Stockton-on-Tees,54.564094,-1.3129164,5
4677,Holbeach,52.80421,0.0180043,5
4678,Carshalton,,,5
4679,Macclesfield,53.2606635,-2.1255158,5
4680,Walthamstow,51.5844701,-0.0188186,5
4681,Reigate,51.2376557,-0.2057067,5
4682,Cockermouth,54.6614392,-3.3590111,5
4683,Sevenoaks,51.27452185,0.1961165562194977,5
4684,Tamworth,52.6345819,-1.6948438,5
4685,Welwyn Garden City,,,5
4686,Aylsham,52.7950031,1.2511895,5
4687,Bethnal Green,51.5303456,-0.0561633,5
4688,West Kensington,51.4907023,-0.2059442,5
4689,Grimsby,53.5671407,-0.0788045,5
4690,Wellingborough,52.30189,-0.6937309,5
4691,Hertford Heath,51.7826413,-0.0453275,5
4692,Romford,51.5760462,0.1822646,5
4693,Lathom,53.5922118,-2.8219204,5
4694,Lincoln,53.2293545,-0.5404819,5
4695,Boston,,,5
4696,Luton,51.89107295,-0.4230304076201782,5
4697,Withington,,,5
4698,Upton-upon-Severn,52.0611191,-2.2151396,5
4699,Canterbury,51.2800275,1.0802533,5
4700,Waterbeach,,,5
4701,Bournemouth,50.7201514,-1.8799118,5
4702,Biggleswade,52.0882012,-0.2589013,5
4703,Kingston upon Hull,53.7435722,-0.3394758,5
4704,Hayes,51.5077154,-0.4181471,5
4705,Maidenhead,51.522743,-0.7197368,5
4706,Gateshead,54.9625789,-1.6019294,5
4707,Rustington,,,5
4708,Brightlingsea,51.81958315,1.0142982614817453,5
4709,Chipping Norton,51.9382855,-1.542395698330754,5
4710,Weymouth,50.6096257,-2.4543424,5
4711,North Bierley,53.75788025,-1.779371549454461,5
4712,Hillingdon,51.5425193,-0.4483349311794966,5
4713,Sunderland,54.9058512,-1.3828727,5
4714,Woolhope,52.0187097,-2.5668041,5
4715,Pangbourne,51.483784,-1.0861578,5
4716,Bilston,52.5700229,-2.0822333,5
4717,Barnstaple,51.0804057,-4.0600467,5
4718,St Ives,50.2149064,-5.4795083,5
4719,Worcester,52.1911849,-2.2206585,5
4720,Isleworth,,,5
4721,Aspley Guise,52.0138979,-0.6293182,5
4722,Spilsby,53.1731896,0.0971228201611272,5
4723,Chester,53.1908873,-2.8908955,5
4724,Northallerton,54.3404812,-1.4344936,5
4725,Hove,50.8286917,-0.1745744,5
4726,Yeovil,,,5
4727,Twyford,,,5
4728,Henley-on-Thames,,,5
4729,Leicester,52.6362,-1.1331969,5
4730,Brent,50.3324465,-4.5109878,5
4731,Leiston,52.20648,1.5764329,5
4732,Kettering,,,5
4733,Huddersfield,,,5
4734,Darlington,,,5
4735,Empingham,52.6664827,-0.5966682,5
4736,Liskeard,,,5
4737,Peterborough,,,5
4738,Hendon,51.5897175,-0.2216026,5
4739,Plaistow,51.5311544,0.0166833,5
4740,Wellington,,,5
4741,Buckingham,,,5
4742,Chester-le-Street,54.8543237,-1.5750431,5
4743,Shrewley,,,5
4744,Dewsbury,53.6909103,-1.6302142,5
4745,Barnes,51.4737383,-0.2492849,5
4746,Brooklands,,,5
4747,Rugby,52.3726682,-1.2620038,5
4748,Kingston Hill,50.6294302,-2.0516901,5
4749,Scraptoft,52.6440338,-1.0461176,5
4750,Rochford,51.5840602,0.6787130935643773,5
4751,Plymouth,,,5
4752,Tavistock,,,5
4753,Ascot,,,5
4754,Great Ayton,54.4880638,-1.1329314,5
4755,Nantwich,53.0671376,-2.5221184,5
4756,Leamington Spa,52.2913394,-1.536404,5
4757,Banbury,52.0601807,-1.3402795,5
4758,Old Windsor,51.4581397,-0.5808113,5
4759,Bradford-on-Avon,51.346715,-2.2504329,5
4760,Walworth,51.4901142,-0.0906603,5
4761,Worthing,50.8115402,-0.3699697,5
4762,Clifton,51.4615884,-2.6202846,5
4763,Forest Hill,51.439108,-0.0539538,5
4764,Wimbledon,51.4214787,-0.2064027,5
4765,Dartford,51.4443059,0.21807,5
4766,Cuckfield,51.0055129,-0.1393152598407848,5
4767,Edstaston,52.8855277,-2.7226772,5
4768,Gosport,50.7952074,-1.1210853,5
4769,Bermondsey,51.4970125,-0.063268,5
4770,Mansfield,,,5
4771,Hanover Square,51.51390775,-0.1438259491964335,5
4772,Hexham,54.971478,-2.1017927,5
4773,Cheltenham,51.8995685,-2.0711559,5
4774,Haverhill,52.0832721,0.4353932,5
4775,Newcastle-under-Lyme,53.0117627,-2.2273919,5
4776,Watton-at-Stone,51.8585119,-0.1165373,5
4777,Eversley,51.3533322,-0.8880944,5
4778,Blackheath,51.4662623,0.008681,5
4779,Liversedge,53.7125328,-1.6942603,5
4780,Radcliffe,53.5593382,-2.3261546,5
4781,Dulwich,51.4418786,-0.0843244,5
4782,Salford,53.4877463,-2.2891921,5
4783,Chelsea,51.4875167,-0.1687007,5
4784,Sawbridgeworth,51.81610335,0.1478821587693852,5
4785,Pembury,51.1415015,0.323818,5
4786,Speen,51.41579155,-1.3776895568822023,5
4787,Sotterley,52.4058667,1.6051395,5
4788,Bridgwater,51.1283378,-3.0037046,5
4789,Falmouth,50.1552197,-5.0688262,5
4790,Whitby,,,5
4791,Matlock,53.1374514,-1.5544694,5
4792,New Malden,51.4053347,-0.2634066,5
4793,Grantham,52.913192,-0.6438974,5
4794,Princes Risborough,51.7221664,-0.8337605,5
4795,Loddon,52.5349806,1.4817432,5
4796,Fylde,53.79336215,-2.89426008005,5
4797,Wednesbury,52.5521806,-2.0224441,5
4798,Hartley Wintney,51.3078386,-0.890944679201086,5
4799,Billesdon,52.6184546,-0.9386464,5
4800,Camberley,51.3392845,-0.7460981,5
4801,Cheam,51.3576155,-0.2162414,5
4802,Launceston,50.6365062,-4.3604432,5
4803,Rock Ferry,53.3728002,-3.0108212,5
4804,West Byfleet,51.3373982,-0.5065245,5
4805,Oldham,53.5415797,-2.1147831,5
4806,Ovingham,54.9734624,-1.861847512750148,5
4807,Pakenham,52.2708828,0.824077,5
4808,Bognor Regis,50.7834973,-0.6730718,5
4809,Shanklin,50.6288132,-1.1779031,5
4810,Keswick,54.6009812,-3.1375822,5
4811,Long Ashton,51.4271634,-2.6495672,5
4812,Battersea,51.4707933,-0.172214,5
4813,Kings Norton,52.4072579,-1.9293043,5
4814,Epping,51.6982689,0.1102918,5
4815,Hindhead,51.1132995,-0.7332662,5
4816,Redhill,,,5
4817,Great Barr,52.5593574,-1.9301365,5
4818,Buckland,51.8027259,-0.7136715,5
4819,Charlton,51.4826053,0.0365359,5
4820,Windlesham,51.36325135,-0.68074848848067,5
4821,Farnham,51.2151749,-0.7984854,5
4822,Mortlake,51.4698873,-0.2685226,5
4823,Nocton,53.1664115,-0.4149277,5
4824,Hinckley,52.5410591,-1.3729379,5
4825,Norbiton,51.4099994,-0.2873963,5
4826,Arnside,54.2013106,-2.8342988,5
4827,Morpeth,55.1675437,-1.6907444,5
4828,Sunningdale,51.3944673,-0.6324407,5
4829,Petersfield,51.0024945,-0.9392027,5
4830,South Witham,52.7604072,-0.6323406,5
4831,Balham,51.4447487,-0.1512937,5
4832,Southsea,50.7888796,-1.0886623,5
4833,Wickham,51.4435061,-1.4333217,5
4834,Bath,51.3813864,-2.3596963,5
4835,Somers Town,51.5317283,-0.1315656,5
4836,Ross-on-Wye,51.9140804,-2.5838357,5
4837,Maidstone,51.2748258,0.5231646,5
4838,Berkhampstead,51.4853772,0.1475202,5
4839,Stowmarket,52.1878147,0.9973428,5
4840,Clapham,51.4614469,-0.138627,5
4841,Havant,50.8334197,-0.9826589433165432,5
4842,Streetly,52.5853331,-1.8732774,5
4843,Leyton,51.5696734,-0.015681,5
4844,Delph,53.5633931,-2.0215265,5
4845,Chesterfield,53.2352134,-1.4264097,5
4846,Farnworth,53.5485989,-2.3969984,5
4847,Shoreditch,51.5266694,-0.0798926,5
4848,Stockport,53.407901,-2.160243,5
4849,Poplar,51.5110713,-0.0144629,5
4850,Shardlow,52.8695464,-1.3531504,5
4851,Barnsley,,,5
4852,Woolwich,51.4826696,0.0623335,5
4853,Urmston,53.4453662,-2.3525463,5
4854,Westbourne,50.86665225,-0.906590041795024,5
4855,Durham,,,5
4856,Thornton Heath,51.39911,-0.0986059,5
4857,Faversham,51.3158434,0.8911283,5
4858,Aldeburgh,52.1523814,1.6015691,5
4859,Beckenham,51.4070938,-0.0303183,5
4860,Peckham,51.4734122,-0.0699321,5
4861,Northolt,51.5465937,-0.369565,5
4862,Halton,,,5
4863,Lichfield,,,5
4864,Chertsey,,,5
4865,Shoreham,,,5
4866,Aldershot,51.2494169,-0.7630148,5
4867,Mapperley,52.98235,-1.3537968,5
4868,Kendal,,,5
4869,Chigwell,51.6228297,0.0805021,5
4870,Hemel Hempstead,,,5
4871,Wembley,51.55606945,-0.2796033937940144,5
4872,Alton,51.1489036,-0.9757677,5
4873,Lyndhurst,50.8727657,-1.5748436,5
4874,Catworth,52.3451671,-0.3995028735601742,5
4875,Andover,51.2078275,-1.479355,5
4876,Forest Gate,51.5495236,0.0249248,5
4877,Failsworth,53.5078105,-2.1618643,5
4878,Yardley Hastings,52.19404655,-0.7350379856198527,5
4879,Lowestoft,52.4766308,1.7537638,5
4880,Mayfair,51.5110872,-0.147058,5
4881,Putney,51.4625314,-0.2163018,5
4882,Samford,52.0059448,1.055896388851425,5
4883,Stoneleigh,52.3514713,-1.5189095,5
4884,Dovercourt,51.9339114,1.2776636,5
4885,Upwell,,,5
4886,Tonbridge,51.1889529,0.2735876,5
4887,Gravesend,51.4424747,0.3694468,5
4888,Woodstock,51.8474887,-1.3545343,5
4889,Radley,51.6867299,-1.2385202,5
4890,Wigan,,,5
4891,Stockwell,51.472211,-0.1225014,5
4892,Ampthill,52.0318886,-0.4929079,5
4893,Lexden,51.8886772,0.8631159,5
4894,Burscough,53.6100822,-2.859431962416287,5
4895,Enderby,,,5
4896,Old Hill,52.4707939,-2.0561814,5
4897,Worcester Park,51.3785033,-0.2416597,5
4898,Seend,51.3491206,-2.0805593,5
4899,Bow,51.5309383,-0.0274853,5
4900,Shelley,52.0071487,0.9577423,5
4901,Skipton-on-Swale,54.21515045,-1.4304505752639685,5
4902,Bovey Tracey,50.5924367,-3.6761482,5
4903,Swinton,53.5095363,-2.3417975,5
4904,Old Warden,52.0830873,-0.3411544,5
4905,Cosford,52.6484531,-2.2953909,5
4906,Goole,53.7035625,-0.8715949,5
4907,Thetford,52.4156001,0.748712,5
4908,Farnborough,51.2918693,-0.7539836,5
4909,Arundel,50.85453835,-0.5648162995576137,5
4910,Frimley,51.3140156,-0.7440667,5
4911,Tilney All Saints,52.7365997,0.3386633432370913,5
4912,Shepperton,51.3939186,-0.448674,5
4913,Pontefract,53.6917422,-1.3105722,5
4914,Mill Hill,51.6154423,-0.2330675,5
4915,Halewood,53.3602342,-2.8302659,5
4916,Thurnscoe,53.5452474,-1.3080234,5
4917,Bebington,53.3503775,-3.005598,5
4918,Market Harborough,52.4777114,-0.9208575,5
4919,Billericay,51.6284395,0.4218142,5
4920,Skegness,53.1437506,0.3428958,5
4921,Tidworth,51.23730255,-1.6615480093038506,5
4922,Woolverstone,52.0027574,1.1820034,5
4923,Broadstairs,51.3586758,1.4407855,5
4924,Selby,53.785097,-1.099040720243205,5
4925,Church Stretton,52.5390725,-2.8077658,5
4926,Devizes,,,5
4927,Ilford,51.5582734,0.0711669,5
4928,Ham,51.4347641,-0.3092987,5
4929,Kentish Town,51.5500554,-0.1425712,5
4930,Moulsford,51.551939,-1.1496589,5
4931,Lacock,51.4213781,-2.119208865658595,5
4932,Newbury,51.4020243,-1.3242212,5
4933,Plympton,50.3898235,-4.0585654,5
4934,Alvington,51.7047863,-2.5768962,5
4935,Medway,51.4157386,0.5687308512408333,5
4936,Warwick,52.2814519,-1.5815742,5
4937,Horsham,51.0630273,-0.3295028,5
4938,Wyverstone,52.2691495,0.9935068,5
4939,Blaby,52.5731976,-1.1646389,5
4940,Whitechapel,51.5174861,-0.0659685,5
4941,Saffron Walden,52.021569,0.2411256,5
4942,Newhall,52.7844582,-1.5722883,5
4943,Stroud,51.745424,-2.2198605,5
4944,Ipsden,51.5652652,-1.0691246595521884,5
4945,Wednesfield,52.5998276,-2.0813004,5
4946,Weybridge,51.3727175,-0.4549297,5
4947,Kew,,,5
4948,Newark,53.0761693,-0.8092339,5
4949,Bodington,53.8449896,-1.5884347916842023,5
4950,Cannock,52.688227,-2.0324197,5
4951,Frizington,,,5
4952,Hampton Wick,51.4144519,-0.3126743,5
4953,Dudley,52.5110832,-2.0816813,5
4954,Dalston,51.543212,-0.0760128,5
4955,Cranleigh,51.1412463,-0.4922363,5
4956,Elham,51.153771,1.1106792,5
4957,Northwood,51.6051713,-0.4205812,5
4958,Westhoughton,53.5502444,-2.522608,5
4959,Clayhanger,50.9979921,-3.3961425,5
4960,Chiswick,51.4923137,-0.263818,5
4961,Finchley,51.5973246,-0.1805587,5
4962,Herne Bay,51.3719507,1.1306951,5
4963,Barnt Green,52.3624014,-1.9876134,5
4964,Witney,51.7838848,-1.4852861,5
4965,Smallburgh,52.762638,1.4660235329128288,5
4966,Bakewell,53.2148429,-1.6758613,5
4967,Marple,53.3930149,-2.0693132,5
4968,Louth,53.3675163,-0.0022381,5
4969,Lyme Regis,50.7252897,-2.934559,5
4970,Littleborough,53.6410537,-2.0914019,5
4971,Upper Beeding,50.8797596,-0.2975198,5
4972,Ealing,51.5126553,-0.3051952,5
4973,Battle,50.9265004,0.4757177177780828,5
4974,Tooting,51.4278214,-0.1679667,5
4975,Willaston,53.0703014,-2.485712539610546,5
4976,Lye,52.4599417,-2.1160497,5
4977,Roehampton,51.4498773,-0.2412672,5
4978,Chatham,51.3819167,0.526559,5
4979,Belgravia,51.4982128,-0.1534998,5
4980,Leytonstone,51.5684052,0.0111701,5
4981,Ely,52.3990199,0.262039,5
4982,Downside,50.7771204,0.2560338,5
4983,Leighton Buzzard,51.9165794,-0.6620551,5
4984,Keynsham,51.4149818,-2.5006001,5
4985,Harrogate,53.9921491,-1.5391039,5
4986,Loxbeare,50.9259745,-3.5525184787717845,5
4987,Wargrave,51.5021143,-0.8665729,5
4988,Mickleham,51.26491935,-0.3206488922038096,5
4989,Lymington,50.7583753,-1.5426885,5
4990,Bembridge,50.6887044,-1.0849341,5
4991,Billinge,53.4974486,-2.7073893,5
4992,Tiverton,50.9025623,-3.4875797,5
4993,New Cross,51.4763706,-0.0326237,5
4994,Dorking,,,5
4995,Leigh,53.4960455,-2.5171495,5
4996,Cheetham,53.5000972,-2.2403569104950773,5
4997,Torquay,,,5
4998,Elstree,51.6437729,-0.2989349,5
4999,East Ardsley,53.721591,-1.5405732,5
5000,Crewe,53.0996153,-2.4414627,5
5001,Gerrards Cross,,,5
5002,Homersfield,,,5
5003,Leek,,,5
5004,Newington,51.6649565,-1.1209114,5
5005,Eye,52.3226292,1.1463709,5
5006,Eltham,51.4505687,0.0541253,5
5007,Finsbury Park,51.5648345,-0.1064144,5
5008,Selsey,50.7327781,-0.7922896,5
5009,Newham,51.5300157,0.0293090787885137,5
5010,Bromborough,53.3333672,-2.9774612,5
5011,Newport,,,5
5012,Charmouth,50.7379924,-2.906532918406503,5
5013,Bucklow Hill,53.3442989,-2.4070579,5
5014,Dilston,54.9628568,-2.0399111,5
5015,Motspur Park,51.3909852,-0.2488979,5
5016,Great Malvern,52.1109798,-2.3285836,5
5017,Basildon,51.5754602,0.4757363,5
5018,St Giles,52.59655465,-2.506515963872391,5
5019,Tottenham,51.5976955,-0.0672892,5
5020,Eccles,53.4840887,-2.3375175,5
5021,Bartlow,52.0829987,0.309532,5
5022,Corby,52.4877341,-0.7032713,5
5023,Whitley Bay,55.0422091,-1.4454353,5
5024,Stourbridge,52.4577615,-2.1474345,5
5025,Hartlepool,54.6857276,-1.2093696,5
5026,Garston,51.6857896,-0.3956985,5
5027,Haringey,51.58792985,-0.10541771297992,5
5028,Cockerton,54.5342835,-1.5854745,5
5029,Runcorn,53.3421509,-2.7334941,5
5030,Dorchester,,,5
5031,Whitehaven,54.5474199,-3.5885335,5
5032,Bulwell,53.0010853,-1.1971813,5
5033,Pershore,52.1096993,-2.0754758,5
5034,Wincanton,,,5
5035,Eton,51.4885381,-0.6091736,5
5036,Erith,51.480819,0.1792322,5
5037,Ringwood,,,5
5038,Belgrave,52.6523025,-1.1215629,5
5039,Hadleigh,52.0441822,0.9542292,5
5040,Ashton-in-Makerfield,53.4852134,-2.6417771,5
5041,Cleckheaton,53.7264346,-1.7140939,5
5042,Lakenheath,52.4175635,0.5180418,5
5043,Bloomsbury,51.5210963,-0.1289635,5
5044,Fleetwood,,,5
5045,Hoxton,51.5323935,-0.086078,5
5046,Tower Hamlets,51.1288633,1.2986686,5
5047,Leigh-on-Sea,51.5416283,0.6455103782035938,5
5048,Kearsley,53.5401383,-2.3779588,5
5049,Harlow,,,5
5050,West Hartlepool,54.6868261,-1.207832,5
5051,City of London,51.5156177,-0.0919983,5
5052,Barnard Castle,,,5
5053,Wolston,52.375946,-1.3951323,5
5054,Hersham,51.3655959,-0.3996815,5
5055,Wallington,51.357945,-0.1495621,5
5056,South Shields,54.9987414,-1.4321848,5
5057,Rowton,53.17130485,-2.834290265067466,5
5058,Truro,,,5
5059,Edgware,51.6136623,-0.2749555,5
5060,Doncaster,,,5
5061,Thurrock,51.5080169,0.3962817395437666,5
5062,Stretford,53.445428,-2.3223051,5
5063,Long Melford,52.0736646,0.7152063,5
5064,Gloucester,,,5
5065,Lydney,,,5
5066,Birkdale,53.627021,-3.0282342,5
5067,Harwell,51.5999743,-1.2909164,5
5068,Walsall,52.5847949,-1.9822687,5
5069,Horncastle,53.2072103,-0.1239859,5
5070,Denton,53.4547745,-2.1153406,5
5071,Sherborne,,,5
5072,Watersfield,50.9333473,-0.5566412,5
5073,Chorley,,,5
5074,Bramley,53.8118759,-1.6251903,5
5075,Burnley,,,5
5076,Mitcham,51.4058006,-0.1640787,5
5077,Warrington,,,5
5078,Bishop Auckland,54.6640762,-1.6752864,5
5079,Huntingdon,52.3305093,-0.1843514,5
5080,Notting Hill,51.5109995,-0.2055267,5
5081,Rudgwick,51.0900272,-0.4491403,5
5082,Hatfield,,,5
5083,Datchet,51.4838483,-0.5784291,5
5084,Oadby,52.5983121,-1.0810264,5
5085,Sidmouth,50.6790033,-3.237657,5
5086,Ardwick,53.4676745,-2.2160104,5
5087,Netheravon,,,5
5088,Wem,52.8556312,-2.7241167,5
5089,Saltash,50.4086702,-4.2112226,5
5090,Clapton,51.558602,-0.0558777,5
5091,Bridgnorth,52.5345626,-2.4194132,5
5092,East Sheen,51.4623706,-0.267094,5
5093,Potters Bar,51.6958889,-0.1848935,5
5094,Homerton,52.18539575,0.1353986131558949,5
5095,Chippenham,51.4587621,-2.1159032,5
5096,Wallasey,53.4241208,-3.0394101,5
5097,Nuneaton,52.5246182,-1.4684488,5
5098,Oakley,52.1710689,-0.524367,5
5099,Deal,51.2239544,1.4027344,5
5100,South Holborn (Soho),,,5
5101,Prestbury,,,5
5102,Rochester,51.3883811,0.504925,5
5103,Congleton,53.1635322,-2.2108035,5
5104,Chard,,,5
5105,Tyldesley,53.5144859,-2.4661714,5
5106,Ormskirk,53.5673603,-2.8859603,5
5107,Somersham,,,5
5108,Bletchley,51.9943694,-0.7325655,5
5109,Dagenham,51.5413271,0.1481142,5
5110,Rowley Regis,52.4833326,-2.0674067,5
5111,Westow,,,5
5112,Shipley,53.8321814,-1.7779777,5
5113,West Bridport,50.7113313,-2.761289,5
5114,Neen Savage,52.3933743,-2.4794813,5
5115,Ware,51.8103288,-0.0328751,5
5116,Cardington,52.1179428,-0.4137868,5
5117,Tanfield,54.8935176,-1.7105606,5
5118,Bridstow,51.9172143,-2.606935,5
5119,Haslemere,51.0876062,-0.7097768,5
5120,Wealdstone,51.5936353,-0.3294758,5
5121,Welwyn,51.8286869,-0.2141752,5
5122,Brigg,53.5525329,-0.4896411,5
5123,Haswell,54.7834371,-1.4161918,5
5124,Bournville,52.4271788,-1.9364593,5
5125,Upton,,,5
5126,Willenhall,,,5
5127,Wirral,,,5
5128,Hindley,53.5335298,-2.5778214,5
5129,Holloway,51.5572453,-0.1183706,5
5130,Whalley,53.8215412,-2.4059596,5
5131,Finsbury,51.521798,-0.0914245,5
5132,North Walsham,52.8213308,1.3861979,5
5133,Milton Keynes,,,5
5134,Weston-super-Mare,51.3471927,-2.9778916,5
5135,Gorton,53.4689321,-2.1677485,5
5136,Beaconsfield,51.6082881,-0.6571233,5
5137,Hartpury,51.917840850000005,-2.3077726372399354,5
5138,Wilmslow,53.3261292,-2.2327511,5
5139,Prescot,,,5
5140,Sandringham,52.8427652,0.4318136911449511,5
5141,Dawlish,50.5797391,-3.468931,5
5142,Sea Mills,51.4795006,-2.6496514,5
5143,Fareham,50.8526637,-1.1783134,5
5144,Chalford,51.72706495,-2.1546482213225278,5
5145,Astwood Bank,52.2613424,-1.9391487,5
5146,Hebburn,54.9726376,-1.5173449,5
5147,Thingwall,53.3529266,-3.0866642,5
5148,Bicester,51.8988832,-1.1518287,5
5149,Thornton-Cleveleys,53.8706463,-2.9999993,5
5150,Holland Park,51.5030158,-0.2041170005369685,5
5151,Watlington,51.6451586,-1.0043458,5
5152,Aldwinkle,,,5
5153,Wordsley,,,5
5154,Morden,51.4027615,-0.1947552,5
5155,Gatley,53.3932392,-2.2306618,5
5156,New Haw,,,5
5157,Bromyard,52.1884704,-2.5107318,5
5158,Bucklow,,,5
5159,Fenny Stratford,51.9984451,-0.7159614,5
5160,Corsham,,,5
5161,Harmston,53.1485656,-0.547871,5
5162,Melton Mowbray,52.7645663,-0.8868896,5
5163,Whitstable,,,5
5164,Birchmoor,52.6102451,-1.6309957,5
5165,Pateley Bridge,54.0870914,-1.7596404,5
5166,Belper,,,5
5167,Rochdale,53.6153659,-2.1557561,5
5168,North Shields,55.0087655,-1.4471035,5
5169,Bromsgrove,52.3353816,-2.0597449,5
5170,Ashton upon Mersey,53.429835,-2.3431771,5
5171,Woolton,53.3745207,-2.8667919,5
5172,Retford,53.3231315,-0.9424879,5
5173,Corbridge,54.9740218,-2.0175509,5
5174,Ludgvan,50.15704265,-5.484482338900972,5
5175,Romsey,50.9891396,-1.4999044,5
5176,Stepney,51.5174023,-0.0462189,5
5177,Smethwick,52.4968157,-1.9739174,5
5178,High Wycombe,51.6317449,-0.75596,5
5179,Bexleyheath,,,5
5180,Rotherhithe,51.5002908,-0.0436321,5
5181,Wood Green,51.5972054,-0.1099585,5
5182,Oxshott,51.3332866,-0.3565451,5
5183,Knutsford,53.3025402,-2.3716001,5
5184,Rush Green,,,5
5185,Gorleston-on-Sea,52.5778559,1.7273353,5
5186,Easington,54.7850506,-1.3530807,5
5187,Winsford,53.1920711,-2.5313108,5
5188,Aston Manor,52.5158144,-1.872822890890502,5
5189,Tynemouth,55.0177847,-1.4256042,5
5190,North London,51.47588465,-0.3983170478057504,5
5191,Neasden,51.5543358,-0.250749,5
5192,Brookmans Park,51.7211572,-0.2048356,5
5193,Trowbridge,,,5
5194,Kenilworth,52.3450526,-1.5816028,5
5195,Cirencester,51.7171029,-1.9661616,5
5196,Middleton,53.5488758,-2.1993464,5
5197,Kidderminster,,,5
5198,Great Wyrley,52.6612497,-2.015285,5
5199,Cullercoats,55.0352433,-1.4341253,5
5200,Barking,51.5389922,0.0804245,5
5201,Hitcham,52.1232138,0.8950481,5
5202,Sheepbridge,53.2616092,-1.4282225,5
5203,Holbrook,51.9835745,1.1577662,5
5204,Merstham,51.2607556,-0.1481817,5
5205,Blandford,50.8576197,-2.1631125,5
5206,Wingrave,51.8625421,-0.7388125,5
5207,Platt Bridge,53.5231464,-2.5977808,5
5208,Darwen,53.6960957,-2.4665093,5
5209,Lewes,50.8746139,0.0051153241109362,5
5210,Leyland,53.6904813,-2.6991336,5
5211,Melford,52.6417782,-1.7199676,5
5212,Accrington,53.7541156,-2.3655434,5
5213,Stevenage,51.9016663,-0.2027155,5
5214,Colne,53.8567728,-2.1691238,5
5215,Stratford-upon-Avon,52.1927803,-1.70634,5
5216,Sowerby Bridge,53.7097606,-1.9088241,5
5217,Aldby Park,,,5
5218,Orpington,,,5
5219,Edenbridge,51.1958271,0.0639341,5
5220,Alsager,,,5
5221,Sandhurst,51.35034055,-0.7872591564985778,5
5222,Thirsk,54.2327725,-1.3423775,5
5223,Swimbridge,51.0563512,-3.966719126421092,5
5224,Braintree,51.8780637,0.5537161,5
5225,Rocester,,,5
5226,Consett,,,5
5227,Esher,51.3693938,-0.365415,5
5228,Knowle,51.4285779,-2.5779992,5
5229,Knaresborough,,,5
5230,Raunds,,,5
5231,Virginia Water,,,5
5232,Long Eaton,,,5
5233,Droitwich,,,5
5234,Yarm,,,5
5235,Lower Agbrigg,,,5
5236,Bedfordshire,,,5
5237,Alverstoke,50.78604,-1.1498282,5
5238,Draycott,,,5
5239,Hereford,,,5
5240,Crowborough,,,5
5241,New Milton,50.7531006,-1.6550682,5
5242,Totnes,50.4322816,-3.6871525,5
5243,Aughton,53.54928795,-2.91143938620295,5
5244,Chatburn,53.89469415,-2.3564843142436747,5
5245,Catherston Leweston,50.7455866,-2.8963499,5
5246,Evesham,,,5
5247,Cobham,,,5
5248,Bridport,50.733785,-2.7589005,5
5249,Crondall,,,5
5250,Kingsbridge,50.2848555,-3.7789738,5
5251,Leominster,52.2273558,-2.7375333,5
5252,New Mills,53.3853451,-1.986558832734905,5
5253,Hebden,54.0636569,-1.9623022,5
5254,Seaton,50.7045566,-3.0705105,5
5255,Holbeck,53.785378,-1.5600195,5
5256,Southrop,51.7263748,-1.7218518107644578,5
5257,Barton Regis,,,5
5258,Millom,54.2106855,-3.2719019,5
5259,Netherton,,,5
5260,Sutton-in-Craven,53.8917524,-1.9922285,5
5261,Mytholmroyd,53.7293672,-1.9797285,5
5262,Bickerton,53.07447255,-2.731174659455622,5
5263,Alnwick,,,5
5264,Bingham,52.9515683,-0.9522445,5
5265,Meopham,,,5
5266,Bewdley,52.3754763,-2.3162408,5
5267,Hailsham,,,5
5268,West Chiltington,,,5
5269,Nailsea,51.4327135,-2.7629303,5
5270,Midgeley,53.9041821,-1.6655047105339311,5
5271,Ovenden,53.7396044,-1.8749408,5
5272,Thornton,52.0154955,-0.9053801,5
5273,Perge,,,5
5274,Stainforth,53.5960361,-1.0279463,5
5275,Bedworth,52.4792826,-1.4663202,5
5276,Bingley,53.8479533,-1.8384526,5
5277,Bolton upon Dearne,53.5188149,-1.3114857,5
5278,Eccleshill,53.8207618,-1.7263181,5
5279,Caversham,51.4681022,-0.9738896,5
5280,Iver,51.5192944,-0.5063705,5
5281,Sandgate,51.0743788,1.1487129,5
5282,Loughborough,,,5
5283,Clitheroe,53.8717465,-2.3926783,5
5284,Trafford,,,5
5285,Southborough,51.1642824,0.2633735138555006,5
5286,Hyde,51.85159995,-0.3817745936962962,5
5287,Upper Heyford,,,5
5288,Stone,,,5
5289,Wenhaston,,,5
5290,Moss Side,,,5
5291,Ingatestone,51.6710667,0.3858842,5
5292,Elmsett,52.079322,1.0000435,5
5293,Godalming,51.1857892,-0.6149074,5
5294,Toynton All Saints,53.14330855,0.0768126587493115,5
5295,Ickenham,51.5615698,-0.4423513,5
5296,Harold Wood,,,5
5297,South Stoneham,50.93648425,-1.3768951622080154,5
5298,Ryde,50.7299865,-1.1603699,5
5299,Pewsey,51.3393362,-1.7648308,5
5300,Brockley,51.4578328,-0.0360868,5
5301,Sydenham Hill,51.4326038,-0.072322,5
5302,Tadcaster,,,5
5303,Streatham,51.429769,-0.1311105,5
5304,Warminster,,,5
5305,Sawston,52.1252327,0.1693457,5
5306,Primrose Hill,51.539048,-0.1624569053761,5
5307,Pelsall,52.6253223,-1.9641834,5
5308,Feltham,51.4442232,-0.410659,5
5309,Bedford Park,52.14725865,-0.4652097512091088,5
5310,Ashington,,,5
5311,Basingstoke,,,5
5312,Wisbech,,,5
5313,Driffield,,,5
5314,Cinderford,51.8244586,-2.4984934,5
5315,Harpenden,51.8145103,-0.3549311,5
5316,Taplow,,,5
5317,Nether Wallop,,,5
5318,Kennington,51.4882861,-0.1058829,5
5319,Englefield Green,51.4282771,-0.5749432,5
5320,Bothenhampton,50.72350705,-2.7452343621675874,5
5321,Pinner,51.5968712,-0.3770142,5
5322,Stourport,52.339638,-2.2811646,5
5323,Newton,52.0322303,0.7943311,5
5324,Tibshelf,53.1428407,-1.3424407,5
5325,Ewell,51.3502402,-0.2511759,5
5326,Kimmeridge,,,5
5327,Yeadon,53.8636612,-1.6850787,5
5328,Aintree,,,5
5329,Elvet Hill,54.7644943,-1.583936,5
5330,Widnes,53.3646888,-2.7283328,5
5331,Brampton,54.9422402,-2.7344533,5
5332,Hambledon,50.9460696,-1.0680315074983977,5
5333,Rickmansworth,51.6401841,-0.4734045,5
5334,Broomfield,51.0820948,-3.1097468,5
5335,Bradninch,50.8264662,-3.4237023,5
5336,Castle Cary,51.07856225,-2.531364319252548,5
5337,Crediton,50.7895868,-3.658963,5
5338,Park Royal,,,5
5339,Malvern,52.1159559,-2.3258985,5
5340,Wallingford,51.5982905,-1.1252511,5
5341,Boldon,54.9414856,-1.4668168,5
5342,Berwick-upon-Tweed,55.7692442,-2.0026472,5
5343,Hale,,,5
5344,Acomb,54.9934403,-2.1083725,5
5345,North Anston,53.3548139,-1.220145,5
5346,Ancoats,53.4849976,-2.2276032,5
5347,Mirfield,53.673216,-1.6946052,5
5348,Bodmin,,,5
5349,Ryburgh,52.8078205,0.9036174,5
5350,Box,51.4211867,-2.250245659178315,5
5351,Leatherhead,51.2955038,-0.3293689,5
5352,Staines,51.434012,-0.511044,5
5353,Baldock,51.9889973,-0.1882079,5
5354,Chipping Campden,52.0496652,-1.7813927,5
5355,Stretton Baskerville,52.5227986,-1.4042431072882526,5
5356,Bicknor,51.295869,0.6689862,5
5357,Weedon,51.8559075,-0.8191189,5
5358,Kirkdale,53.4407853,-2.9811665,5
5359,Sudbury,52.0401524,0.7299495,5
5360,Whittington,52.1728069,-2.1840377,5
5361,Burnham Market,52.9324524,0.6986724562447792,5
5362,Milton Ernest,52.1939191,-0.5087169532676643,5
5363,Gawsworth,53.2285412,-2.168333816170075,5
5364,Sale,53.4244939,-2.318415,5
5365,Winchcombe,51.95275135,-1.967513575553652,5
5366,Broseley,52.6133558,-2.4827324,5
5367,Shackerstone,52.6574797,-1.4495815,5
5368,Irby,53.3519359,-3.1181304,5
5369,Wanstead,51.5756739,0.0277989,5
5370,Beare Green,51.1787068,-0.3190211,5
5371,East Peckham,51.22426475,0.3783411332933577,5
5372,Botley,51.7508192,-1.297849,5
5373,Moore,53.3567256,-2.6384854,5
5374,Widdington,51.96486905,0.2374910396739134,5
5375,East Grinstead,51.1322179,-0.0117661,5
5376,New Brighton,53.4385649,-3.043422,5
5377,Witton,52.512194,-1.8839327,5
5378,Crowthorne,51.3708551,-0.7950262,5
5379,Stanmore,51.6188526,-0.3026271,5
5380,Chelford,53.2665687,-2.2721804014014757,5
5381,Dedham,51.9582605,0.9945379,5
5382,Penzance,50.1194794,-5.5352463,5
5383,Saighton,53.1521679,-2.8340367,5
5384,Moseley,52.4477685,-1.8848045,5
5385,Buckfastleigh,50.47947575,-3.777543074890509,5
5386,Dunsford,50.6901112,-3.6815546,5
5387,Rushden,52.2911567,-0.5988177,5
5388,Stibbard,52.8162715,0.9400525,5
5389,Bloxham,52.0182016,-1.3597840224410789,5
5390,Redruth,50.233989,-5.2276468,5
5391,Lapley,52.7136341,-2.1875317,5
5392,Camborne,50.2138828,-5.2990347,5
5393,Easenhall,52.4115451,-1.3175964,5
5394,St Germans,50.408355,-4.344257547175985,5
5395,Whittlesey,52.5550114,-0.122643,5
5396,Thornaby-on-Tees,54.5401012,-1.2935896,5
5397,Stamford Hill,51.5707092,-0.0690402,5
5398,Hadley,52.7056375,-2.4875645,5
5399,Crayford,51.4515584,0.1787188,5
5400,Cheadle,52.9884392,-1.9937596,5
5401,Streatham Hill,51.4406366,-0.122249,5
5402,Stanley,54.8722855,-1.6963315,5
5403,Aldridge,52.6044013,-1.9174927,5
5404,Gomshall,51.2192418,-0.4422487,5
5405,Chislehurst,51.4115718,0.0769545,5
5406,Folkestone,51.0791335,1.1794073,5
5407,Headley Down,,,5
5408,Spondon,52.9205217,-1.4057218,5
5409,Ditchingham,52.479479600000005,1.4274102037903202,5
5410,Droylsden,53.4786034,-2.1491964,5
5411,Walkden,53.5242276,-2.3984426,5
5412,Buckhurst,51.0132319,0.140068999999999,5
5413,Flixton,52.4298936,1.4009365,5
5414,West Malling,51.2954028,0.409461,5
5415,Kingswinford,52.4967692,-2.1661721,5
5416,Hoylake,53.3917719,-3.1783429,5
5417,Holmfirth,,,5
5418,Lee-on-the-Solent,,,5
5419,Uttoxeter,,,5
5420,Mile End,51.5253378,-0.033435,5
5421,Scunthorpe,,,5
5422,Chingford,,,5
5423,Tring,51.7940357,-0.6609205,5
5424,Wendover,,,5
5425,Tenterden,,,5
5426,Wilsden,53.8239432,-1.8611921762871368,5
5427,Woodford,51.6068063,0.0340272,5
5428,Pennington,54.1991814,-3.1393721591164017,5
5429,Monton,53.4915237,-2.3513694,5
5430,Redditch,52.3057655,-1.9417444,5
5431,Otley,,,5
5432,Greenford,51.5421177,-0.3447996,5
5433,Clerkenwell,51.5237268,-0.1055555,5
5434,Gillingham,,,5
5435,Hunslet,53.7786185,-1.5282492,5
5436,Ascott-under-Wychwood,51.86636565,-1.5657988178158448,5
5437,Swadlincote,52.7736624,-1.5575555,5
5438,Great Haywood,,,5
5439,Thornbury,50.8532148,-4.2731341,5
5440,Gainsborough,53.3995376,-0.7758801,5
5441,Frome,,,5
5442,Highgate,,,5
5443,Penrith,,,5
5444,Alford,53.2615356,0.1743952509053351,5
5445,Linton,,,5
5446,Cley next the Sea,,,5
5447,Jarrow,,,5
5448,Holmes Chapel,,,5
5449,Buckhurst Hill,,,5
5450,Waltham Forest,,,5
5451,Okehampton,,,5
5452,Spalding,,,5
5453,Saddleworth,,,5
5454,Moulton,,,5
5455,Ambleside,,,5
5456,Egremont,,,5
5457,Huyton,53.4114462,-2.8382486,5
5458,Kilburn,51.541882,-0.1979358,5
5459,Mexborough,53.4937085,-1.2910027,5
5460,Aldermaston,51.38267,-1.1518107,5
5461,Charing Cross,51.5074975,-0.1236888,5
5462,Woodford Green,,,5
5463,Tipton,52.5290396,-2.0693747,5
5464,Ratcliffe,51.5115396,-0.0442364,5
5465,Swaffham,52.6481171,0.6909259,5
5466,Bellingham,55.1443709,-2.2549272,5
5467,Tewin,51.8193379,-0.1622652894837238,5
5468,Sefton,53.5034122,-2.9714708,5
5469,Barton-upon-Irwell,53.4786231,-2.3501932,5
5470,South Elmsall,53.5974902,-1.2810057,5
5471,Woodbridge,,,5
5472,Killamarsh,53.3236263,-1.318428,5
5473,Hoddesdon,51.7616709,-0.0112898,5
5474,Pimlico,51.4889993,-0.1398817,5
5475,Halliwell,53.5929974,-2.441758,5
5476,Alcester,52.2150202,-1.8695764,5
5477,Marton,53.2089494,-2.231650530023474,5
5478,Calderbrook,53.6596447,-2.0861189,5
5479,Sutton-in-Ashfield,,,5
5480,Herne Hill,51.4534691,-0.1022835,5
5481,Benenden,51.0644946,0.5734333006545331,5
5482,Shildon,54.6351323,-1.64795,5
5483,South Moreton,,,5
5484,Creswell,53.263919,-1.2164106,5
5485,Dunstable,51.8861316,-0.5209341,5
5486,Bayswater,51.5122764,-0.1883854,5
5487,Kirkmanshulme,53.4610912,-2.1888718,5
5488,Donnington,50.8116379,-0.7899659047251211,5
5489,Halstead,51.9453005,0.6425012384567785,5
5490,Breachwood Green,51.8852593,-0.3280139,5
5491,Alderbury,51.0456497,-1.7395465,5
5492,Paignton,50.4377018,-3.5632704,5
5493,Hanwell,51.5089838,-0.3381584,5
5494,Eastry,51.2396718,1.300079812721982,5
5495,Beighton,52.61629855,1.5260029892852551,5
5496,Bray,,,5
5497,Clay Cross,53.1652765,-1.4132383,5
5498,Masham,54.2220086,-1.6564736,5
5499,Eastcote,51.5795418,-0.4016534,5
5500,Bramshaw,50.9407584,-1.617454,5
5501,Stalybridge,,,5
5502,Lower Bebington,53.3520785,-3.0043105,5
5503,Silton,,,5
5504,Islington East,54.6626557,-1.998592,5
5505,Backwell,51.4129784,-2.7393665,5
5506,Batley,,,5
5507,Hampton-in-Arden,52.4286358,-1.6997231,5
5508,Markfield,,,5
5509,Jesmond,,,5
5510,Littleham,50.9883477,-4.2294903,5
5511,Bideford,,,5
5512,Settle,,,5
5513,Minety,51.6163156,-1.9733119541545692,5
5514,West Auckland,54.6314622,-1.7227625,5
5515,Polesworth,,,5
5516,Clapham Rise,51.4613702,-0.1478956,5
5517,Moccas,52.0786626,-2.9392622,5
5518,Fittleworth,50.9622289,-0.5600665,5
5519,Centuripe,37.622952,14.739079,723
5520,Concepción del Uruguay,-32.4851849,-58.2320232,651
5521,Paraná,-31.7038807,-60.4816058,651
5522,Concordia,-31.3972539,-58.0173305,651
5523,Gualeguaychú,-33.0078585,-58.5103466,651
5524,Hernandarias,-31.7262091,-60.4876919,651
5525,Chajarí,,,651
5526,Nogoyá,,,651
5527,Urdinarrain,-32.6910946,-58.8885673,651
5528,Rosario del Tala,,,651
5529,Federal,-30.9558743,-58.7797943,651
5530,Cerrito,,,651
5531,Villa Crespo,,,651
5532,San Salvador,-31.6247717,-58.5051869,651
5533,Gualeguay,,,651
5534,Egbo,,,256
5535,Mmaku,,,256
5536,Fambo,,,256
5537,Enugu,,,256
5538,Oginibo,,,256
5539,Gbanranu,,,256
5540,Arta,,,1679
5541,Ioannina,,,1679
5542,Preveza,,,1679
5543,Kastritsa,39.6312966,20.9216455,1679
5544,Metsovo,,,1679
5545,Swakopmund,,,780
5546,Walvis Bay,,,780
5547,Erzincan,,,1848
5548,Pasinler,,,1851
5549,Hinis,,,1851
5550,Erzurum,,,1851
5551,Oltu,40.5459405,41.9959769,1851
5552,Les Escaldes,42.5090019,1.5404067,1328
5553,Escaldes-Engordany,,,1328
5554,Eschen,,,1293
5555,Obero,14.0343445,-90.8311951,1488
5556,Escuintla,14.3022857,-90.7866243,1488
5557,Tiquisate,14.1698774,-91.40216866364284,1488
5558,Eskişehir,,,1402
5559,Çifteler,,,1402
5560,Esmeraldas,,,382
5561,Rosa Zárate,,,382
5562,Jamao al Norte,,,345
5563,Moca,19.394647,-70.5261566,345
5564,Vitória,-20.3200917,-40.3376682,893
5565,Vila Velha,,,893
5566,Colatina,-19.5346732,-40.6287836,893
5567,Cachoeiro de Itapemirim,,,893
5568,Santa Leopoldina,-20.0987046,-40.5269434,893
5569,Pinheiros,,,893
5570,Marataízes,,,893
5571,Serra,,,893
5572,Cariacica,,,893
5573,Nova Venécia,,,893
5574,Linhares,,,893
5575,Goed Fortuin,6.7849097,-58.1926874,294
5576,Athis-Mons,48.7079028,2.3890941,7
5577,Brunoy,48.6979312,2.5044613,7
5578,Corbeil-Essonnes,48.6137734,2.4818087,7
5579,Linas,48.6306286,2.2701898,7
5580,Ris-Orangis,,,7
5581,Étampes,,,7
5582,Longjumeau,48.6943793,2.2953297,7
5583,Saint-Michel-sur-Orge,48.6302735,2.3027478,7
5584,Janville-sur-Juine,48.5145802,2.2620863,7
5585,Vigneux-sur-Seine,48.6998552,2.4172117,7
5586,Gironville-sur-Essonne,48.3729686,2.3788223,7
5587,Crosne,48.72046,2.4645591,7
5588,Villebon-sur-Yvette,48.7000046,2.2276489,7
5589,Verrières-le-Buisson,,,7
5590,Orsay,,,7
5591,Juvisy-sur-Orge,,,7
5592,Massy,48.730158,2.2766735,7
5593,Palaiseau,,,7
5594,Draveil,48.6851514,2.4083576,7
5595,Dourdan,,,7
5596,Quincy-sous-Sénart,,,7
5597,Arpajon,,,7
5598,Kigabiro,,,2387
5599,Libreville,,,2122
5600,Cap Estérias,,,2122
5601,Ruokolahti,,,590
5602,Parikkala,,,590
5603,Rautjärvi,,,590
5604,Lappeenranta,61.0583713,28.1862742,590
5605,Imatra,,,590
5606,Savitaipale,61.198266,27.6815422,590
5607,Lemi,,,590
5608,Luumäki,60.9227761,27.5781069,590
5609,Lapua,62.9702783,23.0068628,128
5610,Kuortane,62.8069866,23.5069436,128
5611,Jalasjärvi,62.5000001,22.7499928,128
5612,Ilmajoki,62.731342,22.5797719,128
5613,Kauhajoki,62.431748,22.1841988,128
5614,Teuva,62.486868,21.7420491,128
5615,Seinäjoki,62.7954104,22.8442015,128
5616,Kurikka,,,128
5617,Ähtäri,62.5499772,24.0702272,128
5618,Alavus,,,128
5619,Kauhava,,,128
5620,Karijoki,62.307535,21.7077697,128
5621,Töysä,62.6294855,23.847998609133647,128
5622,Lappajärvi,63.2193382,23.628386,128
5623,Evijärvi,63.3670713,23.4768632,128
5624,Alajärvi,62.9998641,23.8167613,128
5625,Soini,62.8738088,24.2076547,128
5626,Isojoki,,,128
5627,Vimpeli,,,128
5628,Kangasniemi,,,1113
5629,Pieksämäki,,,1113
5630,Savonlinna,61.8689933,28.8797178,1113
5631,Rantasalmi,,,1113
5632,Mikkeli,61.6877956,27.2726569,1113
5633,Hirvensalmi,61.6413044,26.7763836,1113
5634,Mäntyharju,61.415461,26.8797256,1113
5635,Juva,,,1113
5636,Sulkava,,,1113
5637,Punkaharju,61.7561025,29.3892377,1113
5638,Pertunmaa,,,1113
5639,Enonkoski,62.0887054,28.9161938,1113
5640,Conches-en-Ouche,48.9621726,0.9411911,605
5641,Évreux,49.0268903,1.1510164,605
5642,Gisors,49.2789504,1.777826,605
5643,Breux-sur-Avre,48.7619642,1.0825261,605
5644,Alizay,49.3191616,1.1673742,605
5645,Selles,49.3015671,0.5063513,605
5646,Pacy-sur-Eure,49.022177,1.3993636194768608,605
5647,Pont-Audemer,,,605
5648,Étrépagny,49.3065762,1.6110749,605
5649,Bernay,49.0902278,0.5989157,605
5650,Saint-Quentin-des-Isles,49.05167795,0.5752795532241293,605
5651,Saint-Philbert-sur-Risle,49.2949288,0.6497118,605
5652,Illeville-sur-Montfort,49.3263292,0.7264045,605
5653,Amfreville-sous-les-Monts,49.3054774,1.2592252,605
5654,Les Andelys,49.2469193,1.4215534,605
5655,Thiberville,49.1390278,0.4552511,605
5656,Louviers,49.2157245,1.1646335,605
5657,Chartres,48.4438601,1.4881434,141
5658,Béville-le-Comte,48.435865,1.7137625,141
5659,Dreux,,,141
5660,Châteaudun,,,141
5661,Courtalain,48.0833359,1.1363712991697403,141
5662,Dreux-Louvillier Air Base,,,141
5663,Nogent-le-Rotrou,,,141
5664,Maillebois,,,141
5665,Maintenon,48.5865517,1.5773313,141
5666,Santa Ana de Coro,,,1763
5667,Coro,,,1763
5668,Punto Fijo,,,1763
5669,Cardon,11.6764058,-70.11979623203507,1763
5670,Chichiriviche,,,1763
5671,Fox Bay,-51.955849,-60.0711277,1373
5672,Vélé,10.5052394,15.1749086,1907
5673,Yagoua,,,1907
5674,Kissidougou,,,1495
5675,Fargona,,,1073
5676,Quqon (Kokand),,,1073
5677,Margilan,40.3764879,71.7913193,1073
5678,Quva,,,1073
5679,Arsanjan,29.914968,53.3089761,1710
5680,Shiraz,,,1710
5681,Toubacouta,,,2007
5682,Fatick,,,2007
5683,Dunaújváros,,,909
5684,Isztimér,47.2783843,18.1960482,909
5685,Székesfehérvár,,,909
5686,Mór,,,909
5687,Dunapentele,46.9669545,18.9393976,909
5688,Szabadhídvég,46.8228156,18.2810312,909
5689,Ráckeresztúr,47.2739444,18.8340424,909
5690,Csákvár,47.3918045,18.464064,909
5691,Ercsi,47.2519697,18.8983773,909
5692,Sárkeresztúr,47.0061553,18.5481491,909
5693,Soponya,47.0111124,18.4558342,909
5694,Káloz,46.9552227,18.4823562,909
5695,Enying,46.9269341,18.2449727,909
5696,Vál,47.3665339,18.677646,909
5697,Polgárdi,47.0563978,18.3067942,909
5698,Cece,46.77047,18.6291111,909
5699,Csókakő,47.3563896,18.2757791,909
5700,Mezőkomárom,46.8287562,18.2897787,909
5701,Gánt,47.3908585,18.3877802,909
5702,Ferizaj,,,2491
5703,Amandola,,,1612
5704,Montegranaro,43.2324893,13.6315761,1612
5705,Fermo,,,1612
5706,Ferrara,44.8372737,11.6186451,1249
5707,Argenta,44.6143379,11.833842,1249
5708,Cento,,,1249
5709,Bondeno,,,1249
5710,Jolanda di Savoia,44.8824077,11.9793488,1249
5711,Voghiera,44.759074,11.751132,1249
5712,Vigarano Mainarda,44.8434217,11.4944364,1249
5713,Portomaggiore,44.6992584,11.804078,1249
5714,Comacchio,,,1249
5715,Fier,,,2357
5716,Kolonjë,,,2357
5717,Saint-Renan,,,138
5718,Morlaix,,,138
5719,Quimper,,,138
5720,Concarneau,47.8757017,-3.9223889,138
5721,Plouguerneau,48.6063358,-4.506818,138
5722,Landerneau,,,138
5723,Carhaix-Plouguer,,,138
5724,Landivisiau,,,138
5725,Douarnenez,,,138
5726,Penhars,47.989148,-4.130778,138
5727,Dinéault,,,138
5728,Plougastel-Daoulas,48.3742317,-4.369679,138
5729,Peumérit,47.9394448,-4.3092413,138
5730,Crozon,48.2463989,-4.4894463,138
5731,Saint-Pol-de-Léon,48.6849601,-3.9868641,138
5732,Bohars,48.428823,-4.5155977,138
5733,Brasparts,48.3019638,-3.9558632,138
5734,Plougasnou,48.6959132,-3.7922304,138
5735,Plouzané,48.3817165,-4.6212044,138
5736,Lambézellec,48.4157509,-4.4924318,138
5737,Guerlesquin,48.517454,-3.588165,138
5738,Plouédern,48.4841517,-4.2459354,138
5739,Lampaul-Guimiliau,,,138
5740,Garlan,48.6015153,-3.7577006,138
5741,Saint-Martin-des-Champs,48.574994,-3.8439407,138
5742,Marradi,44.0757376,11.6128962,709
5743,Firenze,,,709
5744,Sesto Fiorentino,,,709
5745,Bagno a Ripoli,43.752172,11.3199949,709
5746,Scandicci,43.7567104,11.1847619,709
5747,Vicchio,43.9332355,11.4652902,709
5748,Lastra a Signa,43.770985,11.107215,709
5749,Fucecchio,,,709
5750,Empoli,43.7194884,10.9458556,709
5751,Castelfiorentino,,,709
5752,Barberino di Mugello,44.0005414,11.2383808,709
5753,Fiesole,,,709
5754,Campi Bisenzio,43.8216342,11.1366776,709
5755,Capraia e Limite,43.7595634,10.9996997,709
5756,Borgo San Lorenzo,,,709
5757,Calenzano,,,709
5758,Lelystad,,,1234
5759,Almere,,,1234
5760,Zuidelijke IJsselmeerpolders,,,1234
5761,Emmeloord,,,1234
5762,Tampa,,,327
5763,Miami,,,327
5764,Orlando,,,327
5765,Hollywood,,,327
5766,Fort Lauderdale,26.1223084,-80.1433786,327
5767,North Miami,,,327
5768,New Smyrna Beach,,,327
5769,Plantation,27.0637262,-82.3651631,327
5770,Pompano Beach,,,327
5771,Tallahassee,,,327
5772,Panama City,,,327
5773,Delray Beach,,,327
5774,Winter Park,,,327
5775,West Palm Beach,,,327
5776,Fort Myers,,,327
5777,Orange Park,,,327
5778,Chamizo,-34.2436011,-55.9170096,327
5779,Gainesville,29.6519684,-82.3249846,327
5780,Bradenton,,,327
5781,Sunrise,,,327
5782,Jupiter,,,327
5783,Punta Gorda,,,327
5784,Cape Coral,,,327
5785,Ocala,,,327
5786,Pensacola,30.421309,-87.2169149,327
5787,Coral Springs,,,327
5788,Eustis,,,327
5789,Pembroke Pines,,,327
5790,Davie,,,327
5791,Altamonte Springs,,,327
5792,Port Charlotte,,,327
5793,Coral Gables,25.7331105,-80.2585107,327
5794,Naples,,,327
5795,Daytona Beach,29.2108147,-81.0228331,327
5796,Boca Raton,,,327
5797,Deland,,,327
5798,Winter Garden,,,327
5799,Bagdad,,,327
5800,Osprey,,,327
5801,Apopka,,,327
5802,Parkland,,,327
5803,Palatka,29.6487882,-81.6372111,327
5804,Shalimar,,,327
5805,Avon Park,27.5960827,-81.5060858,327
5806,Eglin Air Force Base,,,327
5807,Sarasota,,,327
5808,Sanford,28.8117345,-81.2680223,327
5809,Clearwater,,,327
5810,Fort Walton Beach,,,327
5811,Key West,24.5548262,-81.8020722,327
5812,Winter Haven,28.0222435,-81.7328568,327
5813,Merritt Island,28.3581193,-80.6968385,327
5814,Palmetto,,,327
5815,Cocoa Beach,28.3184107,-80.6094959,327
5816,Fort Meade,,,327
5817,Brooksville,,,327
5818,Lake Wales,,,327
5819,Hialeah,25.8575963,-80.2781057,327
5820,Green Cove Springs,29.9919779,-81.6781097,327
5821,Indian Harbour Beach,,,327
5822,North Palm Beach,,,327
5823,Melbourne,,,327
5824,Mohawk,28.5722219,-81.7297981,327
5825,Kissimmee,,,327
5826,Tequesta,,,327
5827,Altha,30.5704721,-85.1271442,327
5828,Tarpon Springs,,,327
5829,Fort Pierce,27.4467056,-80.3256056,327
5830,Milton,,,327
5831,Lakeland,28.0394654,-81.9498042,327
5832,Bartow,,,327
5833,Miami Shores,,,327
5834,Dunedin,,,327
5835,Brandon,,,327
5836,Boynton Beach,,,327
5837,Foggia,,,354
5838,Cerignola,41.2648121,15.8996651,354
5839,Isole Tremiti,42.11480025,15.487123914464329,354
5840,San Severo,41.6897761,15.3776211,354
5841,San Paolo di Civitate,41.738336,15.260241,354
5842,San Giovanni Rotondo,,,354
5843,Margherita di Savoia,41.40996455,16.01900805001686,354
5844,Orta Nova,,,354
5845,Bertinoro,44.148665,12.134235,869
5846,Forlì,,,869
5847,Bagno di Romagna,43.8352272,11.9595985,869
5848,Savignano sul Rubicone,44.0925118,12.3991309,869
5849,Cesena,,,869
5850,Formosa,,,2438
5851,Višegrad,,,476
5852,Foča,43.5194263,18.7769457,476
5853,Tegucigalpa,14.1057433,-87.2040052,1950
5854,Distrito Central,,,1950
5855,Francistown,-21.165054,27.508515,1887
5856,Bloemfontein,,,507
5857,Kroonstad,,,507
5858,Winburg,-28.516667,27.010833,507
5859,Petrusburg,,,507
5860,Welkom,,,507
5861,Phuthaditjhaba,,,507
5862,Wepener,,,507
5863,Allanridge,,,507
5864,Odendaalsrus,,,507
5865,Theunissen,,,507
5866,Ladybrand,-29.192706,27.457589,507
5867,Villiers,,,507
5868,Harrismith,,,507
5869,Hoopstad,-27.834182,25.912649,507
5870,Marquard,-28.6638889,27.4302778,507
5871,Petrus Steyn,,,507
5872,Boshof,,,507
5873,Brandfort,,,507
5874,Kulwanong,,,507
5875,Fribourg,,,1229
5876,Salvenach,,,1229
5877,Grolley,,,1229
5878,Massonnens,,,1229
5879,Charmey,,,1229
5880,Châtel-Saint-Denis,,,1229
5881,Tafers,46.8152805,7.2167886,1229
5882,Dirlaret,,,1229
5883,Domdidier,46.86108655,7.018872490731514,1229
5884,Oberschrot,,,1229
5885,Albeuve,,,1229
5886,Murten,46.9288643,7.1163909,1229
5887,Wünnewil-Flamatt,,,1229
5888,Orsonnens,,,1229
5889,Givisiez,,,1229
5890,Ménières,,,1229
5891,Gruyères,46.5836823,7.08159,1229
5892,Le Mouret,,,1229
5893,Joure,52.9644286,5.8026709,253
5894,Smallingerland,53.11525265,6.050738915587699,253
5895,Leeuwarden,53.2005936,5.7918548,253
5896,Grouw,53.0936536,5.8322342,253
5897,Sneek,53.033548,5.6611029,253
5898,Haule,,,253
5899,Giekerk,,,253
5900,Drachten,53.1091111,6.0948102,253
5901,Lemmer,52.8444859,5.7099136,253
5902,Akkrum,53.0501248,5.8362304,253
5903,Heerenveen,,,253
5904,Hallum,,,253
5905,Schraard,53.0802433,5.4504508,253
5906,Workum,52.9778491,5.4464091,253
5907,Harlingen,,,253
5908,Hollum,,,253
5909,Franeker,,,253
5910,Oldeberkoop,,,253
5911,Hindeloopen,,,253
5912,Lekkum,53.2252413,5.8194535,253
5913,Ooststellingwerf,,,253
5914,Follega,52.88459415,5.720320774614152,253
5915,Wolvega,,,253
5916,Sonnega,,,253
5917,Balk,52.8989296,5.5830455,253
5918,Sint Jacobiparochie,,,253
5919,Ureterp,,,253
5920,Scharsterbrug,,,253
5921,Dokkum,53.3243515,5.9992306,253
5922,Dearsum,,,253
5923,Rinsumageest,,,253
5924,Wommels,53.1090154,5.5881082,253
5925,Bantega,,,253
5926,Ruigahuizen,,,253
5927,Súdwest Fryslân,,,253
5928,Nieuweschoot,,,253
5929,Wijckel,,,253
5930,Paessens,,,253
5931,Bolsward,,,253
5932,Appelscha,,,253
5933,Murmerwoude,,,253
5934,Beetsterzwaag,,,253
5935,Roccasecca,,,205
5936,Frosinone,,,205
5937,Sora,41.7203358,13.6139576,205
5938,Anagni,41.74472,13.152694,205
5939,Arpino,40.8897201,14.3205895,205
5940,Atina,41.620199,13.7999785,205
5941,Casalvieri,41.6314023,13.7129928,205
5942,Ferentino,,,205
5943,Fuan,26.8374358,119.7128302,27
5944,Changle,,,27
5945,Longyan,,,27
5946,Fuzhou,,,27
5947,Putian,25.4965882,118.8500963,27
5948,Xiamen,,,27
5949,Fuqing,,,27
5950,Shaowu,,,27
5951,Dongshan,,,27
5952,Shanghang County,,,27
5953,Shunchang County,,,27
5954,Zhangzhou (Changchow),,,27
5955,Quanzhou,25.1901863,118.338717,27
5956,Shaxian,,,27
5957,Minqing,26.1901088,118.7498961,27
5958,Yongtai,25.8706124,118.9278013,27
5959,Anxi,25.0582843,118.1817065,27
5960,Gutian,26.581454,118.7414422,27
5961,Ningde,,,27
5962,Sanming,,,27
5963,Xianyou,,,27
5964,Jinjiang,,,27
5965,Pingnan,,,27
5966,Fukui,,,954
5967,Echizen,35.9034571,136.1689317,954
5968,Ikeda,,,954
5969,Minamiechizen,,,954
5970,Wakasa,35.5432385,135.9051269,954
5971,Katsuyama,,,954
5972,Fukuoka,,,218
5973,Chikushino,,,218
5974,Omuta,,,218
5975,Kurume,,,218
5976,Nogata,33.743936,130.7297462,218
5977,Nakagawa,,,218
5978,Kama,,,218
5979,Miyama,,,218
5980,Kitakyushu,33.8829996,130.8749015,218
5981,Ashiya,33.904468,130.6690259,218
5982,Onojo,,,218
5983,Yanagawa,33.1630969,130.4058091,218
5984,Ogori,,,218
5985,Nijo,,,218
5986,Chikuzen,,,218
5987,Iizuka,33.646594,130.6911579,218
5988,Kasuga,,,218
5989,Sasaguri,,,218
5990,Kanda,,,218
5991,Koriyama,37.404937,140.333381,735
5992,Aizuwakamatsu,,,735
5993,Yabuki,,,735
5994,Fukushima,37.75454,140.4592144,735
5995,Nihonmatsu,,,735
5996,Shirakawa,36.119378,136.88959,735
5997,Koori,37.8494899,140.5165329,735
5998,Futaba,,,735
5999,Iwaki,37.0504227,140.8876338,735
6000,Inawashiro,,,735
6001,Furudono,37.0892169,140.5557062,735
6002,Nishigo,,,735
6003,Ishikawa,,,735
6004,Omotego,,,735
6005,Haramachi,,,735
6006,Aizubange,37.5614676,139.8217696,735
6007,Kagamiishi,37.2527196,140.3436649,735
6008,Funafuti,,,2397
6009,Fès (Fez),,,759
6010,Taza,34.230155,-4.010104,759
6011,Ain Taoujdate,,,759
6012,Meknès,,,759
6013,Douar Ait Chaïb,,,759
6014,Ifrane,,,759
6015,Karia Ba Mohamed,,,759
6016,Ribate El Kheir,,,759
6017,Ain Kansara,,,759
6018,Azrou,,,759
6019,Füzuli,,,2520
6020,Răuțel,47.7090233,27.7780539,1805
6021,Făgădău,,,1805
6022,Gaborone,,,2298
6023,Sevlievo,43.0263036,25.1040867,102
6024,Gabrovo,,,102
6025,Tryavna,42.8674135,25.4924992,102
6026,Gabès,33.8878082,10.10044,1565
6027,Gabú,12.2819517,-14.2260818,1819
6028,Madina do Boe,,,1819
6029,Sidi-Aich,,,1668
6030,Gafsa,,,1668
6031,Drăgușeni,,,504
6032,Liești,45.6160115,27.5442181,504
6033,Galați,,,504
6034,Cudalbi,,,504
6035,Căvădinești,46.0586507,28.0255037,504
6036,Oancea,,,504
6037,Nicorești,,,504
6038,Pechea,,,504
6039,Slivna,46.0843628,27.9415342,504
6040,Munteni,45.9276425,27.4404537,504
6041,Caşinul Nou,,,504
6042,Tecuci,,,504
6043,Piscu,45.5015556,27.7283987,504
6044,Braniștea,,,504
6045,Cosmești,45.8688047,27.3083278,504
6046,Bucești,,,504
6047,Berești-Meria,46.0852578,27.9021269,504
6048,Lissyconor,53.6338564,-8.66790890998181,697
6049,Renvyle,53.6071548,-9.986084798121134,697
6050,Knocknacarra,53.2687291,-9.1090937,697
6051,Portumna,53.0923333,-8.2192922,697
6052,Galway,43.0186858,-74.0315162,697
6053,Loughrea,53.1981624,-8.5690594,697
6054,Letterfrack,53.553524,-9.9483002,697
6055,Athenry,53.2991901,-8.7468297,697
6056,Spidéal,,,697
6057,Oranmore,,,697
6058,Williamstown,,,697
6059,Oughterard,,,697
6060,Ballyglunin,53.4310758,-8.7935318,697
6061,Gambella,,,2518
6062,Manakamana,27.9087241,84.5688566,689
6063,Syangja,28.0445533,83.82766996387215,689
6064,Daraun-Sirubari ,,,689
6065,Yangyang County,,,226
6066,Gangneung,,,226
6067,Cheolweon,,,226
6068,Taebaek,,,226
6069,Hoengseong County,,,226
6070,Sokcho,,,226
6071,Wonju,,,226
6072,Chuncheon,,,226
6073,Pyeongchang,,,226
6074,Goseong county,,,226
6075,Samchok,,,226
6076,Hongcheon,,,226
6077,Jumunjin,,,226
6078,Jongseon,,,226
6079,Pingliang,,,2132
6080,Dingxi,,,2132
6081,Zhuanglang,,,2132
6082,Jiuquan,,,2132
6083,Lanzhou,,,2132
6084,Qingyang,,,2132
6085,Huining County,,,2132
6086,Lintao,,,2132
6087,Sharm el-Sheikh,,,2530
6088,Alès,,,9
6089,La Grand-Combe,44.2102417,4.0294228,9
6090,Nîmes,,,9
6091,Argilliers,43.9795235,4.4954023,9
6092,Bagnols-sur-Cèze,,,9
6093,Sardan,43.8738,4.04227,9
6094,Aramon,,,9
6095,Saint-Geniès-de-Malgoirès,43.9461726,4.2169644,9
6096,Uzès,44.0121279,4.4196718,9
6097,Aimargues,43.6848937,4.2095434,9
6098,Le Cailar,43.6739623,4.2360094,9
6099,Deki Shehaye,,,2456
6100,Tembisa,,,423
6101,Benoni,-26.1930356,28.3082376,423
6102,Johannesburg,,,423
6103,Pretoria,,,423
6104,Sandton,,,423
6105,Springs,-26.243056,28.431667,423
6106,Vereeniging,-26.6747222,27.9261111,423
6107,Edenvale,-26.1366667,28.1511111,423
6108,Nigel,,,423
6109,Randfontein,-26.173611,27.694167,423
6110,Krugersdorp,,,423
6111,Boksburg,,,423
6112,Germiston,,,423
6113,Mthatha,,,423
6114,Westonaria,,,423
6115,Orange Farm,,,423
6116,Kempton Park,,,423
6117,Alberton,,,423
6118,Roodepoort,,,423
6119,Soweto,,,423
6120,Vanderbijlpark,,,423
6121,Mohlakeng,,,423
6122,Brakpan,-26.235278,28.37,423
6123,Mamelodi,,,423
6124,Randburg,,,423
6125,Rayton,-25.740067,28.533168,423
6126,Gaziantep,,,1769
6127,Gaider Ai Borau,,,2012
6128,Tazagyukh,,,1859
6129,Geghard,,,1859
6130,Martuni,,,1859
6131,Vardenis,,,1859
6132,Vuren,51.8246914,5.0481559,247
6133,Nijmegen,,,247
6134,Arnhem,,,247
6135,Wageningen,51.9750995,5.6636754,247
6136,Ophemert,51.8441858,5.3868115,247
6137,Zaltbommel,51.782164,5.189826737158967,247
6138,Zevenaar,51.9279081,6.077526279085048,247
6139,Hall,52.1107509,6.1034783,247
6140,Wehl,51.9571754,6.2137189,247
6141,Apeldoorn,52.17957375,5.930077460807249,247
6142,Eefde,52.1709839,6.2269387,247
6143,Wijchen,,,247
6144,Winterswijk,,,247
6145,Oude IJsselstreek,,,247
6146,Eibergen,,,247
6147,Ede,,,247
6148,Zeddam,,,247
6149,Ermelo,52.2858356,5.654938589920705,247
6150,Zelhem,52.0068482,6.3500598,247
6151,Culemborg,,,247
6152,Hoevelaken,52.1757138,5.4577033,247
6153,Neede,52.1350286,6.6113394,247
6154,Barneveld,52.17150665,5.645439249954029,247
6155,Groenlo,,,247
6156,Heerde,,,247
6157,Lochem,52.17151315,6.343658160434859,247
6158,Doetinchem,51.9585348,6.281455126241391,247
6159,Westervoort,,,247
6160,Asperen,,,247
6161,Renkum,51.99168495,5.791692252659134,247
6162,Elst,51.9187914,5.8452555,247
6163,Zutphen,,,247
6164,Lobith,51.8615431,6.1176754,247
6165,Dinxperlo,51.863757,6.4879872,247
6166,Elburg,52.41565915,5.841321708557087,247
6167,Zuuk,,,247
6168,Hierden,,,247
6169,Lienden,51.9457517,5.5152908,247
6170,Voorst,52.2374112,6.086274393475191,247
6171,Heesselt,51.8136638,5.3466168,247
6172,Putten,,,247
6173,Tiel,51.89242535,5.430438174137935,247
6174,Wapenveld,,,247
6175,Silvolde,51.9134729,6.386857,247
6176,Gendringen,51.8722058,6.3750059,247
6177,Hummelo en Keppel,52.0057887,6.1977462,247
6178,Harderwijk,,,247
6179,Dieren,52.0526703,6.1014431,247
6180,Brummen,,,247
6181,Rheden,,,247
6182,Twello,,,247
6183,Rossum,,,247
6184,Oosterbeek,51.9884489,5.8420484,247
6185,Empe,,,247
6186,Hengelo,52.0522752,6.3112579,247
6187,Epe,,,247
6188,Oldebroek,52.45673635,5.951864370961877,247
6189,Enspijk,,,247
6190,Kerkdriel,51.7712409,5.33749,247
6191,Varsseveld,,,247
6192,Wekerom,52.1118306,5.7157689,247
6193,Didam,,,247
6194,Buren,51.92963705,5.420000238944224,247
6195,Ederveen,,,247
6196,Hattem,52.4773176,6.0560015,247
6197,Lichtenvoorde,51.9890577,6.5716944,247
6198,Doornspijk,,,247
6199,Gaanderen,,,247
6200,Genova (Genoa),44.40726,8.9338624,199
6201,Santa Margherita Ligure,44.3339761,9.2111267,199
6202,Chiavari,,,199
6203,Sestri Levante,44.2714526,9.3958627,199
6204,Rapallo,,,199
6205,Bogliasco,44.3790556,9.0679508,199
6206,Camogli,44.349247,9.158863,199
6207,Lavagna,44.3121536,9.3417059,199
6208,Sori,44.3733735,9.1044467,199
6209,Recco,44.3652396,9.1462995,199
6210,Genève (Geneva),46.2017559,6.1466014,181
6211,Lancy,,,181
6212,Les Eaux-Vives,46.2040219,6.1615598,181
6213,Meyrin,,,181
6214,Versoix,,,181
6215,Bellevue,46.255,6.154317,181
6216,Grande Saconnex,,,181
6217,Chêne-Bougeries,,,181
6218,Chêne-Bourg,46.1942388,6.1934779,181
6219,Genthod,46.2644177,6.1570636,181
6220,Cologny,46.2163962,6.1817613,181
6221,Carouge,,,181
6222,Atlanta,,,465
6223,Austell,,,465
6224,Bainbridge,,,465
6225,Newnan,,,465
6226,Savannah,,,465
6227,Griffin,,,465
6228,Columbus,,,465
6229,Moreland,,,465
6230,Eastman,,,465
6231,Carrollton,,,465
6232,Snellville,,,465
6233,Quitman,,,465
6234,Evans,,,465
6235,Marietta,,,465
6236,Decatur,,,465
6237,Conyers,,,465
6238,Fort Gaines,31.6066885,-85.0479573,465
6239,Calhoun,31.5311784,-84.614328,465
6240,Augusta,33.4709714,-81.9748429,465
6241,Kennesaw,,,465
6242,Fort Gordon,,,465
6243,Macon,,,465
6244,Chickamauga,34.8711497,-85.2902472,465
6245,McRae,,,465
6246,Jesup,,,465
6247,Dawson County,,,465
6248,Temple,,,465
6249,Jakin,,,465
6250,Cordele,,,465
6251,Buford,34.1206564,-84.0043513,465
6252,Dearing,33.4131947,-82.3851255,465
6253,Fitzgerald,,,465
6254,Toccoa,34.5774368,-83.332881,465
6255,Forsyth,34.235309,-84.1335644,465
6256,College Park,,,465
6257,Whitesville,32.8185964,-85.03185580485237,465
6258,Waycross,,,465
6259,Cairo,30.876607,-84.20019929215405,465
6260,Vienna,,,465
6261,Stone Mountain,,,465
6262,Rome,,,465
6263,Blakely,,,465
6264,Moultrie,31.179998,-83.7887928,465
6265,LaGrange,,,465
6266,Wrightsville,,,465
6267,Lawrenceville,,,465
6268,Colquitt,31.1803601,-83.7696152,465
6269,Sarriá de Ter,,,485
6270,San Gregorio,40.2958455,-3.7919031,485
6271,Rosas,42.2632018,3.1755328,485
6272,Hostalrich,,,485
6273,Gerona,41.9793006,2.8199439,485
6274,Bañolas,42.1180477,2.7653607,485
6275,Ribes de Freser,,,485
6276,Banyoles,,,485
6277,Olot,42.1822177,2.4890211,485
6278,Besalú,42.1986443,2.6959559,485
6279,Portbou,42.4274333,3.1588785,485
6280,Vilamalla,42.2165982,2.9708293,485
6281,Blanes,,,485
6282,Camprodón,,,485
6283,Puigcerdá,,,485
6284,Palafrugell,,,485
6285,Puerto de la Selva,,,485
6286,Llers,42.2956869,2.9114592,485
6287,Figueras,,,485
6288,Lloret de Mar,,,485
6289,Salt,,,485
6290,Camós,42.0938831,2.7674256,485
6291,Esponellà,42.1773757,2.7955223,485
6292,Bescanó,,,485
6293,Santa Coloma de Farnés,,,485
6294,Lladó,,,485
6295,Fleurance,43.849295,0.6640617,606
6296,Sainte-Gemme,43.7825,0.8002778,606
6297,Auch,43.6463558,0.5850507,606
6298,Castillon-Savès,43.5696379,0.9857109,606
6299,Condom,,,606
6300,Geneina,,,2286
6301,Muglad,,,2304
6302,Ghazza (Gaza),,,2232
6303,Gibraltar,36.1285933,-5.3474761,1686
6304,Gifu,35.4094858,136.7569769,364
6305,Ono,35.469701,136.6276115,364
6306,Takayama,,,364
6307,Kakamigahara,,,364
6308,Ginan,35.38982,136.7824996,364
6309,Tajimi,,,364
6310,Mino,,,364
6311,Kaizu,,,364
6312,Kani,,,364
6313,Ena,35.4492674,137.412703,364
6314,Gujo,,,364
6315,Kagamihara,,,364
6316,Yoro,,,364
6317,Masal,,,1502
6318,Bandar-e Anzali,,,1502
6319,Rudbar,,,1502
6320,Rasht,,,1502
6321,Roudsar,38.4115515,48.8729723,1502
6322,Astaneh-ye Ashrafiyeh,,,1502
6323,Gilgit,,,2324
6324,Tirebolu,,,1849
6325,Giresun,,,1849
6326,Bordeaux,,,1
6327,Cenon,,,1
6328,Saint-Quentin-de-Baron,44.8226575,-0.2864432,1
6329,Talence,44.8088438,-0.5879629,1
6330,Pessac,,,1
6331,Arcachon,44.6616428,-1.1700018,1
6332,Blaye,45.1271231,-0.6635964,1
6333,Audenge,,,1
6334,Lesparre-Médoc,45.3081854,-0.9379402,1
6335,Langon,,,1
6336,Saint-André-de-Cubzac,44.9954151,-0.4440957,1
6337,Cantenac,45.03069115,-0.6751164838611059,1
6338,Mérignac,44.842168,-0.6469022,1
6339,Saint-Christoly-de-Blaye,45.1298707,-0.5076217,1
6340,Sainte-Foy-la-Grande,,,1
6341,Caudéran,44.8517968,-0.6175077,1
6342,Libourne,44.9133742,-0.2427217,1
6343,Gardegan-et-Tourtirac,44.89288765,-0.0178530782347988,1
6344,Bassens,44.9015003,-0.5163222,1
6345,Gradignan,44.7739701,-0.613907,1
6346,Bruges,,,1
6347,Bègles,44.8074559,-0.5488542,1
6348,Castillon-de-Castets,44.5502635,-0.108847981505018,1
6349,Vignonet,44.8489189,-0.1501143516837184,1
6350,Le Bouscat,44.8661755,-0.5992399,1
6351,Ambarès-et-Lagrave,,,1
6352,Saint-Maixant,44.5763263,-0.2562941,1
6353,La Réole,44.5818395,-0.0391639,1
6354,Facture-Biganos,44.6372409,-0.966178,1
6355,Saint-Germain-de-Grave,44.6218024,-0.2187164,1
6356,Saint-Magne-de-Castillon,44.8640404,-0.0686049,1
6357,Sauveterre-de-Guyenne,44.6928333,-0.0862892,1
6358,La Teste-de-Buch,44.6316943,-1.1491319,1
6359,Margaux-Cantenac,,,1
6360,Sablons,45.025378,-0.1941431,1
6361,Castillon-la-Bataille,44.8533324,-0.0450873,1
6362,Podensac,44.6508185,-0.3557651,1
6363,Saint-Denis-de-Pile,44.9918062,-0.2054117,1
6364,Saint-Symphorien,44.4304772,-0.4912919,1
6365,Gisborne,,,266
6366,Rangitukia,-37.7707554,178.4589215,266
6367,Bucșani,44.3691185,25.6605398,1551
6368,Daia,43.9882492,25.9913041,1551
6369,Valea Dragului,44.2110514,26.302972,1551
6370,Comana,,,1551
6371,Herăști,,,1551
6372,Giurgiu,,,1551
6373,Adunații-Copăceni,,,1551
6374,Bolintin-Vale,,,1551
6375,Junik,42.4761209,20.2773737,665
6376,Deçan,,,665
6377,Gjakova,42.3798793,20.4316226,665
6378,Viti,,,2449
6379,Kamenica,,,2449
6380,Gjirokastër,,,2237
6381,Glarus,,,1361
6382,Glarus Süd,,,1361
6383,Glarus Nord,,,1361
6384,Ribandar,,,1380
6385,Anjuna,15.5848651,73.7439438,1380
6386,São Miguel do Araguaia,,,1312
6387,Goiânia,-16.680882,-49.2532691,1312
6388,Luziânia,,,1312
6389,Itumbiara,,,1312
6390,Itapaci,-14.9522349,-49.5511221,1312
6391,Barro Alto,,,1312
6392,Pirenópolis,,,1312
6393,Perijuí,,,1312
6394,Mozarlândia,-14.7457049,-50.5713211,1312
6395,Anápolis,,,1312
6396,Bandar Torkaman,,,1829
6397,Gorgan,,,1829
6398,Now Kandeh,36.7400119,53.9094891,1829
6399,Dar Kalateh,,,1829
6400,Kordkuy,,,1829
6401,Gonbad-e Kavus,,,1829
6402,Uwherun,,,1992
6403,Hotavlje,,,2503
6404,Gorizia,45.9441278,13.6252288,404
6405,Mariano del Friuli,,,404
6406,Cormons,45.957791,13.4709541,404
6407,Turriaco,45.8199807,13.4466863,404
6408,Doberdò del Lago,45.8446301,13.5401419,404
6409,Ronchi dei Legionari,,,404
6410,Grado,45.6781065,13.3979091,404
6411,Monfalcone,45.8049454,13.5330592,404
6412,Staranzano,45.8058213,13.5002599,404
6413,Târgu Cărbunești,,,1634
6414,Căpreni,,,1634
6415,Tuburea,,,1634
6416,Târgu Jiu,45.0422947,23.2728118,1634
6417,Mogosani,45.053735,23.5351641,1634
6418,Zgornje Gorje,,,2177
6419,Gostivar,,,2252
6420,Visby,,,1223
6421,Fårösund,,,1223
6422,Västerhejde,57.5855927,18.227334,1223
6423,Väskinde,,,1223
6424,Alva,,,1223
6425,Othem,57.7457171,18.7377512,1223
6426,Stånga,57.2814458,18.4714278,1223
6427,Puerto Lempira,,,2258
6428,Zagreb,45.84264135,15.962231476593626,478
6429,Kašina,45.9096473,16.1244822,478
6430,Velika Gorica,45.7505383,15.9616762,478
6431,Srednjaci,45.7911259,15.941265,478
6432,Armilla,,,488
6433,Huéscar,37.8086268,-2.5398775,488
6434,Motril,,,488
6435,Guadix,,,488
6436,Arenas del Rey,36.9577036,-3.8944117,488
6437,Padul,,,488
6438,La Zubia,37.1206862,-3.5850833,488
6439,Orce,,,488
6440,Paulenca,37.2942432,-3.1696249,488
6441,Santa Fe,37.1895171,-3.7183561,488
6442,Baza,,,488
6443,Sasstown Territory,,,1975
6444,Moroni,,,2291
6445,Iconi,,,2291
6446,Ouellah Mitsamiouli,,,2291
6447,Manzanillo,20.3452734,-77.1199723,366
6448,Jiguaní,20.3700559,-76.4272225,366
6449,Buey Arriba,,,366
6450,Bartolomé Masó,,,366
6451,Bayamo,,,366
6452,Pilón,,,366
6453,Media Luna,,,366
6454,Guisa,,,366
6455,Campechuela,,,366
6456,Cauto Cristo,,,366
6457,Río Cauto,20.5592012,-76.9165406,366
6458,Niquero,,,366
6459,Poschiavo,,,1187
6460,Chur,,,1187
6461,Arosa,,,1187
6462,Thusis,,,1187
6463,Zuoz,,,1187
6464,Rhäzüns,,,1187
6465,Sankt Moritz,,,1187
6466,Davos,,,1187
6467,Samedan,,,1187
6468,Flims,,,1187
6469,Monstein,,,1187
6470,Tamins,,,1187
6471,Scuol,,,1187
6472,Sils Maria,,,1187
6473,Klosters,,,1187
6474,Schiers,,,1187
6475,Cumbel,,,1187
6476,Brusio,,,1187
6477,Tomils,,,1187
6478,Arvigo,,,1187
6479,Says,46.9038319,9.5770589,1187
6480,Santa Maria Val Müstair,,,1187
6481,Mesocco,46.392173,9.2325189,1187
6482,Rossa,,,1187
6483,Lenzerheide,,,1187
6484,Masein,,,1187
6485,Samnaun,,,1187
6486,Langwies,,,1187
6487,Brigels,,,1187
6488,Maienfeld,47.0077288,9.5309225,1187
6489,Valbella,,,1187
6490,Disentis,,,1187
6491,Castasegna,,,1187
6492,Lohn,,,1187
6493,Bever,,,1187
6494,Luzein,,,1187
6495,Grono,,,1187
6496,Vella,,,1187
6497,Laax,,,1187
6498,Igis,,,1187
6499,Churwalden,,,1187
6500,Accra,5.5571096,-0.2012376,667
6501,Tema,5.6596441,-0.0096592,667
6502,Amasaman,,,667
6503,Bukrom,,,667
6504,Echternach,49.71567,6.5006772,408
6505,Mensdorf,,,408
6506,Bech-Kleinmacher,,,408
6507,Gonderange,49.692659,6.2443508,408
6508,Grevenmacher,49.6808856,6.4353764,408
6509,Dalheim,,,408
6510,Elvange,,,408
6511,Manternach,49.7071605,6.4243373,408
6512,Groningen,,,782
6513,Aduard,,,782
6514,Veendam,,,782
6515,Sauwerd,,,782
6516,Musselkanaal,52.930435,7.0221573,782
6517,Scheemda,53.177619,6.971654,782
6518,Winschoten,53.143001,7.0380717,782
6519,Heiligerlee,53.1554663,7.0074743,782
6520,Grijpskerk,,,782
6521,Ten Boer,,,782
6522,Appingedam,53.3203563,6.8577654,782
6523,Ter Apel,52.8742433,7.0617746,782
6524,Wildervank,53.0852546,6.8664148,782
6525,Sappemeer,,,782
6526,Slochteren,,,782
6527,Stedum,,,782
6528,Nieuwe Pekela,53.0786257,6.9684353,782
6529,Harendermolen,53.1489972,6.6239921,782
6530,Hoogkerk,53.2150401,6.5014133,782
6531,Gros Islet,,,1956
6532,Grosseto,,,355
6533,Orbetello,42.4380944,11.2107429,355
6534,Gavorrano,,,355
6535,Kuhsdorf,53.1157046,12.100979521016445,1778
6536,Guadalajara,20.705413,-103.3904677,1197
6537,Málaga del Fresno,40.7892213,-3.2470091,1197
6538,Pastrana,40.4178968,-2.9225859,1197
6539,Alovera,40.5953625,-3.2488046,1197
6540,Yunquera de Henares,40.7546981,-3.1662667,1197
6541,Yélamos de Arriba,40.639999,-2.84297,1197
6542,Longgu,,,2010
6543,Les Abymes,,,598
6544,Pointe-à-Pitre,16.2408636,-61.5334077,598
6545,Pointe-Noire,16.2328276,-61.7896133,598
6546,Basse-Terre,,,598
6547,Saint-Claude,,,598
6548,Petit-Bourg,16.1913912,-61.5903488,598
6549,Le Moule,16.3316709,-61.3476233,598
6550,Vieux-Habitants,,,598
6551,Sainte-Anne,16.225685,-61.3859128,598
6552,Deshaies,,,598
6553,Bouillante,16.1319557,-61.7699572,598
6554,Sainte Rose,16.3327353,-61.698147,598
6555,Goyave,16.1339637,-61.5742593,598
6556,Grand-Bourg,,,598
6557,Tamuning,,,1314
6558,Hagåtña,,,1314
6559,Mangilao,,,1314
6560,Mongmong-Toto-Maite,,,1314
6561,Agana Heights,,,1314
6562,Nicoya,,,1466
6563,Liberia,,,1466
6564,Palma,10.2611465,-85.7258271,1466
6565,León,16.1299837,-93.0235577,773
6566,Salamanca,,,773
6567,Guanajuato,21.0158848,-101.25284,773
6568,Valle de Santiago,20.3916556,-101.193665,773
6569,Celaya,,,773
6570,Irapuato,20.6758761,-101.3521052,773
6571,Dolores Hidalgo,,,773
6572,Salvatierra,20.1926546,-100.8659931344002,773
6573,San Luis de la Paz,21.2970466,-100.516269,773
6574,Comonfort,20.7195913,-100.7610712,773
6575,Apaseo el Grande,20.59193265,-100.59798678636592,773
6576,La Sauceda,,,773
6577,Guangzhou (Canton),,,155
6578,Chaozhou,,,155
6579,Zhongshan,,,155
6580,Shilong,21.9957741,110.7280828,155
6581,Dongguan,,,155
6582,Nanhai,23.0314096,113.1375151,155
6583,Luoding,22.6925875,111.4851366,155
6584,Chenghai,,,155
6585,Zhuhai,,,155
6586,Shantou,,,155
6587,Zhanjiang,,,155
6588,Haifeng,,,155
6589,Yunfu,,,155
6590,Jiangmen,,,155
6591,Meizhou,,,155
6592,Heshan,,,155
6593,Xinhui,22.3836907,113.0328366,155
6594,Huizhou,,,155
6595,Sihui,,,155
6596,Zhaoqing,,,155
6597,Shenzhen,,,155
6598,Yingde,24.2079886,113.3962832,155
6599,Xingning,24.2579216,115.7531534,155
6600,Huiyang,22.7919985,114.4514439,155
6601,Panyu,,,155
6602,Dongfeng,22.7050424,113.2494785,155
6603,Enping,22.2525211,112.2876964,155
6604,Yanjiang,,,155
6605,Sanshui,,,155
6606,Shunde,22.8054891,113.2894243,155
6607,Foshan,,,155
6608,Maoming,21.6656961,110.9209511,155
6609,Xinxing,22.6984291,112.2195936,155
6610,Jieyang,23.553156,116.3680354,155
6611,Shangtou,,,155
6612,Xinyi,,,155
6613,Jiexi,23.4337991,115.8378454,155
6614,Baisha,,,155
6615,Raoping,,,155
6616,Shaoguan,,,155
6617,Yangchun,,,155
6618,Huilai County,,,155
6619,Nanning,22.8193063,108.3627211,187
6620,Liuzhou,,,187
6621,Guilin,,,187
6622,Guiping,23.3916357,110.074064,187
6623,Baise,,,187
6624,Yulin,22.6351201,110.1529333,187
6625,Lingui,25.317961,110.0500475,187
6626,Guigang,,,187
6627,Cangwu,23.7626311,111.2443602,187
6628,Sanjiang,25.7870306,109.6031323,187
6629,Wuzhou,23.5715402,111.0139268,187
6630,Hechi,24.7169004,107.8857367,187
6631,Beihai,,,187
6632,Liujiang,,,187
6633,Laibin,23.7532648,109.2169807,187
6634,Hezhou,,,187
6635,Wuming,23.2716283,108.2496629,187
6636,Cenxi,,,187
6637,Guantánamo,20.1431797,-75.2034783,337
6638,Baracoa,,,337
6639,Niceto Pérez,,,337
6640,Manuel Tames,20.1785804,-75.05727,337
6641,Ciudad de Guatemala (Guatemala City),14.618921,-90.5138502,675
6642,San José Piñula,14.5464898,-90.34928675681144,675
6643,San Martin,16.571476,-89.8618279,675
6644,Santa Catarina Pinula,,,675
6645,Amatitlán,14.4792381,-90.6195248,675
6646,Guayaquil,,,381
6647,Durán,,,381
6648,El Empalme,,,381
6649,Sidi Ifni,29.3791253,-10.1715632,1667
6650,Guelmim,,,1667
6651,Saint Andrew,,,1705
6652,Saint Sampson,49.48171605,-2.5388294036710937,1705
6653,Saint Peter Port,49.4568142,-2.5389979,1705
6654,Acapulco,16.8680495,-99.8940182,771
6655,Chilpancingo,,,771
6656,Tecpán de Galeana,17.40108345,-100.75056193100052,771
6657,Huitzuco,18.1914905,-99.28203198205284,771
6658,Cutzamala,18.642337150000003,-100.62333387057134,771
6659,Chiaucingo,17.741667,-98.696667,771
6660,Zitlala,,,771
6661,Camp Jossman,,,1230
6662,Usurbil,43.2703088,-2.0502559,392
6663,Oyarzun,43.3027326,-1.8609097,392
6664,Tolosa,43.1386097,-2.0723558,392
6665,San Sebastián,,,392
6666,Alza,,,392
6667,Zumárraga,,,392
6668,Rentería,,,392
6669,Irún,43.3383176,-1.7888095,392
6670,Itsasondo,43.0678266,-2.1672356,392
6671,Azcoitia,43.1781602,-2.3114989,392
6672,Ormaiztegui,,,392
6673,Orio,43.2760488,-2.127262,392
6674,Zarauz (Zarautz),,,392
6675,Éibar,43.1842839,-2.4732748,392
6676,Ordizia,,,392
6677,Anoeta,43.1620711,-2.0712454,392
6678,Legazpi,43.051235,-2.3344403,392
6679,Berástegui (Berastegi),43.0978175,-1.947364,392
6680,Zumaya,43.296653,-2.2571182,392
6681,Hernani,,,392
6682,Lasarte-Oria,,,392
6683,Segura,43.0090019,-2.2530011,392
6684,Asteasu,43.1928306,-2.0953614,392
6685,Motrico,43.3071181,-2.3871098,392
6686,Mondragón,43.0656783,-2.4900779,392
6687,Pasajes,43.3239952,-1.9200587,392
6688,Oñate,43.0328523,-2.4137149,392
6689,Deva,,,392
6690,Ibarra,,,392
6691,Icazteguieta,,,392
6692,Legorreta,43.0848925,-2.1486222,392
6693,Lezo,43.3212392,-1.8996138,392
6694,Fuenterrabía,43.3624468,-1.7914309,392
6695,Alzola,43.2365336,-2.4001634,392
6696,Andoain,43.2183411,-2.0199432,392
6697,Tongren,,,1789
6698,Guiyang,,,1789
6699,Yuqing,,,1789
6700,Duyun,,,1789
6701,Suiyang,,,1789
6702,Xingyi,25.0947613,104.8935472,1789
6703,Mithapur,,,1376
6704,Bahadurpur,22.1752513,73.5615771,1376
6705,Rangpur,,,1376
6706,Vadodara,22.2973142,73.1942567,1376
6707,Sabhrai,,,1376
6708,Devsar,,,1376
6709,Ahmedabad,,,1376
6710,Maebashi,,,209
6711,Higashiagatsuma,36.5715362,138.8204947,209
6712,Tatebayashi,36.2454338,139.5421576,209
6713,Ota,36.2911561,139.3754233,209
6714,Numata,,,209
6715,Kusatsu,,,209
6716,Takasaki,36.3220984,139.0032758,209
6717,Omama,,,209
6718,Ora,36.2529764,139.4614213,209
6719,Annaka,36.3256133,138.8896338,209
6720,Azuma,,,209
6721,Tomioka,,,209
6722,Tsumagoi,,,209
6723,Chiyoda,,,209
6724,Isesakim,,,209
6725,Katashina,36.7723157,139.2252658,209
6726,Ogo,,,209
6727,Meiwa,36.2121257,139.5344251,209
6728,Haruna,,,209
6729,Fujioka,,,209
6730,Nakanojo,,,209
6731,Kiryu,36.4053297,139.3307835,209
6732,Minakami,,,209
6733,Lanchkhuti,42.0875384,42.0364392,1822
6734,Ozurgeti,,,1822
6735,Chochkhati,42.0275049,41.8922168,1822
6736,Cayenne,,,2199
6737,Kourou,,,2199
6738,Valle de la Pascua,,,2043
6739,San Juan de los Morros,,,2043
6740,Zaraza,,,2043
6741,Gwangju,,,1519
6742,Yongin,,,858
6743,Uijeongbu,,,858
6744,Gwangmyeong,,,858
6745,Pyeongtaek,,,858
6746,Goyang,,,858
6747,Ansan,,,858
6748,Suwon,37.2658097,126.9999102,858
6749,Osan,37.145558,127.0667523,858
6750,Anyang,,,858
6751,Yangju,,,858
6752,Seongnam,,,858
6753,Guri,,,858
6754,Hanam,,,858
6755,Changhung,,,858
6756,Siheung,,,858
6757,Icheon,,,858
6758,Namyangju,,,858
6759,Dongducheon,,,858
6760,Bucheon,,,858
6761,Paju,37.7598955,126.7801502,858
6762,Boyo,,,1800
6763,Pohang,,,229
6764,Uljin,,,229
6765,Yeongdeok County,,,229
6766,Gyeongju,,,229
6767,Gimcheon,36.1398035,128.1139534,229
6768,Dalsong,,,229
6769,Gyeongsan,,,229
6770,Andong,,,229
6771,Sangju,,,229
6772,Cheongsong,,,229
6773,Seongju County,,,229
6774,Geoje,34.8804677,128.621207,230
6775,Sacheon,,,230
6776,Hapcheon,35.5664445,128.1658334,230
6777,Changwon,,,230
6778,Jinju,35.1803459,128.1079953,230
6779,Masan,,,230
6780,Gimhae,,,230
6781,Miryang,,,230
6782,Tongyeong,,,230
6783,Samcheonpo,,,230
6784,Namhae County,,,230
6785,Hadong County,,,230
6786,Győr,47.687609,17.6346815,679
6787,Gyömöre,47.5007383,17.5647405,679
6788,Csorna,47.6134153,17.2497955,679
6789,Sopron,47.6803063,16.5983457,679
6790,Magyaróvár,47.8731793,17.2722342,679
6791,Mosonmagyaróvár,47.8731793,17.2722342,679
6792,Kapuvár,,,679
6793,Szany,,,679
6794,Darnózseli,47.8504906,17.4269011,679
6795,Lébény,47.7354942,17.3906258,679
6796,Tét,47.5159522,17.5166682,679
6797,Magyarkeresztúr,47.5214172,17.165459,679
6798,Sopronkövesd,47.5447471,16.7448252,679
6799,Rábapatona,47.6318338,17.4809501,679
6800,Gävle,60.6750132,17.1467019,527
6801,Ljusdal,,,527
6802,Bollnäs,,,527
6803,Söderhamn,,,527
6804,Hofors,,,527
6805,Hudiksvall,61.7281607,17.105575,527
6806,Ockelbo,,,527
6807,Sandviken,,,527
6808,Ovanåker,61.416667,15.816667,527
6809,Brokohio,5.8745556,-6.108989585885137,1484
6810,Gagnoa,,,1484
6811,Oumé,,,1484
6812,Ouragahio,,,1484
6813,Hacıkənd,40.5129215,46.3320085,1617
6814,Gümüşhane,40.4617844,39.4757339,1845
6815,Beșghioz,46.1215564,28.8757724,1781
6816,Ceadîr-Lunga,46.057226,28.8249983,1781
6817,Comrat,,,1781
6818,Tomai,,,1781
6819,Gədəbəy,,,2162
6820,Gəncə,,,1619
6821,Ashkelon,31.6198651,34.7783446,1127
6822,Eilat,,,1127
6823,Masada,,,1127
6824,Kfar Saba,,,1511
6825,Petah Tikva,,,1511
6826,Yavne,,,1511
6827,Netanya,,,1511
6828,Beit Oved,,,1511
6829,Rishon LeZion,,,1511
6830,Hod HaSharon,,,1511
6831,Mikhmoret,,,1511
6832,Yehud,,,1511
6833,Givat Brenner,,,1511
6834,Rehovot,,,1511
6835,Tzoran-Kadima,,,1511
6836,Givat Haim,,,1511
6837,Kiryat Shmona,,,1399
6838,Ayelet HaShahar,,,1399
6839,Afula,,,1399
6840,Akko (Acre),,,1399
6841,Rosh HaNikra,,,1399
6842,Metula,,,1399
6843,Kiriyat Shmona,,,1399
6844,Hamadia,,,1399
6845,Tiberias,,,1399
6846,Qionghai,,,471
6847,Dongfang,,,471
6848,Tunchang,19.341944,110.046667,471
6849,Sanya,18.2986924,109.4886823,471
6850,Boussu,,,98
6851,Merbes-le-Château,50.32396525,4.182231260384359,98
6852,Fouleng,50.6182841,3.9282801,98
6853,Charleroi,50.4116233,4.444528,98
6854,Obourg,50.4760289,4.0062232,98
6855,Montignies-sur-Sambre,,,98
6856,Feluy,50.5625155,4.243624882142945,98
6857,Templeuve,50.6449107,3.2831228,98
6858,Lanquesaint,50.6534242,3.8042549,98
6859,Haine-Saint-Paul,50.454942,4.1883094,98
6860,Ellezelles,50.7287148,3.694208243748173,98
6861,Courcelles,50.4574699,4.376008,98
6862,Morlanwelz,50.4550743,4.2425425,98
6863,Mons,50.4549568,3.951958,98
6864,Forchies-la-Marche,50.4384182,4.3196199,98
6865,Brugelette,50.6016956,3.864797853952288,98
6866,Ath,50.6311349,3.7769485,98
6867,Péruwelz,50.53332105,3.5636806619041077,98
6868,Belœil,,,98
6869,Mouscron,50.7436672,3.2142729,98
6870,Châtelet,50.4046075,4.5243511,98
6871,Dour,50.3963781,3.7786762,98
6872,Bouffioulx,50.390213,4.5151961,98
6873,Chapelle-lez-Herlaimont,50.4713117,4.280504,98
6874,Hornu,50.4335598,3.8275578,98
6875,La Louvière,50.4791337,4.161348292428827,98
6876,Frameries,50.4096511,3.8933015,98
6877,Rongy,50.507796,3.391588,98
6878,Lessines,50.7123036,3.8301131,98
6879,Chercq,50.5869342,3.414572398545115,98
6880,Monceau-sur-Sambre,50.4137749,4.381068593882086,98
6881,Ciply,50.4192687,3.9438128,98
6882,Tournai,50.6056458,3.3878179,98
6883,Farciennes,50.4321021,4.546709543978205,98
6884,Froidchapelle,50.16269465,4.326129024313543,98
6885,Marchienne-au-Pont,50.40897075,4.40234038367136,98
6886,Jemappes,50.448422,3.8894392,98
6887,Maisières,50.4901522,3.962763,98
6888,Quévy-le-Petit,50.367996,3.93752,98
6889,Binche,50.39808795,4.183029985186801,98
6890,Hautrage,50.4820227,3.7638298,98
6891,Montignies-sur-Roc,50.3680079,3.7333223,98
6892,Jamioulx,50.3528702,4.4127635,98
6893,Marcinelle,50.38246,4.4398075931402445,98
6894,Blicquy,50.5878005,3.6857513,98
6895,Haine-Saint-Pierre,50.4547557,4.2000181,98
6896,Gosselies,50.4653846,4.4301757,98
6897,Rance,,,98
6898,Debrecen,47.531399,21.6259782,61
6899,Nádudvar,47.4285575,21.1593087,61
6900,Mikepércs,47.4409524,21.6314977,61
6901,Álmosd,47.4154029,21.9838127,61
6902,Balmazújváros,47.6116279,21.3437378,61
6903,Földes,47.2881601,21.3642071,61
6904,Berettyóújfalu,47.2247273,21.5355206,61
6905,Konyár,,,61
6906,Szerep,47.2274297,21.1410165,61
6907,Hajdúnádás,,,61
6908,Vámospércs,47.5267293,21.8987164,61
6909,Egyek,47.6314647,20.8881462,61
6910,Tiszacsege,47.6975481,20.9935969,61
6911,Sáránd,47.4124718,21.6248243,61
6912,Hajdúböszörmény,47.6716617,21.5078944,61
6913,Hosszúpályi,47.39177,21.7335185,61
6914,Püspökladány,47.3196043,21.1122524,61
6915,Hajdúszoboszló,47.4431291,21.3902995,61
6916,Hajdúdorog,47.8157169,21.5006846,61
6917,Újléta,47.4624566,21.8767447,61
6918,Berekböszörmény,47.0650084,21.6835918,61
6919,Nyíradony,47.6913589,21.9053502,61
6920,Halab (Aleppo),,,1553
6921,Halmstad,56.6739826,12.8574827,526
6922,Kungsbacka,57.466667,12.166667,526
6923,Varberg,,,526
6924,Falkenberg,56.904894,12.4912926,526
6925,Vanered,,,526
6926,Åsa,,,526
6927,Laholm,,,526
6928,Ammendorf,51.4270233,11.9848754,1677
6929,Muhardeh (Maharda),,,2015
6930,Hama,,,2015
6931,Nahāvand,,,1500
6932,Hamadan,,,1500
6933,Malayer,,,1500
6934,Altona,53.58646755,9.777669726868917,43
6935,Rotherbaum,53.5684065,9.9874317,43
6936,Blankenese,53.5575,9.80306,43
6937,Lokstedt,53.6016281,9.960312,43
6938,Barmbeck,53.5718684,10.0371881,43
6939,Eimsbüttel,53.57293715,9.958260688824495,43
6940,Harvestehude,53.5754331,9.9804402,43
6941,Wandsbek,53.5760029,10.0755348,43
6942,Cranz,53.537285,9.7779288,43
6943,Kirchwerder,53.4206766,10.1999146,43
6944,Sülldorf,53.5814103,9.7963373,43
6945,Uhlenhorst,,,43
6946,Musan,,,2063
6947,Gilju,,,2063
6948,Haeju,,,748
6949,Tanchon,,,748
6950,Hamheung,,,748
6951,Sinheung,,,748
6952,Lucea,18.4472235,-78.1729253,1895
6953,Maryland,,,1895
6954,Cold Spring,,,1895
6955,Harare,,,562
6956,Mabvuku,,,562
6957,Chitungwiza,,,562
6958,Mufakose,,,562
6959,Mariental,-24.6246442,17.9626696,1725
6960,Miercurea-Ciuc,,,1014
6961,Odorheiu Secuiesc,,,1014
6962,Gheorgheni,,,1014
6963,Topțita,,,1014
6964,Tulgheş,46.9654071,25.7626421,1014
6965,Zetea,46.3875798,25.3686701,1014
6966,Avrămești,46.3390298,25.010669,1014
6967,Ciumani,46.6782885,25.5178635,1014
6968,Valea Strâmbă,,,1014
6969,Mădăraș,,,1014
6970,Turdeni,46.3796486,25.1021327,1014
6971,Sîncrăieni,,,1014
6972,Frumoasa,,,1014
6973,Sărmaș,,,1014
6974,Băile Tușnad,,,1014
6975,Tușnad,,,1014
6976,Corund,46.4710902,25.1836329,1014
6977,Dănești,,,1014
6978,Șumuleu Ciuc,,,1014
6979,Tallinn,59.4372155,24.7453688,885
6980,Maidla,59.2238584,24.6131762989608,885
6981,Kasispea,59.58547115,25.764068650627348,885
6982,Keila,,,885
6983,Vihterpalu,59.24806005,23.886088711537703,885
6984,Kiviloo,59.30293195,25.2498526869099,885
6985,Lagedi,,,885
6986,Kohatu,59.160166700000005,24.518275475167847,885
6987,Paldiski,59.349089,24.0801736,885
6988,Üksnurme,59.2833027,24.62823080460012,885
6989,Kaluwas,,,690
6990,Kulu,,,690
6991,Farmana,,,690
6992,Mahendragarh district,28.13269705,76.16974476260464,690
6993,Rohtak,,,690
6994,Nirjan,,,690
6995,Jind,29.30219685,76.33894452216312,690
6996,Bhondsi,28.3504798,77.0618737,690
6997,Yamuna Nagar,,,690
6998,Khudan,,,690
6999,Jhajjar,,,690
7000,Balali,,,690
7001,Nimriwali,,,690
7002,Sonipat,,,690
7003,Sisar,,,690
7004,Gurgaon,,,690
7005,Bhaproda,,,690
7006,Bhiwani,,,690
7007,Sirsa,,,690
7008,Hisar District,29.239659600000003,75.81745047978342,690
7009,Isharwal,,,690
7010,Ambala,30.3843674,76.770421,690
7011,Shahabad Markanda,,,690
7012,Hisar,,,690
7013,Dhanana,28.9353945,76.1635079,690
7014,Jagadhri,,,690
7015,Yamunanagar,,,690
7016,Sonepet,,,690
7017,Bodia,,,690
7018,Knizhovnik,41.8257428,25.6076084,839
7019,Haskovo,,,839
7020,Bolyarvo,,,839
7021,Dimitrovgrad,42.0582493,25.5916466,839
7022,Ovcharovo,42.0142319,26.0009884,839
7023,Topolovgrad,42.0847397,26.3320703,839
7024,Harmanli,41.9302645,25.9015211,839
7025,Ivaylovgrad,41.5258135,26.1234902,839
7026,Gabrotso,,,839
7027,Rogozinovo,41.9235901,25.9656499,839
7028,Bodrovo,,,839
7029,Susam,41.9638501,25.3446201,839
7030,Kapitan Andreevo,41.7205665,26.3206968,839
7031,Ostar kamak,41.8884,25.8509399,839
7032,Dositeevo,41.9141501,26.0188699,839
7033,Mikhalich,,,839
7034,Svilengrad,41.7689145,26.201814,839
7035,İskenderun,36.5902266,36.1710354,1835
7036,Hato Mayor del Rey,,,1701
7037,Lubumbashi,-11.6642316,27.4826264,852
7038,Likasi,-10.9891601,26.7397418,852
7039,Kipushi,,,852
7040,Moanda,,,2336
7041,Franceville,,,2336
7042,Mulhouse,,,894
7043,Illzach,,,894
7044,Guebwiller,,,894
7045,Brunnstatt,,,894
7046,Colmar,,,894
7047,Ostheim,48.1595832,7.3709304,894
7048,Dornach,47.7429521,7.3036983,894
7049,Riedisheim,47.7492477,7.3682858,894
7050,Roggenhouse,,,894
7051,Pfastatt,47.7697441,7.3025075,894
7052,Issenheim,47.9024133,7.253469,894
7053,Ebersheim,,,894
7054,Eglingen,47.6652211,7.1827818,894
7055,Strueth,47.5828401,7.1249348,894
7056,Sainte-Marie-aux-Mines,48.2476662,7.1851184,894
7057,Ferrette,47.4944546,7.3141424,894
7058,Ribeauvillé,48.1924602,7.3248871,894
7059,Bastia,,,1702
7060,Giuncaggio,42.21658,9.3670552,1702
7061,Toulouse,,,594
7062,Pouze,43.4336,1.52661,594
7063,Ganties,43.0650868,0.8316964,594
7064,Saubens,43.4787,1.34809,594
7065,Bagnères-de-Luchon,,,594
7066,Seysses,,,594
7067,Labroquère,43.0377,0.592887,594
7068,Saint-Gaudens,43.1077682,0.7247218,594
7069,Herran,42.9729,0.915418,594
7070,Le Puy-en-Velay,,,1486
7071,Langeac,45.1001248,3.4941798,1486
7072,Dunières,45.215,4.34461,1486
7073,Brioude,,,1486
7074,Saint Paulien,,,1486
7075,Auzon,45.3916002,3.370575,1486
7076,Saint-Dizier,,,602
7077,Langres,47.8639612,5.333947,602
7078,Chaumont,48.1111324,5.1395849,602
7079,Liffol-le-Petit,48.2987954,5.5250334,602
7080,Arc-en-Barrois,47.9482191,5.0076357,602
7081,Annecy,,,600
7082,Sallanches,,,600
7083,Thonon-les-Bains,,,600
7084,Chamonix-Mont-Blanc,,,600
7085,Saint-Julien-en-Genevois,,,600
7086,Annemasse,,,600
7087,Thônes,,,600
7088,Cluses,,,600
7089,Megève,,,600
7090,Gaillard,,,600
7091,Samoëns,,,600
7092,Évian-les-Bains,,,600
7093,Morzine,,,600
7094,Le Reposoir,,,600
7095,Ambilly,,,600
7096,Choisy,,,600
7097,Bonneville,,,600
7098,Allinges,46.3367823,6.4649753,600
7099,Thorens-Glières,,,600
7100,Le Grand-Bornand,,,600
7101,Frangy,46.0190661,5.9293421,600
7102,Annecy-le-Vieux,,,600
7103,Vinzier,46.3510123,6.6192315,600
7104,Saint-André-de-Boëge,46.1908859,6.3943293,600
7105,Saint-Gervais-les-Bains,,,600
7106,Cran-Gevrier,,,600
7107,Héricourt,47.5751429,6.7625312,139
7108,Luxeuil-les-Bains,47.817177,6.3808865,139
7109,Villers-Chemin-et-Mont-Lès-Étrelles,47.43955005,5.878525517672579,139
7110,Vesoul,,,139
7111,Gray,47.4455642,5.5919867,139
7112,Lure,,,139
7113,Frétigney-et-Velloreille,47.4875725,5.9458929,139
7114,Gy,47.4068,5.8146609,139
7115,Le Tremblois,47.3837,5.57705,139
7116,Limoges,,,595
7117,Saint-Junien,45.8872222,0.9011111,595
7118,Saint-Léonard-de-Noblat,45.8377349,1.4924586,595
7119,Champagnac-la-Rivière,45.7101885,0.9132586,595
7120,Le Dorat,46.2144367,1.0822603,595
7121,Cheronnac,45.7585482,0.7637109,595
7122,Royères,45.8485642,1.4294482,595
7123,Embrun,,,2057
7124,Briançon,,,2057
7125,Gap,,,2057
7126,Puy Saint-Vincent,,,2057
7127,Val-des-Prés,,,2057
7128,Névache,,,2057
7129,Lourdes,43.0940904,-0.0464975,1116
7130,Tarbes,,,1116
7131,Argelès-Gazost,43.00511,-0.0997681,1116
7132,Saint-Lary,,,1116
7133,Lannemezan,,,1116
7134,Aureilhan,43.2426749,0.0965226,1116
7135,Lortet,43.043163,0.378867,1116
7136,Monléon Magnoac,43.2508696,0.5176151,1116
7137,Bobo-Dioulasso,,,1906
7138,Boulogne-Billancourt,48.8356649,2.240206,14
7139,Asnières-sur-Seine,,,14
7140,Clichy,48.9026,2.30551,14
7141,Clamart,,,14
7142,Colombes,48.922788,2.2543577,14
7143,Courbevoie,,,14
7144,Rueil-Malmaison,,,14
7145,Saint-Cloud,48.8437412,2.219344,14
7146,Neuilly-sur-Seine,48.884683,2.2695658,14
7147,Puteaux,48.8841522,2.2368863,14
7148,Levallois-Perret,48.892956,2.2881683,14
7149,Nanterre,,,14
7150,Meudon,48.8126688,2.2385432,14
7151,Suresnes,48.8709053,2.2255727,14
7152,Fontenay-aux-Roses,,,14
7153,Montrouge,48.8188544,2.3194375,14
7154,Vaucresson,48.8392676,2.1575981,14
7155,Antony,48.753554,2.2959423,14
7156,Sèvres,48.8247407,2.2127083,14
7157,La Garenne-Colombes,48.9069349,2.2465748,14
7158,Gennevilliers,48.9254221,2.2940122,14
7159,Chaville,48.8086915,2.1883487,14
7160,Issy-les-Moulineaux,48.8250508,2.273457,14
7161,Malakoff,48.8211559,2.3019814,14
7162,Bois-Colombes,48.9148269,2.2674892,14
7163,Châtenay-Malabry,48.7670404,2.2775316,14
7164,Châtillon-sous-Bagneux,,,14
7165,Bourg-la-Reine,,,14
7166,Garches,,,14
7167,Honolulu,,,1082
7168,Kīhei,,,1082
7169,Princeville,,,1082
7170,Kealakekua,,,1082
7171,Alea,21.4718967,-158.0261304,1082
7172,Kona,19.6472213,-155.9966428,1082
7173,Hilo,,,1082
7174,Lahaina,20.88717735,-156.6748023632949,1082
7175,ʻEwa Beach,,,1082
7176,Kailua,,,1082
7177,Naʻālehu,,,1082
7178,Kahuku,,,1082
7179,Maui,,,1082
7180,Hōlualoa,19.6238149,-155.953637,1082
7181,Haleiwa,,,1082
7182,Waialua,21.571313,-158.12518450022145,1082
7183,Kailua-Kona,,,1082
7184,Waimānalo,,,1082
7185,Kipahulu,20.6536951,-156.0556178,1082
7186,Wailuku,20.8894684,-156.5089397899955,1082
7187,Handan,,,42
7188,Baoding,,,42
7189,Zhangjiakou,,,42
7190,Shijiazhuang,,,42
7191,Xingtai,,,42
7192,Qinhuangdao,,,42
7193,Hengshui,,,42
7194,Cangzhou,,,42
7195,Tangshan,,,42
7196,Liuchu,38.1762877,115.8299893,42
7197,Lingshou,,,42
7198,Zhangjiangang,,,42
7199,Anguo,38.4277476,115.3303798,42
7200,Luquan,,,42
7201,Xinle City,38.3449262,114.6791124,42
7202,Zhuozhou,39.4833502,115.96858,42
7203,Langfang,,,42
7204,Chengde,,,42
7205,Xiong,38.9845054,116.0988254,42
7206,Jizhou,,,42
7207,Heifa (Haifa),,,189
7208,Yagur,,,189
7209,Gan HaShomron,,,189
7210,Hofit,,,189
7211,Hadera,,,189
7212,Ramat Yohanan,,,189
7213,Qiqihar,47.3392424,123.9495373,309
7214,Harbin,,,309
7215,Jiamusi,,,309
7216,Suihua,,,309
7217,Anda,,,309
7218,Fujin,,,309
7219,Yichun,,,309
7220,Qitaihe,,,309
7221,Mudanjiang,,,309
7222,Qinggang,,,309
7223,Hegang,,,309
7224,Shuangfeng,,,309
7225,Shuangyashan,,,309
7226,Bin County,,,309
7227,Jixi,,,309
7228,Dalai,46.6814,129.944,309
7229,Mohe,,,309
7230,Daqing,46.3240228,124.5598093,309
7231,Luobei,,,309
7232,Zhengzhou,,,186
7233,Puyang,,,186
7234,Zhoukou,,,186
7235,Fengqiu,35.0432308,114.42108,186
7236,Jiaozuo,,,186
7237,Luoyang,,,186
7238,Xuchang,34.147778,113.714722,186
7239,Xinxiang,,,186
7240,Pingdingshan,33.7374744,113.2981436,186
7241,Dancheng,,,186
7242,Suixian,,,186
7243,Hua,35.4802464,114.6741432,186
7244,Kaifeng,,,186
7245,Fangcheng,,,186
7246,Luohe,,,186
7247,Runan,32.9048251,114.3037627,186
7248,Zhecheng,34.1127169,115.2765011,186
7249,Sheqi,,,186
7250,Huwan,,,186
7251,Herceg Novi,42.4530896,18.5313749,1641
7252,Bijela,42.449945,18.6472293,1641
7253,Zelenika,42.4512433,18.5735473,1641
7254,Baošići,,,1641
7255,Mostar,43.3435855,17.8076584,912
7256,Pješivac-Kula,43.1097011,17.8859138,912
7257,Čapljina,43.1133536,17.705039,912
7258,Konjič,,,912
7259,Međugorje,,,912
7260,Gabela,43.0637807,17.6908925,912
7261,Heredia,,,1463
7262,Bad Nauheim,50.3681107,8.7473608,47
7263,Kassel,,,47
7264,Marburg,50.8090106,8.7704695,47
7265,Offenbach am Main,50.1055002,8.7610698,47
7266,Frankfurt am Main,50.1106444,8.6820917,47
7267,Hanau,50.132881,8.9169797,47
7268,Mörfelden,,,47
7269,Darmstadt,49.872775,8.651177,47
7270,Mühlheim am Main,50.1080582,8.8467138,47
7271,Schwalmstadt ,,,47
7272,Volkmarsen,,,47
7273,Fulda,50.5542328,9.6770448,47
7274,Bad Homburg vor der Höhe,,,47
7275,Heppenheim,49.64999,8.66768,47
7276,Groß-Zimmern,49.8864905,8.8014685,47
7277,Gießen,,,47
7278,Hofgeismar,51.4956238,9.3793181,47
7279,Viernheim,,,47
7280,Bad Soden am Taunus,,,47
7281,Groß-Gerau,49.914,8.4657,47
7282,Wetzlar,,,47
7283,Neu-Isenburg,50.0464196,8.6717748,47
7284,Wiesbaden,50.0820384,8.2416556,47
7285,Obersuhl-Hönebach,,,47
7286,Limburg an der Lahn,,,47
7287,Geisenheim,49.9863945,7.96852,47
7288,Ehringshausen,,,47
7289,Flieden,50.4164633,9.5467301,47
7290,Korbach,,,47
7291,Sinn,50.6530604,8.3304382,47
7292,Rüsselsheim,49.991701,8.4138251,47
7293,Erbach (Odenwald),49.6376,9.013,47
7294,Bensheim,,,47
7295,Witzenhausen,51.3331901,9.8434192,47
7296,Langen,,,47
7297,Breuberg-Sandbach,49.81698165,9.02815837139579,47
7298,Inheiden,50.4611336,8.895419432526543,47
7299,Groß-Umstadt,49.86477,8.95669,47
7300,Immenhausen,51.4194918,9.5093272,47
7301,Hünfeld,,,47
7302,Dillenburg,,,47
7303,Seeheim-Jugenheim,,,47
7304,Gedern,50.4051,9.2135,47
7305,Lampertheim,,,47
7306,Gelnhausen,,,47
7307,Königstein im Taunus,50.1818833,8.465271,47
7308,Oberaula,,,47
7309,Bad Wildungen,,,47
7310,Haiger,50.7420214,8.2039451,47
7311,Hofheim am Taunus,50.09494,8.42285,47
7312,Eltville am Rhein,50.0275441,8.1189741,47
7313,Frankenberg (Eder),,,47
7314,Nieder-Mörlen,,,47
7315,Lindenfels,,,47
7316,Sulzbach am Taunus,50.1358894,8.5187329,47
7317,Zwingenberg,49.7242,8.5915,47
7318,Rüdesheim am Rhein,,,47
7319,Alsfeld,50.7523545,9.268355,47
7320,Lauterbach,,,47
7321,Mörlenbach,49.5929,8.7435,47
7322,Griesheim,49.8615899,8.5762043,47
7323,Lich,,,47
7324,Dieburg,49.8949312,8.8368946,47
7325,Hadamar,,,47
7326,Butzbach,50.42614015,8.653972819926498,47
7327,Melsungen,51.1425944,9.5833158,47
7328,Rotenburg an der Fulda,51.018118,9.7487639,47
7329,Grebenstein,51.4474181,9.414293,47
7330,Eger,47.8989887,20.3743665,1126
7331,Szihalom,47.7748385,20.4815867,1126
7332,Lőrinci,47.7400504,19.6773099,1126
7333,Heves,,,1126
7334,Poroszló,47.6435536,20.6560717,1126
7335,Gyöngyös,47.7799838,19.9291176,1126
7336,Füzesabony,47.7485389,20.4142673,1126
7337,Hatvan,47.6683971,19.6743874,1126
7338,Apc,,,1126
7339,Gyöngyöspata,47.8146817,19.7903391,1126
7340,Lobamba,,,1768
7341,Mbabane,-26.325745,31.144663,1768
7342,Tezontepec de Aldama,20.17395565,-99.28868967948678,1226
7343,Tepeji del Río de Ocampo,19.89368265,-99.34871815266254,1226
7344,Pachuca,,,1226
7345,Atotonilco,,,1226
7346,Zimapán,20.7622177,-99.383140107743,1226
7347,Tulancingo,20.0839585,-98.3635381,1226
7348,Kärdla,,,1874
7349,Suuresadama,58.97707555,22.89879693794305,1874
7350,Käina,,,1874
7351,Sundernagar,,,84
7352,Kasauli,30.85844455,76.99796611489867,84
7353,Mairi,31.7074822,76.175602,84
7354,Shimla,31.1041526,77.1709729,84
7355,Dalhousie,,,84
7356,Manali,,,84
7357,Behran,,,84
7358,Kure,,,208
7359,Hiroshima,,,208
7360,Mihara,,,208
7361,Joge,,,208
7362,Shobara,,,208
7363,Hatsukaichi,,,208
7364,Onomichi,34.4088519,133.2051549,208
7365,Fukuyama,34.4895974,133.3624337,208
7366,Etazima,,,208
7367,Horikoshi,34.374182,132.515103,208
7368,Asakita,,,208
7369,Saka,34.314088,132.514867,208
7370,Kaita,,,208
7371,Fuchu,,,208
7372,Miyoshi,31.9150256,131.4262147,208
7373,Kumano,,,208
7374,Hongawa,34.3935345,132.4509426,208
7375,Praha (Prague),,,163
7376,Žižkov,50.0856311,14.4716325,163
7377,Modřany,50.0098058,14.4069894,163
7378,Zbraslav,,,163
7379,Horní Počernice,50.1162631,14.6208058,163
7380,Vestec,,,163
7381,Chodov,50.0325204,14.49676310810895,163
7382,Uhříněves,,,163
7383,Strašnice,50.0698126,14.4979743,163
7384,Říčany,50.0158472,14.6403122,163
7385,Jinonice,50.054121,14.3634875,163
7386,Hodoš,,,2303
7387,Tomakomai,,,222
7388,Hokuto,,,222
7389,Makubetsu,,,222
7390,Sapporo,,,222
7391,Abashiri,,,222
7392,Otaru,,,222
7393,Yoichi,,,222
7394,Wakkanai,,,222
7395,Memanbetsu,,,222
7396,Shimokawa,,,222
7397,Kushiro,,,222
7398,Esashi District,,,222
7399,Kamikawa,,,222
7400,Muroran,,,222
7401,Asahikawa,,,222
7402,Akaigawa,,,222
7403,Tokoro,,,222
7404,Bekkai,,,222
7405,Kumaishi,42.0904538,140.1269624,222
7406,Obihiro,,,222
7407,Yubari,,,222
7408,Shibetsu,,,222
7409,Rikubetsu,,,222
7410,Nayoro,,,222
7411,Nakasatsunai,,,222
7412,Honbetsu,,,222
7413,Kiyosato,,,222
7414,Shizunai,,,222
7415,Kitami,,,222
7416,Bihoro,,,222
7417,Shiraoi,,,222
7418,Takikawa,,,222
7419,Otofuke,,,222
7420,Rumoi,,,222
7421,Obira,,,222
7422,Saku,,,222
7423,Mukawa,,,222
7424,Rankoshi,,,222
7425,Kamisunagawa,,,222
7426,Shintoku,,,222
7427,Kutchan,,,222
7428,Utashinai,43.5213549,142.0345999,222
7429,Kuriyama,,,222
7430,Ishikari,,,222
7431,Iwanai,,,222
7432,Imakane,,,222
7433,Nemuro,,,222
7434,Hobetsu,,,222
7435,Engaru,44.0614824,143.5278996,222
7436,Nakashibetsu,,,222
7437,Tomari,,,222
7438,Ebetsu,,,222
7439,Otoineppu,,,222
7440,Kyogoku,,,222
7441,Kitahiroshima,,,222
7442,Memuro,,,222
7443,Betsukai,,,222
7444,Mikasa,,,222
7445,Mashike,43.856006,141.5255538,222
7446,Wassamu,,,222
7447,Hidaka,,,222
7448,Shiranuka,42.9561787,144.0714966,222
7449,Noboribetsu,42.4127547,141.1064964,222
7450,Niseko,,,222
7451,Iwamizawa,43.1960638,141.7753595,222
7452,Shihoro,,,222
7453,Moseushi,43.6995452,141.9617712,222
7454,Taiki,,,222
7455,Furubira,43.2652159,140.6388966,222
7456,Sarabetsu,,,222
7457,Furano,,,222
7458,Shimizu,,,222
7459,Tokura,,,222
7460,Shari,,,222
7461,Hayakita,,,222
7462,Yakumo,,,222
7463,San Germán,20.5983179,-76.1347364,339
7464,Sagua de Tánamo,20.5837906,-75.2401796,339
7465,Holguín,,,339
7466,Banes,20.9617915,-75.722894,339
7467,Frank País,20.6650209,-75.2659021,339
7468,Cueto,20.6454516,-75.9365641,339
7469,Antilla,20.827544,-75.7400107,339
7470,Báguanos ,,,339
7471,Mayarí,20.65525,-75.6763378,339
7472,La Melba,,,339
7473,Loreto,,,339
7474,Moa,,,339
7475,Korenevka,,,1002
7476,Homel,,,1002
7477,Rechytsa,,,1002
7478,Mazyr,,,1002
7479,Mormal,,,1002
7480,Loyew,51.9358234,30.7997902,1002
7481,Khoyniki,,,1002
7482,Dobrush,,,1002
7483,Ptsich,,,1002
7484,Nasovichy,,,1002
7485,Rahachow,53.0820031,30.0531983,1002
7486,Sotnichy,,,1002
7487,Kalinkavichy,,,1002
7488,Myshanka,,,1002
7489,Zhlobin,,,1002
7490,Svietlahorsk,,,1002
7491,Tserakhouka,,,1002
7492,Kapatkevichy,,,1002
7493,Valosavichy,,,1002
7494,Artuki,,,1002
7495,Valawsk,,,1002
7496,Simanichy,,,1002
7497,Svetlahorsk,52.6330526,29.7484516,1002
7498,Streshin,,,1002
7499,Ziabrawka,,,1002
7500,Zashchebye,,,1002
7501,Yelsk,,,1002
7502,Sinsk,,,1002
7503,Kamaryn,,,1002
7504,Novaya Guta,,,1002
7505,Vasilevichy,,,1002
7506,Homs (Hims),,,956
7507,Al-Mushrifah,,,956
7508,Hong Kong,,,293
7509,Tai Hang,22.2791769,114.1918885,293
7510,Cheung Chau,22.20962465,114.0295690978345,293
7511,Sha Tin,22.3815527,114.1904697,293
7512,Causeway Bay,22.2820777,114.1891587,293
7513,Tuen Mun,,,293
7514,Tsuen Wan,,,293
7515,Frederiksberg,,,110
7516,København (Copenhagen),55.6867243,12.5700724,110
7517,Vallensbæk,,,110
7518,Hvidovre,,,110
7519,Gentofte,55.7459656,12.5510249,110
7520,Ballerup,55.7303589,12.3612313,110
7521,Herlev,,,110
7522,Albertslund,,,110
7523,Glostrup,55.6835672,12.4128011280619,110
7524,Rødovre,,,110
7525,Hillerød,,,110
7526,Hørsholm,55.8832986,12.5000112,110
7527,Gladsaxe,,,110
7528,Espergærde,55.9907777,12.5529633,110
7529,Tåstrup,,,110
7530,Helsingør,56.0348739,12.6130073,110
7531,Frederikssund,55.8417752,12.063595,110
7532,Blovstrød,,,110
7533,Allerød,,,110
7534,Furesø,,,110
7535,Taastrup,,,110
7536,Høje Taastrup ,,,110
7537,Tårnby,,,110
7538,Valby,,,110
7539,Søborg,,,110
7540,Ganløse,,,110
7541,Hrodna,53.6862323,23.8490882,169
7542,Navahrudak,,,169
7543,Bolshiye Ozyorki,,,169
7544,Lida,53.8949515,25.295719,169
7545,Poczewice,,,169
7546,Svislach,53.036549,24.094183,169
7547,Abukhava,,,169
7548,Mikolaikovschina,,,169
7549,Glovsevichi,,,169
7550,Slonim,53.0927071,25.3193209,169
7551,Khrishchanovichi,,,169
7552,Wierdubje,,,169
7553,Varniany,,,169
7554,Bershty,,,169
7555,Vawkavysk,,,169
7556,Dukeli,54.5097503,25.8077478,169
7557,Skiporovichi,,,169
7558,Masty,,,169
7559,Boruny,54.3176573,26.1362638,169
7560,Maleykovshchizna,,,169
7561,Vaukavysk,53.1647286,24.458169,169
7562,Chernyaty,,,169
7563,Liadsk Vysoki,,,169
7564,Žemysłaŭ,,,169
7565,Lososna,,,169
7566,Voranava,,,169
7567,Prinemanskoye,,,169
7568,Bastuny,,,169
7569,Podzagorye,,,169
7570,Vaverany,,,169
7571,Ashmyany,54.4252347,25.9374195,169
7572,Vyalikiya Shylavichy,,,169
7573,Razhanka,,,169
7574,Smarhon,,,169
7575,Dzitva,,,169
7576,Stetski,,,169
7577,Huambo,,,2115
7578,Pampas,,,1540
7579,Acobambilla,,,1540
7580,Castrovirreyna,-13.2833505,-75.3190792,1540
7581,Wuhan,30.5951051,114.2999353,184
7582,Shashi,,,184
7583,Huangshi,,,184
7584,Xiantao,,,184
7585,Yichang,,,184
7586,Daye,,,184
7587,Xiangyang,,,184
7588,Zhongxiang,,,184
7589,Luotian,30.960809,115.4682617,184
7590,Huangpi,30.884551,114.370128,184
7591,Yingcheng,30.9333642,113.5664812,184
7592,Shiyan,32.45269,110.560812,184
7593,Laohekou,,,184
7594,Huelva,37.2575874,-6.9484945,117
7595,Minas de Ríotinto,37.6934573,-6.5957844,117
7596,Lepe,,,117
7597,El Campillo,37.6934316,-6.6291703,117
7598,Manzanilla,37.3887479,-6.4316237,117
7599,Monzón,,,486
7600,Graus,42.189949,0.3389797,486
7601,Panticosa,,,486
7602,Almudévar,42.0427209,-0.5808273,486
7603,Sallent de Gállego,,,486
7604,Jaca,,,486
7605,Huesca,42.1382539,-0.4080901,486
7606,Sesué,,,486
7607,Benasque,42.6056448,0.5233781,486
7608,Neiva,,,1751
7609,Pitalito,,,1751
7610,Zhangjiajie,,,185
7611,Hengyang,27.0782342,112.3356329,185
7612,Zhuzhou,,,185
7613,Changsha,28.1450774,113.2384362,185
7614,Shaoyang,26.993991,111.2684212,185
7615,Shaoshan,,,185
7616,Jiangyong,,,185
7617,Mayang,,,185
7618,Xiangtan,,,185
7619,Anhua,,,185
7620,Yueyang,,,185
7621,Xiangyin,,,185
7622,Yongzhou,,,185
7623,Ningyuan,,,185
7624,Huaihua,,,185
7625,Yiyang,,,185
7626,Hengshan,,,185
7627,Longshan,,,185
7628,Petroșani,,,1549
7629,Brad,46.1302414,22.7921521,1549
7630,Simeria,45.8475432,23.0162168,1549
7631,Lupeni,,,1549
7632,Râu Alb,45.5181426,23.0057105,1549
7633,Bacaia,46.016057,23.1780236,1549
7634,Hunedoara,,,1549
7635,Vața de Sus,46.1712025,22.5706015,1549
7636,Lubango,,,1545
7637,Quilengues,-14.076276,14.0733602,1545
7638,Zimbambi,,,1545
7639,Sariwon,,,1518
7640,Sinchon,38.3534289,125.4901879,1518
7641,Seidan,,,216
7642,Tatsuno,34.8743067,134.512583,216
7643,Nishinomiya,,,216
7644,Kakogawa,,,216
7645,Itami,,,216
7646,Amagasaki,,,216
7647,Kobe,,,216
7648,Kawanishi,,,216
7649,Inagawa,,,216
7650,Himeji,34.8153529,134.6854793,216
7651,Akashi,,,216
7652,Tamba,35.1771828,135.0363959,216
7653,Yumesaki,34.9622433,134.6955469,216
7654,Takasago,,,216
7655,Toyooka,,,216
7656,Katō,34.930544,135.007803,216
7657,Takino,,,216
7658,Takarazuka,,,216
7659,Miki,,,216
7660,Kamigori,,,216
7661,Tooyoka,,,216
7662,Sasayama,,,216
7663,Hà Nội (Hanoi),,,1368
7664,Yên Nội,21.206106,105.6304606,1368
7665,Montpellier,43.6112422,3.8767337,131
7666,Sète,,,131
7667,Bédarieux,43.6155109,3.1576143,131
7668,Béziers,43.3426562,3.2131307,131
7669,Aigues-Vives,43.3375957,2.8170934,131
7670,Pézenas,43.4611777,3.4228323,131
7671,Frontignan,43.4487615,3.7530636,131
7672,Lunel,43.6745265,4.1348062,131
7673,Servian,43.427043,3.2983696,131
7674,Bassan,,,131
7675,Sérignan,43.2830736,3.2798682,131
7676,Aspiran,43.5662917,3.4497645,131
7677,Maraussan,43.3696,3.15399,131
7678,Fundul Galbenei,,,1812
7679,Mingir,46.6931756,28.3362539,1812
7680,Hîncești,,,1812
7681,Reykjavík,,,1633
7682,Keflavík,,,1633
7683,Hafnarfjörður,,,1633
7684,Kleppur,64.1465379,-21.8494115,1633
7685,Mosfellsbær,,,1633
7686,Hải Dương,,,2205
7687,Tiền Tiến,,,2205
7688,Hải Phòng,,,2198
7689,Vīnh Bảo,,,2198
7690,Thủy Nguyên,,,2198
7691,Buești,44.5447311,27.1872935,1021
7692,Miloșești,44.7365595,27.2285136,1021
7693,Axintele,44.612495,26.7614141,1021
7694,Urziceni,44.717002,26.6324066,1021
7695,Fetești,,,1021
7696,Slobozia,44.5635999,27.3618477,1021
7697,Sudeși,,,1021
7698,Alexeni,44.6796571,26.7106387,1021
7699,Costești,,,2148
7700,Iași,,,764
7701,Târgu Frumos,47.2100643,27.0136647,764
7702,Grădinari,47.2703438,27.6696623,764
7703,Miclăușeni,47.0939861,26.9313346,764
7704,Costuleni,47.0305208,27.8664792,764
7705,Mogoșești,,,764
7706,Paşcani,,,764
7707,Sinești,47.1144129,27.1934022,764
7708,Hârlău,,,764
7709,Podu Iloaiei,,,764
7710,Koga,,,1515
7711,Kasama,,,1515
7712,Kyowo,,,1515
7713,Omiya,,,1515
7714,Iwai,,,1515
7715,Hitachi,36.5991225,140.6504604,1515
7716,Hitachinaka,36.3961235,140.5353397,1515
7717,Toride,,,1515
7718,Chikusei,,,1515
7719,Mito,,,1515
7720,Oarai,,,1515
7721,Shimotsuma,,,1515
7722,Tsuchiura,,,1515
7723,Ryugasaki,35.9113158,140.181878,1515
7724,Takahagi,,,1515
7725,Ishioka,,,1515
7726,Kashima,,,1515
7727,Ami,36.030794,140.2136028,1515
7728,Tokai,,,1515
7729,Ushiku,35.9790551,140.1495982,1515
7730,Joso,,,1515
7731,Ishige,,,1515
7732,Nazca,-14.8277203,-74.9370624,810
7733,Chincha Alta,-13.417488,-76.1325726,810
7734,Ica,-14.0640967,-75.7290915,810
7735,Pisco,-13.7099813,-76.2029793,810
7736,Narva,59.3766729,28.1921457,578
7737,Kohtla,59.35254205,27.22095538478261,578
7738,Kohtla-Järve,,,578
7739,Iisaku,,,578
7740,Sillamäe,,,578
7741,Kiviõli,,,578
7742,Jõhvi,,,578
7743,Vaivara,59.369874550000006,27.77946211644622,578
7744,Ketchum,,,860
7745,Boise,,,860
7746,Pocatello,42.8620287,-112.450627,860
7747,McCall,,,860
7748,Weiser,,,860
7749,Twin Falls,,,860
7750,Payette,44.0374651,-116.7651123,860
7751,Mountain Home,,,860
7752,Rexburg,,,860
7753,Hailey,,,860
7754,Moscow,,,860
7755,Council,,,860
7756,Wallace,,,860
7757,Sun Valley,,,860
7758,Idaho Falls,,,860
7759,Athol,,,860
7760,Sandpoint,48.2765903,-116.553247,860
7761,Meridian,,,860
7762,Triumph,,,860
7763,Post Falls,,,860
7764,Culdesac,46.3746103,-116.673203,860
7765,Iecava,56.6286451,24.2348401,1691
7766,Ilam,,,2485
7767,Dehloran,,,2485
7768,Dascălu,,,1145
7769,Buftea,,,1145
7770,Tunari,44.5459277,26.1376976,1145
7771,Periș,44.6784294,26.0145786,1145
7772,Brănești,,,1145
7773,Voluntari,44.4902779,26.1772794,1145
7774,Otopeni,44.5507941,26.0729271,1145
7775,Fierbinți,,,1145
7776,Pantelimon,44.4518794,26.2035562,1145
7777,Rennes,48.1113387,-1.6800198,492
7778,Cancale,48.6771721,-1.8506953,492
7779,Fougères,48.3503362,-1.1958526,492
7780,La Boussac,48.513174,-1.6605339,492
7781,Saint-Malo,48.649518,-2.0260409,492
7782,Sainte-Marie,47.6945161,-2.0005955,492
7783,Combourg,,,492
7784,Bécherel,48.2949905,-1.9440559,492
7785,Dinard,48.6320379,-2.0580178,492
7786,Chavagne,48.0539088,-1.7881749,492
7787,Les Iffs,48.2880565,-1.8667945,492
7788,Chicago,,,410
7789,Grundy County,,,410
7790,Bloomington,,,410
7791,Westmont,,,410
7792,Belleville,,,410
7793,Evanston,42.0470043,-87.6846053,410
7794,Christopher,37.9725501,-89.053408,410
7795,Oak Park,41.8878145,-87.7887615,410
7796,Lincolnwood,,,410
7797,Galesburg,40.9475652,-90.3712169,410
7798,Geneva,,,410
7799,Shiloh Valley,,,410
7800,Hubbard Woods,38.5144935,-89.0231208,410
7801,Berwyn,41.8505874,-87.7936685,410
7802,Atwood,,,410
7803,Maywood,41.8789942,-87.8436412,410
7804,Edwardsville,,,410
7805,Macomb,,,410
7806,Schiller Park,,,410
7807,Peoria,,,410
7808,Harvey,,,410
7809,Skokie,42.0262972,-87.7521069,410
7810,Urbana,40.1117174,-88.207301,410
7811,Columbia,38.4428078,-90.1997949,410
7812,Scott Air Force Base,,,410
7813,Rockford,42.2713945,-89.093966,410
7814,Waukegan,,,410
7815,Wilmette,42.0717994,-87.7277639,410
7816,Carbondale,37.7274692,-89.216655,410
7817,Barrington,,,410
7818,Elmhurst,,,410
7819,Kewanee,41.2455927,-89.9248303,410
7820,Lake Forest,,,410
7821,Hyde Park,41.7944464,-87.5939244,410
7822,Evergreen Park,,,410
7823,Joliet,41.5263603,-88.0840212,410
7824,Downers Grove,,,410
7825,Northbrook,,,410
7826,Springfield,39.7990175,-89.6439575,410
7827,Malta,41.9292207,-88.8623138,410
7828,Wheaton,,,410
7829,Highland Park,42.1526964,-87.7957618,410
7830,Winfield,,,410
7831,Olena,40.7855953,-90.9387517,410
7832,Palos Heights,,,410
7833,Riverdale,,,410
7834,Centralia,38.5250491,-89.1334037,410
7835,Antioch,,,410
7836,Algonquin,,,410
7837,Merrillville,,,410
7838,Beardstown,,,410
7839,Arlington Heights,,,410
7840,North Chicago,,,410
7841,Moline,41.5058344,-90.5136642,410
7842,Taylorville,39.5487452,-89.2941549,410
7843,Hinsdale,,,410
7844,Waterman,41.7716963,-88.7736942,410
7845,La Harpe,,,410
7846,Champaign,,,410
7847,East Chicago,,,410
7848,Staunton,,,410
7849,Sterling,41.788253,-89.6953656,410
7850,Ottawa,,,410
7851,Plainfield,,,410
7852,River Forest,,,410
7853,Lemont,,,410
7854,Oaklawn,37.9057,-88.940731,410
7855,Oregon,,,410
7856,Melrose Park,,,410
7857,Lockport,,,410
7858,Grayville,38.257547,-87.9936436,410
7859,Normal,40.5092961,-88.9843937,410
7860,Long Lake,42.3708546,-88.1275828,410
7861,Winnetka,,,410
7862,Seward,,,410
7863,Olney,38.7296538,-88.0846891,410
7864,Kankakee,,,410
7865,Schaumburg,42.0333608,-88.083406,410
7866,Avon,,,410
7867,Park Ridge,42.0112329,-87.8406031,410
7868,La Salle,41.3333679,-89.0917497,410
7869,Pana,39.3889311,-89.0800809,410
7870,Westchester,41.8505866,-87.8820048,410
7871,Versailles,39.8850477,-90.6559611,410
7872,Rantoul,,,410
7873,Onarga,,,410
7874,Elgin,42.03726,-88.2810994,410
7875,Butler,,,410
7876,Quincy,39.9356016,-91.4098727,410
7877,Grafton,,,410
7878,Glen Ellyn,,,410
7879,Lake Belleville,,,410
7880,Lincolnshire,,,410
7881,DuPage County,41.8603735,-88.0906873,410
7882,Carbon Cliff,,,410
7883,Centerville,,,410
7884,Hoffman Estates,,,410
7885,Rock Island,,,410
7886,Libertyville,,,410
7887,Glenview,,,410
7888,Red Bud,38.2117173,-89.9942741,410
7889,Naperville,,,410
7890,Highland,38.7394918,-89.6712008,410
7891,Niles,,,410
7892,Thomasboro,40.2417001,-88.1842134,410
7893,Addison,,,410
7894,McHenry,,,410
7895,Chenoa,40.7417014,-88.7197856,410
7896,Mount Carmel,,,410
7897,Belthalto,,,410
7898,Chicago Heights,,,410
7899,Lexington,40.6414237,-88.7834001,410
7900,Oak Lawn,,,410
7901,Laoag City,18.1973235,120.5935433,1766
7902,San Manuel,,,1766
7903,Piddig,18.1635915,120.7165263,1766
7904,Jaro,10.7467342,122.57672011161247,889
7905,New Lucena,,,889
7906,Iloilo City,10.688787,122.5723794,889
7907,Dueñas,11.0662441,122.6183728,889
7908,Janiuay,,,889
7909,Jordan,,,889
7910,Ilūkste,,,2089
7911,Kutaisi,,,447
7912,Dgnorisi,,,447
7913,Kharagauli,,,447
7914,Terjola,,,447
7915,Sakulia,42.1349965,42.554628,447
7916,Vani,42.0851175,42.511975,447
7917,Tskaltubo,,,447
7918,Sachkhere,,,447
7919,Tqibuli,42.3477177,42.9980769,447
7920,Derchi,42.4677919,42.7725182,447
7921,Zestaponi,42.1072962,43.0393018,447
7922,Ganiri,42.2484447,42.3593152,447
7923,Chiatura,42.2910245,43.2888362,447
7924,Samtredia,,,447
7925,Baghdati,,,447
7926,Mbieri,,,1534
7927,Owerri,,,1534
7928,Orlu,5.8179105,7.0409322202359785,1534
7929,Akokwa,,,1534
7930,Umuihiokwu Mbaise,,,1534
7931,Mgbidi,,,1534
7932,Osina,,,1534
7933,Imperia,,,356
7934,Sanremo,,,356
7935,Ventimiglia,,,356
7936,Msida,,,2497
7937,Imtarfa,35.8915754,14.3978902,1125
7938,Incheon,,,627
7939,Bupyong,,,627
7940,Duvergé,,,2249
7941,Evansville,37.970495,-87.5715641,456
7942,Indianapolis,39.7683331,-86.1583502,456
7943,Muncie,,,456
7944,Bluffton,,,456
7945,Sheridan,,,456
7946,Shiloh,,,456
7947,Crown Point,,,456
7948,Bourbon,,,456
7949,Terre Haute,,,456
7950,Fort Wayne,41.0799898,-85.1386015,456
7951,Madison,28.2537402,-82.7153998,456
7952,West Lafayette,,,456
7953,Warsaw,,,456
7954,Gary,41.6020962,-87.3370646,456
7955,Hammond,,,456
7956,Pendleton,,,456
7957,Chalmers,,,456
7958,Elkhart,41.6012796,-85.8590603,456
7959,South Bend,,,456
7960,New Albany,38.2856247,-85.8241312,456
7961,Zionsville,,,456
7962,Star City,,,456
7963,Crawfordsville,40.0401991,-86.8990249,456
7964,New Salisbury,,,456
7965,New Ross,39.9647658,-86.7144501,456
7966,Newburgh,,,456
7967,Elwood,40.2769834,-85.8419246,456
7968,Edwardsport,38.811991,-87.2522367,456
7969,Seymour,,,456
7970,Kokomo,,,456
7971,Columbia City,41.156928,-85.4884616,456
7972,Sullivan,39.0492722,-87.4172644,456
7973,Petersburg,38.4919935,-87.2786244,456
7974,Rushville,,,456
7975,Portland,,,456
7976,Beach Grove,,,456
7977,Goshen,,,456
7978,Franklin,39.4149034,-85.0563234,456
7979,French Lick,38.5502547,-86.6199659,456
7980,Vincennes,,,456
7981,Mooresville,,,456
7982,Mishawaka,,,456
7983,Liberty,39.6356048,-84.931071,456
7984,Speedway,39.7881233,-86.2407144,456
7985,Brownsburg,,,456
7986,Yorktown,40.1736547,-85.4941396,456
7987,Chassignoles,,,1412
7988,Chabris,47.2527118,1.6514258,1412
7989,Châteauroux,,,1412
7990,Saint-Marcel,46.6012324,1.513887,1412
7991,Reuilly,47.0858319,2.047429,1412
7992,Issoudun,46.9477826,1.9889131,1412
7993,Montrésor,47.1566605,1.2016534,1124
7994,Tours,47.3900474,0.6889268,1124
7995,Château-Renault,,,1124
7996,Chambray-lès-Tours,,,1124
7997,Joué-lès-Tours,,,1124
7998,Saint-Hippolyte,47.0621201,1.0999939,1124
7999,Nazelles-Négron,47.4319865,0.953293,1124
8000,Saint-Avertin,47.3577,0.739923,1124
8001,Amboise,47.4110351,0.983698,1124
8002,Hamar,,,794
8003,Sør-Odal,,,794
8004,Tolga,,,794
8005,Trysil,,,794
8006,Elverum,,,794
8007,Gjøvik,,,794
8008,Lillehammer,,,794
8009,Våler,,,794
8010,Tynset,,,794
8011,Etnedal,,,794
8012,Øyer,,,794
8013,Os,,,794
8014,Alvdal,,,794
8015,Nordre Land,,,794
8016,Stange,60.6244351,11.383120762784838,794
8017,Gran,,,794
8018,Grue,,,794
8019,Folldal,,,794
8020,Vestre Slidre,,,794
8021,Lom,,,794
8022,Øystre Slidre,61.2510155,9.116496698942951,794
8023,Løten,60.865275350000005,11.372851280304207,794
8024,Eidskog,59.99108075,12.080849068374135,794
8025,Vestre Toten,60.6276003,10.613069181752156,794
8026,Nord-Odal,,,794
8027,Kongsvinger,,,794
8028,Engerdal,,,794
8029,Åsnes,60.68122735,12.186882677125336,794
8030,Kerkyra (Corfu),39.6324302,19.881281,674
8031,Kefalonia,,,674
8032,Zakynthos,,,674
8033,Skala,,,674
8034,Ithaki,,,674
8035,Des Moines,41.5868654,-93.6249494,460
8036,Graham Township,,,460
8037,Osage,,,460
8038,Davenport,,,460
8039,Cedar Rapids,,,460
8040,Sioux City,42.4966815,-96.4058782,460
8041,Black Hawk,42.4607526,-92.3030235,460
8042,Keokuk,,,460
8043,Ossian,,,460
8044,Webster City,,,460
8045,Ames,42.0267567,-93.6170448,460
8046,Iowa City,41.6683126,-91.57952674093114,460
8047,Dubuque,,,460
8048,Mount Pleasant,40.966312,-91.5539956,460
8049,New Sharon,,,460
8050,Scott County,41.6251843,-90.6164201,460
8051,Edgewood,42.6444914,-91.4011118,460
8052,Council Bluffs,41.258841,-95.8519484,460
8053,Rutland,42.7609201,-94.2921262,460
8054,Clarion,42.7317899,-93.7321871,460
8055,Le Mars,42.792151,-96.1662993,460
8056,Guthrie Center,,,460
8057,New Hampton,43.059421,-92.3181158,460
8058,Hamilton,42.382945,-93.7083849,460
8059,Tama,,,460
8060,Cedar Falls,,,460
8061,Cresco,43.3736148,-92.1161444,460
8062,Hocking,40.9908417,-92.8204738,460
8063,Belle Plaine,,,460
8064,Sibley,,,460
8065,Fort Madison,,,460
8066,Waterloo,50.5926253,8.6844302,460
8067,Odebolt,,,460
8068,Farmersburg,,,460
8069,Cherokee,,,460
8070,Washington County,,,460
8071,Waverly,42.7258451,-92.4746033,460
8072,Little Cedar,43.3802478,-92.7257437,460
8073,Denison,42.0177718,-95.3553286,460
8074,Johnson County,41.6683126,-91.57952674093114,460
8075,Carroll,42.0193628,-94.860335,460
8076,Oskaloosa,,,460
8077,Fort Dodge,42.5044017,-94.1910044,460
8078,Blairstown,,,460
8079,Marshalltown,42.048881,-92.9122672,460
8080,Sheldon,,,460
8081,Montezuma,41.5855171,-92.5270227,460
8082,West Des Moines,41.5644476,-93.7594059,460
8083,State Center Township,,,460
8084,Irbid,,,2278
8085,Iringa,-7.5662123,35.07448067667575,1933
8086,Angarsk,,,1026
8087,Irkutsk,,,1026
8088,Primorsky,,,1026
8089,Konovalov,,,1026
8090,Tulun,,,1026
8091,Bratsk,,,1026
8092,Ust-Ilimsk,,,1026
8093,Usolye-Sibirskoye,,,1026
8094,Zima,,,1026
8095,Novochunka,,,1026
8096,Ust-Kut,,,1026
8097,Shelekhov,,,1026
8098,Nygda,53.0170964,102.6843834,1026
8099,Ust-Ordynsky,,,1026
8100,Isfahan,,,1334
8101,Kashan,33.9876533,51.4428856,1334
8102,Lenjan County,,,1334
8103,Poudeh,,,1334
8104,Nomi,36.4392262,136.5424414,1306
8105,Hakusan,,,1306
8106,Komatsu,,,1306
8107,Kanazawa,,,1306
8108,Mikawa,,,1306
8109,Nanao,,,1306
8110,Hakui District,,,1306
8111,Shika,,,1306
8112,Wajima,37.3905644,136.8994281,1306
8113,Hodatsushimizu,36.8333774,136.7965305,1306
8114,Tsubata,,,1306
8115,Nueva Gerona,21.884703,-82.8038514,1752
8116,Cocodrilo,,,1752
8117,Islamabad,33.6938118,73.0651511,1392
8118,Palma de Mallorca,,,979
8119,Ciudadela de Menorca,,,979
8120,Ibiza,,,979
8121,Guanaja,,,2257
8122,Maughold ,54.2986783,-4.3182991,1370
8123,Sulby,54.3197288,-4.4895805,1370
8124,Isparta,37.7709545,30.5512931,439
8125,Karakol,,,2236
8126,Saruu,,,2236
8127,Balykchy,,,2236
8128,Chok-Tal,,,2236
8129,Vrsar,45.1490782,13.6063472,901
8130,Loborika,44.9165197,13.9065914,901
8131,Pula,,,901
8132,Umag,45.4323587,13.5224098,901
8133,Pazin,45.2391995,13.9363313,901
8134,Rovinj,45.0807411,13.6417282,901
8135,Novigrad,45.3165019,13.565007,901
8136,Fažana,44.9273327,13.8050769,901
8137,Buje,45.4083871,13.6587529,901
8138,Raša,45.080594,14.0838455,901
8139,La-Côte-Saint-André,45.3937745,5.2604941,619
8140,Grenoble,,,619
8141,Pommiers-La-Placette,45.3199054,5.677621991643867,619
8142,La Tronche,,,619
8143,Voiron,,,619
8144,Sassenage,,,619
8145,Bourgoin-Jallieu,,,619
8146,Échirolles,,,619
8147,Saint-Hugues-de-Chartreuse,,,619
8148,Rives,,,619
8149,Seyssinet-Pariset,,,619
8150,Pont-de-Beauvoisin,,,619
8151,Corbelin,45.6082,5.54285,619
8152,Saint-Gervais,,,619
8153,Saint-Pierre-de-Bressieux,45.315408,5.2838227,619
8154,Villard-de-Lans,,,619
8155,Vienne,45.52524,4.87477,619
8156,Pontcharra,,,619
8157,Vif,,,619
8158,Saint-Quentin-Fallavier,45.6314982,5.1106322,619
8159,Izeaux,45.3327997,5.4262479,619
8160,Jarrie,,,619
8161,Coublevie,,,619
8162,Tencin,45.3082543,5.9577176,619
8163,Les Deux Alpes,,,619
8164,La Mure,,,619
8165,Obigado,,,1877
8166,Encarnacion,,,1877
8167,General Artigas,,,1877
8168,Soavinandriana,,,1978
8169,Kolomiya,48.53647515,25.047350468144664,1448
8170,Ivano-Frankivsk,,,1448
8171,Nadvirna,,,1448
8172,Bolekhiv,49.0663203,23.8598949,1448
8173,Holyn,,,1448
8174,Vorokhta,,,1448
8175,Solotvino,,,1448
8176,Kalush,,,1448
8177,Vovchkiv,,,1448
8178,Rohatyn,49.4092703,24.6105811,1448
8179,Kropyvnyk,,,1448
8180,Dolina,,,1448
8181,Verkhovyna,,,1448
8182,Tekucho,,,1448
8183,Yaremche,,,1448
8184,Kosiv,,,1448
8185,Furmanov,,,1076
8186,Ivanovo,56.9984452,40.9737394,1076
8187,Teykovo,,,1076
8188,Navoloki,57.4737882,41.962231,1076
8189,Rodniki,57.105225,41.72839,1076
8190,Kineshma,,,1076
8191,Krka,,,1151
8192,Višnja Gora,,,1151
8193,Nishiwaga,39.3179162,140.7787649,737
8194,Iwate,,,737
8195,Morioka,,,737
8196,Ofunato,39.0817727,141.7084037,737
8197,Hachimantai,,,737
8198,Hanamaki,,,737
8199,Ninohe,,,737
8200,Ichinoseki,,,737
8201,Ashiro,,,737
8202,Sawamura Taki,,,737
8203,Shiramae,,,737
8204,Rikuzentakata,,,737
8205,Yamada,39.4792901,141.9391631,737
8206,Takizawa,,,737
8207,Puerto Barrios,15.7275154,-88.5952506,1491
8208,Izabal,15.4034378,-89.1371763,1491
8209,Livingston,,,1491
8210,Izola,45.5367244,13.6607673,707
8211,Iğdır,,,2551
8212,Dlebta,,,1364
8213,Brummana,,,1364
8214,Adma wa Dafneh,,,1364
8215,Mansourieh,,,1364
8216,Hadath,,,1364
8217,Leskovac,42.9951304,21.9464271,822
8218,Crkvice,,,822
8219,Jalal-Abad,40.9298182,73.00119,1780
8220,Aral,,,1780
8221,Toktogul,,,1780
8222,Tashkomur,,,1780
8223,Mayli-Say,,,1780
8224,Jilotepeque,14.6454751,-89.7267561,1948
8225,Mataquescuintla,,,1948
8226,Zapopan,20.7211203,-103.3913671,244
8227,Zacoalco de Torres,20.24409495,-103.59310626655152,244
8228,Ayo el Chico,,,244
8229,Atemajac de Brizuela,20.1795227,-103.74059998653084,244
8230,Ciudad Guzmán,,,244
8231,Teocaltiche,,,244
8232,San Ignacio Cerro Gordo,20.76868135,-102.51481451130394,244
8233,Sayula,19.8571638,-103.60889569436723,244
8234,Teocuitatlán de Corona,20.11084605,-103.35552070918112,244
8235,San Pedro Tesistan,20.2306174,-103.4151302,244
8236,Colotlán,22.0984243,-103.27431707479644,244
8237,Chapala,,,244
8238,Tonaya,19.86681275,-103.91820085013312,244
8239,Ameca,20.5347004,-104.06466098593744,244
8240,Ocotlán,,,244
8241,Tuxpan,19.4374898,-103.41147046920722,244
8242,Puerto Vallarta,,,244
8243,La Barca,,,244
8244,Acatic,,,244
8245,Jocotepec,20.28934695,-103.43686457681868,244
8246,Tamazula de Gordiano,19.6853653,-103.17006701011542,244
8247,Jambi,,,2484
8248,Leh,,,2323
8249,Rajouri district,,,2323
8250,Doda,,,2323
8251,Gulmarg,,,2323
8252,Dhanusa district,,,2262
8253,Kaduqli,,,1032
8254,Babanusah,,,1032
8255,Sece,,,1331
8256,Jaunjelgava,,,1331
8257,Bandung,,,71
8258,Tasikmalaya,-7.3262484,108.2201154,71
8259,Sukabumi,-6.9199289,106.9265095,71
8260,Tangerang,-6.8211746,107.1434435,71
8261,Indramayu,-6.326433,108.3229169,71
8262,Cirebon,-6.7137044,108.5608483,71
8263,Bogor,,,71
8264,Depok,,,71
8265,Karawan Regency,,,71
8266,Sumedang,,,71
8267,Bekasi,,,71
8268,Banyumas,,,72
8269,Pemalang,,,72
8270,Tegal,,,72
8271,Sleman,-7.6745669,110.3243032,72
8272,Magelang,-7.4770747,110.2182164,72
8273,Surodadi,,,72
8274,Wonogiri,-7.814198,110.9259617,72
8275,Pekalongan,-7.0418471,109.6198874814006,72
8276,Solo,-7.5692489,110.828448,72
8277,Kudus,-6.8078233,110.8416866,72
8278,Klaten,,,72
8279,Blora,-6.5358729,110.9290999,72
8280,Purwokerto,,,72
8281,Surakarta,,,72
8282,Kebumen,-7.6817054,109.6622059,72
8283,Comal,-6.9063768,109.5331389,72
8284,Semarang,-6.9903988,110.4229104,72
8285,Cilacap,,,72
8286,Ambarawa,-7.2598228,110.4045522,72
8287,Gombong,-7.6107474,109.5078045,72
8288,Lasem,-6.6921161,111.451562,72
8289,Gemolong,-7.3996375,110.8355096,72
8290,Salatiga,-7.3302642,110.4995353,72
8291,Purwurejo,,,72
8292,Kutoarjo,-7.72603,109.9070809,72
8293,Surabaya,-7.2459717,112.7378266,73
8294,Malang,-7.9771206,112.6340291,73
8295,Pasuruan,-7.6399593,112.9070632,73
8296,Wonokusumo,-7.2175678,112.7549966,73
8297,Probolinggo,,,73
8298,Kraguman,-7.944633,112.564561,73
8299,Bojonegoro,,,73
8300,Blitar,,,73
8301,Kedung Banteng,-7.4773948,111.634918,73
8302,Tanjung Pura,-7.2208083,112.7298425,73
8303,Pamekasan,-7.1605439,113.4826273,73
8304,Tuban,,,73
8305,Kediri,,,73
8306,Banyuwangi,,,73
8307,Madiun,-7.61188765,111.67319262808836,73
8308,Jatinegara,-6.2149252,106.8703394,73
8309,Jember,-8.1688563,113.7021772,73
8310,Ngawi,-7.4422788,111.3869462,73
8311,Quesada,37.8429817,-3.0669209,1213
8312,Andújar,38.0392362,-4.0505603,1213
8313,Linares,38.0931247,-3.6357207,1213
8314,Torredelcampo,37.7702055,-3.8972315,1213
8315,Villacarrillo,38.11602,-3.083922,1213
8316,Jaén,,,1213
8317,Úbeda,38.0111398,-3.3719098,1213
8318,Lopera,37.9455526,-4.2142298,1213
8319,Frailes,37.4873237,-3.8370179,1213
8320,Jeju,,,750
8321,Jelgava,56.64065845,23.732151657539497,752
8322,Valgunde,56.7479175,23.67924838248608,1315
8323,Vircava,56.55860355,23.771709183391835,1315
8324,Lielvircava,,,1315
8325,Jendouba,,,1055
8326,Sidi Ahmed,,,1055
8327,Bou Salem,,,1055
8328,Souk El-Khemis,36.607408,8.9696535,1055
8329,Gochang county,,,628
8330,Imsil,,,628
8331,Jeonju,,,628
8332,Muju,,,628
8333,Jinan,35.7915,127.4252,628
8334,Gunsan,,,628
8335,Jangsu,35.647,127.5212,628
8336,Jeongeup,,,628
8337,Okcheon,,,628
8338,Gimje,35.803815,126.880557,628
8339,Goheung,34.6045193,127.27551852504146,227
8340,Suncheon,,,227
8341,Mokpo,,,227
8342,Haenam,,,227
8343,Yeosu,,,227
8344,Gwangyang,,,227
8345,Gokseong,35.2818969,127.2914673,227
8346,Hwasun,,,227
8347,Naju,,,227
8348,Gangjin County,34.64197225,126.76701057943214,227
8349,Hampyeong County,,,227
8350,Muan,,,227
8351,Sinan,,,227
8352,Uisin,,,227
8353,Boseong,,,227
8354,Jangheung County,,,227
8355,Saint Helier,49.1856637,-2.1102277,1181
8356,Jesenice,46.4361827,14.0548215,1604
8357,Slovenski Javornik,,,1604
8358,Blejska Dobrava,,,1604
8359,Holzdorf,51.779818500000005,13.13454481102843,1626
8360,Simdega,22.6664325,84.5502679119221,1375
8361,Jamshedpur,,,1375
8362,Ranchi,,,1375
8363,Khooty,,,1375
8364,Liyang,,,157
8365,Pei,,,157
8366,Changzhou,,,157
8367,Nanjing,,,157
8368,Xuzhou,,,157
8369,Nantong,,,157
8370,Yangzhou,,,157
8371,Danyang,,,157
8372,Huaian,,,157
8373,Rugao,32.3734658,120.5697741,157
8374,Feng,,,157
8375,Lianshui,,,157
8376,Yancheng,,,157
8377,Jiangyin,,,157
8378,Lianyungang,,,157
8379,Dantu,,,157
8380,Taizhou,,,157
8381,Gaoyou,,,157
8382,Taixing,32.1738588,120.0466771,157
8383,Changshu,,,157
8384,Wuxi,,,157
8385,Qidong,,,157
8386,Funing,33.7602868,119.7969364,157
8387,Zhenjiang,32.1891959,119.4200069,157
8388,Sihong,,,157
8389,Yixing,,,157
8390,Pizhou,34.3402702,118.0068173,157
8391,Nanchang,,,1607
8392,Jiujiang,,,1607
8393,Anfu County,,,1607
8394,Ruichang,,,1607
8395,Wannian,,,1607
8396,Jingdezhen,,,1607
8397,Ruijin,,,1607
8398,Xiajiang,27.5879713,115.2040791,1607
8399,Fengcheng,,,1607
8400,Yugan,,,1607
8401,Brno,49.1922443,16.6113382,480
8402,Břeclav,48.7594008,16.8813137,480
8403,Kyjov,,,480
8404,Vilémovice,,,480
8405,Slavkov u Brna,49.1535759,16.8763606,480
8406,Malhostovice,49.3335986,16.5022167,480
8407,Znojmo,48.8554341,16.0489457,480
8408,Šlapanice,,,480
8409,Hrubá Vrbka,,,480
8410,Vyškov,,,480
8411,Hodonín,,,480
8412,Valtice,48.7412949,16.755758,480
8413,Boskovice,,,480
8414,Mikulov,,,480
8415,Moravský Žižkov,,,480
8416,Šardičky,,,480
8417,Popice,48.9281893,16.6648811,480
8418,Ivančice,,,480
8419,Charvátská Nová Ves,48.7663388,16.8471987,480
8420,Račice,49.2758826,16.8728265,480
8421,Vracov,48.9753927,17.2106987,480
8422,Dolní Kounice,49.0701117,16.4649199,480
8423,Lipůvka,,,480
8424,Měnín,49.0823951,16.6942374,480
8425,Moravský Krumlov,49.0492698,16.3115273,480
8426,Radostice,49.1336068,16.4770079,480
8427,Týn nad Vltavou,,,480
8428,Starovičky,,,480
8429,Tišnov,49.348838,16.4244906,480
8430,Velké Němčice,48.9945743,16.6746562,480
8431,Moravany,,,480
8432,Veselí nad Moravou,48.9540796,17.379034,480
8433,Kuřim,49.2987857,16.531396,480
8434,Čebín,49.3082989,16.479780962079296,480
8435,Pustiměř,49.3225148,17.0279229,480
8436,Rosice,49.1825874,16.3878251,480
8437,Mezíříčko,49.5660304,16.5555454,480
8438,Horákov,49.21675135,16.734796353974577,480
8439,Tvrdonice,,,480
8440,Krasová,49.3613761,16.7679289,480
8441,Horřce,,,480
8442,Borotín,49.5813049,16.6714605,480
8443,Žďárná,49.4686388,16.7585066,480
8444,Luleč,49.2534925,16.9286484,480
8445,Olbramkostel,48.9217141,15.9496026,480
8446,Písek,49.3038307,14.1580478,170
8447,Strakonice,,,170
8448,České Budějovice,,,170
8449,Soběslav,49.259407,14.7193304,170
8450,Čakovec,,,170
8451,Jindřichův Hradec,49.1443265,15.003354,170
8452,Vimperk,,,170
8453,Třeboň,49.0040317,14.7714476,170
8454,Lhota Samoty,,,170
8455,Chlum u Třeboně,,,170
8456,Majdalena,48.9607055,14.8613101,170
8457,Včelná,,,170
8458,Tábor,,,170
8459,Hluboká nad Vltavou,,,170
8460,Rastory,,,170
8461,Český Krumlov,,,170
8462,Stříbřec,,,170
8463,Netolice,49.0493797,14.1962532,170
8464,Sezimovo Ústí,49.3854146,14.684521,170
8465,Prachatice,,,170
8466,Branice,49.4023497,14.3456597,170
8467,Plástovice,49.064212,14.300806,170
8468,Lhenice,48.9946867,14.1497102,170
8469,Brandlín,49.3057379,14.7870877,170
8470,Ledenice,,,170
8471,Nová Bystřice,,,170
8472,Sobědraž,,,170
8473,El Ancer,36.79416345,6.17707857449264,1627
8474,Jijel,,,1627
8475,Duquesne,36.8192216,5.772830089414173,1627
8476,Changchun,43.8844201,125.3180998,106
8477,Shulan,,,106
8478,Jilin,,,106
8479,Siping,43.1552548,124.40019590135908,106
8480,Tonghua,,,106
8481,Baishan,,,106
8482,Meihekou,42.5358335,125.6925277,106
8483,Lishu,,,106
8484,Dunhua,43.3686205,128.2267987,106
8485,Jiaohe,43.6848768,127.3578579,106
8486,Panshi,,,106
8487,Baicheng,,,106
8488,Yitong Manchu,,,106
8489,Jinotega,,,2498
8490,Jizan,,,1973
8491,Jizzax,,,2273
8492,Keluang,,,240
8493,Muar,2.05,102.5666667,240
8494,Batu Pahat,1.933333,103.0,240
8495,Pasir Gudang,,,240
8496,Johor Bahru,1.503555,103.7495586,240
8497,Waat,,,1737
8498,Daiong,,,1737
8499,Bor,,,1737
8500,Libertador General San Martín,-23.8093358,-64.7921741,1275
8501,San Salvador de Jujuy,-24.1852569,-65.2994789,1275
8502,Santa Fe de Jauja,,,917
8503,Huancayo,,,917
8504,Delémont,47.3615882,7.354445,1118
8505,Saint-Ursanne,,,1118
8506,Septmoncel,,,1118
8507,Mervelier,,,1118
8508,Bellefontaine,,,1118
8509,Les Rousses,,,1118
8510,Lamoura,,,1118
8511,Les Molunes,,,1118
8512,Lons-le-Saulnier,,,1118
8513,Desnes,46.7616,5.4712,1118
8514,Bonfol,,,1118
8515,Morez,,,1118
8516,Arbois,,,1118
8517,Champagnole,,,1118
8518,Prémanon,,,1118
8519,Dole,,,1118
8520,Bellecombe,,,1118
8521,Le Pesse,,,1118
8522,Morbier,,,1118
8523,Foncine-le-Haut,,,1118
8524,Bure,,,1118
8525,Notre Dame Bellecombe,,,1118
8526,Novi Sad,,,68
8527,Nadalj,,,68
8528,Karađorđevo,,,68
8529,Bačka Palanka,,,68
8530,Pančevo,,,68
8531,Beočin,,,68
8532,Bečej,,,68
8533,Begeč,,,68
8534,Đurđevo,,,68
8535,Vrbas,,,68
8536,Bač,,,68
8537,Stepanovićevo,,,68
8538,Vršac,,,1411
8539,Kovin,,,1411
8540,Opovo,,,1411
8541,Glogonj,,,1411
8542,Bela Crkva,,,1411
8543,Banatsko Novo Selo,,,1411
8544,Jwaneng,,,2311
8545,Szolnok,,,677
8546,Mezőtúr,47.0004724,20.6299513,677
8547,Fegyvernek,47.2526516,20.5259428,677
8548,Vezseny,47.0336491,20.2199129,677
8549,Kunhegyes,47.3699089,20.6318292,677
8550,Cibakháza,46.9590236,20.2062362,677
8551,Tiszaföldvár,46.9803541,20.2541166,677
8552,Tiszafüred,47.6130877,20.7502258,677
8553,Törökszentmiklós,47.1793568,20.409153,677
8554,Jászárokszállás,47.6445417,19.9786517,677
8555,Jászfényszaru,47.5692314,19.7168149,677
8556,Karcag,,,677
8557,Abádszalók,47.4760139,20.5997748,677
8558,Jászberény,47.5030505,19.9117887,677
8559,Jászkisér,47.4594357,20.2157783,677
8560,Túrkeve,47.1092447,20.7358057,677
8561,Kunmadaras,47.4284725,20.7952971,677
8562,Jászladány,47.3649496,20.1653647,677
8563,Östersund,,,1154
8564,Ragunda,,,1154
8565,Åre,,,1154
8566,Berg,,,1154
8567,Strömsund,64.25,15.366667,1154
8568,Sunne,,,1154
8569,Bräcke,62.783333,15.666667,1154
8570,Vemdalen,,,1154
8571,Krokom,63.733333,14.2,1154
8572,Koeru,,,1481
8573,Paide,,,1481
8574,Särevere,,,1481
8575,Jõgeva,,,934
8576,Vaimastvere,58.8141816,26.286208,934
8577,Palamuse,,,934
8578,Põltsamaa,,,934
8579,Tõikvere,58.8009673,26.6615981,934
8580,Nässjö,,,521
8581,Jönköping,,,521
8582,Mullsjö,,,521
8583,Sävsjö,,,521
8584,Värnamo,57.2005598,14.083181,521
8585,Tranås,,,521
8586,Eksjö,,,521
8587,Bredaryd,,,521
8588,Habo,57.9160149,14.0527108,521
8589,Landsbro,,,521
8590,Jēkabpils,,,2037
8591,Jūrmala,,,2173
8592,Tyrnyauz,,,868
8593,Baksan,,,868
8594,Nalchik,,,868
8595,Psygansu,,,868
8596,Khasanya,,,868
8597,Prokhladny,,,868
8598,Beloglinka,,,868
8599,Psykhurey,,,868
8600,Nartkala,,,868
8601,Kabul,34.5260109,69.1776838,1813
8602,Myitkyina,,,1761
8603,Bhamo,24.2692872,97.17853617700688,1761
8604,Namara,,,1391
8605,Galoa,,,1391
8606,Kaduna,10.5182899,7.4359863,1531
8607,Zaria,,,1531
8608,Kagoro,,,1531
8609,Kafanchan,9.58519,8.2926136,1531
8610,Desouk,,,1673
8611,Kafr As-Sayh,,,1673
8612,El Hamool,,,1673
8613,Sakaide,34.3082086,133.8698532,1313
8614,Mitoyo,34.1986856,133.7179334,1313
8615,Tadotsu,34.2711186,133.757012,1313
8616,Higashikagawa,34.2223617,134.3192814,1313
8617,Takamatsu,,,1313
8618,Sanuki,34.2931892,134.1890881,1313
8619,Ayauta district,,,1313
8620,Bukoba,-1.35209535,31.686078306387767,1372
8621,Kirishima,31.7410148,130.7632406,223
8622,Yusui,,,223
8623,Kagoshima,,,223
8624,Minamisatsuma,,,223
8625,Kanoya,,,223
8626,Aira,,,223
8627,Amami,28.3776614,129.4938985,223
8628,Osaki,31.443611,130.984002,223
8629,Ibusuki,,,223
8630,Osumi,30.347925,130.52448324447516,223
8631,Satsumasendai,31.813421,130.3039789,223
8632,Minamikyushu,31.3782842,130.4416754,223
8633,Kahramanmaraş,37.5812744,36.927509,1841
8634,Göksun,,,1841
8635,Andırın,,,1841
8636,Kajaani,,,124
8637,Ristijärvi,,,124
8638,Kuhmo,,,124
8639,Sotkamo,,,124
8640,Suomussalmi,,,124
8641,Puolanka,,,124
8642,Paltamo,,,124
8643,Kairouan,,,1054
8644,Kajiado,,,1383
8645,Kakamega,,,1970
8646,Butere,,,1970
8647,Soy,,,1970
8648,Kvareli,41.9482236,45.8139601,1654
8649,Kondoli,41.9214877,45.5818922,1654
8650,Akhmeta,,,1654
8651,Giorgitsminda,41.7318898,45.3530619,1654
8652,Sagarejo,,,1654
8653,Chabinaani,41.9734404,45.3353286,1654
8654,Gegmoubani,,,1654
8655,Telavi,,,1654
8656,Manavi,41.7184553,45.4626562,1654
8657,Kalasin,,,2550
8658,Packebusch,52.7584482,11.50726326403026,1678
8659,Pontianak,-0.0226903,109.3447488,1354
8660,Guntung Payung,-3.4394438,114.793775,1951
8661,Bontang,,,76
8662,Balikpapan,-1.2398711,116.8593379,76
8663,Samarinda,-0.5017804,117.1393089,76
8664,Kaliningrad,54.710128,20.5105838,541
8665,Chernyakhovsk,54.635533,21.8099822,541
8666,Svetly,54.6597794,20.1017962,541
8667,Ozyorsk,54.408741,22.014359,541
8668,Yasnaya Polyana,54.5678791,22.4509912,541
8669,Gusev,54.5921685,22.2014752,541
8670,Kuntsevo,54.525,20.091944,541
8671,Muldzhen,,,541
8672,Malinovka,54.8286832,20.5302211,541
8673,Baltiysk,54.6437214,19.8941584,541
8674,Yasnoye,55.174408,21.545767,541
8675,Dolzhanskoye,,,541
8676,Neman,55.0359656,22.0293578,541
8677,Yablonovka,,,541
8678,Rzhevskoe,,,541
8679,Kanden,,,541
8680,Gusevo,54.457916,21.452887,541
8681,Yushny,,,541
8682,Mamonovo,54.4636264,19.9414303,541
8683,Matveyevsk,,,541
8684,Sovetsk,55.0809688,21.8882673,541
8685,Kalmar,,,523
8686,Västervik,,,523
8687,Oskarshamn,57.5349197,16.747399330127173,523
8688,Hultsfred,57.4,15.8,523
8689,Vimmerby,,,523
8690,Nybro,56.7306937,15.9616918,523
8691,Mönsterås,,,523
8692,Kaluga,,,1220
8693,Ulyanovo,,,1220
8694,Borovsk,55.2049516,36.48485294979915,1220
8695,Obninsk,55.09992175,36.60927334723832,1220
8696,Spasskoye,,,1220
8697,Ozhogino,54.8918135,36.4878541,1220
8698,Askerovo,54.4986482,34.4069321,1220
8699,Nikolayevka,,,1220
8700,Yelizovo,,,1857
8701,Klyuchi,56.318218,160.842178,1857
8702,Petropavlovsk-Kamchatsky,,,1857
8703,Kozyrevsk,,,1857
8704,Ilpyr,,,1857
8705,Kamnik,46.2208814,14.6037113,430
8706,Kamphaeng Phet,,,2369
8707,Khlong Lan District,,,2369
8708,Yokohama,,,217
8709,Sagamihara,,,217
8710,Yokosuka,,,217
8711,Atsugi,,,217
8712,Kawasaki,,,217
8713,Kiyokawa,35.4816389,139.2147381,217
8714,Zushi,,,217
8715,Hiratsuka,,,217
8716,Fujisawa,,,217
8717,Yamakita,,,217
8718,Chigasaki,35.329479,139.405371,217
8719,Hayama,,,217
8720,Yugawara,35.1667838,139.1207299,217
8721,Odawara,,,217
8722,Kamakura,,,217
8723,Isehara,,,217
8724,Ninomiya,,,217
8725,Zama,,,217
8726,Yamato,35.4726896,139.4607583,217
8727,Miura,,,217
8728,Kanchanaburi,,,534
8729,Kandahar,,,2436
8730,Kien Svay,,,2329
8731,Wonsan,,,1715
8732,Kano,,,1536
8733,Salina,,,463
8734,Wichita,,,463
8735,Strauss,37.3403361,-95.0858015,463
8736,Clay Center,,,463
8737,Munden,39.913894,-97.538097,463
8738,Topeka,39.049011,-95.677556,463
8739,Fort Riley,39.17147525,-96.77985883759038,463
8740,Leavenworth,39.2147095,-95.0620347,463
8741,Lawrence,,,463
8742,Anthony,37.1533554,-98.0311728,463
8743,Emporia,38.4040054,-96.181623,463
8744,Ashland,,,463
8745,Junction City,39.0286093,-96.8313978,463
8746,Frontenac,,,463
8747,Hutchinson,38.0608444,-97.9297743,463
8748,Maize,,,463
8749,Fort Leavenworth,39.36038775,-94.92530956365256,463
8750,Chapman,38.972221,-97.022514,463
8751,Jetmore,38.0845142,-99.8936684,463
8752,Gardner,,,463
8753,Kansas City,,,463
8754,Ransom,,,463
8755,Garden City,,,463
8756,Coffeyville,37.0372999,-95.6163634,463
8757,Rozel,,,463
8758,Caldwell,37.032247,-97.6069946,463
8759,Sedgwick,,,463
8760,Little River,38.3980652,-98.0119966,463
8761,Dodge City,,,463
8762,Hoisington,38.5180672,-98.7781394,463
8763,Wilson,,,463
8764,Gypsum,,,463
8765,Reserve,,,463
8766,Protection,,,463
8767,Roeland Park,39.0375053,-94.6321795,463
8768,Abilene,38.917252,-97.21377,463
8769,Marysville,,,463
8770,Monmouth,37.363111,-94.9369094,463
8771,Page City,39.0895836,-101.1488811,463
8772,Beloit,,,463
8773,Quinter,,,463
8774,Fort Scott,,,463
8775,Ulysses,,,463
8776,Shawnee,,,463
8777,Greensburg,,,463
8778,Mankato,39.7869202,-98.2093415,463
8779,McLouth,39.1958333,-95.2083035,463
8780,Ford,,,463
8781,Baxter Springs,37.0235753,-94.7352387,463
8782,Manhattan,,,463
8783,Hattula,,,123
8784,Tammela,,,123
8785,Janakkala,,,123
8786,Hämeenlinna,60.9948584,24.46654,123
8787,Loppi,,,123
8788,Riihimäki,,,123
8789,Hausjärvi,60.7788065,24.9735698,123
8790,Forssa,,,123
8791,Humppila,,,123
8792,Tomislavgrad,43.7169169,17.2278277,1583
8793,Livno,43.8259136,17.0042416,1583
8794,Drvar,44.3740882,16.3845503,1583
8795,Prisoje,,,1583
8796,Bosansko Grahovo,44.1794878,16.3639977,1583
8797,Sarajevo,,,827
8798,Vučja Luka,,,827
8799,near Sarajevo,43.8306254,18.3327664,827
8800,Vogošća,43.901488,18.3433749,827
8801,Kaohsiung City,22.630583,120.3438175204031,1052
8802,Liouguei District,,,1052
8803,Kaolack,,,2117
8804,Bassar,,,2021
8805,Dimouri,,,2021
8806,Karabük,41.1955402,32.6231154,1853
8807,Yenice,,,1853
8808,Klukhori,,,1579
8809,Cherkessk,,,1579
8810,Karaman,,,2378
8811,Karbala,,,2192
8812,Kardzhali,41.6741785,25.445614556574924,174
8813,Stremtsi,41.72841,25.42281,174
8814,Momchilgrad,41.5301245,25.48450558411006,174
8815,Postnik,41.567222,25.566667,174
8816,Ptichar,41.4593171,25.3775684,174
8817,Krumovgrad,,,174
8818,Sokolov,,,369
8819,Karlovy Vary,,,369
8820,Cheb,,,369
8821,Kraslice,,,369
8822,Mariánské Lázně,49.9739518,12.703319,369
8823,Teplá,49.9821176,12.8631587,369
8824,Ostrov nad Ohří,,,369
8825,Citice,,,369
8826,Úšovice,,,369
8827,Loket,50.1860008,12.7540466,369
8828,Plesná,50.2208012,12.3466609,369
8829,Karlovac,45.4892522,15.5486303,1178
8830,Donji Skrad,45.3462463,15.5143098,1178
8831,Plaški,45.0809602,15.3624484,1178
8832,Slunj,45.114468,15.584898,1178
8833,Duga Resa,45.4478475,15.4976858,1178
8834,Vojnić,45.3259727,15.6958087,1178
8835,Jumla,,,1987
8836,Bengaluru (Bangalore),12.98815675,77.62260003796,31
8837,Kodagu (Coorg),,,31
8838,Chikballapur,,,31
8839,Mangaluru (Mangalore),12.95461775,74.884718224624,31
8840,Someshwar,,,31
8841,Virajpet,,,31
8842,Mysore,12.3051828,76.6553609,31
8843,Belagavi (Belgaum),15.8490568,74.5089431,31
8844,Kolar,13.1795969,78.26718432613437,31
8845,Kars,,,1824
8846,Yenigazi,40.416699,42.702064,1824
8847,Sarıkamış,,,1824
8848,Muhweza,,,1883
8849,Kananga,,,861
8850,Mbuji-Mayi,,,2525
8851,Kasserine,,,2027
8852,Sbeitla,,,2027
8853,Katsina,,,2499
8854,Kaunas,54.886228,23.9317431,234
8855,Viduklė,55.4035446,22.8955423,234
8856,Raseiniai,,,234
8857,Kėdainiai,55.2887322,23.9758359,234
8858,Prienai,,,234
8859,Stakliškės,54.5897701,24.3205564,234
8860,Bitvanas,,,234
8861,Birštonas,,,234
8862,Jonava,55.0737086,24.2756961,234
8863,Rokai,,,234
8864,Vyšnialaukiai,,,234
8865,Romaškai,,,234
8866,Kaišiadorys,,,234
8867,Žaliame Ostempe,,,234
8868,Voškoniai,54.991403,23.9507008,234
8869,Domeikava,,,234
8870,Pavejounis,,,234
8871,Raudondvaris,,,234
8872,Kavadarci,,,2153
8873,Divundu,,,2544
8874,Kayes,,,2496
8875,Kayseri,38.7219011,35.4873214,783
8876,Kebili,,,2362
8877,Alor Tajar,,,1388
8878,Alor Setar,,,1388
8879,Padang Terap,,,1388
8880,El Kef,36.15364,8.608292440571825,1056
8881,Tajerouine,,,1056
8882,Kota Bharu,,,1524
8883,Ketereh,5.9588765,102.251282,1524
8884,Kemerovo,,,1441
8885,Novokuznetsk,,,1441
8886,Anzhero-Sudzhensk,56.077808,86.019356,1441
8887,Tashtagol,,,1441
8888,Leninsk-Kuznetsky,,,1441
8889,Belovo,,,1441
8890,Beryozovsky,,,1441
8891,Myski,,,1441
8892,Prokopyevsk,53.8879117,86.7492072,1441
8893,Tayga,,,1441
8894,Mezhdurechensk,53.6863763,88.0703443,1441
8895,Metallploshchadka,,,1441
8896,Kaltan,,,1441
8897,Ust-Kamzas,,,1441
8898,Bungur,53.742912,86.986267,1441
8899,Zimnik,54.8301896,87.0184865,1441
8900,Guryevsk,,,1441
8901,Gavrilovka,53.6330512,87.1266676,1441
8902,Veroia,,,1457
8903,Kalamaria,,,1457
8904,Arethousa,,,1457
8905,Naousa,,,1457
8906,Serres,,,1457
8907,Katerini,,,1457
8908,Kilkis,,,1457
8909,Giannitsa,,,1457
8910,Sidirokastro,,,1457
8911,Goumenissa,,,1457
8912,Lakeside Park,39.0356162,-84.5691102,638
8913,Pineville,36.7620301,-83.6949176,638
8914,Fort Knox,,,638
8915,Daviess County,,,638
8916,Paducah,,,638
8917,Union Town,,,638
8918,Clay County,,,638
8919,Villa Hills,,,638
8920,Slat,36.8100702,-84.9091146,638
8921,Berea,37.568694,-84.2963224,638
8922,Elizabethtown,37.693952,-85.8591285,638
8923,Hardinsburg,37.7800592,-86.4605337,638
8924,Floyd County,37.5473459,-82.7645621,638
8925,Natlee,38.4470147,-84.6618894,638
8926,Erlanger,,,638
8927,Harlan,36.8411336,-83.22678,638
8928,Sebree,37.6069885,-87.5286167,638
8929,Hazard,37.2489635,-83.1933893,638
8930,Campbellsville,,,638
8931,Harrodsburg,,,638
8932,Owensboro,,,638
8933,Trinity,38.6670184,-83.6163057,638
8934,Paris,38.2097987,-84.2529869,638
8935,Morehead,38.1839705,-83.4326841,638
8936,Tanjung Pinang,0.9236915,104.446094,688
8937,Pulau Sambu,1.1608836,103.89910174326656,688
8938,Kottayam,,,1393
8939,Nilamel,,,1393
8940,Mannarkkad,,,1393
8941,Kizhuparamba,,,1393
8942,Chakkittapara,,,1393
8943,Changanassery,,,1393
8944,Kozhikode (Calicut),11.2459092,75.7803858,1393
8945,Kochi,,,1393
8946,Wayanad District,,,1393
8947,Kothamangalam,,,1393
8948,Kannur,11.8763836,75.3737973,1393
8949,Iritty,,,1393
8950,Payyoli,11.5171479,75.6185869,1393
8951,Trichur,10.5161402,76.2084616,1393
8952,Ottapalam,10.7732226,76.3772453,1393
8953,Mullakkanam,,,1393
8954,Kollam,8.8879509,76.5955013,1393
8955,Kombidinjal,,,1393
8956,Irinjalakuda,10.3454442,76.215806,1393
8957,Ramanattukara,,,1393
8958,Idukki,,,1393
8959,Kericho,,,1964
8960,Kapsoit,,,1964
8961,Bureti District,,,1964
8962,Kabaruso,,,1964
8963,Sotik,,,1964
8964,Cheptigit,,,1964
8965,Samutet,,,1964
8966,Benitses,,,2420
8967,Kerman,,,1501
8968,Zarand,30.8134822,56.5672432,1501
8969,Kermanshah,,,1420
8970,Gilan-e Gharb,,,1420
8971,Marani,,,1420
8972,Tralee,,,960
8973,Dingle,,,960
8974,Ballincota,52.1252136,-10.391306102169878,960
8975,Cahersiveen,51.9471727,-10.2238403,960
8976,Currans,52.2000001,-9.55,960
8977,Kenmare,,,960
8978,Caherdaniel,51.7696536,-10.0994464,960
8979,Killarney,,,960
8980,Tubrid More,,,960
8981,Brosna,,,960
8982,Toholampi,63.7726231,24.251545,1303
8983,Kokkola,63.8391421,23.1336845,1303
8984,Kannus,63.9007773,23.9170363,1303
8985,Perho,,,1303
8986,Veteli,,,1303
8987,Jyväskylä,,,585
8988,Multia,,,585
8989,Äänekoski,62.6032186,25.7301361,585
8990,Jämsä,,,585
8991,Kannonkoski,,,585
8992,Pihtipudas,63.3706192,25.5754689,585
8993,Kivijärvi,63.1223025,25.0725469,585
8994,Hankasalmi,62.3905202,26.4397473,585
8995,Karstula,62.8778892,24.8007998,585
8996,Saarijärvi,,,585
8997,Keuruu,62.2579819,24.7083599,585
8998,Muurame,,,585
8999,Viitasaari,,,585
9000,Laukaa,,,585
9001,Konnevesi,,,585
9002,Uurainen,,,585
9003,Toivakka,62.0962173,26.0804935,585
9004,Kinnula,63.366783,24.9708779,585
9005,Luhanka,61.797009,25.7046425,585
9006,Kyyjärvi,,,585
9007,Joutsa,,,585
9008,Ramonaka,,,2473
9009,Khabarovsk,48.4812568,135.0762968,855
9010,Sovetskaya Gavan,,,855
9011,Komsomolsk-na-Amure,,,855
9012,Yagodnoye,,,855
9013,Solnetsny,,,855
9014,Novy Urgal,,,855
9015,Khor,,,855
9016,Khutu,49.472393,140.0056,855
9017,Chlya,,,855
9018,Vanino,,,855
9019,Khan Yunis,,,2389
9020,Khanty-Mansiysk,,,2099
9021,Mezhdurechensky,,,2099
9022,Nizhnevartovsk,,,2099
9023,Uray,,,2099
9024,Raduzhny,,,2099
9025,Megion,,,2099
9026,Surgut,,,2099
9027,Nyagan,,,2099
9028,Kharkiv,,,444
9029,Lozova,,,444
9030,Koziīvka,,,444
9031,Zolochiv,,,444
9032,Derhachi,,,444
9033,Pervomaisk,,,444
9034,Budy,49.8915881,36.0238227,444
9035,Vilshany,50.0513573,35.8839188,444
9036,Zmiïv,49.7019133,36.3633323,444
9037,Liubotyn,,,444
9038,Vvedenka,49.8250258,36.5060246,444
9039,Krasnopavlivtsi,,,444
9040,Oleksandrivka,49.183369,35.361317,444
9041,Chuhuïv,,,444
9042,Kupyansk,49.7131895,37.6134185,444
9043,Merefa,,,444
9044,Ryabukhino,,,444
9045,Chervonyi Donets,,,444
9046,Stariy Saltov,,,444
9047,Jilikul,,,1779
9048,Farkhor,,,1779
9049,Kabodiyen,,,1779
9050,Temurmalik,,,1779
9051,Kulob,,,1779
9052,Danghara,,,1779
9053,Shahrtuz district,,,1779
9054,Khenchela,,,2466
9055,Bayan-Adarga sum,,,1648
9056,Chinggis,,,1648
9057,Ömnödelger sum,,,1648
9058,Bayankhutag sum,,,1648
9059,Zavitne,46.77414,33.560815,925
9060,Nova Kakhovka,,,925
9061,Kherson,46.6401295,32.6143922,925
9062,Velyka Lepetykha,,,925
9063,Kakhovka,,,925
9064,Skadovsk,,,925
9065,Oleshky,46.6260908,32.7220187,925
9066,Bolshevik,,,925
9067,Velyka Oleksandrivka,,,925
9068,Ataman,46.0177399,34.5006881,925
9069,Novoraisk,,,925
9070,Olhivka,,,925
9071,Darivka,,,925
9072,Boevoe,46.285175,34.652039,925
9073,Chaplinka,,,925
9074,Askania-Nova,,,925
9075,Bilozerka,,,925
9076,Khmelnytskyi,,,1162
9077,Vinkivtsi,,,1162
9078,Kamianets-Podilskyi,48.6781294,26.5854027,1162
9079,Novo Ushytsia,,,1162
9080,Bakota,,,1162
9081,Kalytyntsi,49.30286,26.482889,1162
9082,Chotyrbok,,,1162
9083,Netishyn,,,1162
9084,Starokostiantyniv,,,1162
9085,Kolosivka,,,1162
9086,Windhoek,-22.5776104,17.0772739,1762
9087,Khon Kaen,16.4268083,102.8256655,1047
9088,Phu Lek,,,1047
9089,Birjand,,,1952
9090,Chenaran,,,1499
9091,Torqabeh,,,1499
9092,Mashhad,,,1499
9093,Torbat-e Heydarieh,,,1499
9094,Dargaz,37.4470313,59.1064876,1499
9095,Neyshabur,36.2105604,58.7922291,1499
9096,Quchan,37.1059638,58.509553,1499
9097,Bojnord,,,2540
9098,Chandmani,47.6969352,93.08240930791894,1651
9099,Mankhan sum,,,1651
9100,Zereg sum,,,1651
9101,Buyant sum,47.94922605,91.63057560316228,1651
9102,Darvi sum,,,1651
9103,Erdenebüren sum,,,1651
9104,Khovd,48.0006353,91.6452415,1651
9105,Magura,,,1938
9106,Jessore,23.1665256,89.2094419,1938
9107,Narail,,,1938
9108,Bagerhat,,,1938
9109,Satkhira,,,1938
9110,Ahvaz,31.3230637,48.67932,696
9111,Abadan,30.3636097,48.2591475,696
9112,Khorram Shahr,,,696
9113,Dezful,,,696
9114,Andimeshk,,,696
9115,Filab,,,696
9116,Masjed Soleiman,31.9461316,49.3013154,696
9117,Bahmanshir,30.1864038,48.5096129,696
9118,Haftkel,31.4462703,49.5288552,696
9119,Bannu,,,804
9120,Peshawar,,,804
9121,Dera Ismail Khan,,,804
9122,Kohat,,,804
9123,Karak,,,804
9124,Abbottabad,,,804
9125,Nha Trang,,,1442
9126,Mörön,,,1355
9127,Mörön sum,,,1355
9128,Bayanzürkh sum,,,1355
9129,Galt sum,,,1355
9130,Tarialan sum,,,1355
9131,Tsagaan-Üür sum,,,1355
9132,Kijabe,,,2293
9133,Thika,,,2293
9134,Gathanji,,,2293
9135,Nyarugenge,,,2339
9136,Adamstow,,,702
9137,Kildare,45.479379,-73.658172,702
9138,Naas,,,702
9139,Newbridge,,,702
9140,Kilcock,53.399043,-6.6688581,702
9141,Celbridge,53.3383004,-6.5396223,702
9142,Leixlip,53.3644766,-6.4897438,702
9143,Kilifi,,,2513
9144,Moshi,,,2219
9145,Kilkenny,,,700
9146,Callan,,,700
9147,Castlecomer,52.8151856,-7.207524847892532,700
9148,Kindia,10.0492476,-12.8577997,1496
9149,Fria,,,1496
9150,Kingston,,,28
9151,Waterhouse,,,28
9152,Kinshasa,,,299
9153,Marakei,,,2210
9154,Nonouti,,,2210
9155,Makin,,,2210
9156,Tarawa,,,2210
9157,Butaritari,,,2210
9158,Kirkuk,35.4719308,44.3953896,1939
9159,Matushkino,,,1770
9160,Malmyzh,,,1770
9161,Murygino,,,1770
9162,Nolinsk,,,1770
9163,Sosnovka,,,1770
9164,Kotelnich,,,1770
9165,Kirov,,,1770
9166,Kirovo-Chepetsk,,,1770
9167,Balyki,,,1770
9168,Pakshay,,,1770
9169,Kvashenniki,,,1770
9170,Setkovtsy,,,1770
9171,Isakovtsy,,,1770
9172,Chuchalovo,,,1770
9173,Zykovy,,,1770
9174,Nazarivka,,,446
9175,Kropyvnytskyi,,,446
9176,Vilshanka,,,446
9177,Pobuzke,,,446
9178,Oleksandriya,48.670609,33.1169742,446
9179,Korbomykolaïvka,48.464237,32.963444,446
9180,Svitlovodsk,,,446
9181,Rozsokhuvatets,48.521599,30.702108,446
9182,Torhovytsia,48.6564992,30.78478,446
9183,Dolinska,,,446
9184,Petroostriv,48.7419507,31.3053156,446
9185,Bohdanivka,48.7430072,32.5104255,446
9186,Kiogoro,,,1966
9187,Kisii,,,1966
9188,Manga,,,1966
9189,Keroka,,,1966
9190,Masaba,,,1966
9191,Bokimonge,,,1966
9192,Kisumu,,,1379
9193,Mbuzia,-1.2833,38.1166,746
9194,Kičevo,43.3173727,21.8873341,1637
9195,Gaideliai,,,903
9196,Klaipėda,55.7000408,21.2027031,903
9197,Klausgalvų Medsėdžiai,56.014407,21.4870779,903
9198,Skuodas,,,903
9199,Sriauptai,56.215801,21.3496957,903
9200,Šilutė,,,903
9201,Pypliškė,55.4218785,21.6518301,903
9202,Kretingalė,55.835489,21.1896477,903
9203,Vitiniai,,,903
9204,Gargždai,55.7175688,21.3950166,903
9205,Kretinga,55.7241416,21.1341513,903
9206,Šventoji,,,903
9207,Vieviržėnai,,,903
9208,Žebrokai,56.1619837,21.651876,903
9209,Palanga,55.9095956,21.099628,903
9210,Stariškė,,,903
9211,Robidišče,46.2157895,13.4148788,1269
9212,Gölcük,,,1846
9213,İzmit,,,1846
9214,Karamürsel,40.6912501,29.6165859,1846
9215,Kocaeli,,,1846
9216,Akabat,,,1846
9217,Aki,33.5019095,133.9072127,361
9218,Kolašin,,,2074
9219,Valjevo,,,1092
9220,Ub,44.456203,20.0737772,1092
9221,Bogdanovica,44.475481,20.0839848,1092
9222,Klanec,,,2549
9223,Oroszlány,,,393
9224,Szőny,47.7315978,18.1713836,393
9225,Tarján,47.6088065,18.5063222,393
9226,Tatabánya,,,393
9227,Komárom,,,393
9228,Tata,,,393
9229,Esztergom,47.7856939,18.7403377,393
9230,Környe,47.5475792,18.3318516,393
9231,Kisbér,47.4992603,18.0300173,393
9232,Szomód,47.6824922,18.3423516,393
9233,Dorog,47.7223782,18.731435,393
9234,Naszály,47.6979874,18.263462,393
9235,Ó-Szöny,47.7315978,18.1713836,393
9236,Süttő,47.7573845,18.44347,393
9237,Bokod,47.4934128,18.2420786,393
9238,Bakonybánk,47.4681471,17.9033918,393
9239,Kocs,47.6054999,18.2132002,393
9240,Csolnok,47.6946334,18.7175944,393
9241,Bábolna,47.642224,17.9787467,393
9242,Konya,,,1058
9243,Ereğli,37.5140718,34.0473423,1058
9244,Çumra,,,1058
9245,Koper,52.2451929,21.0824515,967
9246,Žusterna,,,967
9247,Ankaran,,,967
9248,Šmarje,45.5004981,13.7171033,967
9249,Sveti Ivan Zabno,45.9456339,16.6065204,1255
9250,Križevci,,,1255
9251,Koprivnica,,,1255
9252,Virje,46.067192,16.9886896,1255
9253,Velika Mučna,46.1208311,16.7476549,1255
9254,Koror,,,2112
9255,Ngerbeched,,,2112
9256,Pogradec,,,1794
9257,Korçë,40.6158967,20.7772187,1794
9258,Sankhuwasabha,,,2292
9259,Urlabari,,,2292
9260,Kostanay,,,1070
9261,Rudny,,,1070
9262,Sokolovka,,,1070
9263,Vladimirovka,,,1070
9264,Kostroma,57.7679158,40.9269141,828
9265,Karavayevo,,,828
9266,Pchyolkino,,,828
9267,Chernopenye,,,828
9268,Sharya,,,828
9269,Hrazdan,,,2181
9270,Tsakhkadzor,,,2181
9271,Garni,,,2181
9272,Abovyan,,,2181
9273,Kasakh,,,2181
9274,Kotor,,,1418
9275,Buče,,,2050
9276,Kočevje,45.6463762,14.8570738,1406
9277,Spišská Nová Ves,,,370
9278,Košice,48.7220196,21.2692121,370
9279,Kostoľany nad Hornádom,48.797,21.24,370
9280,Gelnica,,,370
9281,Šaca,,,370
9282,Krompachy,,,370
9283,Sečovce,48.7015059,21.6555995,370
9284,Valaliky,48.641526,21.2931296,370
9285,Rožňava,,,370
9286,Trebišov,,,370
9287,Spišské Tomášovce,48.9610375,20.4727242,370
9288,Michalovce,,,370
9289,Prakovce,48.8167474,20.8999535,370
9290,Kysak,48.8541383,21.2200209,370
9291,Malá Vieska,,,370
9292,Choňkovce,,,370
9293,Spišský Hrušov,48.9460642,20.7060513,370
9294,Margecany,48.9033812,21.00209502378001,370
9295,Lastomír,,,370
9296,Klokočov,48.815957350000005,22.031904789029568,370
9297,Kranj,,,1276
9298,Radovljica,,,1276
9299,Javornik,,,1276
9300,Žabnica,,,1276
9301,Golnik,46.3273129,14.3330921,1276
9302,Mojstrana,,,2070
9303,Kranjska Gora,,,2070
9304,Rateče,,,2070
9305,Hum na Sutli,46.221884,15.7004123,1346
9306,Donja Stubica,45.9801727,15.9722428,1346
9307,Svetojurski Vrh,46.1298272,15.7894776,1346
9308,Pregrada,46.1627282,15.7523888,1346
9309,Pasanska Gorica,45.9953107,16.0318714,1346
9310,Bedekovčina,46.0420789,15.9958696,1346
9311,Novorossiysk,,,874
9312,Yeysk,,,874
9313,Timashovsk,,,874
9314,Krasnodar,45.0264136,38.9712712,874
9315,Tsukorova-Balka,,,874
9316,Severskaya,44.853421,38.6781253,874
9317,Labinsk,,,874
9318,Sochi,,,874
9319,Belorechensk,,,874
9320,Baturinskaya,,,874
9321,Slavyansk-na-Kubani,,,874
9322,Krolotkin,,,874
9323,Kropotkin,,,874
9324,Konyok,,,874
9325,Golovinka,43.7985257,39.4709601,874
9326,Tuapse,,,874
9327,Taman,,,874
9328,Perekhodinskoye,,,874
9329,Staronizhestebliyevskaya,,,874
9330,Pereyaslovskaya,,,874
9331,Shoshi,,,874
9332,Bryukhovetskaya,,,874
9333,Adler,,,874
9334,Kanevskaya,,,874
9335,Anapa,,,874
9336,Gelendzhik,,,874
9337,Greki,,,874
9338,Gulkevichi,45.3565119,40.6962256,874
9339,Sovkhoz Vtoraya Pyatiletka,,,874
9340,Ilinka,,,874
9341,Kudepsta,,,874
9342,Kamennomostsky,,,874
9343,Primorsko-Akhtarsk,46.043181,38.1554803,874
9344,Kabardinka,,,874
9345,Starotitarovskaya,,,874
9346,Krasnoyarsk,,,1161
9347,Shushenskoye,,,1161
9348,Zheleznogorsk,,,1161
9349,Minusinsk,,,1161
9350,Borodino,,,1161
9351,Achinsk,,,1161
9352,Bogotol,,,1161
9353,Gljaden,,,1161
9354,Norilsk,,,1161
9355,Pochyot,,,1161
9356,Ordzhonikidze,,,1161
9357,Zaozerny,,,1161
9358,Patrizansk,,,1161
9359,Tashtyp,,,1161
9360,Zelenogorsk,,,1161
9361,Artyomovsk,,,1161
9362,Kryukovo,,,1161
9363,Motygino,,,1161
9364,Dodonovo,,,1161
9365,Divnogorsk,,,1161
9366,Konokovo,,,1161
9367,Šlegovo,42.0545187,22.1341209,1456
9368,Chania,,,1422
9369,Iraklio,,,1422
9370,Rethymno,35.3662792,24.4850065,1422
9371,Agios Nikolaos,35.311487549999995,25.532218544711355,1422
9372,Lasithi,35.311487549999995,25.532218544711355,1422
9373,Varipetro,,,1422
9374,Ierapetra,,,1422
9375,Växjö,56.8787183,14.8094385,529
9376,Älmhult,56.55,14.116667,529
9377,Ljungby,,,529
9378,Ryssby,,,529
9379,Väckelsång,,,529
9380,Krung Thep (Bangkok),13.7009525,100.4919679,483
9381,Thon Buri,13.7263574,100.4891324,483
9382,Krustpils,56.53708005,26.192887544229272,1137
9383,Butniki,,,1137
9384,Kruševo,,,2185
9385,Yevpatoriya,45.1907635,33.3679049,512
9386,Koreïz,44.4341131,34.0919813,512
9387,Simferopol,,,512
9388,Voinka,,,512
9389,Zolote Pole,,,512
9390,Kirovske,,,512
9391,Feodosiya,,,512
9392,Vasylivka,,,512
9393,Kuibysheve,,,512
9394,Dzhankoy,,,512
9395,Yalta,,,512
9396,Kerch,,,512
9397,Saky,,,512
9398,Nyzhnohirsk,,,512
9399,Zuia,,,512
9400,Hradec Králové,50.2092113,15.8327512,821
9401,Vrchlabí,,,821
9402,Stará Paka,50.5103245,15.4944431,821
9403,Rychnov nad Kněžnou,,,821
9404,Trutnov,,,821
9405,Jičín,50.4370452,15.3516528,821
9406,Řeheč,50.4216859,15.4261033,821
9407,Třebechovice pod Orebem,50.2007842,15.993087,821
9408,Jaroměř,50.3555088,15.9185723,821
9409,Dvůr Králové nad Labem,50.4319898,15.8139714,821
9410,Pec pod Sněžkou,,,821
9411,Špindlerův Mlýn,,,821
9412,Náchod,,,821
9413,Hořice,,,821
9414,Pouchov,,,821
9415,Svoboda nad Úpou,,,821
9416,Vamberk,50.1179339,16.2903737,821
9417,Hronov,50.4799692,16.1820196,821
9418,Staré Smrkovice,50.3365889,15.4945405,821
9419,Bílá Třemešná,,,821
9420,Chlumec nad Cidlinou,,,821
9421,Opočno,,,821
9422,Dolní Brusnice,50.4587443,15.7267695,821
9423,Smiřice,50.2995707,15.8645911,821
9424,Černý Důl,,,821
9425,Herlikovice,,,821
9426,Bolehošť,50.2138236,16.0769318,821
9427,Hořejší Vrchlabí,,,821
9428,Velká Úpa,,,821
9429,Jasenná,50.318281,15.9909747,821
9430,Kombuļi,,,1345
9431,Krāslavā,,,1345
9432,Brestanica,,,2322
9433,Kuala Lumpur,3.14079425,101.69394124796918,1180
9434,Qaqortoq,,,2188
9435,Rogowo,53.07958,18.73873,419
9436,Lipno,,,419
9437,Grudziądz,53.47251195,18.76189367688005,419
9438,Toruń,,,419
9439,Inowrocław,52.7952408,18.2595624,419
9440,Bydgoszcz,,,419
9441,Skarbiewo,53.33107,17.85858,419
9442,Torzewo,52.5679404,18.7211721,419
9443,Nakło nad Notecią,,,419
9444,Ślesin,,,419
9445,Strzelno,,,419
9446,Golub-Dobrzyń,53.1138924,19.0544501,419
9447,Świecie,53.4072518,18.4455253,419
9448,Zegartowice,,,419
9449,Chełmża,,,419
9450,Ciechocin,,,419
9451,Mokre,,,419
9452,Włocławek,52.6655636,19.096129748054388,419
9453,Więcbork,,,419
9454,Massort,,,419
9455,Wąbrzeźno County,,,419
9456,Chełmno,53.35250284999999,18.440424707276136,419
9457,Wąbrzeźno,,,419
9458,Zgniłobłoty,53.2806,19.23307,419
9459,Łąki Wielkie,52.45371,18.92657,419
9460,Kijewo Królewskie,,,419
9461,Nowogródek,,,419
9462,Kawno,52.96311,19.17376,419
9463,Jeziora Wielkie,52.5291537,18.2681478,419
9464,Grabowiec,,,419
9465,Żnin,,,419
9466,Lubraniec,,,419
9467,Wierzchownia,,,419
9468,Koronowo,53.3140636,17.9369813,419
9469,Brodnica,,,419
9470,Stary Brześć,,,419
9471,Wrocki,53.21344,19.17303,419
9472,Kcynia,,,419
9473,Osie,,,419
9474,Jabłonowo Pomorskie,,,419
9475,Nowe,,,419
9476,Bądkowo,,,419
9477,Goczałki,,,419
9478,Szubin,,,419
9479,Kukës,,,2239
9480,Kuldīga,,,2133
9481,Yatsushiro,32.5081425,130.6020211,211
9482,Kumamoto,,,211
9483,Koshi,,,211
9484,Kami-Amakusa,,,211
9485,Ashikita,,,211
9486,Kikuchi,,,211
9487,Yamaga,33.0177456,130.6911907,211
9488,Minamata,,,211
9489,Kikuyo,,,211
9490,Shimomashiki,32.633294,130.9037492,211
9491,Amakusa,,,211
9492,Misato,32.6128355,130.8754975,211
9493,Uki,,,211
9494,Ueki,,,211
9495,Kumanovo,43.2369343,22.5140981,1095
9496,Sanandaj,35.3126047,46.9978639,1503
9497,Noshur,,,1503
9498,Chebachye,,,1772
9499,Kurgan,,,1772
9500,Shadrinsk,,,1772
9501,Fadyushino,,,1772
9502,Kurchatov,,,1305
9503,Yefrosimovka,,,1305
9504,Kursk,51.73669955,36.19177890080257,1305
9505,Oboyan,51.211079,36.276245,1305
9506,Paserkovo,52.381062,35.483128,1305
9507,Krasnikovo,51.7314241,36.4682715,1305
9508,Vyshny Dubovets,,,1305
9509,Maltsevka,,,1305
9510,Krasnooktyabrsk,,,1305
9511,Chapkino,,,1305
9512,Rustavi,41.54309,45.0112804,1436
9513,Dmanisi,41.3310492,44.2041258,1436
9514,Norio,,,1436
9515,Martkopi,41.7862995,45.0223252,1436
9516,Mtskheta,,,1436
9517,Manglisi,41.6986621,44.3830654,1436
9518,Sartichala,41.7155955,45.1715055,1436
9519,Gardabani,,,1436
9520,Durban,-29.861825,31.009909,23
9521,Pinetown,,,23
9522,Empangeni,,,23
9523,Natal,-29.861825,31.009909,23
9524,Port Shepstone,,,23
9525,Pietermaritzburg,,,23
9526,East Griqualand,-30.54658735,29.414574787240888,23
9527,Pongola,,,23
9528,Vryheid,-27.7704908,30.7885741,23
9529,Inanda,,,23
9530,Wentworth,,,23
9531,Kwa Mashu,,,23
9532,Umlazi,,,23
9533,Westville,,,23
9534,Bulwer,,,23
9535,Estcourt,,,23
9536,Dundee,,,23
9537,Creighton,,,23
9538,Zululand,-27.8979099,31.2938463358856,23
9539,Amanzimtoti,,,23
9540,Dannhauser,-28.014167,30.058056,23
9541,Ixopo,-30.151389,30.061111,23
9542,Newcastle,-27.762778,29.923889,23
9543,Harding,,,23
9544,Kwajalein,,,2451
9545,Ilorin,8.4963657,4.5480484,257
9546,Kyiv,,,443
9547,Bucha,,,443
9548,Rokytne,,,443
9549,Pohreby,50.5546247,30.6425879,443
9550,Brovary,,,443
9551,Senkivka,,,443
9552,Baryshivka,,,443
9553,Ukraïnka,50.1537167,30.7420742,443
9554,Soshnykiv,,,443
9555,Obukhiv,,,443
9556,Plesetske,50.220356,30.122372,443
9557,Stechanka,51.301689,29.9223,443
9558,Stavyshche,49.3897213,30.1921389,443
9559,Horenychi,50.419331,30.211489,443
9560,Myronivka,49.6583412,30.9824887,443
9561,Yahotyn,,,443
9562,Vyshhorod,50.5824332,30.485121,443
9563,Rusaniv,50.4965506,31.1641955,443
9564,Pereiaslav-Khmelnytskyi,,,443
9565,Tokarivka,49.669868,29.6521,443
9566,Vepryk,,,443
9567,Vasylkiv,,,443
9568,Chernobyl,51.2705477,30.2195609,443
9569,Bila Tserkva,,,854
9570,Skvyra,49.7337685,29.6624138,854
9571,Kuchakiv,,,854
9572,Sofiïvska Borshchahivka,50.41188,30.365957,854
9573,Uzyn,49.8284745,30.4197205,854
9574,Fastiv,,,854
9575,Bohuslav,49.54765,30.8733,854
9576,Irpin,,,854
9577,Pereiaslav,,,854
9578,Kniazhychi,,,854
9579,Kotka,60.4674228,26.9450844,587
9580,Pyhtää,60.4949006,26.7383334,587
9581,Hamina,60.5688901,27.1881877,587
9582,Kouvola,,,587
9583,Iitti,,,587
9584,Virolahti,60.583337,27.7109299,587
9585,Miehikkälä,,,587
9586,Kyoto,,,207
9587,Maizuru,,,207
9588,Ukyo,35.0015936,135.724014,207
9589,Nagaokakyo,,,207
9590,Yamashiro,,,207
9591,Jōyō,,,207
9592,Uji,,,207
9593,Amino,,,207
9594,Kyotango,,,207
9595,Yamashina,,,207
9596,Kyustendil,,,284
9597,Dupnitsa,,,284
9598,Konyavo,42.3240594,22.7821896,284
9599,Rila,42.110495,23.51559223924092,284
9600,Balanovo,42.25086,23.05874,284
9601,Sapareva Banya,,,284
9602,Kyzylorda,,,2036
9603,Yekbindy,,,2036
9604,Zhanaqorghan,,,2036
9605,Kazaly,,,2036
9606,Villach,,,161
9607,Sankt Paul im Lavanttal,46.70199785,14.834978320726352,161
9608,Maria Saal,,,161
9609,Ferndorf,,,161
9610,Klagenfurt,46.623943,14.3075976,161
9611,Spittal an der Drau,,,161
9612,Waiern,,,161
9613,Sankt Andrä,46.7661111,14.8236111,161
9614,Kappel am Krappfeld,,,161
9615,Afritz am See,,,161
9616,Obervellach,46.932825,13.2019817,161
9617,Sankt Veit an der Glan,,,161
9618,Friesach,,,161
9619,Tragail,,,161
9620,Feistritz an der Gail,,,161
9621,Gmünd,,,161
9622,Wolfsberg,,,161
9623,Latschach am Faaker See,,,161
9624,Bleiburg,,,161
9625,Himmelberg,46.7483816,14.0370853,161
9626,Ratnitz,,,161
9627,Millstatt am See,46.8051293,13.5714926,161
9628,Mauthen,46.6632946,13.0001147,161
9629,Mooswald,,,161
9630,Gailitz,46.5553751,13.7041077,161
9631,Feldkirchen,,,161
9632,Porz,50.8799229,7.095074470486432,662
9633,Mülheim,50.9614907,7.0063139,662
9634,Kütahya,,,2211
9635,Karakeçili,,,2166
9636,Kırıkkale,,,2166
9637,Kəlbəcər,,,2268
9638,Higüey,,,2371
9639,La Coruña,43.3709703,-8.3959425,976
9640,Cerceda,43.1626367,-8.503475747510887,976
9641,Boiro,,,976
9642,Ordes,,,976
9643,Ferrol,,,976
9644,Noya,,,976
9645,Cambre,,,976
9646,Puentes de García Rodríguez,,,976
9647,Santiago de Compostela,,,976
9648,Betanzos,43.2757359,-8.23264173925292,976
9649,Boimorto,43.0021083,-8.1320674,976
9650,Valdoviño,,,976
9651,Mugardos,,,976
9652,Somozas,,,976
9653,Ares,43.4263299,-8.2440387,976
9654,Ribeira,,,976
9655,Villanueva,,,2410
9656,Maicao,,,2410
9657,Riohacha,,,2410
9658,Salaverry,,,808
9659,Santa Tecla,13.6742985,-89.2880412,808
9660,Chepén,-7.1070009,-79.4813972,808
9661,Chanmico,13.7860103,-89.3551577,808
9662,San Juan Opico,,,808
9663,La Massana,,,2168
9664,General Pico,-35.6591085,-63.7576103,653
9665,Embajador Martini,-35.3873156,-64.2828155,653
9666,Bernasconi,-37.902311,-63.742951,653
9667,San Juan Nonualco,13.50444565,-88.89720023792638,1103
9668,Achacachi,,,1103
9669,Logroño,42.4661196,-2.4396676,835
9670,La Rioja,,,835
9671,Quel,42.228438,-2.0483069,835
9672,Arnedo,,,835
9673,Calahorra,42.3035212,-1.9648758,835
9674,La Romana,18.4272786,-68.9734597,375
9675,Guaymate,18.5669171,-68.95110892826828,375
9676,Saint-Denis,,,1611
9677,Saint-Pierre,,,1611
9678,Le Port,,,1611
9679,Le Tampon,,,1611
9680,Saint-Joseph,-21.3789306,55.6190645,1611
9681,Saint-Paul,,,1611
9682,Saint-Louis,,,1611
9683,Port de la Pointe des Galets,,,1611
9684,Saint-Benoît,,,1611
9685,La Spezia,44.1033871,9.8217022,202
9686,Carrodano,44.2419616,9.6558727,202
9687,Sarzana,,,202
9688,Vezzano Ligure,44.14677475,9.87632698298859,202
9689,Castelnuovo Magra,44.0998518,10.0169419,202
9690,La Unión,14.6593883,-88.8959063,1478
9691,Concepción de la Vega,,,377
9692,Jima Abajo,,,377
9693,Labuan,,,1983
9694,Labé,11.3230033,-12.282253,1826
9695,Bol,13.5,14.683333,1898
9696,Troumabo,,,2165
9697,Aflou,,,2143
9698,Laghouat,,,2143
9699,Lagos,,,254
9700,Ajegunle,6.4711507,3.3470295,254
9701,Surulere,,,254
9702,Tinubu,,,254
9703,Itere,,,254
9704,Biñan,,,1009
9705,Cabuyao,14.2795538,121.1235712,1009
9706,Adzopé,6.106654,-3.861331,475
9707,Acocra-Dabou,,,475
9708,Toukouzou,5.153406,-4.79233,475
9709,Tiagba,5.2606422,-4.7230991,475
9710,Abongoua,,,475
9711,Debrimou,5.367161,-4.390176,475
9712,Dabou,5.322596,-4.3742639,475
9713,Aboude-Kouassikro,,,475
9714,Nyahururu,,,1965
9715,Sopili,,,1965
9716,Lambayeque,-6.1898359,-79.9240312,920
9717,Samakkhi,,,2351
9718,Lamphun,,,2457
9719,Pringsewu,,,1796
9720,Metro,,,1796
9721,Sragi,-5.6326912,105.7500599,1796
9722,Sainte-Colombe,43.681472,-0.5571998,1120
9723,Mont-de-Marsan,43.8911318,-0.500972,1120
9724,Saint-Sever,43.757456,-0.574187,1120
9725,Dax,43.7084065,-1.0518771,1120
9726,Peyrehorade,43.5440941,-1.105088,1120
9727,Saint-Geours-de-Maremne,43.6879086,-1.2379292,1120
9728,Biscarrosse,,,1120
9729,Sainte-Marie-de-Gosse,43.5582584,-1.2369732,1120
9730,Soustons,43.75079,-1.32955,1120
9731,Vieux-Boucau-les-Bains,,,1120
9732,Bénesse-Maremne,43.6334222,-1.361178,1120
9733,Saint-Vincent-de-Paul,43.7420108,-1.0001541,1120
9734,Pomarez,,,1120
9735,Tarnos,43.5405622,-1.4611915,1120
9736,Mountmellick,53.1175082,-7.3251863,1682
9737,Portarlington,,,1682
9738,Rovaniemi,,,126
9739,Pelkosenniemi,,,126
9740,Kemijärvi,,,126
9741,Kemi,65.7333404,24.5666495,126
9742,Ylitornio,66.3164258,23.6712997,126
9743,Ranua,,,126
9744,Sodankylä,,,126
9745,Tornio,,,126
9746,Posio,66.1092595,28.1650783,126
9747,Savukoski,67.2923114,28.1638772,126
9748,Muonio,67.9593397,23.6774037,126
9749,Kolari,67.3303348,23.7814738,126
9750,Salla,,,126
9751,Pello,,,126
9752,Tervola,66.0822914,24.8058841,126
9753,Barquisimeto,,,914
9754,Cabudare,,,914
9755,Quíbor,9.9299814,-69.6195814,914
9756,Maracas,,,914
9757,El Tocuyo,,,914
9758,Miranda,10.4962342,-66.8508261,914
9759,Larnaka,,,1699
9760,Dhekelia (Dekelia),34.9975291,33.7565528,1699
9761,Las Palmas de Gran Canaria,28.1288694,-15.4349015,390
9762,Mogán,,,390
9763,Arucas,,,390
9764,Gáldar,28.1442408,-15.6542506,390
9765,Arrecife,28.9639681,-13.5499014,390
9766,Telde,,,390
9767,San Nicolás de Tolentino,27.9857108,-15.782059207497625,390
9768,Santa María de Guía,28.1392772,-15.63257166316868,390
9769,Manatí,21.2030177,-76.8811333,343
9770,Puerto Padre,21.197504,-76.6018039,343
9771,Las Tunas,,,343
9772,Macagua Ocho,20.9960569,-77.1517474,343
9773,Colombia,20.9842172,-77.4252381,343
9774,Jobabo,,,343
9775,Amancio Rodríguez,,,343
9776,Latakia,35.5200185,35.7781044,1555
9777,Latina,,,706
9778,Formia,41.259308,13.6080209,706
9779,Priverno,,,706
9780,Terracina,,,706
9781,Ponza,40.8932368,12.9630622,706
9782,Monte San Biagio,41.352513,13.352204,706
9783,Fondi,,,706
9784,Sezze,,,706
9785,Gaeta,,,706
9786,Sabaudia,41.3015672,13.0258726,706
9787,Minturno,41.2629744,13.7465219,706
9788,Cisterna di Latina,41.590639,12.829048,706
9789,San Felice Circeo,,,706
9790,Waitabu,,,582
9791,Cikobia,,,582
9792,Naroi,,,582
9793,Tubou,-18.2365527,-178.8105369,582
9794,Assalaino,,,2408
9795,Lospalos,,,2408
9796,Casupá,-34.043212,-55.461047,1358
9797,Kerkiçi,,,2231
9798,Türkmenabat,,,2231
9799,Köýtendag,,,2231
9800,Squinzano,40.436528,18.04182,1712
9801,Lecce,,,1712
9802,Galatina,,,1712
9803,Gagliano del Capo,,,1712
9804,Carmiano,40.344826,18.043021,1712
9805,Nardò,,,1712
9806,Copertino,,,1712
9807,Supersano,40.017721,18.243229,1712
9808,Casarano,,,1712
9809,Lecco,45.8553764,9.389605,719
9810,Mandello del Lario,45.919183,9.319341,719
9811,Bellano,,,719
9812,Lierna,45.9592023,9.3024783,719
9813,Perledo,46.0128352,9.2963201,719
9814,Colico,46.1353437,9.370737,719
9815,Oliveto Lario,45.92924725,9.285912005058876,719
9816,Abbadia Lariana,45.9000453,9.3340562,719
9817,Nibionno,45.746479,9.268944,719
9818,Merate,,,719
9819,Lefkosia (Nicosia),35.1746503,33.3638783,1245
9820,Galata,,,1245
9821,Strovolos,,,1245
9822,Dali,,,1245
9823,Engomi,,,1245
9824,Palaikythro (Balıkesir),,,1245
9825,Mia Milia (Haspolat),,,1245
9826,Lisacoghil,54.2022609,-8.133086841124257,1870
9827,Mohill,53.9217979,-7.8653154,1870
9828,Kinlough,,,1870
9829,Lemesos (Limassol),,,1706
9830,Pissouri,,,1706
9831,Pince-Marof,,,2051
9832,Vyborg,60.709217,28.744051,584
9833,Kolpino,,,584
9834,Sosnovy Bor,,,584
9835,Koltushi,59.9330041,30.6548998,584
9836,Sovetsky,,,584
9837,Krasnoye Selo,,,584
9838,Svetogorsk,61.1112542,28.8701036,584
9839,Toksovo,,,584
9840,Kingisepp,,,584
9841,Lebyazhe,,,584
9842,Lyuban,,,584
9843,Gruzino,,,584
9844,Primorsk,60.366665,28.616673,584
9845,Pervomayskoye,,,584
9846,Otradnoye,59.772663,30.802027,584
9847,Lodeynoye Pole,60.7339323,33.5457731,584
9848,Polyany,60.3207329,29.2559184,584
9849,Roshchino,,,584
9850,Gromovo,60.6966982,30.2152876,584
9851,Mayachinchi,,,584
9852,Begunitsy,,,584
9853,Bugry,,,584
9854,Luga,58.735699,29.8475013,584
9855,Slantsy,,,584
9856,Dubrovka,,,584
9857,Lomonosov,59.91032,29.776194,584
9858,Debyatkino,,,584
9859,Tikhvin,,,584
9860,Veshchevo,60.683338,29.207811,584
9861,Kamennogorsk,60.9526102,29.1303401,584
9862,Lipovka,60.7472348,28.5961134,584
9863,Kirishi,,,584
9864,Volkhov,59.9275868,32.3276803,584
9865,Pobeda,60.352993,29.439323,584
9866,Pionerskoye,,,584
9867,Lisiy Nos,,,584
9868,Martinsaari,,,584
9869,Vsevolozhsk,,,584
9870,Pargolovo,60.0837018,30.2795673,584
9871,Pavlovo-na-Neve,,,584
9872,Sertolovo,,,584
9873,Kuzmolovsky,,,584
9874,Vuoksela,,,584
9875,Priozersk,61.0385285,30.1248482,584
9876,Pravdino,60.553996,29.5708257,584
9877,Sinyavino,59.9075049,31.0728782,584
9878,Kondratyevo,60.634537,28.159065,584
9879,Pushnoye,,,584
9880,Gomontovo,59.58021165,29.286011384582388,584
9881,Lesogorsky,,,584
9882,Gatchina,59.5706273,30.1305083,584
9883,Vysotsk,60.6280319,28.5688339,584
9884,Usadishche,58.7440102,29.3392715,584
9885,Zaporozhskoye,,,584
9886,Baryshevo,,,584
9887,Uritsk,,,584
9888,Ozyorskoye,,,584
9889,Budogoshch,59.285618,32.445297,584
9890,Dudergof,59.710854,30.127266864929016,584
9891,Michurinskoye,,,584
9892,Maputsoe,,,2493
9893,Silhouette,,,1936
9894,Ormoc,11.0052935,124.6090753,952
9895,Leyte,10.7841157,124.89232097699272,952
9896,Villamuñío,42.4752015,-5.1948701,576
9897,Fabero,42.7680405,-6.6249887,576
9898,Benavides de Órbigo,42.5030114,-5.8966106,576
9899,Ponferrada,,,576
9900,Salentinos,,,576
9901,Caboalles de Abajo,42.9524033,-6.3716227,576
9902,Cea,42.4619773,-5.0127682,576
9903,Mina Limón,12.7512696,-86.7382397,576
9904,Vega de Valcarce,42.6644368,-6.9454103,576
9905,El Sauce,12.8859781,-86.5389698,576
9906,Maraña,,,576
9907,San Feliz del Torio,,,576
9908,Santibáñez de la Isla,42.3755627,-5.9344293,576
9909,La Bañeza,42.2998096,-5.8970081,576
9910,Valencia de Don Juan,,,576
9911,Zhuanghe,39.6972967,122.9708389,474
9912,Anshan,,,474
9913,Shenyang,,,474
9914,Dandong,,,474
9915,Fushun,41.6958035,124.1513595,474
9916,Tieling,42.6345121,124.2858328,474
9917,Beipiao,41.8000713,120.7655332,474
9918,Jinzhou,,,474
9919,Pulandian,39.6196998,122.3051303,474
9920,Dalian,39.740278,122.255833,474
9921,Chaoyang,41.5754767,120.4390738,474
9922,Fuxin,42.0151733,121.6452868,474
9923,Wafangdian,39.6236752,122.005039,474
9924,Donggang,39.9685896,123.8563967,474
9925,Liaoyang,,,474
9926,Benxi,41.2921601,123.7593948,474
9927,Linghai,,,474
9928,Xingcheng,,,474
9929,Yingkou,,,474
9930,Haicheng,,,474
9931,Kaiyuan,,,474
9932,Xiuyan,,,474
9933,Lingyuan,,,474
9934,Panjin,,,474
9935,Jilemnice,,,843
9936,Frýdlant,,,843
9937,Jablonec nad Nisou,,,843
9938,Turnov,50.5874068,15.1574182,843
9939,Rokytnice nad Jizerou,,,843
9940,Nový Bor,,,843
9941,Vlastibor,,,843
9942,Přivlaky,,,843
9943,Martinice v Krkonoších,,,843
9944,Semily,,,843
9945,Lomnice nad Popelkou,,,843
9946,Česká Lípa,50.6865452,14.5372974,843
9947,Harrachov,,,843
9948,Vysoké nad Jizerou,,,843
9949,Tanvald,,,843
9950,Plavy,50.7046611,15.3180054,843
9951,Benecko,,,843
9952,Liberec,,,843
9953,Horní Štěpanice,,,843
9954,Zalesni Lhota,,,843
9955,Železný Brod,,,843
9956,Horní Branná,,,843
9957,Dolní Štěpanice,,,843
9958,Zlatá Olešnice,,,843
9959,Víchová nad Jizerou,,,843
9960,Studenec,,,843
9961,Polubný,,,843
9962,Pipice,,,843
9963,Mrklov,,,843
9964,Desná,,,843
9965,Jumprava,,,1834
9966,Liepāja,,,756
9967,Botouali,,,300
9968,Bétou,3.0595115,18.5141489,300
9969,Liranga,-0.6628358,17.608468095985167,300
9970,Epena,,,300
9971,Lilongwe,-13.9875107,33.768144,763
9972,Gumulira,,,763
9973,Lima,,,272
9974,San Vicente de Cañete,-13.077767,-76.3874465,272
9975,Huacho,-11.108524,-77.6103295,272
9976,Chancay,-11.5627697,-77.2699958,272
9977,Punta Hermosa,,,272
9978,Ancón,-11.7738789,-77.1753353,272
9979,San Borja,,,272
9980,Breña,-12.0588096,-77.0458829,272
9981,Miraflores,-12.1206214,-77.0294993,272
9982,Chorrillos,-12.1709478,-77.02126,272
9983,Limbaži,,,751
9984,Vidriži,,,751
9985,Vidrižu pagasts,57.30176025,24.692829423384257,751
9986,Neerpelt,51.22923665,5.442758968143485,413
9987,Maastricht,50.8512438,5.6909768,413
9988,Sittard,50.9974235,5.8666627,413
9989,Hunzel,,,413
9990,Genk,,,413
9991,Velden,51.4155926,6.1633231,413
9992,Borgloon,50.8024529,5.3435704,413
9993,Leut,50.9921542,5.7355102,413
9994,Hasselt,50.9303735,5.3378043,413
9995,Tessenderlo,51.0681628,5.0893974,413
9996,Lommel,,,413
9997,Koersel,51.06978945,5.271108346980066,413
9998,Hechtel-Eksel,51.1340192,5.3780119,413
9999,Tegelen,,,413
10000,Heerlen,50.8775239,5.981506585454879,413
10001,Sint-Truiden,,,413
10002,Grathem,51.1917251,5.8589966,413
10003,Stein,50.9732145,5.760681940061414,413
10004,Roermond,51.1933903,5.9882649,413
10005,Maaseik,,,413
10006,Echt,51.1073016,5.8719765,413
10007,Bilzen,,,413
10008,Tongeren,50.7806267,5.4639172,413
10009,Venray,,,413
10010,Opglabbeek,51.0429949,5.581962,413
10011,Beringen,51.0489641,5.2266869,413
10012,Haelen,50.9479352,5.1142517,413
10013,Mook en Middelaar,,,413
10014,Elsloo,50.9503183,5.7711166,413
10015,Kerkrade,50.8749089,6.0593852849074565,413
10016,Grote-Spouwen,50.832524,5.5538483,413
10017,Siebengewald,51.6494766,6.1065773,413
10018,Bree,51.1417984,5.5985009,413
10019,Beegden,51.1910986,5.9196747,413
10020,Horst,,,413
10021,Heel,51.179622,5.8947908,413
10022,Munstergeleen,,,413
10023,Venlo,51.39244885,6.151172414412296,413
10024,Vaals,,,413
10025,Heusden,51.038289,5.2810644,413
10026,Zolder,51.0236553,5.3135203,413
10027,Rijkel,50.8077026,5.2604258,413
10028,Brunssum,,,413
10029,Gennep,51.6950839,5.9734549,413
10030,Nuth,50.9171887,5.8838254,413
10031,Grevenbicht,,,413
10032,Nieuwstadt,,,413
10033,Geleen,,,413
10034,Hoensbroek,,,413
10035,Maasmechelen,,,413
10036,Helden,51.3203339,6.000166,413
10037,Molenhoek,,,413
10038,Linkhout,50.9657859,5.1372552,413
10039,Bergen,51.58964675,6.078663459935446,413
10040,Vlijtingen,50.8329146,5.5895873,413
10041,Zepperen,50.8225873,5.2476844,413
10042,Nieuw-Bergen,,,413
10043,Wijlre,,,413
10044,Limerick,,,698
10045,Ballybricken,,,698
10046,Kilfinane,52.3592022,-8.4724306,698
10047,Templeglantine,52.3974632,-9.1745261,698
10048,Old Pallas,,,698
10049,Croom,52.5192086,-8.7171793,698
10050,Newcastle West,52.4488928,-9.0529331,698
10051,Polokwane,,,1024
10052,Ga-Masehlong,,,1024
10053,Waterberg,-23.6754182,27.6891222,1024
10054,Modimolle,-24.701111,28.408889,1024
10055,Thohoyandou,,,1024
10056,Phalaborwa,,,1024
10057,Alldays,-22.6805556,29.1072222,1024
10058,Thokwaneng,,,1024
10059,Marble Hall,,,1024
10060,Mookgophong,,,1024
10061,Malamulele,,,1024
10062,Ga-Kgapane,,,1024
10063,Bela Bela,-24.8806014,28.2904774,1024
10064,Muduluni,,,1024
10065,Louis Trichardt,,,1024
10066,Limón,,,1464
10067,Batán,10.0845975,-83.3415505,1464
10068,Ssyokli,,,1078
10069,Dvurechka,,,1078
10070,Lipetsk,,,1078
10071,Jelets,,,1078
10072,Zadonsk,52.387798,38.92672,1078
10073,Yelets,52.6150528,38.52904176813863,1078
10074,Voskresenovka,,,1078
10075,Mashino-Traktornaya Stantsiya imeni Dmitrova,,,1078
10076,Bata,1.869189,9.7720137,1942
10077,Douala,,,311
10078,Cotonou,,,311
10079,Nkongsamba,,,311
10080,Bonabéri,4.0822098,9.6649718,311
10081,Ndom,,,311
10082,Edéa,,,311
10083,Mouandé,4.1945517,10.5893687,311
10084,Sackbayémé,4.0525817,10.5701519,311
10085,Bomono,,,311
10086,Livorno,43.5507317,10.3091256,728
10087,Cecina,43.3113449,10.5173443,728
10088,Collesalvetti,43.588912,10.476264,728
10089,Rosignano Marittimo,43.406786,10.4733663,728
10090,Campiglia Marittima,,,728
10091,Piombino,42.9231662,10.5268192,728
10092,Marciana Marina,42.8036083,10.1967676,728
10093,Portoferraio,,,728
10094,Liège,50.6450944,5.5736112,167
10095,Grâce-Berleur ,50.6439528,5.5061115,167
10096,Oreye,50.7291681,5.3530675,167
10097,Soumagne,,,167
10098,Hollogne-aux-Pierres,50.6387497,5.4758701,167
10099,Huy,,,167
10100,Vieux-Waleffe,50.6165259,5.2043149,167
10101,Seraing,,,167
10102,Eupen,50.6305665,6.0312717,167
10103,La Calamine,50.7154957,6.013341,167
10104,Rocourt,50.678042,5.547616,167
10105,Dison,50.611374,5.854735,167
10106,Angleur,50.6128439,5.5953129,167
10107,Visé,50.7347797,5.6936397,167
10108,Verviers,50.59324,5.867828,167
10109,Aywaille,50.4758998,5.6763249,167
10110,Hodeige,50.6960127,5.3426579,167
10111,Herstal,50.6650412,5.629981,167
10112,Ougrée,50.591146,5.5439611,167
10113,Saint-Vith,50.2803881,6.1258953,167
10114,Ans,50.6679862,5.5077543,167
10115,Herve,50.63916,5.7931012,167
10116,Tihange,50.527586,5.259369,167
10117,Stavelot,50.3942409,5.9310335,167
10118,Engis,50.56261935,5.388190648822447,167
10119,Villers-le-Temple,50.5081117,5.370841,167
10120,Vivegnis,50.697932,5.6527071,167
10121,Grivegnée,50.6192957,5.6047622,167
10122,Spa,50.4920654,5.8627569,167
10123,Milmort,50.6904632,5.5929155,167
10124,Heusy,50.57804,5.867539,167
10125,Mons-lez-Liège,50.6224546,5.4600597,167
10126,Acosse,50.5945676,5.0485902,167
10127,Malmedy,,,167
10128,Chaineux,50.6319367,5.8342711,167
10129,Oteppe,50.5823876,5.1269874,167
10130,Elsenborn,50.4573116,6.2213827,167
10131,Waimes,50.47241415,6.12229074312927,167
10132,Waremme,50.6976875,5.2546191,167
10133,Flémalle-Haute,50.5944698,5.4564323,167
10134,Hermée,50.7087526,5.6186068,167
10135,Trembleur,50.6954792,5.7266237,167
10136,Gospić,,,876
10137,Sveti Juraj,44.9285385,14.9196338,876
10138,Senj,,,876
10139,Svračkovo Selo,44.6215063,15.6236524,876
10140,Donji Lapac,,,876
10141,Medak,,,876
10142,Rastoka,44.5896217,15.2887794,876
10143,Komić,44.4509084,15.7403448,876
10144,Otočac,44.8687963,15.2358684,876
10145,Široka Kula,44.6154137,15.4559555,876
10146,Ljubljana,,,431
10147,Črnuče,,,431
10148,Ljubno,,,2516
10149,Codogno,,,1259
10150,Borgo San Giovanni,45.278042,9.4358358,1259
10151,Lodi Vecchio,45.301075,9.4165986,1259
10152,Logatec,,,2090
10153,Blois,47.5876861,1.3337639,603
10154,Romorantin-Lanthenay,47.3592182,1.7434925,603
10155,Salbris,,,603
10156,Vendôme,47.7934453,1.0662256,603
10157,Marchenoir,47.8244145,1.3950585,603
10158,Selles-sur-Cher,47.2769,1.56301,603
10159,Ouchamps,47.4739277,1.3208857752775227,603
10160,Montrichard,47.3593576,1.1828617252709055,603
10161,Savigny-sur-Braye,47.8808473,0.810123,603
10162,Montoire-sur-le-Loir,47.7527662,0.8621777,603
10163,Rilly-sur-Loire,47.4667668,1.1353179,603
10164,Saint-Étienne,45.4401467,4.3873058,612
10165,Roanne,46.0345572,4.0729178,612
10166,Saint-Chamond,,,612
10167,Firminy,,,612
10168,Nogent-sur-Vernisson,,,612
10169,Saint-Priest-en-Jarez,,,612
10170,Rive-de-Gier,45.5288401,4.6187386,612
10171,Montbrison,,,612
10172,Charlieu,46.1588067,4.1714892,612
10173,Saint-Marcellin-en-Forez,45.4972427,4.1670428,612
10174,Feurs,,,612
10175,La Pacaudière,46.1752719,3.8682484,612
10176,Nantes,47.2186371,-1.5541362,610
10177,Pornic,47.1152695,-2.1040102,610
10178,Saint-Nazaire,,,610
10179,La Fresnaye,,,610
10180,Mesquer,47.3991145,-2.4595913,610
10181,Héric,47.4144202,-1.6523209,610
10182,Saint-Sébastien-sur-Loire,,,610
10183,Couëron,47.2115054,-1.7271466,610
10184,Sainte-Marie-sur-Mer,47.1128995,-2.1312061,610
10185,Châteaubriant,47.7194057,-1.3757282,610
10186,Issé,47.6240382,-1.4527406,610
10187,Guérande,47.3282126,-2.4298014,610
10188,La Baule-Escoublac,47.2843726,-2.3951595,610
10189,Cellier,47.2966706,-1.3924682,610
10190,Brandy,47.566917,-1.992122,610
10191,Assérac,47.4291286,-2.3907795,610
10192,Nancray-sur-Rimarde,48.0688931,2.3335905,601
10193,Sandillon,47.8455805,2.0327513,601
10194,Neuville au Bois,,,601
10195,Orléans,,,601
10196,Pithiviers,48.1738051,2.2544871,601
10197,Fleury-les-Aubrais,47.9309156,1.9208883,601
10198,Bonny-sur-Loire,47.5606119,2.8397824,601
10199,Gien,,,601
10200,Châteauneuf-sur-Loire,47.8642836,2.2283459,601
10201,Coullons,47.6222754,2.4926961,601
10202,Beaulieu-sur-Loire,47.5429471,2.8173796,601
10203,Montargis,,,601
10204,Montereau,47.8564484,2.5717138,601
10205,La Ferté-Saint-Aubin,47.7169399,1.9442053,601
10206,Villamblain,48.0092057,1.5510946,601
10207,Beaugency,47.7778775,1.6311944,601
10208,Courtenay,48.0394421,3.0618804,601
10209,Amilly,,,601
10210,Loja,,,2443
10211,Levuka,,,2160
10212,Longford,53.7278,-7.7963816,1211
10213,Granard,53.779362,-7.4910079,1211
10214,Kenagh,,,1211
10215,Lop Buri,,,1560
10216,Khorramabad,,,1498
10217,Borujerd,,,1498
10218,Dorud,,,1498
10219,Siuca-caño,-5.936119,-74.5384273,809
10220,Spitak,,,817
10221,Vanadzor,,,817
10222,Gyulagarak,40.9662097,44.4717871,817
10223,Shamut,40.9390524,44.7951589,817
10224,Osorno,,,303
10225,Puerto Montt,,,303
10226,Queilén,,,303
10227,San Juan de la Costa,-40.49308955,-73.53910774780869,303
10228,Quellón,-43.1200305,-73.6203025,303
10229,Río Negro,-40.7969364,-73.260128,303
10230,Valdivia,,,302
10231,Babahoyo,,,302
10232,Lanco,-39.4522225,-72.7754222,302
10233,Figeac,,,1609
10234,Cahors,,,1609
10235,Strenquels,44.985291,1.6374347,1609
10236,Tonneins,44.3905556,0.3091667,615
10237,Villeneuve-sur-Lot,,,615
10238,Agen,,,615
10239,Fumel,44.4966624,0.9684626,615
10240,Laroque-Timbaut,,,615
10241,Marmande,,,615
10242,Nérac,44.1353979,0.3392503,615
10243,Miramont-de-Guyenne,44.6042375,0.3593857,615
10244,Metairie,,,642
10245,New Orleans,29.9759983,-90.0782127,642
10246,Baton Rouge,30.4494155,-91.1869659,642
10247,Shreveport,,,642
10248,Jennings,30.2224284,-92.657085,642
10249,Bernice,32.8220876,-92.6579295,642
10250,Lake Charles,,,642
10251,Bossier City,,,642
10252,Morgan City,,,642
10253,Alexandria,,,642
10254,Ruston,32.5297498,-92.6386604,642
10255,Iowa,,,642
10256,Crowley,,,642
10257,Houma,,,642
10258,Galliano,,,642
10259,Welsh,,,642
10260,Vidalia,,,642
10261,Baker,,,642
10262,Winnsboro,,,642
10263,Minden,32.6154278,-93.2868354,642
10264,Dixie,,,642
10265,Heflin,,,642
10266,Opelousas,,,642
10267,Drogheda,,,152
10268,Annagassan,53.8825341,-6.3432698,152
10269,Dundalk,54.0046033,-6.4008879,152
10270,Ardee,53.8553092,-6.5389138,152
10271,Lovech,43.1349971,24.715431,286
10272,Troyan,42.8910697,24.7123534,286
10273,Ugarchin,43.0960171,24.4209919,286
10274,Gradezhnitsa,43.020779,24.2338677,286
10275,Lukovit,43.2064255,24.1619125,286
10276,Teteven,42.91837,24.26354,286
10277,Granitovo,,,286
10278,Mikre,43.0333719,24.5222284,286
10279,Kismayo,,,2477
10280,Mende,,,1929
10281,Marvejols,44.5532621,3.2901135,1929
10282,Stari Trg pri Ložu,,,2169
10283,Luanda,-8.8272699,13.2439512,907
10284,Maianga,-8.8267755,13.2303908,907
10285,Mansa,-11.2006743,28.8893922,1594
10286,Lublin,51.250559,22.5701022,940
10287,Chełm,51.13558825,23.49393641703079,940
10288,Włodawa,51.54127795,23.529036806689675,940
10289,Nowa Osada,,,940
10290,Łan,,,940
10291,Tomaszów Lubelski,,,940
10292,Krasnystaw,50.9844757,23.1635704,940
10293,Sosnów,51.3985668,21.8575181,940
10294,Łuków,51.92517375,22.37278178919829,940
10295,Zamość,,,940
10296,Piskorów,51.3843438,21.8015977,940
10297,Tarnogród,,,940
10298,Świdnik,,,940
10299,Kraśnik,50.943493200000006,22.208358045515133,940
10300,Motycz,51.2395618,22.3812812,940
10301,Radzyń Podlaski,51.7827253,22.6208818,940
10302,Biłgoraj,50.5424846,22.7209326,940
10303,Szopinek,50.7267483,23.3216339,940
10304,Hańsk,51.4041122,23.4093048,940
10305,Skrzyniec,51.1116202,22.2415498,940
10306,Puławy,51.4262598,21.98530140105588,940
10307,Łucka,51.4385808,22.6323331,940
10308,Międzyrzec Podlaski,,,940
10309,Kazimierz Dolny,51.3220058,21.947372,940
10310,Nałęczów,,,940
10311,Lubartów,,,940
10312,Skorodnica,51.522757,23.3030888,940
10313,Janopol,51.7217104,21.9306555,940
10314,Rokitów,50.81161,22.76099,940
10315,Stryj,51.7678403,21.9571187,940
10316,Stary Bazanów,,,940
10317,Jaszczów,,,940
10318,Cyców,51.3038482,23.1345084,940
10319,Żółkiewka,,,940
10320,Hrubieszów,,,940
10321,Ostrzyca,,,940
10322,Opole,,,940
10323,Dorohusk,51.1608274,23.803447,940
10324,Derło,52.1734926,23.3816846,940
10325,Biała Podlaska,,,940
10326,Kużawka,,,940
10327,Rejowiec Fabryczny,51.1191844,23.2467333,940
10328,Siteki,,,2400
10329,Kostrzyn nad Odrą,52.61626975,14.627947699728011,661
10330,Sulęcin,52.4413768,15.1161501,661
10331,Żary,51.62443815,15.148724672498012,661
10332,Gorzów Wielkopolski,,,661
10333,Zielona Góra,,,661
10334,Międzyrzecz,,,661
10335,Radów,52.4376859,14.7471448,661
10336,Świebodzin,,,661
10337,Kożuchów,51.7454762,15.5944541,661
10338,Sulechów,,,661
10339,Wymiarki,51.5139528,15.0863157,661
10340,Krosno Odrzańskie,52.0536361,15.0980258,661
10341,Nowogród Bobrzański,51.7986474,15.2365032,661
10342,Nowa Sól,51.8019595,15.7175608,661
10343,Szczepanów,51.57433,15.2025,661
10344,Skwierzyna,52.5967483,15.5010958,661
10345,Kołczyn,52.6115331,15.1199264,661
10346,Szprotawa,51.5650714,15.5367584,661
10347,Drezdenko,,,661
10348,Wałowice,51.9889273,14.8025,661
10349,Skwierzyn,,,661
10350,Rejów,51.7228541,15.7483178,661
10351,Gubin,,,661
10352,Żagań,51.6148068,15.3203721,661
10353,Staw,,,661
10354,Lubsko,51.7881902,14.9721266,661
10355,Strzelce Krajeńskie,52.8785785,15.5326861,661
10356,Gryżyce,,,661
10357,Lucca,43.8428381,10.502876,720
10358,Pietrasanta,,,720
10359,Barga,,,720
10360,Viareggio,43.8672392,10.2506055,720
10361,Capannori,43.8420391,10.5735254,720
10362,Bagni di Lucca,,,720
10363,Montecarlo,43.8511862,10.6676214,720
10364,Forte dei Marmi,,,720
10365,Castelnuovo di Garfagnana,,,720
10366,Ludza,,,2163
10367,Lugo,,,1109
10368,Ribadeo,,,1109
10369,Vivero,,,1109
10370,Luhansk,,,1168
10371,Sverdlovsk,48.0811324,39.642561,1168
10372,Krasnyi Luch,48.1351471,38.9198948,1168
10373,Sieverodonetsk,,,1168
10374,Stakhanov,,,1168
10375,Antratsyt,48.1164285,39.0886375,1168
10376,Rubizhne,49.0329045,38.3725819,1168
10377,Chervonopartizansk,,,1168
10378,Alchevsk,,,1168
10379,Kreminna,,,1168
10380,Prosyanaya,,,1168
10381,Stanytsia Luhanska,,,1168
10382,Rovenky,,,1168
10383,Krasnodon,,,1168
10384,Vahrusheve,,,1168
10385,Perevalsk,,,1168
10386,Lysychansk,,,1168
10387,Molodohvardiysk,,,1168
10388,Zelekivka,49.19643,39.83848,1168
10389,Starobilsk,,,1168
10390,Zhytlivka,,,1168
10391,Chisapani,,,1726
10392,Nepalgunj,28.0654795,81.6363519,1726
10393,Saurimo,,,2246
10394,Lusaka,,,2147
10395,Kafue,,,2147
10396,Luxembourg,,,235
10397,Schifflange,,,235
10398,Esch-sur-Alzette,,,235
10399,Bettembourg,,,235
10400,Bastogne,,,235
10401,Hautcharage,49.58570765,5.912387268000989,235
10402,Tétange,49.4728607,6.0401965,235
10403,Dudelange,49.4786477,6.0847792,235
10404,Hesperange,49.5729552,6.1615727,235
10405,Contern,,,235
10406,Koerich,,,235
10407,Mamer,,,235
10408,Foetz,,,235
10409,Rodange,49.5511046,5.8434572,235
10410,Differdange,,,235
10411,Bettborn,,,235
10412,Habay-la Vieille,49.7228424,5.6225107,235
10413,Houffalize,,,235
10414,Colmar-Berg,,,235
10415,Virton,,,235
10416,Libramont,,,235
10417,Arlon,49.6834601,5.8167711,235
10418,Pétange,,,235
10419,Niederkorn,49.5366182,5.8899436,235
10420,Wellin,50.0822967,5.1146708,235
10421,Strassen,49.6196726,6.0721393,235
10422,Tintange,49.878638,5.7518438,235
10423,Messancy,49.5949862,5.8145736,235
10424,Leudelange,49.5660842,6.0673211,235
10425,Pettingen,49.7703854,6.1071883,235
10426,Clemency,49.5977737,5.8749722,235
10427,Rumelange,49.461113,6.0307171,235
10428,Capellen,,,235
10429,Bertrange,49.6106029,6.0501598,235
10430,Mersch,,,235
10431,Libramont-Chevigny,,,235
10432,Attert,49.7514982,5.7872217,235
10433,Athus,49.5615482,5.8306932,235
10434,Pratz,49.8023544,5.9371695,235
10435,Schuttrange,49.6226683,6.2714312,235
10436,Itzig,49.5869326,6.1723065,235
10437,Bissen,49.7891516,6.0662981,235
10438,Luthern,47.0589604,7.9169068,1244
10439,Luzern (Lucerne),,,1244
10440,Sursee,,,1244
10441,Flühli,,,1244
10442,Adligenswil,,,1244
10443,Willisau,,,1244
10444,Wolhusen,,,1244
10445,Schenkon,,,1244
10446,Udligenswil,47.091036,8.399689,1244
10447,Malters,,,1244
10448,Ettiswil,47.1483925,8.0150668,1244
10449,Kriens,47.034146,8.2807994,1244
10450,Neudorf,,,1244
10451,Zell,47.1380513,7.9227913,1244
10452,Hitzkirch,47.2250438,8.2632119,1244
10453,Menznau,47.0838106,8.040131,1244
10454,Emmenbrücke,,,1244
10455,Escholzmatt,,,1244
10456,Littau,,,1244
10457,Eich,,,1244
10458,Alberswil,47.1506183,8.0013407,1244
10459,Neuenkirch,,,1244
10460,Pfaffnau,,,1244
10461,Ruswil,47.0839416,8.126227,1244
10462,Rothenburg,,,1244
10463,Sempach,47.1353737,8.1920262,1244
10464,Hasle,,,1244
10465,Grossdietwil,47.170687,7.887705,1244
10466,Horw,47.0185008,8.3107797,1244
10467,Meggen,,,1244
10468,Romoos,,,1244
10469,Nebikon,47.18965,7.973802,1244
10470,Schwarzenberg,,,1244
10471,Luče,,,2515
10472,Lviv,,,233
10473,Sosnivka,,,233
10474,Stryi,,,233
10475,Dobrotvir,50.2057172,24.3857048,233
10476,Dashava,,,233
10477,Lozyna,49.9448175,23.8361451,233
10478,Drohobych,,,233
10479,Skole,,,233
10480,Novoiavorivsk,,,233
10481,Brody,,,233
10482,Dublyany,,,233
10483,Zabuzhzhia,,,233
10484,Rava-Ruska,,,233
10485,Poharysk,,,233
10486,Sambir,,,233
10487,Holohory,49.7524219,24.7226803,233
10488,Boryslav,,,233
10489,Zhydachiv,,,233
10490,Putyatintsy,,,233
10491,Lopatin,50.2205052,24.844945,233
10492,Kalyniv,,,233
10493,Verkhneye Sinevidnoye,,,233
10494,Rakvere,,,577
10495,Tapa,,,577
10496,Ärina,59.149308000000005,26.23343988257421,577
10497,Lehtse,59.2531006,25.822551,577
10498,Rakke,,,577
10499,Tamsalu,,,577
10500,Salle,,,577
10501,Tammiku,59.193089,26.672614070789287,577
10502,Jäneda,,,577
10503,Haapsalu,,,1398
10504,Kirbla,,,1398
10505,Riguldi,59.12196865,23.54641242080074,1398
10506,Tárrega,,,489
10507,Seo de Urgel,,,489
10508,Lérida,,,489
10509,Tredós,,,489
10510,La Pobla de Segur,,,489
10511,Santa Creu de Castellbò,,,489
10512,Viella,,,489
10513,Ponts,,,489
10514,Os de Balaguer,,,489
10515,Līvāni,,,2116
10516,Lüvəsər,,,1839
10517,Lənkəran,,,1786
10518,Macerata,,,352
10519,Civitanova Marche,,,352
10520,Potenza Picena,43.366409,13.620695,352
10521,Recanati,,,352
10522,San Ginesio,43.1084806,13.3187335,352
10523,Fiuminata,43.18745,12.932168,352
10524,Castelraimondo,43.208151,13.053671,352
10525,San Severino Marche,,,352
10526,Tolentino,,,352
10527,Machakos,-1.5212477,37.2660878,1714
10528,Dreketi,,,1659
10529,Labasa,,,1659
10530,Madang,-5.212038,145.8054231,1764
10531,Gwalior,,,692
10532,Mhow,22.5555977,75.7709215,692
10533,Bhopal,23.2584857,77.401989,692
10534,Indore,22.7203616,75.8681996,692
10535,Jabalpur,23.1608938,79.9497702,692
10536,Burna,,,692
10537,Bankheri,,,692
10538,Kharwa,21.7149948,76.19691035979835,692
10539,Rajpur,24.73967665,79.07231247458051,692
10540,Badnagar,23.477831,77.0459819,692
10541,Nuwara Eliya,,,691
10542,Agrapatana,,,691
10543,Dimbula,,,691
10544,Peradeniya,,,691
10545,Maha Nuvara (Kandy),,,691
10546,Troup,,,691
10547,Gampola,,,691
10548,Madona,,,1357
10549,Saikava,,,1357
10550,Liezere,57.014839,26.0535108,1357
10551,Aiviekste,,,1357
10552,Varakļāni,,,1357
10553,Majadahonda,,,114
10554,Torrejón de Ardoz,,,114
10555,Aranjuez,4.73574115,-74.24763280762585,114
10556,Móstoles,,,114
10557,Alcalá de Henares,40.4818396,-3.3644973,114
10558,Navalcarnero,40.4400297,-3.6768232,114
10559,Colmenar Viejo,40.6587726,-3.7659722,114
10560,Leganés,,,114
10561,Getafe,40.44443575,-3.672126188441344,114
10562,Collado Mediano,,,114
10563,Valdemoro,,,114
10564,San Sebastián de los Reyes,,,114
10565,San Lorenzo de El Escorial,,,114
10566,Alcobendas,,,114
10567,Coslada,,,114
10568,Villarejo de Salvanés,40.1683582,-3.2738764,114
10569,Loeches,40.4316484,-3.7322963,114
10570,Cercedilla,,,114
10571,Vallecas,40.3868601,-3.6591803,114
10572,Las Rozas de Madrid,,,114
10573,Somoto,,,2290
10574,Asmara,,,1290
10575,Quazien,,,1290
10576,Hazega,,,1290
10577,Lifajaneng,,,2492
10578,Mafraq,32.3423619,36.2075282,1713
10579,Magadan,59.5604768,150.7988617,1071
10580,Susuman,,,1071
10581,Orotukan,,,1071
10582,Talaya,,,1071
10583,Matrosovo,,,1071
10584,Punta Arenas,-53.1625688,-70.907822,1899
10585,Puerto Natales,,,1899
10586,Santa Marta,11.2320944,-74.1950916,317
10587,Tenerife,9.9003487,-74.8589973,317
10588,El Retén,10.612076,-74.2695268,317
10589,Borabue,16.040019,103.1211303,1049
10590,Kolhapur,,,82
10591,Nagpur,21.1498134,79.0820556,82
10592,Mumbai,,,82
10593,Satara District,,,82
10594,Achalpur,21.2407925,77.42779700393686,82
10595,Kavthepiran,,,82
10596,Khadki,18.5681753,73.8507787,82
10597,Kirkee,18.5681753,73.8507787,82
10598,Pune (Poona),18.5288773,73.8744146,82
10599,Punwat,19.9544512,79.0523493,82
10600,Barshi,,,82
10601,Satpati,19.8419665,78.6411881,82
10602,Nashik,,,82
10603,Nilangana,,,82
10604,Lonavla,,,82
10605,Wardha,,,82
10606,Mahdia,,,1569
10607,Mahilyow,53.9090245,30.3429838,1003
10608,Babruysk,,,1003
10609,Bykhaw,,,1003
10610,Udoha,,,1003
10611,Byalynichy,,,1003
10612,Rakushava,,,1003
10613,Klichaw,,,1003
10614,Yalizava,,,1003
10615,Krychaw,,,1003
10616,Kuntsy,,,1003
10617,Chavusy,,,1003
10618,Klimavichy,,,1003
10619,Novaya Bayarshchyna,,,1003
10620,Patoka,,,1003
10621,Seliba,,,1003
10622,Cherykaw,,,1003
10623,Shklow,,,1003
10624,Antonava Buda,,,1003
10625,Asipovichy,,,1003
10626,Warren,44.12062,-69.240646,466
10627,Fort Williams,,,466
10628,Dexter,45.0241454,-69.2900028,466
10629,Lewiston,,,466
10630,Bangor,44.8016255,-68.7713289,466
10631,Gardiner,,,466
10632,Norway,,,466
10633,Rumford,,,466
10634,Bailey Island,,,466
10635,Old Town,44.9353108,-68.6460961,466
10636,Montville,,,466
10637,Stockholm,,,466
10638,Cape Elizabeth,,,466
10639,East Benton,,,466
10640,Mexico,,,466
10641,Searsmont,44.3617419,-69.1950411,466
10642,Bethel,,,466
10643,Waterville,44.5524176,-69.6313607,466
10644,Gorham,43.6797334,-70.4429592,466
10645,Brunswick,,,466
10646,Angers,,,597
10647,Saumur,,,597
10648,Cholet,,,597
10649,Longué-Jumelles,47.4346214,-0.1034531,597
10650,Saint-Clément-des-Levées,47.3311559,-0.1844997,597
10651,Avrillé,47.5045657,-0.5956539,597
10652,Majuro,,,2381
10653,Mabanda,,,1884
10654,Vugizo,-4.1717211,29.7062661,1884
10655,Makira,,,2009
10656,Jeddah,,,1520
10657,Taif,,,1520
10658,Makkah (Mecca),,,1520
10659,Malabon,14.6578504,120.9511261,1731
10660,Sulufou,,,2313
10661,Takwa,,,2313
10662,Malaita,,,2313
10663,Auki,,,2313
10664,Malakula,,,2041
10665,Malatya,38.3487153,38.3190674,1216
10666,Maldonado,,,1280
10667,Kaven,,,2281
10668,Hutumuri,,,685
10669,Ambon,-3.6959434,128.178785,685
10670,Banda Neira,-4.52135885,129.90469326134422,685
10671,Pulau Osi,,,685
10672,Ternate,,,78
10673,Tobelo,1.726284,127.9999457,78
10674,Malé,,,2218
10675,Berbérati,,,2175
10676,Montecristi,,,1754
10677,Portoviejo,,,1754
10678,Pichincha,-0.8961250000000001,-79.80540133589591,1754
10679,Managua,12.1544035,-86.2737642,632
10680,Palmerston North,,,268
10681,Eketahuna,,,268
10682,Taumarunui,,,268
10683,Levin,,,268
10684,Dannevirke,-40.2073897,176.0982442,268
10685,Wanganui,-39.9324904,175.0519306,268
10686,Taihape,,,268
10687,Pahiatua,,,268
10688,Raetihi,,,268
10689,Feilding,,,268
10690,Saint-Lô,49.1157004,-1.0906637,17
10691,Cherbourg-en-Cotentin,,,17
10692,Granville,48.8376296,-1.5959177,17
10693,Coutances,49.047792,-1.4454857,17
10694,Martinvast,49.5949731,-1.6632491,17
10695,Portbail,49.3355434,-1.6999359,17
10696,Villedieu-les-Poêles,48.8381226,-1.2220882,17
10697,Barfleur,49.6706815,-1.2644272,17
10698,Plowden,,,733
10699,Banana Ground,,,733
10700,Hanover,38.60088545,-90.51336992083088,733
10701,Mandeville,,,733
10702,Mandalay,21.9596834,96.0948743,777
10703,Pyin U Lwin,,,777
10704,Aqtau,,,2167
10705,Aktau,,,2167
10706,Mutare,-19.24886155,32.43774794553033,1099
10707,Rusape,,,1099
10708,Nyanga,,,1099
10709,Tauhunu,,,2392
10710,Manila,14.5906346,120.9799964,417
10711,Quezon City,14.6510546,121.0486254,417
10712,Makati,14.5567949,121.0211226,417
10713,Parañaque City,,,417
10714,Tondo,,,417
10715,Binondo,14.5999164,120.9740253,417
10716,Pasig City,14.5605166,121.0764343,417
10717,Malate,14.5700388,120.9915263,417
10718,Pandacan,14.5878027,121.002501,417
10719,Caloocan,14.651348,120.9724002,417
10720,Pasay City,14.57050725,121.0171955506204,417
10721,Imphal,24.7991162,93.9364419,1378
10722,Sekta,,,1378
10723,Imphal West,,,1378
10724,Imphal East,,,1378
10725,Manisa,38.6125793,27.4333969,1571
10726,Turgutlu,,,1571
10727,Kula,38.5468907,28.6474338,1571
10728,Winnipeg,,,290
10729,Saint Boniface,49.88911935,-97.11967426330207,290
10730,The Pas,,,290
10731,Russell,,,290
10732,Emerson,,,290
10733,Baldur,,,290
10734,Arborg,,,290
10735,Kildonan,49.94369075,-97.10237838084734,290
10736,Balmoral,50.2558203,-97.3204529,290
10737,Boissevain,49.2306016,-100.0558052,290
10738,Walter Lake,,,290
10739,Dufferin,,,290
10740,Dauphin,51.153509,-100.04425,290
10741,Marquette,50.0644848,-97.7340609,290
10742,Beauséjour,,,290
10743,Carman,49.5082995,-98.0016853,290
10744,Roblin,51.2282164,-101.3550583,290
10745,Rosser,,,290
10746,Flin Flon,,,290
10747,Hamiota,,,290
10748,Glenboro,,,290
10749,Portage la Prairie,,,290
10750,Dominion City,,,290
10751,Roland,49.3662049,-97.9375601,290
10752,Deloraine,49.1926295,-100.4945182,290
10753,Thompson,55.743347,-97.863464,290
10754,Holland,49.5945066,-98.8809533,290
10755,Steinbach,49.530557,-96.69342,290
10756,Oak River,50.1363389,-100.4301503,290
10757,Minnedosa,,,290
10758,MacGregor,,,290
10759,Manitou,49.2398981,-98.5388162,290
10760,Whitemouth,49.9541656,-95.9766181,290
10761,Winkler,49.187089,-97.937622,290
10762,Selkirk,50.146986,-96.880188,290
10763,Oak Point,,,290
10764,Manouba,,,2509
10765,Quistello,45.0065791,10.9804599,196
10766,Roverbella,45.2657803,10.767527,196
10767,Asola,,,196
10768,Volta Mantovana,45.3213025,10.6592238,196
10769,Mantova,45.1566683,10.7917191,196
10770,Bagnolo San Vito,,,196
10771,Bozzolo,,,196
10772,Marcaria,45.120575,10.532783,196
10773,Serravalle a Po,45.0728848,11.100535,196
10774,Castel Goffredo,45.2952784,10.4729815,196
10775,Suzzara,44.991873,10.74309,196
10776,Acquanegra sul Chiese,,,196
10777,Castiglione delle Stiviere,,,196
10778,Viadana,44.9267857,10.520223,196
10779,Marmirolo,45.2205633,10.756393,196
10780,Babati,,,2019
10781,Mbulu,,,2019
10782,Katesh,,,2019
10783,Manzini,,,2014
10784,Maputo,,,1199
10785,Musoma,,,1045
10786,Tarime,,,1045
10787,Vișeu de Sus,47.7099597,24.4311547,1012
10788,Sighetu Marmației,,,1012
10789,Baia Mare,,,1012
10790,Târgu Lăpuș,47.4535458,23.8646852,1012
10791,Seini,47.7484996,23.2831939,1012
10792,Desești,47.7724578,23.8591471,1012
10793,Bacabal,-4.2318132,-44.781167,1451
10794,São Luís do Maranhão,,,1451
10795,Codó,,,1451
10796,Imperatriz,,,1451
10797,Poçao de Pedras,,,1451
10798,Timon,,,1451
10799,Maribor,46.5619513,15.6581119,429
10800,Marijampolė,,,926
10801,Kazliškiai,54.7899247,23.5306207,926
10802,Šakiai,,,926
10803,Sasnava,,,926
10804,Kazlų Rūda,54.7520669,23.4985141,926
10805,Baltrušiai,,,926
10806,Būriškiai,54.4276449,23.4111007,926
10807,Mokolai,,,926
10808,Lomé,6.130419,1.215829,1552
10809,Togoville,,,1552
10810,Agomé,,,1552
10811,Khomein,,,1827
10812,Saveh,35.0196331,50.3652364,1827
10813,Blenheim,-41.5118691,173.9545856,1321
10814,Picton,-41.290916,174.006908,1321
10815,Tahuahua Bay,-41.213491,174.09511303482788,1321
10816,Havelock,-41.278597,173.7676834,1321
10817,Reims (Rheims),,,613
10818,Épernay,,,613
10819,Châlons-en-Champagne,48.9566218,4.3628851,613
10820,Sézanne,48.7240897,3.7223381,613
10821,Livry-Louvercy,49.1028898,4.301416919682946,613
10822,Boult-sur-Suippe,49.3708335,4.1478223,613
10823,Aÿ,49.04492385,4.0391006047130045,613
10824,Loivre,49.3462654,3.9801594,613
10825,Sainte-Ménéhould,49.0904192,4.8967637,613
10826,Bétheniville,49.2932987,4.3678705,613
10827,Sillery,49.1971054,4.1305935,613
10828,Conflans-sur-Seine,48.5516509,3.6802243,613
10829,Fère-Champenoise,48.7550291,3.9905157,613
10830,Potangis,48.58737,3.64405,613
10831,Fismes,49.3072444,3.6802766,613
10832,Moengo,,,2013
10833,Marrakech,,,762
10834,El Kelaa des Sraghna,,,762
10835,Bouchane,,,762
10836,Imlil,,,762
10837,Safi,,,762
10838,Aït Ourir,,,762
10839,Ben Guerir,,,762
10840,Fort-de-France,14.6027962,-61.0676724,617
10841,La Trinité,,,617
10842,Saint-Esprit,14.5622729,-60.9326931,617
10843,Schœlcher,,,617
10844,Le Lamentin,14.614557,-61.0018145,617
10845,Le Robert,,,617
10846,Le François,14.6149952,-60.9028968,617
10847,Case-Pilote,14.6441334,-61.1373362,617
10848,Mary,-37.7460431,144.9775936,834
10849,Serhetabat,35.2740062,62.3253672,834
10850,Baltimore,39.2908816,-76.610759,544
10851,Silver Spring,38.9997621,-77.02403709829767,544
10852,Fort Washington,,,544
10853,Bethesda,38.98127255,-77.12335871396549,544
10854,Annapolis,38.9786401,-76.492786,544
10855,Rockville,,,544
10856,Glencoe,39.5500119,-76.6359726,544
10857,Germantown,39.181334,-77.266647,544
10858,Greenbelt,,,544
10859,Easton,,,544
10860,Fallston,39.5145515,-76.4110732,544
10861,Emmittsburg,39.69662695,-77.31653272221655,544
10862,Texas,,,544
10863,Morningside,,,544
10864,Bowie,38.9424464,-76.7301718,544
10865,Lutherville,39.423629950000006,-76.62091509974786,544
10866,Laurel,,,544
10867,Cheverly,38.928167,-76.915807,544
10868,Gaithersburg,,,544
10869,White Oak,39.0398315,-76.9930319,544
10870,Havre de Grace,,,544
10871,Frostburg,39.6581425,-78.928357,544
10872,Pumphrey,39.2173298,-76.6371895,544
10873,Abingdon,,,544
10874,Hyattsville,,,544
10875,Arbutus,,,544
10876,Takoma Park,,,544
10877,Beltsville,,,544
10878,Mayo,38.8876142,-76.5119032,544
10879,Frederick,,,544
10880,Ellicott City,39.2673284,-76.7983067,544
10881,Woodbine,,,544
10882,Towson,,,544
10883,Randallstown,,,544
10884,Chesapeake City,39.5271001,-75.8124776,544
10885,Mascara,35.394081,0.1379568,1445
10886,Mohammadia,,,1445
10887,Maseru,,,2125
10888,Ha-Tšosane,,,2125
10889,Makhaleng,,,2125
10890,Bindura,,,2465
10891,Chikomba District,,,1732
10892,Mutoko,,,1732
10893,Norton,,,2054
10894,Kadoma,,,2054
10895,Chinhoyi,,,2054
10896,Al-Tawiyah,,,2154
10897,Al-Khoudh,,,2154
10898,Carrara,44.0771026,10.096726,1512
10899,Massa,44.0359323,10.1395519,1512
10900,Albiano Magra,44.1720108,9.90719,1512
10901,Fitchburg,42.5854371,-71.8046023,461
10902,Newburyport,42.8132845,-70.8819188,461
10903,Everett,,,461
10904,Brockton,42.0834335,-71.0183787,461
10905,Natick,,,461
10906,Needham,,,461
10907,West Newton,42.3494151,-71.2262454,461
10908,Melrose,42.4564323,-71.064182,461
10909,South Boston,,,461
10910,Norwood,,,461
10911,Woburn,,,461
10912,Fort Devens,42.53687335,-71.64123204536912,461
10913,Lowell,42.6414437,-71.3085329,461
10914,Fall River,41.7010642,-71.1546367,461
10915,Holyoke,,,461
10916,Amherst,,,461
10917,Brookline,,,461
10918,North Adams,42.6990349,-73.1118997,461
10919,Lynn,42.466763,-70.9494939,461
10920,Salem,42.5195292,-70.8967226,461
10921,Stockbridge,42.282398,-73.3123684,461
10922,West Springfield,,,461
10923,Arlington,,,461
10924,Beverly,42.5489744,-70.8781883,461
10925,Danvers,,,461
10926,Marshfield,,,461
10927,Cape Cod,,,461
10928,Dighton,41.8144903,-71.1196148,461
10929,Pittsfield,,,461
10930,Jamaica Plain,42.3116046,-71.1143838,461
10931,Newton Center,,,461
10932,Waban,,,461
10933,Belmont,42.3959296,-71.1786655,461
10934,Leyden,42.7017395,-72.6305336,461
10935,East Boston,42.3750973,-71.0392173,461
10936,Millville,,,461
10937,Hingham,,,461
10938,Hyannis,,,461
10939,Somerville,42.3875968,-71.0994968,461
10940,Shirley,,,461
10941,Medford,,,461
10942,Methuen,,,461
10943,Mitton,,,461
10944,Waltham,42.3756401,-71.2358004,461
10945,North Hanover,,,461
10946,Framingham,,,461
10947,Millbury,,,461
10948,Billerica,,,461
10949,Malden,42.4268484,-71.0683741,461
10950,East Walpole,,,461
10951,Scituate,,,461
10952,Winthrop,42.3746525,-70.9825807,461
10953,South Wellfleet,,,461
10954,Winchendon,,,461
10955,Wrentham,,,461
10956,Swansea,,,461
10957,Charlestown,,,461
10958,Pembroke,,,461
10959,North Billerica,,,461
10960,Hopkinton,,,461
10961,Stoneham,,,461
10962,Norwell,,,461
10963,Greenfield,,,461
10964,Newtonville,,,461
10965,Medfield,,,461
10966,West Medway,,,461
10967,Somerset,41.7695463,-71.128656,461
10968,Abington,,,461
10969,Marblehead,,,461
10970,Clinton,42.4212463,-71.6874099,461
10971,West Medford,,,461
10972,Revere,,,461
10973,Nahant,,,461
10974,Waverley,,,461
10975,Roxbury,,,461
10976,Nantucket,,,461
10977,Essex,42.6320389,-70.7828255,461
10978,Saugus,,,461
10979,Vineyard Haven,,,461
10980,Whitinsville,42.1104808,-71.6646123,461
10981,Wellesley,,,461
10982,Wilbraham,,,461
10983,North Andover,,,461
10984,West Roxbury,,,461
10985,Walpole,,,461
10986,North Easton,,,461
10987,Middlesex County,,,461
10988,Byfield,,,461
10989,Attleboro,,,461
10990,Great Barrington,,,461
10991,Peabody,,,461
10992,Masvingo,,,2464
10993,Gwanda,,,2121
10994,Ciudad Darío,12.67926225,-86.16422068050134,630
10995,Matanzas,,,338
10996,Carlos Rojas,,,338
10997,Cárdenas,23.03714,-81.2025816,338
10998,Limonar,22.9533539,-81.4109306,338
10999,Jovellanos,22.8051604,-81.196847,338
11000,Unión de Reyes,22.7963502,-81.5380832,338
11001,Pedro Betancourt,22.72636,-81.2926484,338
11002,Perico,22.76918235,-81.01786552831584,338
11003,Martí,,,338
11004,Bolondrón,22.762315,-81.4467334,338
11005,Alacranes,22.7686468,-81.5686175,338
11006,Varadero,,,338
11007,Camarioca,23.1030537,-81.3566331,338
11008,Matera,,,2488
11009,Guiratinga,-16.3457422,-53.7595097,872
11010,São Félix do Araguaia,,,872
11011,Cuiabá,,,872
11012,São José dos Quatro Marcos,-15.627584,-58.177217,872
11013,Guarantã do Norte,,,872
11014,Matupá,,,872
11015,Porto Alegre do Norte,,,872
11016,Campo Grande,,,937
11017,Dourados,,,937
11018,Aquidauana,,,937
11019,Ponta Porã,,,937
11020,Três Lagoas,-20.7866799,-51.7061247,937
11021,Bonito,,,937
11022,Ladário,-19.0036585,-57.6028285,937
11023,Porto Murtinho,,,937
11024,Rio Brilhante,-21.8046467,-54.5433047,937
11025,Curicó,,,1251
11026,Constitución,-35.3318306,-72.4118998,1251
11027,Talca,,,1251
11028,San Javier,-35.5923933,-71.735308,1251
11029,Molina,,,1251
11030,Mauren,,,1719
11031,Mavrovo,,,2256
11032,San José de las Lajas,22.9613562,-82.1518012,368
11033,Güines,,,368
11034,Melena del Sur,22.7879029,-82.1514362,368
11035,Bejucal,22.928489,-82.3883364,368
11036,Laval,,,1218
11037,Château-Gontier,,,1218
11038,Gorron,48.4123473,-0.8129799,1218
11039,Cossé-le-Vivien,47.9444647,-0.9117797,1218
11040,Ravigny,48.4454403,-0.064083,1218
11041,Meslay-du-Maine,47.9500183,-0.5537919,1218
11042,Renazé,47.793333,-1.0557842,1218
11043,Ambrières-les-Vallées,48.4033446,-0.6297627,1218
11044,Évron,48.1560336,-0.4029782,1218
11045,Branche,48.2758803,-0.9294626,1218
11046,Entrammes,47.9999404,-0.7142319,1218
11047,Chémeré-le-Roi,47.9779126,-0.4401455,1218
11048,Saint-Calais-du-Désert,48.4852646,-0.260458,1218
11049,Montsurs,48.137962900000005,-0.5522215177316291,1218
11050,Cong,,,703
11051,Swinford,53.9435164,-8.9498117,703
11052,Ballyhaunis,53.7633588,-8.7651532,703
11053,Ballyvaughan,,,703
11054,Kiltimagh,,,703
11055,Castlebar,,,703
11056,Bohola,53.9017656,-9.0527021,703
11057,Amarah,,,1510
11058,Al-Maimouna,,,1510
11059,Sari,,,1797
11060,Amol,,,1797
11061,Shemshak,,,1797
11062,Neka,,,1797
11063,Babolsar,36.7008777,52.6481047,1797
11064,Tonekabon,,,1797
11065,Juybar,,,1797
11066,Babol,,,1797
11067,Mahmood Abad,,,1797
11068,Behshahr,36.6912955,53.5432769,1797
11069,Lapu Sahra,,,1797
11070,Savadkuh County,,,1797
11071,Dizin,,,1797
11072,Warszawa (Warsaw),52.2316938,21.0247708,279
11073,Mława,53.1116182,20.3831732,279
11074,Czersk,51.9590773,21.2319862,279
11075,Wołomin,,,279
11076,Płock,,,279
11077,Żyrardów,52.0543308,20.4435009,279
11078,Pruszków,,,279
11079,Jedlnia,51.4638892,21.3613927,279
11080,Krasnosielc,,,279
11081,Przasnysz,,,279
11082,Boska Wola,,,279
11083,Radom,51.41716055,21.160944780832743,279
11084,Nowe Lubiejewo,,,279
11085,Wyszków,,,279
11086,Pionki,51.47179795,21.452332768245505,279
11087,Żochy,52.97081,21.82617,279
11088,Siedlce,52.1663751,22.2765138,279
11089,Sochaczew,52.2296562,20.2379379,279
11090,Ciechanów,,,279
11091,Ciepielów,51.2482289,21.5741193,279
11092,Dzierzgowo,53.1550837,20.663956,279
11093,Nowe Miasto nad Pilicą,,,279
11094,Otwock,,,279
11095,Piastów,52.1812559,20.8415937,279
11096,Węgrów,,,279
11097,Milanówek,,,279
11098,Łosice,,,279
11099,Nasielsk,52.5867531,20.8130115,279
11100,Sokołów Podlaski,52.41455775,22.239979049193128,279
11101,Wychódźc,52.3985094,20.4154795,279
11102,Brok,52.6989287,21.8601815,279
11103,Białobrzegi,51.6482305,20.9497458,279
11104,Nowy Dwór,,,279
11105,Żuromin,,,279
11106,Jasieniec,,,279
11107,Chrostowo,53.0017589,21.7723939,279
11108,Garwolin,51.8973315,21.6149645,279
11109,Mińsk,,,279
11110,Zdunowo,52.5085822,20.5097437,279
11111,Grójec,51.8655126,20.8675017,279
11112,Sierpc,52.8529055,19.6675433,279
11113,Grodzisk,,,279
11114,Uniszki Zawadzkie,,,279
11115,Płońsk,,,279
11116,Kozienice,,,279
11117,Nużewo,52.83885,20.59756,279
11118,Pułtusk,52.7051109,21.0840274,279
11119,Ratoszyn,51.5590148,20.8144848,279
11120,Czerwińsk nad Wisłą,52.3940182,20.3123715,279
11121,Budy-Grzybek,52.0712222,20.548502,279
11122,Goliany,51.8008797,20.7477682,279
11123,Płochocin,52.1965402,20.7206387,279
11124,Wieniawa,51.3605269,20.7989456,279
11125,Skaryszew,,,279
11126,Zaręby Kościelne,52.7571188,22.1248239,279
11127,Pawłowie Starym,,,279
11128,Drobin,52.7377981,19.9893151,279
11129,Nieporęt,52.4232736,21.0354595,279
11130,Czerwin,52.9495,21.7581,279
11131,Zakroczym,52.4333534,20.6116771,279
11132,Bodzanów,52.5008478,20.0299052,279
11133,Wiśniew,,,279
11134,Loznica,,,910
11135,Šabac,44.7571535,19.6953972,910
11136,Lešnica,44.6525,19.31,910
11137,Ljubovija,,,910
11138,Wadowice,,,420
11139,Zakopane,,,420
11140,Kraków (Cracow),,,420
11141,Nowy Sącz,49.61030395,20.714936589668028,420
11142,Dąbrowa Tarnowska,,,420
11143,Oświęcim,50.0336707,19.260079835793636,420
11144,Ząb,,,420
11145,Tarnów,,,420
11146,Kościelisko,,,420
11147,Bujne,,,420
11148,Charzewice,49.8710225,20.7530358,420
11149,Koniówka,,,420
11150,Nowy Targ,,,420
11151,Limanowa,,,420
11152,Jelna,49.70442,20.72343,420
11153,Bochnia,,,420
11154,Poronin,,,420
11155,Rabka-Zdrój,,,420
11156,Ciężkowice,49.786464,20.9737542,420
11157,Chodorowa,,,420
11158,Lubcza,49.9181948,20.8787277,420
11159,Dzianisz,,,420
11160,Kojszówka,,,420
11161,Brzesko,,,420
11162,Krynica-Zdrój,,,420
11163,Tuchów,,,420
11164,Murzasichle,,,420
11165,Szczawnica,49.4266299,20.4761439,420
11166,Kuków,,,420
11167,Zakliczyn,49.8564352,20.8086652,420
11168,Czernichów,,,420
11169,Zubsuche,,,420
11170,Sucha Beskidzka,,,420
11171,Myślenice,,,420
11172,Chrzanów,,,420
11173,Mszana Dolna,,,420
11174,Skawina,,,420
11175,Krzeszowice,50.1350246,19.6320164,420
11176,Szerzyny,49.8088632,21.2451169,420
11177,Gorlice,49.65829,21.1593832,420
11178,Rdziostów,49.6542742,20.6628243,420
11179,Niedźwiedź,,,420
11180,Kobyle Gródek,,,420
11181,Rytro,,,420
11182,Muszyna,,,420
11183,Jaszczurowa,,,420
11184,Grybów,49.61495535,20.9488246609278,420
11185,Jabłonki,,,420
11186,Czarny Dunajec,49.451514,19.8780764,420
11187,Moszczenica Wyżna,,,420
11188,Wróblowice,49.8739871,20.8593306,420
11189,Ratułów,,,420
11190,Gorzów,,,420
11191,Nowa Wieś Szlachecka,50.0262119,19.6936175,420
11192,Czarna Dunajcu,,,420
11193,Krościenko nad Dunajcem,49.445684,20.4289427,420
11194,Wał-Ruda,50.1120886,20.7990447,420
11195,Zawoja,,,420
11196,Węgrzce Wielkie,50.0148566,20.1099342,420
11197,Rząska,50.0962228,19.8433954,420
11198,Inwałd,,,420
11199,Skomielna Czarna,,,420
11200,Wieprz,,,420
11201,Niepołomice,50.0331163,20.2171599,420
11202,Clonee,53.4104332,-6.4404037,1183
11203,Moynalvey,,,1183
11204,Kells,53.7274118,-6.8761704,1183
11205,Ross,53.7880119,-7.294389,1183
11206,Güstrow,53.793587,12.1764906,49
11207,Rostock,54.0886707,12.1400211,49
11208,Hagenow,,,49
11209,Schwerin,,,49
11210,Kühlungsborn,54.1483764,11.7441876,49
11211,Wismar,53.8909832,11.4647932,49
11212,Lübz,53.4615326,12.0293514,49
11213,Grevesmühlen,53.8644705,11.1898839,49
11214,Greifswald,54.095791,13.3815238,49
11215,Malchin,,,49
11216,Zingst,54.4387302,12.6821366,49
11217,Stralsund,54.3096314,13.0820846,49
11218,Klockenhagen,54.2415759,12.357714,49
11219,Kritzmow,54.0520394,12.052726,49
11220,Rehna,53.7811418,11.0487109,49
11221,Neustrelitz,53.3617163,13.0630004,49
11222,Demmin,,,49
11223,Schwaan,53.9400696,12.1071145,49
11224,Sternberg,53.7118374,11.8288314,49
11225,Stolp,,,49
11226,Putbus,54.3535322,13.4749134,49
11227,Bergen auf Rügen,54.4172673,13.4305634,49
11228,Neu Kaliß,,,49
11229,Varchentin,53.58128535,12.874068003625208,49
11230,Sassnitz,54.516728,13.644119,49
11231,Barth,54.3690547,12.7258585,49
11232,Strasburg,53.5084448,13.7434101,49
11233,Grapzow,,,49
11234,Wolgast,54.0536473,13.7757809,49
11235,Bützow,53.8500047,11.9832952,49
11236,Neubrandenburg,53.5574458,13.2602781,49
11237,Neukalen,53.8228766,12.7918145,49
11238,Plau am See,53.4600943,12.2631689,49
11239,Gnoien,53.9703915,12.7054032,49
11240,Neukloster,53.8645385,11.6824343,49
11241,Crivitz,53.5781613,11.6470654,49
11242,Warin,53.7998004,11.7043569,49
11243,Jarmen,53.9221033,13.3374416,49
11244,Woldegk,53.4592923,13.5833378,49
11245,Loitz,53.96913,13.1285573,49
11246,Schönberg,53.845556,10.933611,49
11247,Parchim,,,49
11248,Warnemünde,54.1779039,12.0812875,49
11249,Anklam,53.8560526,13.688091,49
11250,Ludwigslust,53.3300229,11.4993644,49
11251,Rom,,,49
11252,Dobbertin,53.6239507,12.0759926,49
11253,Teterow,,,49
11254,Koserow,54.0510368,13.9990573,49
11255,Kogel,53.4999771,10.9462657,49
11256,Klein Belitz,53.9385956,11.9637506,49
11257,Turloff,53.6481853,11.8648741,49
11258,Ueckermünde,53.7371069,14.0458887,49
11259,Trantow,53.9805654,13.1981227,49
11260,Altentreptow,53.6929029,13.2512464,49
11261,Wiek,54.621387,13.2899509,49
11262,Kluess,53.7781055,12.2436226,49
11263,Seehof,53.6918527,11.4321686,49
11264,Lübtheen,,,49
11265,Rüterberg,53.1520657,11.1868363,49
11266,Bad Doberan,54.105858,11.9026057,49
11267,Grimmen,54.1127844,13.0429152,49
11268,Malliß,53.2136943,11.3254031,49
11269,Eggesin,53.6820915,14.077945,49
11270,Burow,53.773249,13.2686374,49
11271,Stavenhagen,53.6952808,12.9082954,49
11272,Goldberg,53.5902655,12.0883101,49
11273,Klein Lukow,53.5333,13.0333,49
11274,Bartmannshagen,54.1197789,13.1085052,49
11275,Hohen Sprenz,53.9102833,12.195892,49
11276,Raguth,53.5695307,11.0512733,49
11277,Altenpleen,54.3505543,12.9217009,49
11278,Binz,54.4010291,13.6076477,49
11279,Alt Kaliß,,,49
11280,Ziegendorf,53.2965831,11.8172103,49
11281,Lübbersdorf,53.6470801,13.6039686,49
11282,Medvode,46.1379153,14.4121788,515
11283,Cujmir,,,1013
11284,Orșova,,,1013
11285,Drobeta-Turnu Severin,44.6257835,22.6531975,1013
11286,Jupalnic,44.7226514,22.4634682,1013
11287,Fântâna Domnească,,,1013
11288,Vânători,44.2392921,22.9311935,1013
11289,Godeanu,44.8005329,22.6079125,1013
11290,Grozești,44.6482609,23.3107717,1013
11291,Vânju Mare,,,1013
11292,Bandar Melaka (Malacca Town),,,1389
11293,Alor Gajah,2.3834528,102.2107805,1389
11294,Melilla,35.29291145,-2.950720236037561,572
11295,Mendoza,-32.8894155,-68.8446177,648
11296,Medrano,-33.1811161,-68.614301,648
11297,Luján de Cuyo,-33.0391408,-68.8799861,648
11298,General Alvear,,,648
11299,Godoy Cruz,,,648
11300,Rivadavia,-33.1959388,-68.4662317,648
11301,Las Heras,-32.8521368,-68.834782,648
11302,Tupungato,-33.3723648,-69.1479533,648
11303,Meneng,,,2212
11304,Mersin,,,1061
11305,Tarsus,36.9164834,34.895149,1061
11306,Messina,,,989
11307,Milazzo,,,989
11308,Mistretta,,,989
11309,Patti,38.1389007,14.9648163,989
11310,Novara di Sicilia,38.0160815,15.13183,989
11311,Furnari,38.1046713,15.1252231,989
11312,Gioiosa Marea,,,989
11313,Santo Stefano di Camastra,,,989
11314,Taormina,37.8512218,15.2830191,989
11315,San Filippo del Mela,38.169727,15.2725271,989
11316,Villavicencio,,,2320
11317,Cabuyaro,,,2320
11318,Castilla La Nueva,,,2320
11319,Nancy,,,136
11320,Ceintrey,48.5245685,6.1646367,136
11321,Tucquegnieux,,,136
11322,Lunéville,48.5916164,6.4919563,136
11323,Mont-Saint-Martin,,,136
11324,Longwy,49.5145564,5.7679082,136
11325,Dombasle-sur-Meurthe,48.6231282,6.3493799,136
11326,Toul,,,136
11327,Anderny,49.3348009,5.881725,136
11328,Joeuf,49.2302031,6.0092074,136
11329,Laxou,,,136
11330,Pont-à-Mousson,48.9025946,6.0547691,136
11331,Villerupt,49.468468,5.9326783,136
11332,Auboué,49.2128736,5.9750234,136
11333,Maidières,48.9009058,6.0408743,136
11334,Longlaville,49.5339956,5.8023036,136
11335,Longuyon,,,136
11336,Noviant-aux-Prés,48.8388593,5.8809415,136
11337,Verdun,49.1589278,5.3867277,135
11338,Bar-le-Duc,,,135
11339,Gondrecourt-le-Château,48.5128354,5.5061341,135
11340,Belleville-sur-Meuse,49.1814053,5.370347,135
11341,Saint-Mihiel,48.891207,5.5423046,135
11342,Commercy,48.763203,5.5914753,135
11343,Nonsard-Lamarche,48.93636635,5.758597749507091,135
11344,Dragoslavec Breg,,,1913
11345,Mežica,,,2171
11346,Flint,,,458
11347,Ypsilanti,,,458
11348,Dearborn,,,458
11349,Detroit,,,458
11350,Livonia,,,458
11351,Ann Arbor,,,458
11352,Sault Sainte Marie,,,458
11353,Pontiac,,,458
11354,Grosse Pointe,42.3861485,-82.9118591,458
11355,Wyoming,,,458
11356,Jackson,,,458
11357,Lansing,,,458
11358,Royal Oak,42.4894801,-83.1446485,458
11359,Houghton,,,458
11360,Novi,,,458
11361,Iron River,,,458
11362,Hancock,,,458
11363,Kalamazoo,,,458
11364,Boyne City,,,458
11365,Saginaw,,,458
11366,Grosse Pointe Woods,,,458
11367,West Bloomfield Township,,,458
11368,Iron Mountain,,,458
11369,Muskegon,43.2484584,-86.129351,458
11370,Wyandotte,,,458
11371,Grand Rapids,,,458
11372,Commerce Township,,,458
11373,Trimountain,,,458
11374,Bessemer,46.4813363,-90.0529504,458
11375,Traverse City,44.7606481,-85.6165976,458
11376,Hazel Park,42.4620142,-83.1035688,458
11377,Ludington,,,458
11378,Mount Clemens,,,458
11379,Brownstown Township,,,458
11380,Union Lake,,,458
11381,Buchanan,,,458
11382,Allen Park,,,458
11383,Port Huron,,,458
11384,Midland,43.634525,-84.3840821,458
11385,Howell,,,458
11386,Ontonagon,46.6471877,-89.3293792,458
11387,West Branch,,,458
11388,Petoskey,,,458
11389,Big Rapids,43.698078,-85.483656,458
11390,Farmington Hills,,,458
11391,Waterford,,,458
11392,Trenton,,,458
11393,Southfield,,,458
11394,Hillsdale,,,458
11395,Marshall,42.2721367,-84.9642008,458
11396,East Lansing,,,458
11397,Essexville,,,458
11398,Ishpeming,,,458
11399,Cass City,,,458
11400,Burr Oak,,,458
11401,Menominee,,,458
11402,Clawson,,,458
11403,Genesee,,,458
11404,Cadillac,,,458
11405,Shoreview,,,458
11406,Dowagiac,41.9824681,-86.1088809,458
11407,Clarkston,,,458
11408,Ackerman,,,458
11409,Cedarville,,,458
11410,Sterling Heights,,,458
11411,Bay City,,,458
11412,Ironwood,,,458
11413,Morelia,,,769
11414,Zacapu,19.8184055,-101.792508,769
11415,Uruapan,,,769
11416,Lázaro Cárdenas,,,769
11417,Zamora,19.9828948,-102.28363,769
11418,Ciudad Hidalgo,19.6919174,-100.555689,769
11419,Zinapécuaro De Figueroa,19.8581374,-100.8273916,769
11420,Janitzio,19.5740967,-101.6516684,769
11421,Pátzcuaro,19.5136796,-101.6099596,769
11422,Zitácuaro,,,769
11423,Coatepec de Morelos,,,769
11424,La Mojonera,,,769
11425,Urandén,,,769
11426,Copándaro,19.4390517,-101.7615033,769
11427,Numarán,20.25831475,-101.96827329279095,769
11428,Tlalpujahua,19.78378475,-100.21511130781954,769
11429,Tancitaro,,,769
11430,Gweru,-19.4616316,29.8205953,1396
11431,Chivhu,,,1396
11432,Kwekwe,-18.9284366,29.8140035,1396
11433,Chirumhanzu,,,1396
11434,Århus (Aarhus),56.1496278,10.2134046,111
11435,Holstebro,56.3590324,8.6159188,111
11436,Viborg,56.4469128,9.4059354,111
11437,Odder,55.975832,10.1513202,111
11438,Horsens,55.8611696,9.8444774,111
11439,Silkeborg,56.169453,9.5495141,111
11440,Herning,56.1379757,8.9746623,111
11441,Gjerlev,56.5865836,10.1323032,111
11442,Skive,56.6459244,8.932732160154906,111
11443,Mårslet,,,111
11444,Randers,,,111
11445,Lemvig,,,111
11446,Struer,56.4866768,8.5951427,111
11447,Dalbyneder,,,111
11448,Skanderborg,56.0351868,9.9317878,111
11449,Bjerringbro,,,111
11450,Kuwana,,,1614
11451,Kawagoe,,,1614
11452,Kiho,,,1614
11453,Toba,,,1614
11454,Matsusaka,34.5868422,136.5412491,1614
11455,Misono,,,1614
11456,Inabe,,,1614
11457,Yokkaichi,,,1614
11458,Tsu,,,1614
11459,Ise,,,1614
11460,Komono,,,1614
11461,Suzuka,,,1614
11462,Miklavž na Dravskem polju,,,2187
11463,Grarem,,,2384
11464,Milano,45.4641943,9.1896346,194
11465,Abbiategrasso,,,194
11466,Sesto San Giovanni,,,194
11467,Melegnano,45.3587886,9.3239755,194
11468,Magenta,,,194
11469,Gessate,,,194
11470,Cinisello Balsamo,45.5586454,9.2141955,194
11471,Legnano,45.5946464,8.9181625,194
11472,Cernusco sul Naviglio,,,194
11473,Cuggiono,45.5062394,8.8152655,194
11474,San Donato Milanese,,,194
11475,Bollate,,,194
11476,Melzo,,,194
11477,Cologno Monzese,45.528554,9.2782244,194
11478,San Colombano al Lambro,45.1817028,9.4889416,194
11479,Pioltello,45.5010216,9.3263354,194
11480,Busto Garolfo,45.5455579,8.8832703,194
11481,Cusano Milanino,45.5519897,9.1856198,194
11482,Bareggio,45.4777256,8.9959733,194
11483,Corsico,45.4315847,9.1097175,194
11484,Paderno Dugnano,45.5718756,9.1691935,194
11485,Marcallo con Casone,45.4872199,8.87327605576723,194
11486,Segrate,,,194
11487,Boffalora Sopra Ticino,45.4672571,8.8306109,194
11488,Nerviano,45.5536472,8.970719,194
11489,Garbagnate Milanese,,,194
11490,Rho,45.528878,9.04156,194
11491,Cerro Maggiore,45.5930123,8.9513923,194
11492,Mili,,,2452
11493,Labai,,,2002
11494,Samarai,,,2002
11495,Belo Horizonte,,,865
11496,Ponte Nova,-20.4164353,-42.90878,865
11497,Juiz de Fora,-21.7609533,-43.3501129,865
11498,Viçosa,-20.7538586,-42.8815888,865
11499,Lavras,-21.2425512,-44.9991978,865
11500,Contagem,,,865
11501,Pouso Alegre,,,865
11502,São Goncalo do Rio Abaixo,,,865
11503,Uberlândia,,,865
11504,Diamantina,-18.2440862,-43.6006487,865
11505,Araxá,-19.6009149,-46.940923,865
11506,Frutal,,,865
11507,Sete Lagoas,,,865
11508,Uberaba,,,865
11509,Varginha,,,865
11510,Teófilo Otoni,,,865
11511,Barbacena,-21.2254524,-43.7735087,865
11512,Timóteo,,,865
11513,Aimorés,-19.4917754,-41.0615603,865
11514,Descoberto,-21.459444,-42.967223,865
11515,São Pedro do Paraíso,-15.2590139,-42.1076775,865
11516,Leopoldina,-21.5314282,-42.6403534,865
11517,Ouro Fino,-22.283056,-46.369167,865
11518,Além Paraiba,,,865
11519,Novo Cruzeiro,-19.4730937,-42.537897,865
11520,Bicas,,,865
11521,Unaí,,,865
11522,Santos Dumont,-21.455867,-43.5522107,865
11523,Onça de Pitangui,-19.73,-44.807222,865
11524,Passos,-20.7167803,-46.6156864,865
11525,Poços de Caldas,,,865
11526,Rodeador,-18.293337,-44.053791,865
11527,Barão de Cocais,-19.9452437,-43.4870298,865
11528,Riachinho,,,865
11529,Iturama,,,865
11530,Itabira,-19.6190169,-43.226248,865
11531,Brasópolis,,,865
11532,Acaiaca,,,865
11533,João Monlevade,,,865
11534,Maracatu,-18.8886119,-48.3281305,865
11535,Sabará,-19.8900372,-43.8107916,865
11536,Lagoa da Prata,,,865
11537,São Pedro da União,,,865
11538,Ipatinga,,,865
11539,Araguari,-18.6511256,-48.1933764,865
11540,Governador Valadares,,,865
11541,Caeté,,,865
11542,Ibiaí,,,865
11543,Almenara,,,865
11544,Ituiutaba,,,865
11545,Doresópolis,,,865
11546,Mingəçevir,,,2130
11547,Duluth,46.7729322,-92.1251218,551
11548,Minneapolis,44.9772995,-93.2654692,551
11549,Dawson,,,551
11550,Burnsville,,,551
11551,Edina,,,551
11552,Saint Paul,,,551
11553,Cokato,45.075043,-94.1903675,551
11554,Stillwater,,,551
11555,Bemidji,,,551
11556,Coon Rapids,45.1728923,-93.3023898,551
11557,Austin,43.6679992,-92.9746498,551
11558,Roseau,,,551
11559,Little Falls,45.9763545,-94.3625024,551
11560,Fridley,,,551
11561,Albert Lea,43.6480127,-93.3682656,551
11562,Eveleth,,,551
11563,Osseo,45.1193908,-93.4024558,551
11564,Garrison,,,551
11565,Champlin,,,551
11566,Crookston,,,551
11567,Blaine,,,551
11568,Maplewood,,,551
11569,Eden Prairie,44.8546856,-93.470786,551
11570,Warroad,,,551
11571,Chisholm,47.489926,-92.883528,551
11572,International Falls,,,551
11573,Moorhead,,,551
11574,Faribault,,,551
11575,Golden Valley,,,551
11576,Winona,43.9582272,-91.7807784,551
11577,Anoka,,,551
11578,Williams,,,551
11579,Richfield,,,551
11580,Mahtomedi,,,551
11581,Thief River Falls,,,551
11582,Robbinsdale,,,551
11583,Wadena,,,551
11584,Sandstone,,,551
11585,Pine Island,44.2033956,-92.6461155,551
11586,Detroit Lakes,46.817181,-95.845325,551
11587,Fort Snelling,44.893164,-93.198107,551
11588,Lakeville,,,551
11589,Elk River,,,551
11590,Delano,,,551
11591,Afton,,,551
11592,Appleton,45.196906,-96.019767,551
11593,Mound,,,551
11594,Apple Valley,,,551
11595,Minnetonka,,,551
11596,Long Prairie,,,551
11597,Excelsior,,,551
11598,Northfield,,,551
11599,Hibbing,,,551
11600,Waconia,,,551
11601,Wayzata,,,551
11602,Maple Grove,,,551
11603,Crystal,,,551
11604,New Ulm,,,551
11605,Finlayson,46.2016136,-92.9160349,551
11606,Bowlus,45.8194098,-94.4094468,551
11607,Leaf Valley Township,,,551
11608,Cloquet,,,551
11609,Ramsey,,,551
11610,Fergus Falls,,,551
11611,Montevideo,44.942523,-95.723559,551
11612,Morris,45.586072,-95.913941,551
11613,Red Wing,44.5624676,-92.5338013,551
11614,White Bear Lake,,,551
11615,Brooklyn Park,,,551
11616,Minsk,,,100
11617,Barysaw,,,1102
11618,Zhodzina,,,1102
11619,Dzerawnaya,,,1102
11620,Starobin,,,1102
11621,Maladzyechna,54.3073327,26.8389111,1102
11622,Krupki,,,1102
11623,Myadzel,,,1102
11624,Peresady,,,1102
11625,Khvoyevo,,,1102
11626,Salihorsk,,,1102
11627,Lahojsk,,,1102
11628,Garadzeya,,,1102
11629,Vileyka,,,1102
11630,Pesochnoye,,,1102
11631,Smolevichi,53.9965711,28.0685257,1102
11632,Ostrovka,,,1102
11633,Nemanitsa,,,1102
11634,Chervyen,53.7107271,28.4248141,1102
11635,Ostroshitsy,,,1102
11636,Asechana,54.5719046,29.3316099,1102
11637,Brusy,,,1102
11638,Mhlio,,,1102
11639,Zazhevichy,,,1102
11640,Smalyavichy,54.0299337,28.089752,1102
11641,Dzyarzhynsk,,,1102
11642,Slutsk,,,1102
11643,Dushevo,,,1102
11644,Uzda,,,1102
11645,Khudovo,,,1102
11646,Nowowardowszczyzna,,,1102
11647,Zasovye,,,1102
11648,Maryina Gorka,,,1102
11649,Stouptsy,,,1102
11650,San José de Rio Chico,,,1086
11651,Los Teques,,,1086
11652,Ocumare del Tuy,,,1086
11653,Panaquire,,,1086
11654,Guatire,,,1086
11655,Aloran,8.4164194,123.8210876,1292
11656,Naawan,,,1008
11657,Cagayan de Oro,,,1008
11658,Posadas,,,271
11659,Oberá,-27.4849798,-55.1202965,271
11660,Biloxi,30.4007626,-88.8893818,547
11661,Coldwater,,,547
11662,Corinth,,,547
11663,Hollandale,,,547
11664,Itta Bena,,,547
11665,Woodville,,,547
11666,Weathersby,,,547
11667,Hattiesburg,31.3271189,-89.2903392,547
11668,Tupelo,,,547
11669,Pass Christian,30.3157527,-89.247543,547
11670,Derma,,,547
11671,Senatobia,,,547
11672,West Point,,,547
11673,Pascagoula,,,547
11674,Greenview,,,547
11675,Lucedale,30.9251869,-88.5900235,547
11676,Abbeville,34.5031591,-89.5031368,547
11677,Redwood,,,547
11678,Silver City,33.0965153,-90.4967573,547
11679,Vicksburg,32.3528055,-90.8777342,547
11680,Pontotoc,34.2114655,-89.0382651,547
11681,Natchez,31.5604076,-91.403171,547
11682,Minter City,33.753449,-90.2945314,547
11683,Money,,,547
11684,Gulfport,,,547
11685,Kosciusko,,,547
11686,Richton,,,547
11687,Bay Springs,31.9790425,-89.2872843,547
11688,Greenwood,,,547
11689,Cary,32.8059635,-90.9267694,547
11690,Brookhaven,,,547
11691,Hannibal,,,546
11692,Portageville,,,546
11693,Pacific,,,546
11694,Saint Joseph,,,546
11695,Independence,,,546
11696,Winigan,,,546
11697,Fort Leonard Wood,,,546
11698,Ferguson,38.744707,-90.3038975,546
11699,Wyaconda,40.3897603,-91.9271168,546
11700,Kirkwood,,,546
11701,Moberly,,,546
11702,Booneville,38.4612134,-93.2037048,546
11703,Nevada,37.8381108,-94.3596185,546
11704,Memphis,,,546
11705,Cass Township,,,546
11706,Carthage,,,546
11707,Fulton,,,546
11708,Bismarck,,,546
11709,Webster Groves,38.592339,-90.3564329,546
11710,Jefferson City,,,546
11711,Imperial,,,546
11712,Charleston,36.9233026,-89.3501172,546
11713,Monett,,,546
11714,Sedalia,,,546
11715,Rolla,37.9509324,-91.7708076,546
11716,Palmyra,39.7942213,-91.5232557,546
11717,Crystal City,38.2211656,-90.3790094,546
11718,Franklin County,,,546
11719,Festus,,,546
11720,Boonville,38.9751547,-92.7440277,546
11721,Slater,,,546
11722,Shelbyville,,,546
11723,Peculiar,,,546
11724,Joplin,37.0841838,-94.5133385,546
11725,Mitrovicë (Mitrovica),,,1591
11726,Murata,38.1185346,140.7225272,215
11727,Sendai,,,215
11728,Kurihara,,,215
11729,Siogama,,,215
11730,Shiogama,,,215
11731,Naruko,38.7335859,140.7245421,215
11732,Kesennuma,,,215
11733,Iwanuma,38.1042874,140.8701494,215
11734,Tomiya,,,215
11735,Wakayanagi,,,215
11736,Watari,,,215
11737,Ishinomaki,,,215
11738,Miyazaki,31.9076334,131.4204022,363
11739,Kushima,,,363
11740,Miyakonojo,31.7196106,131.0612029,363
11741,Nango,,,363
11742,Nobeoka,32.5823063,131.6649034,363
11743,Saito,32.1078882,131.4008856,363
11744,Kobayashi,31.9966841,130.9731456,363
11745,Tano,,,363
11746,Hyuga,,,363
11747,Chawngtui,,,779
11748,Modena,,,198
11749,Cavezzo,44.8365,11.0294353,198
11750,Pavullo nel Frignano,,,198
11751,Carpi,44.7835699,10.8854523,198
11752,Finale Emilia,44.834574,11.293905,198
11753,Bastiglia,,,198
11754,Formigine,44.5751432,10.8470277,198
11755,Medolla,44.846673,11.0676,198
11756,San Prospero sulla Secchia,,,198
11757,Mirandola,,,198
11758,Sassuolo,44.5409769,10.7829023,198
11759,Vignola,44.4784141,11.0090928,198
11760,Bomporto,44.72977,11.038401,198
11761,Pievepelago,,,198
11762,Castelfranco Emilia,44.5950245,11.0529006,198
11763,Frassinoro,,,198
11764,Mtsudjé,,,1910
11765,Mojkovac,,,2346
11766,Réduit,,,2317
11767,Saint Pierre,,,2317
11768,Mombasa,,,1381
11769,Monaco,43.7311424,7.4197576,968
11770,Monte Carlo,,,968
11771,Maturín,,,1088
11772,Sebastian,9.3501577,-63.1073142,1088
11773,Clones,54.1792105,-7.2320729,32
11774,Castleblayney,54.1201142,-6.7389328,32
11775,Kassar el-Hal,,,1566
11776,Monastir,,,1566
11777,Ksar Hellal,,,1566
11778,Moknine,,,1566
11779,Lisala,2.1473937,21.5156742,1325
11780,Bonao,,,2529
11781,Man,,,2542
11782,Varshets,,,837
11783,Billings,,,837
11784,Helena,,,837
11785,Great Falls,47.5048851,-111.29189,837
11786,Missoula,,,837
11787,Butte,,,837
11788,Fort Benton,47.8176482,-110.6716371,837
11789,Klisuritsa,43.51704,23.03947,837
11790,Dolni Tsibar,43.81564,23.51381,837
11791,Montana,,,837
11792,Berkovitsa,,,837
11793,Lipen,43.39087,23.38588,837
11794,Polson,,,837
11795,Gorno Tserovene,43.4052,23.11642,837
11796,Whitefish,,,837
11797,Gallatin County,45.4868491,-111.1967693,837
11798,Glasgow,,,837
11799,Miles City,,,837
11800,Dillon,,,837
11801,Big Timber,,,837
11802,Kalispell,,,837
11803,Havre,48.5536972,-109.677802,837
11804,Studeno Buche,43.45876,23.19075,837
11805,Bozeman,,,837
11806,Deerlodge,,,837
11807,Anaconda,46.1294685,-112.953131,837
11808,Hardin,45.7324778,-107.612031,837
11809,Terry,,,837
11810,San Fernando de Monte Cristi,19.848379,-71.6456653,378
11811,Villa Vásquez,,,378
11812,Bayaguana,,,2240
11813,Monte Plata,,,2240
11814,Villa del Cerro,-34.8898165,-56.2526245,542
11815,Seregno,,,715
11816,Vimercate,45.6139627,9.37006,715
11817,Desio,45.6183103,9.2081245,715
11818,Briosco,45.710077,9.240644,715
11819,Lentate sul Seveso,45.6784049,9.1181696,715
11820,Monza,,,715
11821,Cesano Maderno,45.6281892,9.1462397,715
11822,Mezzago,45.628977,9.44485,715
11823,Muggiò,45.5931952,9.2271378,715
11824,Carate Brianza,45.6765494,9.2371619,715
11825,Meda,45.6625046,9.1567532,715
11826,Giussano,,,715
11827,Limbiate,,,715
11828,Besana in Brianza,45.7025382,9.2895415,715
11829,Renate,45.724378,9.279944,715
11830,Ilo,-17.5921885,-71.1382985,991
11831,Čačak,43.8914332,20.3491624,927
11832,Prislonica,,,927
11833,Lučani,43.8602275,20.1365353,927
11834,Ostrava,,,481
11835,Krnov,,,481
11836,Opava,,,481
11837,Nový Jicín,49.594881,18.0102584,481
11838,Kopřivnice,49.598913,18.1452134,481
11839,Vítkov,,,481
11840,Dětmarovice,49.8942584,18.4605013,481
11841,Karviná,,,481
11842,Bořitov,,,481
11843,Petřkovice,49.8726771,18.255215,481
11844,Frýdek-Místek,,,481
11845,Bílovec,,,481
11846,Jílovec,49.7302066,17.953827,481
11847,Čeladná,,,481
11848,Příbor,49.6401091,18.1438062,481
11849,Třinec,,,481
11850,Děhylov,,,481
11851,Třebovice,49.8331865,18.19295,481
11852,Karviná-Fryštát,,,481
11853,Frenštát pod Radhoštěm,,,481
11854,Havířov,,,481
11855,Valšov,49.9333585,17.4381339,481
11856,Český Těšín,49.7464018,18.6260976,481
11857,Rýmařov,,,481
11858,Bruntál,,,481
11859,Horní Suchá,,,481
11860,Horní Soběšovice,,,481
11861,Bohumín,,,481
11862,Vrbno pod Pradědem,50.1209513,17.3831569,481
11863,Krmelín,49.7292599,18.235441,481
11864,Hnojník,49.6822843,18.5412827,481
11865,Kylešovice,49.9163585,17.9126837,481
11866,Zbyslavice,49.8053431,18.075468,481
11867,Le Palais,47.3470611,-3.1548668,1114
11868,Pontivy,,,1114
11869,Lorient,47.7477336,-3.3660907,1114
11870,Vannes,47.6586772,-2.7599079,1114
11871,Port-Louis,47.7107,-3.34807,1114
11872,Hennebont,,,1114
11873,Auray,,,1114
11874,Ploemeur,,,1114
11875,Cuernavaca,18.9218274,-99.2342282,1526
11876,Temixco,18.8449428,-99.2236369,1526
11877,Zacatepec de Hidalgo,18.6579926,-99.1899218,1526
11878,Cuautla,18.8290118,-98.9432244,1526
11879,Jojutla,,,1526
11880,Lae,,,997
11881,Audun-le-Tiche,49.4728242,5.9572377,52
11882,Ottange,49.4425009,6.0183193,52
11883,Saint-Avold,49.1043397,6.7071754,52
11884,Mazières-lès-Metz,,,52
11885,Moyeuvre-Grande,49.2514437,6.0453982,52
11886,Florange,49.3278069,6.122827,52
11887,Thionville,,,52
11888,Longeville-lès-Metz,,,52
11889,Amnéville,,,52
11890,Hayange,,,52
11891,Racrange,48.9233519,6.6742542,52
11892,Forbach,,,52
11893,Sarreguemines,,,52
11894,Sarrebourg,,,52
11895,Grostenquin,,,52
11896,Grindorff-Bizing,49.3836252,6.5193468,52
11897,Boulay-Moselle,,,52
11898,Petit-Réderching,49.0557175,7.3043723,52
11899,Bitche,49.0508729,7.4254577,52
11900,Teterchen,49.2311995,6.5609398,52
11901,Woippy,,,52
11902,Juvelize,48.7623577,6.6483235,52
11903,Lorquin,48.6697525,6.9984795,52
11904,Créhange,49.0609761,6.5796867,52
11905,Moskva (Moscow),55.7505412,37.6174782,50
11906,Taldom,56.730941,37.528016,50
11907,Serpukhov,,,50
11908,Dvornikovo,55.5050282,38.6266098,50
11909,Brykovo,56.258242,35.910687,50
11910,Proletarsky,,,50
11911,Orudyevo,,,50
11912,Shchelkovo,,,50
11913,Novopodrezkovo,,,50
11914,Elektrogorsk,,,50
11915,Chekhov,,,50
11916,Shcherbinka,55.5069136,37.5673544,50
11917,Pyatnitsa,,,50
11918,Kashira,,,50
11919,Zhukovsky,,,50
11920,Dubna,,,50
11921,Lyubertsy,,,50
11922,Mozhaysk,,,50
11923,Klimovsk,55.354643800000005,37.49750940110229,50
11924,Ramenskoye,,,50
11925,Nikulino,,,50
11926,Krasnoarmeysk,,,50
11927,Solnechnogorsk,,,50
11928,Nikitkino,,,50
11929,Losinopetrovsk,,,50
11930,Pavlovsky Posad,,,50
11931,Kratovo,,,50
11932,Filino,55.924443,37.367869,50
11933,Zelenograd,,,50
11934,Rumyantsevo,,,50
11935,Putilkovo,55.8625,37.390278,50
11936,Patrikeyevo,,,50
11937,Zheleznodorozhny,,,50
11938,Setun,55.6241785,36.7028004,50
11939,Spas,56.4743017,36.5784668,50
11940,Zamoskvorechye,55.7357158,37.6345719,50
11941,Novaya Dmitrovka,,,50
11942,Perovo,55.7511973,37.7864823,50
11943,Fryazino,,,50
11944,Tolmachevo,55.36123,38.2217123,50
11945,Mamontovka,,,50
11946,Klyazma,55.9785782,37.8190275,50
11947,Dedenevo,,,50
11948,Fyodorovskoye,56.1396344,38.0524398,445
11949,Voskresensk,,,445
11950,Krasnogorsk,,,445
11951,Istra,,,445
11952,Balashikha,,,445
11953,Khimki,,,445
11954,Dolgoprudny,,,445
11955,Elektrostal,,,445
11956,Podolsk,,,445
11957,Klin,56.3355601,36.7351318,445
11958,Stupino,54.886598,38.0772589,445
11959,Drezna,55.7448093,38.8491341,445
11960,Kolomna,,,445
11961,Troitse-Lobanovo,,,445
11962,Malakhovka,,,445
11963,Odintsovo,55.678223,37.2668096,445
11964,Ruza,,,445
11965,Orekhovo-Zuyevo,,,445
11966,Mikhnevo,,,445
11967,Shipilovo,,,445
11968,Korolyov,,,445
11969,Krasnozavodsk,56.440507,38.244339,445
11970,Reutov,55.7622453,37.856555,445
11971,Dmitrov,,,445
11972,Kostino,56.292672,37.781703,445
11973,Ozyory,,,445
11974,Pushchino,,,445
11975,Pushkino,,,445
11976,Sekirino,55.2504093,36.3312724,445
11977,Mytishchi,,,445
11978,Zhavoronki,,,445
11979,Noginsk,,,445
11980,Yegoryevsk,,,445
11981,Ilyinskoye,55.733715,37.2411935,445
11982,Kostyukovo,,,445
11983,Shchyolkovo,,,445
11984,Novosinkovo,,,445
11985,Gorki-10,,,445
11986,Ivanteyevka,55.9714098,37.9200739,445
11987,Mosta,35.9079178,14.4241508,1724
11988,Mazagran,35.8964789,0.0729531,850
11989,Mostaganem,35.928808,0.089978,850
11990,Balé,9.7579667,19.4146167,1931
11991,Sarh,,,1931
11992,Lambaréné,-0.6942603,10.2236482,625
11993,Mozirje,,,2455
11994,Bethal,,,1022
11995,Delmas,,,1022
11996,Lydenburg,,,1022
11997,Barberton,,,1022
11998,Witbank,,,1022
11999,Nelspruit,,,1022
12000,Wakkerstroom,,,1022
12001,Standerton,,,1022
12002,Stepantsminda,,,1856
12003,Akhalgori,41.9028688,44.5805945,1856
12004,Dusheti,,,1856
12005,Naoza,41.9818207,44.741018,1856
12006,Mulanje,,,2287
12007,Muramvya,,,2328
12008,Mula,,,571
12009,Cieza,,,571
12010,Yecla,,,571
12011,Murcia,37.9923795,-1.1305431,571
12012,Las Lumbreras,,,571
12013,Molina de Segura,,,571
12014,Cartagena,37.6152488,-0.9876857,571
12015,Alhama de Murcia,,,571
12016,Jumilla,38.471447,-1.3139077,571
12017,Lorca,,,571
12018,Bullas,38.0506261,-1.6661618,571
12019,Târgu Mureș,,,38
12020,Târnăveni,,,38
12021,Mitrești,46.5844932,24.8014685,38
12022,Sighișoara,46.2202037,24.7934483,38
12023,Reghin,46.7796886,24.7000238,38
12024,Nemșa,,,38
12025,Luduș,,,38
12026,Gălățeni,46.4731969,24.7078543,38
12027,Sovata,46.5971683,25.07328,38
12028,Band,46.5793494,24.3739356,38
12029,Sîngeorzu,,,38
12030,Șaeș,46.1559115,24.7691364,38
12031,Miercurea Nirajului,46.5343008,24.7998377,38
12032,Hodac,46.7744773,24.9223237,38
12033,Sângiorgiu de Pădure,,,38
12034,Apatity,,,2068
12035,Murmansk,,,2068
12036,Monchegorsk,,,2068
12037,Severomorsk,,,2068
12038,Kirovsk,,,2068
12039,Polyarnye Zori,,,2068
12040,Murska Sobota,,,1821
12041,Fethiye,,,2242
12042,Muğla,,,2242
12043,Muş,,,2176
12044,Mwanza,-2.5196915,32.9014417,1384
12045,Mwaro,,,2470
12046,Mykolaïv,,,1064
12047,Novyi Buh,,,1064
12048,Varvarivka,46.99205,31.941372,1064
12049,Dmytro-Bilivka,47.9347712,32.7916172,1064
12050,Voznesensk,47.5679582,31.3338636,1064
12051,Yuzhnoukrainsk,,,1064
12052,Pisky,47.3493812,32.2551395,1064
12053,Málaga,,,487
12054,Nerja,,,487
12055,Marbella,,,487
12056,Peñarrubia,36.9645711,-4.8445757,487
12057,Estepona,36.4268068,-5.1468484,487
12058,Vélez,36.7818354,-4.0988099,487
12059,Fuengirola,36.5388398,-4.6233974,487
12060,Mijas,,,487
12061,Benalmádena,,,487
12062,Médéa,,,2345
12063,El Vigía,,,1344
12064,Santa Cruz de Mora,,,1344
12065,Los Nevados,8.6175448,-71.1350784,1344
12066,Metepec,,,1188
12067,Valle de Bravo,,,1188
12068,Santiago Chimalpa,,,1188
12069,Toluca,,,1188
12070,Naucalpan,,,1188
12071,Santa Maria Rayon,,,1188
12072,Chimalhuacán,,,1188
12073,Ecatepec de Morelos,,,1188
12074,Cuautitlán Izcalli,,,1188
12075,Tlalnepantla de Baz,,,1188
12076,Ciudad Neza,,,1188
12077,San Mateo Atenco,,,1188
12078,Ixtapan del Oro,,,1188
12079,Toluca de Lerdo,,,1188
12080,Texcoco,19.47559065,-98.85539643391266,1188
12081,El Oro,19.7959711,-100.06630200055356,1188
12082,Celayita,20.7839644,-101.4875382,1188
12083,San Juan de las Manzanas,,,1188
12084,Ålesund,62.4711412,6.1551755,797
12085,Kristiansund,,,797
12086,Molde,,,797
12087,Rindal,,,797
12088,Nesset,,,797
12089,Vestnes,,,797
12090,Sunndal,,,797
12091,Hareid,,,797
12092,Hornindal,,,797
12093,Aukra,,,797
12094,Aubing,48.1584371,11.4140662,1823
12095,Mālpils,,,2184
12096,Mecheria,,,2217
12097,Nabatieh,33.3812029,35.4825346,1426
12098,Marjeyoun,33.3640698,35.58714243018234,1426
12099,Grombalia,,,2145
12100,Hammam Ghezèze,,,2145
12101,Nabeul,,,2145
12102,Béni Khiar,,,2145
12103,Menzel Temime,,,2145
12104,Asira ash-Shamaliya,,,2390
12105,Yako,,,1924
12106,Nausori,,,1924
12107,Sigatoka,,,1924
12108,Namatakula,,,1924
12109,Semo,,,1924
12110,Nalembalemba,,,1924
12111,Naqalimare,,,1924
12112,Changki,26.4218436,94.388936,1497
12113,Phek,,,1497
12114,Usuda,,,826
12115,Sanada,,,826
12116,Shimosuwa,,,826
12117,Hakuba,,,826
12118,Koshoku,,,826
12119,Nagano,36.6485851,138.1947664,826
12120,Miyada,,,826
12121,Matsumoto,,,826
12122,Iiyama,,,826
12123,Koumi,,,826
12124,Suwa,,,826
12125,Okaya,36.07853,138.049549,826
12126,Karuizawa,,,826
12127,Kiso Fukushima,,,826
12128,Nozawaonsen,,,826
12129,Ina,35.830452,137.954916,826
12130,Suzaka,36.6510923,138.3071289,826
12131,Shinano,,,826
12132,Kawakami,,,826
12133,Azusagawa,36.2569585,137.9349713,826
12134,Shiojiri,,,826
12135,Otari,,,826
12136,Miyota,,,826
12137,Kijimadaira,,,826
12138,Fujimi,,,826
12139,Ogawa,,,826
12140,Omachi,,,826
12141,Ueda,,,826
12142,Iida,,,826
12143,Yamanouchi,,,826
12144,Hara,,,826
12145,Otaki,,,826
12146,Takatō,,,826
12147,Minamisaku District,,,826
12148,Isahaya,,,1353
12149,Nagasaki,,,1353
12150,Kunimi,,,1353
12151,Unzen,,,1353
12152,Sasebo,33.1799965,129.7152872,1353
12153,Tsushima,34.3952765,129.31544896587815,1353
12154,Omura,,,1353
12155,Atbarah,,,2427
12156,Nairobi,-1.2832533,36.8172449,743
12157,Naqelewai,,,2481
12158,Nasinu,,,2481
12159,Najran,,,2367
12160,Nakhon Pathom,13.8341476,100.0502775,532
12161,Nakhon Ratchasima,,,2202
12162,Nakhon Sawan,,,2508
12163,Naklo,,,2183
12164,Molo,,,744
12165,Nakuru,,,744
12166,Keringet,,,744
12167,Namangan,,,1810
12168,Namibe,,,2267
12169,Nakavika,,,2533
12170,Namur,,,1000
12171,Anseremme,50.23791,4.907923,1000
12172,Jambes,50.4589561,4.8723252,1000
12173,Dinant,,,1000
12174,Jemeppe-sur-Sambre,50.4656388,4.6686837,1000
12175,Fosses-la-Ville,50.3959512,4.6978935,1000
12176,Waillet,,,1000
12177,Mariembourg,50.0941307,4.5233186,1000
12178,Falmignoul,50.2037856,4.8924373,1000
12179,Gembloux,50.5597273,4.6943126,1000
12180,Havelange,50.3870946,5.23958,1000
12181,Tamines,50.4311411,4.6132813,1000
12182,Kapnyeberai,,,1963
12183,Tebeson,,,1963
12184,Kilibwoni,,,1963
12185,Lemokwo,,,1963
12186,Kapsabet,,,1963
12187,Chepkunyuk,,,1963
12188,Cheptonon,,,1963
12189,Kabirisang,,,1963
12190,Kakiptui,,,1963
12191,Arwos,,,1963
12192,Lessos,,,1963
12193,Kipsamo,,,1963
12194,Kapsisiywa,,,1963
12195,Kemeloi,,,1963
12196,Mosoriot,,,1963
12197,Saniak,,,1963
12198,Kabiemit,,,1963
12199,Kosirai,,,1963
12200,Kaptel,,,1963
12201,Baeza,,,2331
12202,Torre del Greco,,,195
12203,Napoli,,,195
12204,Acerra,,,195
12205,Marigliano,40.9249138,14.4568673,195
12206,Pompei,40.7491267,14.5006415,195
12207,Vico Equense,40.6622961,14.4263825,195
12208,Soccavo,,,195
12209,Castellammare di Stabia,40.6943046,14.4804813,195
12210,Sorrento,40.624906,14.374836,195
12211,Torre Annunziata,40.7525236,14.4550044,195
12212,Marano di Napoli,40.89761,14.190528,195
12213,Massa di Somma,,,195
12214,Portici,40.8189733,14.3387454,195
12215,Bacoli,40.7966129,14.0777834,195
12216,Ottaviano,40.8498175,14.4901274,195
12217,San Giorgio a Cremano,,,195
12218,Gragnano,,,195
12219,Piano di Sorrento,,,195
12220,Somma Vesuviana,40.8716147,14.4361417,195
12221,Cercola,,,195
12222,Frattamaggiore,40.9414265,14.2722092,195
12223,Pollena Trocchia,,,195
12224,Ischia,40.734205,13.947125,195
12225,Nara,34.6845445,135.8048359,212
12226,Koryo,34.5425776,135.7504402,212
12227,Katsuragi,,,212
12228,Kashiba,,,212
12229,Tenri,,,212
12230,Kuryu,,,212
12231,Kashihara,,,212
12232,Chitwan District,,,2316
12233,Gitanagar,,,2316
12234,Pasto,,,1461
12235,Tumaco,1.8061434,-78.7635572,1461
12236,Narok,,,1971
12237,Emarti,,,1971
12238,Kilgoris,,,1971
12239,Naryn,,,2489
12240,Orto-Nura,,,2489
12241,Port Moresby,,,1362
12242,Delhi,28.6138954,77.2090057,693
12243,Bawana,28.79966,77.0328847,693
12244,Baprola,,,693
12245,New Delhi,28.6138954,77.2090057,693
12246,Munirka ,28.5568967,77.1750592,693
12247,Ayegui,,,346
12248,Pamplona,,,346
12249,Tudela,,,346
12250,Larráinzar,,,346
12251,Olazagutia,42.8756978,-2.1964564,346
12252,Burlada,,,346
12253,Salinas de Ibargoiti,,,346
12254,Garínoain,,,346
12255,Alsasua,,,346
12256,Figarol,,,346
12257,Estella,,,346
12258,Ochagavía,42.9064357,-1.0902447,346
12259,Villava,42.8318984,-1.6071287,346
12260,Navoiy,,,2234
12261,Uchkuduk,,,2234
12262,Navoiy district,,,2234
12263,Naxçıvan,,,2030
12264,San Blas,21.542936,-105.284895,1195
12265,Tepic,21.5119156,-104.8915889,1195
12266,Santiago Ixcuintla,,,1195
12267,Mărgineni,,,1224
12268,Piatra Neamț,46.9319894,26.3695046,1224
12269,Văleni-Botești,,,1224
12270,Petricani,47.1695641,26.4510401,1224
12271,Târgu Neamț,,,1224
12272,Dulceşti,,,1224
12273,Cuci-Bozieni,46.8281912,27.1978947,1224
12274,Roman,,,1224
12275,Buciulești,,,1224
12276,Cârlig,46.9917627,26.7530725,1224
12277,Pângărați,46.9397279,26.168382,1224
12278,Dochia,46.9079664,26.5666177,1224
12279,Bicaz,,,1224
12280,Sabaoni,,,1224
12281,Podoleni,46.7973444,26.61946,1224
12282,Nisiporeşti,,,1224
12283,Secuienu,,,1224
12284,Syracuse,40.657224,-96.186398,902
12285,Omaha,41.2587459,-95.9383758,902
12286,Crete,,,902
12287,Curtis,40.6300804,-100.5156046,902
12288,Fort Robinson,42.6688318,-103.46890247487931,902
12289,Holstein,,,902
12290,Alliance,,,902
12291,Schuyler,,,902
12292,Republican City,,,902
12293,Papillion,,,902
12294,Hickman,,,902
12295,Holdrege,40.4379956,-99.3698995,902
12296,Norfolk,42.0283379,-97.4169964,902
12297,Neligh,42.1286396,-98.0299608,902
12298,Dunbar,,,902
12299,Swanton,40.378614,-97.079756,902
12300,Loup City,,,902
12301,Grand Island,,,902
12302,Beatrice,40.266429,-96.747369,902
12303,Shelby,,,902
12304,Bellwood,41.3427903,-97.2383727,902
12305,Falls City,,,902
12306,Blair,41.5444379,-96.1250151,902
12307,Port Dickson,,,1387
12308,Seremban,2.7188588,101.9405032,1387
12309,Bago City,,,1006
12310,Bacolod,10.70920815,122.98265710185316,1006
12311,Dumaguete,,,905
12312,Davin del Sur,,,905
12313,Ulanqab,,,1672
12314,Morin Dawa Daur,,,1672
12315,Tongliao,,,1672
12316,Ordos,,,1672
12317,Hulunbuir,,,1672
12318,Wuhai,39.4857837,106.900469,1672
12319,Yakeshi,,,1672
12320,Hailar,,,1672
12321,Xilinhaote,,,1672
12322,Chifeng,,,1672
12323,Bayannur,,,1672
12324,Ongniud,42.9978824,119.3004735,1672
12325,Hohhot,,,1672
12326,Hure Banner,,,1672
12327,Baotou,,,1672
12328,Xilin Gol League,,,1672
12329,Takaka,,,802
12330,Naryan-Mar,,,2066
12331,La Chaux-de-Fonds,,,1037
12332,Neuchâtel,,,1037
12333,La Chaux-du-Milieu,,,1037
12334,Le Locle,,,1037
12335,Dombresson,,,1037
12336,Le Pâquier,,,1037
12337,Les Ponts-de-Martel,46.9990848,6.7317108,1037
12338,Les Verrières,,,1037
12339,San Martín de los Andes,,,1100
12340,Caviahue-Copahue,,,1100
12341,Neuquén,,,1100
12342,Villa La Angostura,,,1100
12343,Las Vegas,,,543
12344,Reno,,,543
12345,Sparks,,,543
12346,Gold Hill,38.0633364,-117.2260975,543
12347,Virginia City,39.3108133,-119.649517,543
12348,Lovelock,40.1801273,-118.4747268,543
12349,Edmundston,47.3637203,-68.3288825,844
12350,Saint John,45.2787992,-66.0585188,844
12351,Moncton,46.0985679,-64.8004265,844
12352,Fredericton,,,844
12353,Campbellton,,,844
12354,Sussex,45.72229725,-65.50594499304478,844
12355,Sainte-Anne-de-Kent,,,844
12356,Bathurst,,,844
12357,Blackville,,,844
12358,Saint Stephen,45.1926679,-67.2760077,844
12359,Plaster Rock,46.9088818,-67.3954925,844
12360,Riverside-Albert,45.7481134,-64.7419269,844
12361,Lifou,-20.9328607,167.16578476651785,1483
12362,Nouméa,-22.2745264,166.442419,1483
12363,Koumac,-20.5613596,164.2811715,1483
12364,Îles Bélep,,,1483
12365,North Conway,,,923
12366,Nashua,,,923
12367,Keene,,,923
12368,Lebanon,,,923
12369,Laconia,,,923
12370,Kearsarge,,,923
12371,Seabrook,,,923
12372,Pelham,,,923
12373,Derry,,,923
12374,Metakavil,,,1999
12375,Namatanai,,,1999
12376,Flemington,,,329
12377,New Brunswick,,,329
12378,Long Branch,,,329
12379,North Plainfield,40.6301025,-74.4273743,329
12380,Morristown,,,329
12381,Teaneck,,,329
12382,Jersey City,,,329
12383,Voorhees Township,,,329
12384,Union City,40.7795455,-74.0237512,329
12385,Glen Ridge,,,329
12386,Hackettstown,40.8538944,-74.8291638,329
12387,Summit,40.7182356,-74.3592296,329
12388,Red Bank,,,329
12389,Somers Point,,,329
12390,Hackensack,40.8871438,-74.0410865,329
12391,Westfield,40.6589912,-74.3473717,329
12392,Haledon,40.935654,-74.186256,329
12393,Point Pleasant,,,329
12394,Toms River,,,329
12395,Paterson,,,329
12396,Lawnside,,,329
12397,Moorestown,,,329
12398,Atlantic City,39.3642852,-74.4229351,329
12399,Dover Township,,,329
12400,Wharton,40.8931546,-74.5818254,329
12401,Englewood,,,329
12402,Woodside,40.22073035,-74.60459359370171,329
12403,Elizabeth,40.6639916,-74.2107006,329
12404,Mount Holly,39.9928898,-74.7876624,329
12405,Washington Township,,,329
12406,Ridgefield Park,40.8570442,-74.0215285,329
12407,Marlton,,,329
12408,Kearny,40.7684342,-74.1454214,329
12409,Willingboro,,,329
12410,Waldwick,,,329
12411,Upper Pittsgrove,39.61153705,-75.19839172524831,329
12412,Nutley,,,329
12413,Passaic,41.0461864,-74.3177933,329
12414,East Orange,40.767323,-74.2048677,329
12415,Piscataway Township,,,329
12416,Washington Crossing,40.2967741,-74.8668312,329
12417,Bridgeton,,,329
12418,Fair Haven,,,329
12419,Perth Amboy,40.5200187,-74.2745215,329
12420,Vineland,,,329
12421,West Orange,40.7987113,-74.2390353,329
12422,Irvington,40.7323235,-74.2348684,329
12423,Cranford,40.6584358,-74.2995923,329
12424,Almonesson Lake,,,329
12425,Penns Grove,,,329
12426,Harrison,40.7464901,-74.1562551,329
12427,Allendale,,,329
12428,Brick,40.0707244,-74.1280562,329
12429,Bound Brook,40.5684363,-74.5384889,329
12430,East Newark,40.7501076,-74.1611525,329
12431,Pompton Plains,,,329
12432,Fairlawn,40.9466611,-74.13724290149256,329
12433,Phillipsburg,40.6915611,-75.1952543,329
12434,Eatontown,40.2962222,-74.0509725,329
12435,Cherry Hill,,,329
12436,Bayonne,40.6687141,-74.1143091,329
12437,Glen Rock,,,329
12438,Hosensack,,,329
12439,Doylestown,,,329
12440,Mays Landing,,,329
12441,West Hoboken,40.74589935,-74.03871182551657,329
12442,Harrington Park,40.9837089,-73.9798601,329
12443,Brick Church,40.7654209,-74.2189954,329
12444,Paramus,,,329
12445,Short Hills,,,329
12446,Edison,,,329
12447,Ridgewood,,,329
12448,Delran Township,,,329
12449,Rahway,40.6081591,-74.2776468,329
12450,Stanhope,,,329
12451,West Long Branch,,,329
12452,Scotch Plains,,,329
12453,Hasbrouck Heights,,,329
12454,Pequannock Township,,,329
12455,Saddle Brook,,,329
12456,Burlington,,,329
12457,Rutherford,,,329
12458,Fair Lawn,,,329
12459,North Bergen,40.8042674,-74.012084,329
12460,Freehold,,,329
12461,West New York,40.7856117,-74.0093129,329
12462,Singac,40.8879004,-74.2415541,329
12463,Bergenfield,,,329
12464,Albuquerque,35.0841034,-106.650985,636
12465,Raton,36.8979234,-104.4354816,636
12466,La Luz,,,636
12467,Roswell,,,636
12468,Corrales,35.2382346,-106.6069727,636
12469,Hobbs,,,636
12470,Hurley,32.6992773,-108.131981,636
12471,Los Alamos,,,636
12472,White Sands,32.381369,-106.4789925,636
12473,Las Cruces,32.3140354,-106.779807,636
12474,Zuni Pueblo,,,636
12475,Ruidoso,,,636
12476,Gallup,35.5283506,-108.743907,636
12477,Nassau,25.0782266,-77.3383438,165
12478,Sydney,,,89
12479,Taree,,,89
12480,Mullumbimby,,,89
12481,Maitland,,,89
12482,Manly,,,89
12483,Queanbeyan,,,89
12484,Caringbah,,,89
12485,Shellharbour,,,89
12486,Parkes,,,89
12487,Cowra,,,89
12488,Wollongong,,,89
12489,Baulkham Hills,,,89
12490,Cooma,,,89
12491,Balgowlah Heights,,,89
12492,Campsie,,,89
12493,Quirindi,,,89
12494,Young,,,89
12495,Mudgee,,,89
12496,Crows Nest,,,89
12497,Wagga Wagga,,,89
12498,Tumut,,,89
12499,Lake Macquarie,,,89
12500,Gosford,,,89
12501,Bega,,,89
12502,Narromine,,,89
12503,Thredbo,,,89
12504,Lithgow,,,89
12505,Coffs Harbour,,,89
12506,Moruya,,,89
12507,Braidwood,,,89
12508,Lismore,,,89
12509,Corowa,,,89
12510,Darlinghurst,,,89
12511,North Gosford,,,89
12512,Albury,,,89
12513,Kogarah,,,89
12514,Bowral,,,89
12515,Kempsey,,,89
12516,Wahroonga,,,89
12517,Moree,,,89
12518,Hurstville,,,89
12519,Blacktown,,,89
12520,Murwillumbah,,,89
12521,Mona Vale,,,89
12522,Goulburn,,,89
12523,Bankstown,,,89
12524,Byron Bay,,,89
12525,Muswellbrook,,,89
12526,Deniliquin,,,89
12527,Crookwell,,,89
12528,Campbelltown,,,89
12529,Mount Warrigal,,,89
12530,Cessnock,,,89
12531,Nowra,,,89
12532,Parramatta,,,89
12533,Adamstown,,,89
12534,Narrandera,,,89
12535,North Sydney,,,89
12536,Maroubra,,,89
12537,Central Coast,,,89
12538,Cabarita Beach,,,89
12539,Camperdown,,,89
12540,Randwick,,,89
12541,Temora,,,89
12542,Waratah,,,89
12543,Batemans Bay,,,89
12544,Terrigal,,,89
12545,Kiama,,,89
12546,Singleton,,,89
12547,Dubbo,,,89
12548,Gunnedah,,,89
12549,Cronulla,,,89
12550,Broken Hill,,,89
12551,Prairiewood,,,89
12552,Sutherland,,,89
12553,Timmsvale,,,89
12554,Bulli,,,89
12555,Batlow,,,89
12556,Armidale,,,89
12557,Merimbula,,,89
12558,Tweed Heads,,,89
12559,Port Macquarie,,,89
12560,Greenacre,,,89
12561,Barham,,,89
12562,Kenthurst,,,89
12563,Jindabyne,,,89
12564,Milperra,,,89
12565,Macksville,,,89
12566,Bourke,,,89
12567,Dulwich Hill,,,89
12568,Surry Hills,-33.8845123,151.2100301,89
12569,Brighton-Le-Sands,-33.9580947,151.1526052,89
12570,Willoughby,-33.80159955,151.1836478125075,89
12571,Newtown,-33.8961132,151.1801893,89
12572,Wauchope,-31.4557879,152.734664,89
12573,Millers Point,-33.8591,151.2042529,89
12574,Bondi,-33.8930556,151.2633333,89
12575,Wentworthville,-33.8066667,150.9677778,89
12576,Cargo,-33.4231882,148.8055439,89
12577,Hay,-34.5092589,144.842485,89
12578,Leeton,-34.52975335,146.29325801998567,89
12579,Tallimba,-33.9949848,146.8828725,89
12580,Balmain,-33.8583992,151.1807353,89
12581,Cootamundra,-34.6394513,148.025723,89
12582,Glebe,-33.8777782,151.1862377,89
12583,Werris Creek,-31.3470231,150.6487609,89
12584,Woolloomooloo,-33.8718758,151.2192218,89
12585,Forbes,-33.378772049999995,147.95343881310146,89
12586,Leichhardt,-33.8819328,151.155867,89
12587,Sunny Corner,-33.5355407,151.1571641,89
12588,Petersham,,,89
12589,Carrington,-32.6661111,152.0147222,89
12590,Burwood,-33.8858088,151.10248047317933,89
12591,Lindfield,-33.775698,151.1688652,89
12592,Narrabri,-30.3296154,149.7814491,89
12593,Kyogle,-28.64629175,152.7444244147487,89
12594,Ballina,-28.86574,153.5659468,89
12595,Bexley,-33.9523543,151.1181427,89
12596,Rylstone,-32.7983597,149.9718593,89
12597,Casino,-28.8631616,153.048155,89
12598,Erskineville,-33.9021718,151.1859881,89
12599,Mosman,-33.8301355,151.2447663,89
12600,Cabramatta,-33.8983188,150.9344502,89
12601,Paxton,-32.9031544,151.2844081,89
12602,Marrickville,-33.9104,151.1560775,89
12603,Inverell,-29.43679805,151.17706931836153,89
12604,Eastwood,,,89
12605,Port Kembla,-34.46346,150.90148269117583,89
12606,Culcairn,-35.6674081,147.0365471,89
12607,Dungog,-32.347200900000004,151.62624385440475,89
12608,Nyngan,-31.56287,147.1965904,89
12609,Frenchs Forest,,,89
12610,Walcha,-31.1975806,151.7491266235635,89
12611,Lisarow,-33.3816667,151.3761111,89
12612,Warilla,-34.552341,150.8594438,89
12613,Scone,-32.0468773,150.866996,89
12614,Emmaville,-29.4483333,151.6011111,89
12615,Burrawang,-34.5934823,150.517518,89
12616,Tuena,-34.0174647,149.3291196,89
12617,Lambton,-32.9133333,151.7055556,89
12618,Lakemba,-33.9196311,151.0749236,89
12619,Wee Waa,-30.2242076,149.4401917,89
12620,Double Bay,-33.8766373,151.24245,89
12621,Penshurst,-33.9648292,151.0849525,89
12622,Woollahra,-33.86183355,151.27333181758672,89
12623,Thirroul,-34.3164691,150.918932,89
12624,Beecroft,-33.7497631,151.0657475,89
12625,Katoomba,-33.713759,150.3121633,89
12626,Mereweather,-31.9908386,152.0459425,89
12627,Killingworth,-32.9336025,151.5590286,89
12628,Eden,-37.0640494,149.9035118,89
12629,Lawson,-33.7196881,150.4295575,89
12630,Redfern,-33.8931044,151.2040292,89
12631,Maclean,-29.4566667,153.2011111,89
12632,Ashfield,-33.8894781,151.1274125,89
12633,Bellingen,-30.37399135,152.71920995667793,89
12634,Darling Point,-33.8730723,151.2376378,89
12635,Punchbowl,-33.928717,151.0522591,89
12636,Merrylands,-33.8350765,150.9860379,89
12637,Bowraville,-30.6464838,152.8528424,89
12638,Adelong,-35.3074897,148.0631466,89
12639,Riverstone,-33.6797545,150.8616695,89
12640,Trangie,-32.0322129,147.9797313,89
12641,South Lismore,-28.8152,153.2512,89
12642,Brocklesby,-35.8234151,146.6820708,89
12643,Boggabri,-30.704536,150.0443533,89
12644,Hurlstone Park,-33.91,151.1286111,89
12645,Lake Cargelligo,-33.2981001,146.3734587,89
12646,Blayney,-33.61663685,149.16405649877066,89
12647,Tambaroora,-32.9983333,149.4177778,89
12648,New Taipei City,,,2318
12649,Yingge,,,2318
12650,Shulin,,,2318
12651,Yonkers,40.9312099,-73.8987469,464
12652,New York,,,464
12653,Buffalo,,,464
12654,Schenectady,42.8142432,-73.9395687,464
12655,Au Sable Forks,,,464
12656,Mount Vernon,,,464
12657,White Plains,41.0339862,-73.7629097,464
12658,Hicksville,,,464
12659,Rockville Centre,,,464
12660,Ithaca,,,464
12661,Lake Placid,,,464
12662,Long Island,40.85149705,-73.0994258107431,464
12663,Greenwich Village,,,464
12664,Bronxville,40.9381544,-73.8320784,464
12665,Gloversville,43.0508945,-74.3452991,464
12666,Bronx,40.8466508,-73.8785937,464
12667,Smithtown,,,464
12668,Port Jefferson,,,464
12669,Staten Island,40.5834557,-74.1496048,464
12670,Hoosick Falls,42.9011892,-73.3515001,464
12671,Cattaraugus Reservation,42.5272365,-79.01255957362025,464
12672,Huntington,,,464
12673,Pittsford,,,464
12674,Tarrytown,41.0762077,-73.8587461,464
12675,Ballston Springs,,,464
12676,Saranac Lake,,,464
12677,Suffern,41.1151372,-74.1493948,464
12678,Glen Cove,40.8641845,-73.6319174,464
12679,Glens Falls,,,464
12680,Islip,,,464
12681,Flushing,40.7654301,-73.8174291,464
12682,Allegany,42.2446061,-78.0419281,464
12683,Harlem,,,464
12684,College Point,,,464
12685,Bay Shore,40.7250986,-73.2453946,464
12686,Endicott,42.098408,-76.0493684,464
12687,Loudonville,,,464
12688,Schuylerville,,,464
12689,Manhasset,,,464
12690,Cooperstown,,,464
12691,Tracy Creek,,,464
12692,Port Jervis,,,464
12693,Plattsburgh,,,464
12694,Oneota,,,464
12695,Oswego,,,464
12696,Lyon Mountain,,,464
12697,Keene Valley,,,464
12698,Utica,,,464
12699,Saratoga Springs,,,464
12700,New Hartford,,,464
12701,Mineola,,,464
12702,Queensbury,,,464
12703,Great Neck,,,464
12704,Saratoga,,,464
12705,Mount Kisco,41.2042616,-73.7270761,464
12706,New Rochelle,,,464
12707,Paul Smiths,,,464
12708,Ogdensburg,,,464
12709,Lackawanna,42.8257735,-78.823648,464
12710,Hudson Falls,,,464
12711,Fredonia,,,464
12712,Olean,,,464
12713,Cheektowaga,42.9033917,-78.7547536,464
12714,North Tonawanda,43.0407742,-78.8660527,464
12715,Washington Mills,,,464
12716,Lyons Falls,43.6188167,-75.3633667,464
12717,Niagara Falls,43.1097646,-79.0548683,464
12718,Chateaugay,44.926648,-74.079781,464
12719,Greenport,41.1034234,-72.3592777,464
12720,Hempstead,,,464
12721,Loch Sheldrake,,,464
12722,Gilboa,42.3973028,-74.4459805,464
12723,Scotia,42.8264652,-73.9642915,464
12724,Hudson,42.2528649,-73.790959,464
12725,Watervliet,42.7300784,-73.7012299,464
12726,Mamaroneck,40.9539564,-73.7363419,464
12727,New Hyde Park,,,464
12728,Nyack,,,464
12729,Alfred,,,464
12730,Cochecton,41.7059217,-75.0604458,464
12731,Greenpoint,40.7237134,-73.9509714,464
12732,Batavia,,,464
12733,Poughkeepsie,41.7065539,-73.9283672,464
12734,West Islip,40.7058564,-73.3077301,464
12735,Rye Brook,41.0192641,-73.6834621,464
12736,Springville,42.508692,-78.6667243,464
12737,Rye,40.9808209,-73.684294,464
12738,Riverhead,,,464
12739,Malone,,,464
12740,Huntington Station,,,464
12741,Syosset,40.8262101,-73.502068,464
12742,Harkness,,,464
12743,West Chazy,,,464
12744,Massena,,,464
12745,Rhinebeck,,,464
12746,Watertown,,,464
12747,Medina,,,464
12748,Cornwall-on-Hudson,,,464
12749,Tuscarora Reservation,,,464
12750,Westbury,,,464
12751,Pelham Manor,,,464
12752,Fort Totten,,,464
12753,Tonawanda,43.020679,-78.878383,464
12754,South Wales,42.7089493,-78.5780796,464
12755,Port Henry,,,464
12756,Middleport,,,464
12757,Old Forge,,,464
12758,Munnsville,,,464
12759,Long Island City,40.7415095,-73.9569751,464
12760,Hornell,,,464
12761,Canandaigua,,,464
12762,Melville,,,464
12763,Commack,,,464
12764,Lowville,,,464
12765,Jay,,,464
12766,Armonk,,,464
12767,Fairport,,,464
12768,Cuba,42.2175668,-78.2752927,464
12769,Johnson City,,,464
12770,Cohocton,42.5022907,-77.5072102,464
12771,Hewlett,40.6431591,-73.6956865,464
12772,North Java,42.6836721,-78.3377941,464
12773,Whallonsburg,,,464
12774,Niskayuna,,,464
12775,Highland Falls,41.3692605,-73.9662504,464
12776,Webster,43.212285,-77.429994,464
12777,Plainview,,,464
12778,Yorktown Heights,,,464
12779,Tuxedo Park,41.197024,-74.210391,464
12780,Lake George,,,464
12781,Oyster Bay,40.7696568,-73.49986083708588,464
12782,Skaneateles,42.947011,-76.4291017,464
12783,Angola,42.638393,-79.027816,464
12784,Clifton Park,42.8631868,-73.7812103,464
12785,Brewster,,,464
12786,Uniondale,,,464
12787,Hollis,40.7134361,-73.7670772,464
12788,Dunkirk,42.479502,-79.333932,464
12789,Seneca,,,464
12790,Peekskill,,,464
12791,Williamsville,,,464
12792,Slate Hill,,,464
12793,Duanesburg,,,464
12794,Roslyn,,,464
12795,Stony Brook,,,464
12796,Locust Valley,,,464
12797,Brownville,,,464
12798,Cadyville,,,464
12799,Corning,,,464
12800,Harbour Grace,47.6935761,-53.2128267,1893
12801,Labrador City,,,1893
12802,Gander,,,1893
12803,Marystown,,,1893
12804,Sindara,,,2391
12805,Mouila,,,2391
12806,Niamey,13.524834,2.109823,1596
12807,Kabey Fo,,,1596
12808,Tsinguidi,-2.4231145,12.7273607,1897
12809,Lichinga,-13.2999118,35.2458642,1760
12810,Stans,,,1688
12811,Hergiswil,,,1688
12812,Wolfenschiessen,,,1688
12813,Stansstad,46.979741,8.3373667,1688
12814,Dallenwil,,,1688
12815,Hildesheim,,,41
12816,Hannover,,,41
12817,Emmenhausen,,,41
12818,Braunschweig,52.2646577,10.5236066,41
12819,Lüneburg,,,41
12820,Spaden,53.5722349,8.6333313,41
12821,Oldenburg,,,41
12822,Osterode am Harz,51.72784,10.2508204,41
12823,Neustadt am Rübenberge,52.5055135,9.4635826,41
12824,Leer,,,41
12825,Wolfsburg,52.4205588,10.7861682,41
12826,Dassel,51.8019566,9.6899606,41
12827,Norden,53.5942039,7.2067435,41
12828,Osnabrück,52.2719595,8.047635,41
12829,Barnstorf,52.708931,8.505279,41
12830,Delmenhorst,53.048095,8.6286066,41
12831,Kleinensiel,53.445027,8.4733845,41
12832,Buchholz in der Nordheide,,,41
12833,Braunlage,51.7264388,10.6100516,41
12834,Bad Gandersheim,51.8704732,10.0297839,41
12835,Uelzen,52.9840679,10.538588154650403,41
12836,Salzgitter,52.1503721,10.3593147,41
12837,Gehrden,52.313508,9.6008438,41
12838,Wolfenbüttel,,,41
12839,Bad Harzburg,51.8803224,10.5643607,41
12840,Goslar,51.9059936,10.4266284,41
12841,Bad Iburg,52.1543708,8.0448115,41
12842,Winsen an der Luhe,53.329632,10.1976922,41
12843,Celle,52.624056,10.081052,41
12844,Verden (Aller),52.94106755,9.23547162744054,41
12845,Einbeck,51.8185067,9.8678465,41
12846,Göttingen,,,41
12847,Stadthagen,,,41
12848,Vechta,,,41
12849,Georgsmarienhütte,,,41
12850,Alfeld,51.9863077,9.8247473,41
12851,Northeim,51.76438235,9.858328873964004,41
12852,Holzminden,51.8989989,9.5741099,41
12853,Sulingen,52.6828374,8.8018923,41
12854,Wilhelmshaven,,,41
12855,Lastrup,52.7963973,7.8642693,41
12856,Achim,53.0096048,9.039649,41
12857,Lohne (Oldenburg),,,41
12858,Stelle,53.3828216,10.1156284,41
12859,Schwanewede,,,41
12860,Stade,53.599794,9.475438,41
12861,Cuxhaven,53.58724195,8.88407915140169,41
12862,Sarstedt,52.2340379,9.8534254,41
12863,Berne,53.1833014,8.4833214,41
12864,Löningen,,,41
12865,Diepholz,52.7478987,8.761526143598829,41
12866,Ebstorf,53.0273634,10.4178494,41
12867,Langenhagen,52.443118,9.738994,41
12868,Gifhorn,,,41
12869,Rinteln,,,41
12870,Westerstede,53.2575197,7.9273367,41
12871,Oberg,52.256199,10.2504044,41
12872,Burgwedel,,,41
12873,Buxtehude,53.4767351,9.7003941,41
12874,Meppen,,,41
12875,Hahnenklee,,,41
12876,Esens,53.6468107,7.6118499,41
12877,Damme,52.5212651,8.1957974,41
12878,Stolzenau,52.5138991,9.0700487,41
12879,Varel,53.395777,8.1372149,41
12880,Elsfleth,53.2357029,8.4571037,41
12881,Bremervörde,,,41
12882,Syke,,,41
12883,Wittingen,52.7289399,10.735743,41
12884,Nordhorn,52.4359731,7.0707659,41
12885,Jade,53.3449968,8.2385588,41
12886,Bad Bodenteich,52.833324,10.681325,41
12887,Laatzen,52.3077423,9.8132829,41
12888,Stuhr,53.027353,8.7497818,41
12889,Emsbüren,,,41
12890,Bad Bevensen,53.0809408,10.5744812,41
12891,Rotenburg (Wümme),,,41
12892,Viehle,53.2593669,10.8355663,41
12893,Bückeburg,52.2611037,9.0488959,41
12894,Steinfeld (Oldenburg),52.5874221,8.21706,41
12895,Twistringen,52.7992604,8.6421452,41
12896,Emden,53.3670541,7.2058304,41
12897,Rhede,53.0583171,7.2734909,41
12898,Rosche,52.9868041,10.7522637,41
12899,Clausthal-Zellerfeld,,,41
12900,Osterholz-Schermbeck,,,41
12901,Seesen,,,41
12902,Bramsche,52.4109547,7.9749336,41
12903,Hameln,52.1039941,9.3561569,41
12904,Asendorf,52.7728283,9.0057116,41
12905,Peine,52.3117289,10.251904013552371,41
12906,Aurich,53.51228535,7.391528412821689,41
12907,Hanstedt,53.2583495,10.0216724,41
12908,Jever,,,41
12909,Jork,53.5328436,9.6814319,41
12910,Fallersleben,52.4190578,10.7187346,41
12911,Ostercappeln,,,41
12912,Dannenberg,,,41
12913,Zeven,53.299291,9.280382,41
12914,Waake,51.5553347,10.05651,41
12915,Delligsen,51.9429111,9.7985793,41
12916,Scheibbs,,,164
12917,Krems an der Donau,48.4108382,15.6003717,164
12918,Lassee,48.2256655,16.8211797,164
12919,Zell an der Ybbs,47.9595376,14.781955,164
12920,Bad Vöslau,,,164
12921,Wiener Neustadt,47.8131847,16.2441166,164
12922,Klosterneuburg,48.30499,16.323756,164
12923,Sankt Pölten,,,164
12924,Langenzersdorf,48.3096359,16.3572556,164
12925,Leopoldsdorf,48.1086178,16.3968086,164
12926,Mistelbach,48.5694535,16.5720327,164
12927,Amstetten,,,164
12928,Allentsteig,,,164
12929,Semmering,,,164
12930,Vestenötting,,,164
12931,Baden bei Wien,,,164
12932,Brunn an der Wild,,,164
12933,Ober-Grafendorf,48.1500368,15.5438089,164
12934,Bodensdorf,48.1174116,15.1201635,164
12935,Kaltenleutgeben,,,164
12936,Mödling,,,164
12937,Korneuburg,48.3440605,16.3334321,164
12938,Traisen,48.2285686,15.6587277,164
12939,Tulln an der Donau,48.3311702,16.05179,164
12940,Haag,,,164
12941,Melk,,,164
12942,Wilhelmsburg,48.1050511,15.6058057,164
12943,Ebreichsdorf,,,164
12944,Haidershofen,,,164
12945,Maria Anzbach,48.189586,15.930371,164
12946,Payerbach,,,164
12947,Waiden,,,164
12948,Martinsdorf,48.4709169,16.6362937,164
12949,Bruck an der Leitha,48.0255094,16.7790041,164
12950,Ternitz,47.7066007,16.0194688,164
12951,Schottwien,,,164
12952,Loosdorf,48.2004159,15.4020198,164
12953,Weissenbach an der Triesting,,,164
12954,Waidhofen an der Ybbs,,,164
12955,Zistersdorf,48.5447465,16.7621379,164
12956,Hoheneich,48.7716533,15.0259648,164
12957,Weidling,48.2904382,16.3092664,164
12958,Wolfsbach,48.0793981,14.6692809,164
12959,Ybbs an der Donau,48.1772445,15.0852856,164
12960,Neunkirchen,,,164
12961,Aspang-Markt,47.55210945,16.091602470349354,164
12962,Münchendorf,48.0298076,16.3791947,164
12963,Annaberg,47.8717371,15.3756128,164
12964,Reichenau an der Rax,,,164
12965,Pfaffstätten,48.0173229,16.2644673,164
12966,Brunn am Gebirge,,,164
12967,Stockerau,48.3846124,16.2076303,164
12968,Horn,,,164
12969,Kleingöpfritz,48.8595125,15.2177495,164
12970,Göstling an der Ybbs,,,164
12971,Neugattersleben,51.8509411,11.699962313277856,1941
12972,Kashiwazaki,,,736
12973,Minami-Uonuma,,,736
12974,Shiozawa,,,736
12975,Myokokogen,,,736
12976,Gosen,37.7444474,139.1826005,736
12977,Agano,37.8343618,139.2258539,736
12978,Myoko,,,736
12979,Minamiuonuma,,,736
12980,Niigata,,,736
12981,Ojiya,,,736
12982,Murakami,,,736
12983,Hirokami,,,736
12984,Sado,38.0182578,138.3683995,736
12985,Yunotani,,,736
12986,Nagaoka,,,736
12987,Itoigawa,,,736
12988,Tokamichi,,,736
12989,Irihirose,,,736
12990,Tsubame,,,736
12991,Jōetsu,,,736
12992,Tainai,,,736
12993,Uonuma,37.2303274,138.9611531,736
12994,Tsunan,,,736
12995,Nikšić,42.7705648,18.9447668,969
12996,Milojevići,42.6354129,18.9952295,969
12997,Mosul,,,1953
12998,Qingtongxia,37.943444,105.965014,836
12999,Yinchuan,38.4852037,106.2261926,836
13000,Ninh Hải,,,2044
13001,Nisporeni,,,2364
13002,Nové Zámky,,,853
13003,Komárno,,,853
13004,Nitra,,,853
13005,Šahy,48.0693466,18.9482971,853
13006,Levice,,,853
13007,Bánov,,,853
13008,Topoľčany,,,853
13009,Jelšovce,48.3833406,18.0582047,853
13010,Dolný Ohaj,48.0834093,18.2517705,853
13011,Tajná,,,853
13012,Zlaté Moravce,,,853
13013,Štúrovo,47.7978002,18.7158785,853
13014,Šaľa,,,853
13015,Surany,,,853
13016,Kamanová,48.4738629,18.092134867775407,853
13017,Topoľčianky,48.4202711,18.4101132,853
13018,Nitrianská Streda,48.5200243,18.1766412,853
13019,Hostie,48.4510721,18.4364224,853
13020,Zemianska Olča,47.8058453,17.8726467,853
13021,Solčany,48.5381226,18.2020323,853
13022,Želiezovce,,,853
13023,Vlčany,48.0377641,17.9526505,853
13024,Nové-Sady,48.4157227,17.98085,853
13025,Nizhny Novgorod,56.3264816,44.0051395,511
13026,Dzerzhinsk,,,511
13027,Sarov,,,511
13028,Volkhovo,,,511
13029,Zavolzhye,,,511
13030,Reshetikha,,,511
13031,Krasny Mys,,,511
13032,Doschatoye,,,511
13033,Vyksa,,,511
13034,Kulebyaki,,,511
13035,Vashurikha,,,511
13036,Kochko-Pozharki,,,511
13037,Maloye Rybushkino,,,511
13038,Balakhna,56.4870505,43.6039553,511
13039,Vandenesse,46.9127721,3.7614213,1115
13040,Arleuf,47.0446878,4.0217543,1115
13041,Saint-Parize-le-Châtel,46.8540409,3.1818103,1115
13042,Nevers,46.9876601,3.1577203,1115
13043,Luzy,46.7896,3.970702,1115
13044,Donzy,47.3709362,3.1224615,1115
13045,Chantenay-Saint-Imbert,46.7330166,3.1831744,1115
13046,La Machine,46.8899094,3.4658381,1115
13047,Cosne-Cours-sur-Loire,47.4115613,2.9273937,1115
13048,Saint-Hilaire-Fontaine,46.7653499,3.6262869,1115
13049,Fourchambault,47.017788,3.0827327,1115
13050,Niš,,,1093
13051,Aleksinac,43.5405235,21.70884,1093
13052,Dushanbe,,,449
13053,Hisor,,,449
13054,Rudaki district,,,449
13055,Vahdat,,,449
13056,Nong Khai,17.8825057,102.7482277,1556
13057,Eindhoven,51.44855695,5.450122521857143,249
13058,Tilburg,51.58561845,5.066061613136768,249
13059,Nieuwe Gastel,51.5779691,4.507568,249
13060,Geldrop,,,249
13061,Oosterhout,51.6322376,4.863042417836681,249
13062,Veghel,,,249
13063,Oss,,,249
13064,Made,,,249
13065,Helmond,,,249
13066,Roosendaal,,,249
13067,Werkendam,,,249
13068,Goirle,51.5056266,5.033774070783131,249
13069,Udenhout,51.6119112,5.1409062,249
13070,Vught,51.6511806,5.23680014410728,249
13071,Sint-Michielsgestel,51.65091405,5.365289061090603,249
13072,Bladel,,,249
13073,Veldhoven,,,249
13074,Baarle-Nassau,,,249
13075,Sint-Oedenrode,,,249
13076,Boxmeer,,,249
13077,Breda,51.5887845,4.7760237,249
13078,Berlicum,,,249
13079,Best,,,249
13080,Oisterwijk,51.56610775,5.198644959051684,249
13081,Almkerk,,,249
13082,Uden,,,249
13083,Oud en Nieuw Gastel,,,249
13084,Woensdrecht,51.4106688,4.327761012867084,249
13085,Zevenbergen,51.6450443,4.6061538,249
13086,Zundert,51.48587835,4.654245796859225,249
13087,Rosmalen,,,249
13088,Bergen op Zoom,51.4944756,4.2871541,249
13089,Loon op Zand,,,249
13090,Stratum,51.4220225,5.4982393,249
13091,Klundert,51.6627188,4.5346644,249
13092,Ginneken en Bavel,,,249
13093,Lage Zwaluwe,,,249
13094,Heeswijk-Dinther,,,249
13095,Terheijden,,,249
13096,Waalwijk,,,249
13097,Gemert,,,249
13098,Nuenen,,,249
13099,Rijsbergen,51.5158877,4.7005455,249
13100,Wouw,51.5224384,4.388024,249
13101,Oudenbosch,51.5889415,4.5278916,249
13102,Halsteren,,,249
13103,Enschot,51.5784465,5.1354473,249
13104,Oploo,51.6072833,5.8738463,249
13105,Boxtel,51.5890603,5.315795445406877,249
13106,Valkenswaard,51.3202409,5.458181897733282,249
13107,Boekel,51.605927300000005,5.69911232186362,249
13108,Schijndel,,,249
13109,Zeeland,,,249
13110,Oostelbeers,,,249
13111,Princenhage,51.5772529,4.7392873,249
13112,Vlijmen,,,249
13113,Mierlo,,,249
13114,Moergestel,,,249
13115,Raamsdonk,,,249
13116,Sprang-Capelle,51.6705258,5.0252983,249
13117,Steenbergen,51.6032921,4.309251716161476,249
13118,Heesch,,,249
13119,Wijk en Aalburg,,,249
13120,Geertruidenberg,51.6961662,4.877843805275408,249
13121,Asten,51.3869026,5.791446653224481,249
13122,Luyksgestel,,,249
13123,Etten-Leur,,,249
13124,Gestel,51.4199928,5.4463826,249
13125,Hintham,51.7002768,5.3408968,249
13126,Oirschot,51.4889616,5.300594979407693,249
13127,Oeffelt,51.6996426,5.9336143,249
13128,Erp,51.6004767,5.6064592,249
13129,Middelbeers,51.4677566,5.2508063,249
13130,Someren,51.38632235,5.688884477579495,249
13131,Gilze en Rijen,51.56323905,4.913039391005126,249
13132,Amsterdam,52.3730796,4.8924534,248
13133,Haarlem,52.3885317,4.6388048,248
13134,Hilversum,,,248
13135,Amstelveen,52.2862177,4.852649259746028,248
13136,Heemstede,52.3528406,4.6217323,248
13137,Oudkarspel,,,248
13138,Haarlemmermeer,52.3238421,4.715261248876009,248
13139,Zaandam,52.4424926,4.8298607,248
13140,Egmond-Binnen,52.5973633,4.6553966,248
13141,Laren,52.24253135,5.216243996233833,248
13142,Bloemendaal,52.3742917,4.591534676879699,248
13143,Purmerend,52.5024789,4.9614827,248
13144,Alkmaar,,,248
13145,Blaricum,52.28113375,5.29371090566366,248
13146,Velsen,52.4519103,4.603891145874141,248
13147,Wormerveer,52.4952218,4.7876566,248
13148,Den Helder,52.957976,4.760279,248
13149,Diemen,,,248
13150,Hoorn,52.653272,5.0735802,248
13151,Bussum,52.2773656,5.1630646,248
13152,Schagen,,,248
13153,Opmeer,52.7031902,4.9478361,248
13154,Huizen,52.29648445,5.240582040690262,248
13155,Nieuwendam,52.3944725,4.953411593131428,248
13156,Heemskerk,,,248
13157,Heerhugowaard,52.6631484,4.8326672,248
13158,Zwanenburg,52.3779288,4.7436402,248
13159,Avenhorn,,,248
13160,Warmenhuizen,52.7224072,4.73452,248
13161,Medemblik,52.7907137,5.16862281678412,248
13162,Castricum,52.5496739,4.6696185,248
13163,Aalsmeer,,,248
13164,Zijpe,,,248
13165,Zandvoort,52.3713394,4.5307624,248
13166,Enkhuizen,,,248
13167,Oostzaan,,,248
13168,Uithoorn,,,248
13169,Andijk,52.7454064,5.2218881,248
13170,Beverwijk,,,248
13171,Beemster,52.56254635,4.919882595059434,248
13172,Watergraafsmeer,52.349809,4.9382992,248
13173,Venhuizen,52.6626396,5.1997975,248
13174,Texel,,,248
13175,Wervershoof,52.7267711,5.1505431,248
13176,Tuitjenhorn,,,248
13177,Uitgeest,,,248
13178,Naarden,52.2957628,5.1633636,248
13179,Akersloot,52.5599095,4.7320342,248
13180,Langedijk,,,248
13181,Hoofddorp,52.305554,4.6926644,248
13182,Velserbroek,,,248
13183,IJmuiden,,,248
13184,Zaanstad,,,248
13185,Noord-Scharwoude,,,248
13186,Volendam,52.4963759,5.0682736,248
13187,Landsmeer,52.4296098,4.9136088,248
13188,Heiloo,52.60192475,4.70503175175436,248
13189,Ilpendam,,,248
13190,Abbenes,,,248
13191,Wormer,52.4983267,4.8123847,248
13192,Badhoevedorp,52.3388803,4.7844704,248
13193,Zaandijk,52.4744145,4.8080282,248
13194,Weesp,,,248
13195,Anna Paulowna,,,248
13196,Krommenie,,,248
13197,Koog aan de Zaan,,,248
13198,Assendelft,52.4681109,4.7449605,248
13199,Sloten,52.3417672,4.7977487,248
13200,Bennebroek,52.322419,4.5937366,248
13201,Den Burg,,,248
13202,Jisp,,,248
13203,Koedijk,52.6706036,4.756043172053937,248
13204,Overveen,52.3934144,4.6115554,248
13205,Monnickendam,52.4570766,5.0373214,248
13206,Hoogwoud,52.7163451,4.9318637,248
13207,Wieringerwaard,52.8389768,4.8623809,248
13208,Lille,55.9902782,12.5025281,140
13209,Armentières,50.6867281,2.882169,140
13210,Loos,50.6092082,3.0162523,140
13211,Roubaix,50.6915893,3.1741734,140
13212,Tourcoing,44.1476136,0.0065543,140
13213,Nieppe,50.703612,2.8403065,140
13214,Neuf-Mesnil,50.2663032,3.9066923,140
13215,Bois-Grenier,50.6485769,2.8742128,140
13216,Dunkerque (Dunkirk),,,140
13217,Hautmont,50.2513704,3.9200611,140
13218,Cambrai,,,140
13219,Saint-Amand-les-Eaux,,,140
13220,Grande-Synthe,,,140
13221,Escaudain,50.3333247,3.3438289,140
13222,Fourmies,50.0171741,4.0458492,140
13223,Maubeuge,50.2796417,3.9674127,140
13224,Lambersart,50.6477924,3.0223644,140
13225,Wattrelos,50.7016015,3.2153907,140
13226,Sepmeries,50.2821,3.56419,140
13227,Marly,46.0892151,4.0744091,140
13228,Lambres-lez-Douai,,,140
13229,Cap-Haïtien,19.7595236,-72.2008068,140
13230,Leers,50.6875576,3.2703911,140
13231,Sars-Poterie,,,140
13232,Douai,50.3932918,3.1206751,140
13233,Malo-les-Bains,51.0466792,2.3984694,140
13234,Seclin,50.5452102,3.0252819,140
13235,Croix,50.6802124,3.1564365,140
13236,Anzin,50.3703966,3.5020684,140
13237,Pecquencourt,50.3775793,3.2150839,140
13238,Merville,50.6436584,2.6387499,140
13239,Béthencourt,50.1366553,3.4322978,140
13240,Roncq,50.7531232,3.1209016,140
13241,Saint-Saulve,,,140
13242,Comines,50.7653265,3.0066319,140
13243,Denain,50.3270926,3.3943729,140
13244,Coudekerque-Branche,,,140
13245,Bousbecque,50.7720856,3.076757,140
13246,Gravelines,50.9870697,2.1273118,140
13247,Halluin,50.7826693,3.1249234,140
13248,Flers-lez-Lille,,,140
13249,Linselles,50.737818,3.0794271,140
13250,Curgies,50.3260979,3.6089319,140
13251,Mons-en-Baroeul,50.6428547,3.1093516,140
13252,Wambrechies,50.6861944,3.0521806,140
13253,Carnières,50.1691475,3.346696,140
13254,Haubourdin,50.6093554,2.9864421,140
13255,Lesquin,50.5888,3.10997,140
13256,Aubers,50.5954349,2.8257168,140
13257,Trith-Saint-Léger,50.3245906,3.4845838,140
13258,Valenciennes,50.3579317,3.5234846,140
13259,Limont-Fontaine,50.2182238,3.923295,140
13260,Anor,49.991385,4.1009549,140
13261,Hazebrouck,50.7226113,2.5360331,140
13262,Neuville-en-Ferrain,50.750265,3.1525826,140
13263,La Neuville,50.4959247,3.047979,140
13264,Louvroil,50.2644717,3.9623154,140
13265,Bondues,50.7034622,3.0921638,140
13266,Deûlémont,50.7348047,2.9473109,140
13267,Bourbourg-Campagne,,,140
13268,Prisches,50.0795428,3.7711446,140
13269,Saint-Pol-sur-Mer,,,140
13270,Bergues,50.9683886,2.4325247,140
13271,Hellemmes-Lille,50.6274528,3.1092154,140
13272,Inchy,50.1220498,3.4630134,140
13273,Féron,50.0476108,4.0251871,140
13274,Ghyvelde,51.0446525,2.501430297653145,140
13275,Busogo,,,140
13276,Auby,50.4136,3.06175,140
13277,Kaniga,,,140
13278,Kageyo,,,140
13279,Leval,50.1789453,3.8306751,140
13280,Guesnain,50.3493,3.15059,140
13281,Marcq-en-Barœul,,,140
13282,Cappelle-la-Grande,50.9977218,2.3677943,140
13283,Esnes,50.1017669,3.3126137,140
13284,Allennes-les-Marais,50.5404,2.95043,140
13285,Faches-Thumesnil,50.6026031,3.0697877,140
13286,Landas,50.4736099,3.301344,140
13287,Wambaix,50.129036,3.3071437,140
13288,Haveluy,50.3525832,3.4037295,140
13289,Dechy,,,140
13290,Somain,,,140
13291,Onnaing,50.3870769,3.6011231,140
13292,Trou-du-Nord,,,2537
13293,Kirotshe,,,2476
13294,Port-de-Paix,19.9389855,-72.8308129,1369
13295,Aalborg,57.0462626,9.9215263,112
13296,Frederikshavn,57.4412134,10.5336225,112
13297,Hjørring,57.457183,9.9855998,112
13298,Thisted,56.9562093,8.6848749,112
13299,Falslev,,,112
13300,Pandrup,,,112
13301,Sørfold,,,793
13302,Narvik,,,793
13303,Bodø,,,793
13304,Mosjøen,,,793
13305,Sortland,,,793
13306,Herøy,66.13291165,11.6060657630709,793
13307,Nesna,66.22368035,12.9657859624104,793
13308,Steigen,,,793
13309,Rødøy,,,793
13310,Svolvær,,,793
13311,Düsseldorf,51.2254018,6.7763137,39
13312,Hückeswagen,51.1504872,7.3413999,39
13313,Bonn,50.735851,7.10066,39
13314,Hamm,,,39
13315,Hilden,,,39
13316,Mönchengladbach,,,39
13317,Köln (Cologne),50.91436385,6.942434482530648,39
13318,Hagen,,,39
13319,Münster,,,39
13320,Mülheim an der Ruhr,51.4272925,6.8829192,39
13321,Unna,51.5348835,7.689014,39
13322,Dortmund,51.5142273,7.4652789,39
13323,Frechen,50.9096219,6.8081935,39
13324,Recklinghausen,,,39
13325,Paderborn,,,39
13326,Bochum,51.4818111,7.2196635,39
13327,Solingen,51.1721629,7.0845893,39
13328,Herford,52.1152245,8.6711118,39
13329,Dankersen,52.296146,8.9640121,39
13330,Herdecke,,,39
13331,Aachen,,,39
13332,Letmathe,51.3665984,7.6110137,39
13333,Königswinter,,,39
13334,Duisburg,,,39
13335,Bergisch Gladbach,,,39
13336,Langenfeld,,,39
13337,Iserlohn,51.3746778,7.6999713,39
13338,Gladbeck,,,39
13339,Schwerte,,,39
13340,Haan,51.1954956,7.0085328,39
13341,Lemgo,52.0280674,8.9012894,39
13342,Siegen,,,39
13343,Greven,,,39
13344,Lüdenscheid,51.218137,7.6396975,39
13345,Gütersloh,,,39
13346,Dormagen,51.0941656,6.8407931,39
13347,Bad Berleburg,,,39
13348,Lünen,51.6142482,7.5228088,39
13349,Wuppertal,,,39
13350,Euskirchen,,,39
13351,Leverkusen,51.0324743,6.9881194,39
13352,Gummersbach,51.0277658,7.5630545,39
13353,Gevelsberg,51.3207417,7.3404792,39
13354,Lippstadt,51.6747074,8.347194,39
13355,Gelsenkirchen,51.5110321,7.0960124,39
13356,Altena,51.2990263,7.6734841,39
13357,Eitorf,,,39
13358,Ratingen,51.2973261,6.8493503,39
13359,Neuss,51.1981778,6.6916476,39
13360,Castrop-Rauxel,51.5646195,7.3106175,39
13361,Viersen,51.2562118,6.3905476,39
13362,Oberhausen,,,39
13363,Bielefeld,,,39
13364,Brilon,,,39
13365,Steinheim (Westfalen),,,39
13366,Gronau,,,39
13367,Wickede (Ruhr),51.4960475,7.8696034,39
13368,Ahaus,,,39
13369,Wermelskirchen,,,39
13370,Lüdinghausen,51.7717757,7.444639,39
13371,Witten,51.4370171,7.335124,39
13372,Hattingen,51.4007175,7.1862486,39
13373,Düren,50.8031684,6.4820806,39
13374,Ochtrup,52.2102308,7.188806,39
13375,Krefeld,51.3331205,6.5623343,39
13376,Troisdorf,,,39
13377,Grevenbroich,,,39
13378,Südlohn,,,39
13379,Moers,51.451283,6.62843,39
13380,Engelskirchen,50.9872964,7.4084206,39
13381,Emsdetten,,,39
13382,Marienheide,51.0833099,7.5317911,39
13383,Olsberg,51.355148,8.4893388,39
13384,Herne,51.5380394,7.219985,39
13385,Bocholt,,,39
13386,Datteln,,,39
13387,Bad Honnef,,,39
13388,Rheine,52.2797707,7.4373615,39
13389,Wipperfürth,51.1155182,7.3879068,39
13390,Zons,51.1231527,6.8447724,39
13391,Lendersdorf,50.7645857,6.4765993,39
13392,Bad Salzuflen,52.0771518,8.7554739,39
13393,Hemer,,,39
13394,Hamborn,51.5041215,6.772532547024161,39
13395,Geldern,,,39
13396,Goch,51.6755765,6.1593045,39
13397,Bottrop,51.521581,6.929204,39
13398,Soest,,,39
13399,Winterberg,,,39
13400,Neuhamm,,,39
13401,Kamen,51.5918019,7.6616804,39
13402,Hilfarth,51.0359316,6.2167739,39
13403,Hostert,51.3978161,6.566507,39
13404,Eslohe (Sauerland),51.2546768,8.1714439,39
13405,Kleve,51.7895571,6.1376008,39
13406,Detmold,51.936284,8.8791526,39
13407,Velen,51.8957136,6.9839073,39
13408,Schwelm,,,39
13409,Remscheid,51.184517,7.228287474564793,39
13410,Emmerich am Rhein,51.8322137,6.2428283,39
13411,Willich,51.2641433,6.5446958,39
13412,Kempen,51.3642126,6.4195011,39
13413,Heinsberg,,,39
13414,Vreden,52.035862,6.8236481,39
13415,Halle (Westfalen),52.0603847,8.3615861,39
13416,Tönisvorst,,,39
13417,Heessen,51.71353065,7.840301171055354,39
13418,Coesfeld,51.9458943,7.1691108,39
13419,Meerbusch,,,39
13420,Ibbenbüren,,,39
13421,Mettmann,,,39
13422,Monheim am Rhein,51.0908881,6.8832264,39
13423,Oer-Erkenschwick,51.6398512,7.2605914,39
13424,Wetter,,,39
13425,Dinslaken,,,39
13426,Herten,51.5942009,7.1368071,39
13427,Jülich,50.9220931,6.3611015,39
13428,Weddinghofen,51.6031788,7.6190585,39
13429,Werl,,,39
13430,Ihmert,51.3295577,7.7360822,39
13431,Menden im Sauerland,51.4277883,7.747373090385654,39
13432,Mettingen,,,39
13433,Pulheim,50.9979888,6.8025409,39
13434,Wegberg,,,39
13435,Kevelaer,,,39
13436,Eschweiler,,,39
13437,Velbert,,,39
13438,Marl,,,39
13439,Warendorf,,,39
13440,Lohmar,,,39
13441,Siegburg,,,39
13442,Sendenhorst,,,39
13443,Aldenhoven,50.8962734,6.2827943,39
13444,Rheinberg,,,39
13445,Meschede,,,39
13446,Dülmen,,,39
13447,Ahlen,,,39
13448,Olpe,,,39
13449,Werdohl,,,39
13450,Wesel,,,39
13451,Oeventrop,,,39
13452,Telgte,51.983522,7.784859,39
13453,Eckmannshausen,50.92772605,8.072073055858159,39
13454,Waltrop,51.6237456,7.400959,39
13455,Dorsten,51.6604071,6.9647431,39
13456,Grefrath,51.336077,6.343738,39
13457,Beckum,51.7555148,8.041135,39
13458,Nideggen,50.6913559,6.482614,39
13459,Attendorn,51.1250541,7.9010992,39
13460,Rheinbach,50.6256808,6.9491436,39
13461,Radevormwald,51.2029228,7.3571392,39
13462,Hopsten,52.3791887,7.603994,39
13463,Warstein,,,39
13464,Kerpen,50.8696345,6.694734,39
13465,Westbevern,52.0237099,7.7798991,39
13466,Haltern am See,51.7430516,7.187221,39
13467,Geseke,51.6395322,8.512578,39
13468,Stolberg,50.7702908,6.2295504,39
13469,Werne,,,39
13470,Vlotho,52.1664861,8.8619172,39
13471,Linnich,50.9806294,6.2676208,39
13472,Schermbeck,51.6926147,6.870219,39
13473,Keppeln,51.6897228,6.2697156,39
13474,Ostbevern,52.0362198,7.8400336,39
13475,Westhofen,51.1387554,7.3080754,39
13476,Luleå,65.5831187,22.1459535,1043
13477,Boden,65.81602475,21.584982928613396,1043
13478,Kalix,66.0,23.0,1043
13479,Gällivare,,,1043
13480,Övertorneå,,,1043
13481,Piteå,65.42610705,21.693933198506272,1043
13482,Kiruna,,,1043
13483,Arjeplog,,,1043
13484,Pajala,,,1043
13485,Arvidsjaur,,,1043
13486,Haparanda,65.835667,24.1357213,1043
13487,Överkalix,,,1043
13488,Älvsbyn,,,1043
13489,Cúcuta,,,1462
13490,Garoua,,,2137
13491,Coopers Town,,,2469
13492,Barra,,,2483
13493,Winston-Salem,,,898
13494,Greensboro,36.0726355,-79.7919754,898
13495,Asheville,35.595363,-82.5508407,898
13496,Sylva,,,898
13497,Raleigh,,,898
13498,Mount Olive,35.1965532,-78.0663788,898
13499,Davidson,35.7902384,-80.2115053,898
13500,Charlotte,,,898
13501,Fort Bragg,,,898
13502,Siler City,,,898
13503,Kittrell,36.2220919,-78.4377758,898
13504,Gastonia,35.2622654,-81.1838186,898
13505,Rutherfordton,,,898
13506,Hendersonville,35.3187279,-82.4609528,898
13507,Chapel Hill,,,898
13508,High Point,,,898
13509,Crossnore,36.0217938,-81.9295579,898
13510,Rocky Mount,35.9423833,-77.7956949,898
13511,Pinehurst,35.1951981,-79.4692796,898
13512,Apex,,,898
13513,Statesville,,,898
13514,Harrellsville,,,898
13515,New Bern,35.1084931,-77.0441143,898
13516,Raeford,,,898
13517,Kinston,,,898
13518,Huntersville,,,898
13519,Fines Creek,,,898
13520,La Grange,35.3068293,-77.7880338,898
13521,Spencer,35.6920144,-80.4347596,898
13522,Waco,35.36172,-81.428486,898
13523,Lumberton,,,898
13524,Fargo,,,1580
13525,Minot,48.23251,-101.296273,1580
13526,Leonard,,,1580
13527,Mayville,,,1580
13528,Cavalier,48.7664381,-98.5001391,1580
13529,Hannah,48.9716708,-98.6917884,1580
13530,Noonan,48.888919,-103.008794,1580
13531,Lisbon,46.441634,-97.68121,1580
13532,Sawyer,,,1580
13533,Moroka,,,2078
13534,Matshelagabedi,,,2078
13535,Vryburg,,,1023
13536,Rustenburg,-25.665655,27.241448,1023
13537,Lichtenburg,,,1023
13538,Potchefstroom,-26.7150922,27.1013887,1023
13539,Ottoshoop,-25.7502778,25.965,1023
13540,Ryno,,,1023
13541,Oberholzer,,,1023
13542,Mabudutsa,,,1023
13543,Klerksdorp,,,1023
13544,Gumare,,,1023
13545,Maun,,,1023
13546,Mahikeng,,,1023
13547,Ventersdorp,,,1023
13548,Taung,,,1023
13549,Koch Goma,,,1063
13550,Luwingu District,,,1063
13551,Gulu,3.0199023,32.38825103502008,1063
13552,Mengo,,,1063
13553,Mamsa,,,1063
13554,Otuke,,,1063
13555,Makeni,,,1063
13556,Arua,,,1063
13557,Lira,,,1063
13558,Tamale,9.4051992,-0.8423986,1063
13559,Kamakwie,,,1063
13560,Keimoes,-28.708951,20.974871,424
13561,Kakamas,,,424
13562,Springbok,,,424
13563,Kuruman,-27.4601585,23.4347857,424
13564,Okiep,,,424
13565,Warrenton,,,424
13566,Upington,,,424
13567,Prieska,,,424
13568,Olifantshoek,,,424
13569,Alexander Bay,,,424
13570,Ballymena,54.8662966,-6.2760159,655
13571,Craigavon,,,655
13572,Belfast,54.596391,-5.9301829,655
13573,Enniskillen,,,655
13574,Tandragee,,,655
13575,Londonderry,54.9978678,-7.3213056,655
13576,Aughnacloy,,,655
13577,Portaferry,,,655
13578,Lurgan,,,655
13579,Coleraine,,,655
13580,Dunmurry,54.5532922,-6.0030136,655
13581,Dungannon,54.5039088,-6.7703622,655
13582,Holywood,,,655
13583,Newtownards,,,655
13584,Ballyclare,,,655
13585,Ballymoney,,,655
13586,Dervock,,,655
13587,Lisburn,,,655
13588,Maghera,54.8448023,-6.6718648,655
13589,Armoy,,,655
13590,Larne,54.8508458,-5.8183116,655
13591,Carrickfergus,,,655
13592,Magherafelt,,,655
13593,Clough,54.2907175,-5.8383498,655
13594,Cookstown,,,655
13595,Omagh,54.5992486,-7.3029907,655
13596,Dundonald,54.5947412,-5.8105342,655
13597,Greenisland,54.7002866,-5.8728529,655
13598,Newry,54.1775283,-6.337506,655
13599,Jordanstown,,,655
13600,Edenderry,54.5404609,-5.9609556,655
13601,Armagh,54.2994832,-6.5474328,655
13602,Portstewart,55.1829096,-6.7187008,655
13603,Cullybackey,54.8881287,-6.3445252,655
13604,Glengormley,,,655
13605,Banbridge,54.3514168,-6.2714623,655
13606,Kilkeel,54.0626664,-6.0059949,655
13607,Dromore,54.4152683,-6.1495064,655
13608,Darwin,-12.46044,130.8410469,321
13609,Nhulunbuy,,,321
13610,Katherine,,,321
13611,Gove,,,321
13612,Alice Springs,-23.6983884,133.8812885,321
13613,Whangarei,-35.7275268,174.3194202,264
13614,Kawakawa,,,264
13615,Bay of Islands,,,264
13616,Dargaville,,,264
13617,Kaikoe,,,264
13618,Te Kopuru,-36.0280193,173.9157775,264
13619,Kaitaia,,,264
13620,Bamenda,5.9614117,10.1516505,310
13621,Yellowknife,62.4540807,-114.377385,289
13622,Aklavik,,,289
13623,Inuvik,,,289
13624,Fort Good Hope,,,289
13625,Hay River,,,289
13626,Siglufjörður,,,1632
13627,Akureyri,,,1632
13628,Ólafsfjörður,,,1632
13629,Dalvík,,,1632
13630,Húsavík,,,1632
13631,Hauganes,,,1632
13632,Ystafell,65.3986833,-16.1455833,1632
13633,Skutustaðar,,,1632
13634,Stóradal,,,1914
13635,Hvammstangi,,,1914
13636,Rhodos,,,1298
13637,Andros,,,1298
13638,Kalymnos,,,1298
13639,Ermoupoli,,,1298
13640,Tinos,,,1298
13641,Syros,,,1298
13642,Naxos,,,1298
13643,Leros,,,1298
13644,Serifos,,,1298
13645,Kea,,,1298
13646,Samos,,,1298
13647,Nouakchott,,,2360
13648,Nova Gorica,,,1150
13649,Pristava,45.947717,13.6352194,1150
13650,Solkan,45.9678211,13.6455643,1150
13651,Antigonish,,,105
13652,Lunenburg,44.3774954,-64.3154816,105
13653,New Glasgow,,,105
13654,Dartmouth,,,105
13655,Reserve Mines,,,105
13656,Springhill,45.6420091,-64.0573285,105
13657,Glacier Bay,,,105
13658,Middle Sackville,,,105
13659,Noel,45.2954276,-63.7484506,105
13660,Lower South River,45.5991462,-61.9091608,105
13661,Economy,45.3878421,-63.8947681,105
13662,Herring Cove,44.5712827,-63.5582713,105
13663,Bridgetown,44.8414196,-65.2901844,105
13664,Lockeport,43.6984878,-65.1144434,105
13665,East LaHave,44.3097237,-64.3716432,105
13666,Shelburne,43.7639539,-65.321384,105
13667,Sandy Point,,,105
13668,Main-à-Dieu,46.0051015,-59.8458285,105
13669,Inverness,,,105
13670,Kentville,,,105
13671,Stellarton,45.5574527,-62.6591139,105
13672,Yarmouth,43.8372648,-66.1157,105
13673,Novara,,,353
13674,Borgo Ticino,,,353
13675,Oleggio,45.5972309,8.6370679,353
13676,Orta San Giulio,45.7980814,8.406951,353
13677,Castelletto sopra Ticino,,,353
13678,Borgomanero,,,353
13679,Maggiora,45.689369,8.422326,353
13680,Veliky Novgorod,,,1157
13681,Staraya Russa,,,1157
13682,Buregi,,,1157
13683,Borovichi,,,1157
13684,Soltsy,,,1157
13685,Hrušica,,,1327
13686,Novo Mesto,,,1327
13687,Brezje,,,1327
13688,Novosibirsk,54.96781445,82.95159894278376,863
13689,Oktyabrsky,,,863
13690,Krasnoobsk,,,863
13691,Solovyovka,,,863
13692,Barabinsk,,,863
13693,Berdsk,,,863
13694,Kupino,54.364929,77.30854,863
13695,Chik,,,863
13696,Cabanatuan,15.4905045,120.9684264,1730
13697,Porlamar,,,2226
13698,La Asunción,,,2226
13699,Monterrey,25.6802019,-100.315258,767
13700,Cerralvo,26.0604924,-99.7571574468061,767
13701,Villaldama,,,767
13702,Santiago,25.4243595,-100.1513376,767
13703,China,,,767
13704,General Terán,25.27065815,-99.40898711983762,767
13705,San Nicolas de los Garza,,,767
13706,San Pedro Garza García,,,767
13707,Los Aldamas,26.09624975,-99.27634364781528,767
13708,Nukulaelae,,,2283
13709,Iqaluit,,,2430
13710,Dorgali,40.2928022,9.588832,1684
13711,Nuoro,40.3210601,9.3297339,1684
13712,Praya,-8.7157359,116.2706282,1776
13713,Pemenang,,,1776
13714,Lombok Utara,,,1776
13715,Atambua,-9.1059581,124.888064,686
13716,Pene Utara,-9.8004175,124.3907311,686
13717,Kupang,-10.1632209,123.6017755,686
13718,Ende,-8.672867499999999,121.69291732410474,686
13719,Nyamira,,,1972
13720,Bosiango,,,1972
13721,Nyeri,,,1382
13722,Mathari,,,1382
13723,Naro Moru,-0.1674419,37.0392307,1382
13724,Salgótarján,48.0960676,19.8005642,678
13725,Pásztó,47.9210634,19.6997727,678
13726,Karancsalja,48.1336594,19.7518849,678
13727,Érsekvadkert,,,678
13728,Karancskeszi,48.1635124,19.6989431,678
13729,Balassagyarmat,48.0768832,19.2926037,678
13730,Romhány,47.9215061,19.2590383,678
13731,Nógrád,47.9094266,19.0478895,678
13732,Cserhátszentiván,47.9398734,19.5802698,678
13733,Salina Cruz,,,1186
13734,Ocotlán de Morelos,16.78469895,-96.66817645573386,1186
13735,Oaxaca,17.0604663,-96.7253575,1186
13736,Zanatepec,16.4806314,-94.3524266,1186
13737,Zimatlán,,,1186
13738,Santo Domingo Tehuantepec,,,1186
13739,Santa María Jalapa del Marqués,16.4403557,-95.4448148,1186
13740,Huajuapan de León,17.4464606,-97.2263458,1186
13741,Miahuatlán de Porfirio Díaz,16.3610815,-96.5850578538718,1186
13742,Gmunden,47.9185855,13.8003048,91
13743,Schörfling am Attersee,47.9463531,13.6035607,91
13744,Steyr,,,91
13745,Ried im Innkreis,,,91
13746,Linz,48.3059078,14.286198,91
13747,Freistadt,48.5112961,14.5047566,91
13748,Aigen im Mühlkreis,,,91
13749,Vöcklabruck,,,91
13750,Klaus an der Pyhrnbahn,47.8309567,14.1568199,91
13751,Unterweißenbach,48.4349946,14.7808108,91
13752,Kirchdorf an der Krems,,,91
13753,Braunau am Inn,,,91
13754,Wels,48.1682417,14.0410729,91
13755,Altmünster,47.89836565,13.766707139351698,91
13756,Rottenegg,48.3600564,14.1376726,91
13757,Bad Ischl,,,91
13758,Mattighofen,,,91
13759,Mondsee,,,91
13760,Schwanenstadt,48.0545249,13.7749232,91
13761,Sandl,48.5603578,14.6444023,91
13762,Niederwaldkirchen,48.4511133,14.0853374,91
13763,Peuerbach,,,91
13764,Liebenau,,,91
13765,Pfaffing,48.0354727,12.88944,91
13766,Utzenaich,,,91
13767,Grieskirchen,48.2796908,13.773416546419174,91
13768,Lambach,,,91
13769,Ebensee,,,91
13770,Lohnsburg,,,91
13771,Schärding,48.4569975,13.4318,91
13772,Sankt Wolfgang im Salzkammergut,,,91
13773,Rufling,48.2782328,14.2168052,91
13774,Gaspoltshofen,48.13995205,13.73589950870536,91
13775,Rohrbach,,,91
13776,Eidenberg,,,91
13777,Bad Goisern am Hallstättersee,,,91
13778,Weyer,,,91
13779,Traun,48.2214369,14.2368078,91
13780,Steyrling,47.7932009,14.0889859,91
13781,Sarleinsbach,48.5460405,13.9050005,91
13782,Puchenau,,,91
13783,Dimbach,,,91
13784,Lenzing,47.97408,13.5988376,91
13785,Gramastetten,48.3791617,14.1917923,91
13786,Ternberg,47.9458416,14.357251,91
13787,Ampflwang im Hausruckwald,48.0924656,13.5661129,91
13788,Molln,,,91
13789,Ostermiething,,,91
13790,Engerwitzdorf,,,91
13791,Hörsching,48.2266765,14.1787543,91
13792,Hagenberg im Mühlkreis,,,91
13793,Lembach im Mühlkreis,48.4948817,13.894292,91
13794,Sarnen,46.8956729,8.2461492,1618
13795,Kerns,46.9008111,8.2753475,1618
13796,Engelberg,,,1618
13797,Sachseln,,,1618
13798,Unguri,,,2377
13799,Ocotepeque,,,2140
13800,Odesa,,,539
13801,Bilhorod-Dnistrovskyi,,,539
13802,Tarutyne,,,539
13803,Bolhrad,45.6779137,28.6132404,539
13804,Izmail,,,539
13805,Ananyiv,,,539
13806,Illichivsk,46.3020943,30.653466,539
13807,Chernomorsk,,,539
13808,Kodima,48.1047445,29.1285642,539
13809,Ovidiopol,46.2473734,30.4448614,539
13810,Balta,47.9363162,29.6225979,539
13811,Delzhyler,,,539
13812,Podilsk,,,539
13813,Shyroke,,,539
13814,Vinogradivka,,,539
13815,Reni,,,539
13816,Markovo,,,539
13817,Birr,53.1057254,-7.757195629186065,704
13818,Tullamore,,,704
13819,Gloster,53.0074874,-7.8716691,704
13820,Omoye,,,2221
13821,Port Gentil,,,654
13822,Port-Gentil,,,654
13823,Fernand-Vaz,,,654
13824,Ogre,,,1248
13825,Plātere,,,1248
13826,Suntažu,,,1248
13827,Abeokuta,,,1535
13828,Shagamu,,,1535
13829,Ado Odo,,,1535
13830,Ijebu Ode,,,1535
13831,Epuku,,,2294
13832,Oilagati,,,2294
13833,Cincinnati,,,297
13834,Cleveland,,,297
13835,Elyria,,,297
13836,Steubenville,,,297
13837,Dayton,,,297
13838,Upper Arlington,,,297
13839,Toledo,,,297
13840,Sparta,40.3947836,-82.7004504,297
13841,Akron,41.083064,-81.518485,297
13842,Westerville,,,297
13843,Bellaire,40.0161843,-80.7423054,297
13844,Van Wert,40.8014651,-84.600988,297
13845,Wright-Patterson Air Force Base,,,297
13846,Woodsfield,,,297
13847,Euclid,41.5931049,-81.5267873,297
13848,Coshocton,40.2905684,-81.9271441,297
13849,Wauseon,41.546069,-84.1362047,297
13850,Bowling Green,41.3747744,-83.6513229,297
13851,Delaware,,,297
13852,Ravenna,41.157557,-81.242047,297
13853,New Lexington,,,297
13854,West Milton,,,297
13855,University Heights,,,297
13856,Madeira,,,297
13857,Chillicothe,,,297
13858,Westlake,,,297
13859,Thornville,,,297
13860,Galion,,,297
13861,Findlay,,,297
13862,East Liverpool,,,297
13863,Plain City,,,297
13864,Lorain,,,297
13865,Strongsville,,,297
13866,Orwell,41.5341639,-80.8741422,297
13867,Broadview Heights,,,297
13868,Massillon,,,297
13869,Hancock County,40.9939911,-83.6587588,297
13870,Beachwood,41.464498,-81.508732,297
13871,South Lebanon,39.3710358,-84.2128058,297
13872,Zanesville,39.9401426,-82.005019,297
13873,Oberlin,,,297
13874,Youngstown,41.1035786,-80.6520161,297
13875,Wisterman,41.1236604,-84.2377235,297
13876,Barlow Township,38.715462,-82.366059,297
13877,Upper Sandusky,,,297
13878,Jacksontown,39.95940975,-82.41391726718459,297
13879,Chardon,,,297
13880,Fairview Park,,,297
13881,Piqua,,,297
13882,Sandusky,41.2951563,-83.1555438,297
13883,Mentor,,,297
13884,Shaker Heights,41.4739419,-81.5370671,297
13885,Sardinia,39.0078448,-83.8085377,297
13886,Martins Ferry,40.0959055,-80.724526,297
13887,Wooster,,,297
13888,county,,,297
13889,Pomeroy,39.0280514,-82.0342217,297
13890,Chesterland,,,297
13891,Nelsonville,,,297
13892,Ohrid,,,1447
13893,Pierrefonds,49.3474567,2.9781976,19
13894,Béthisy-Saint-Pierre,49.3054,2.8032,19
13895,Venette,49.4162216,2.8007412,19
13896,Lagny,,,19
13897,Compiègne,,,19
13898,Noyon,,,19
13899,Trie-la-Ville,49.2889046,1.8342004,19
13900,Senlis,,,19
13901,Avilly-Saint-Léonard,49.1938347,2.5370943,19
13902,Chantilly,49.1931736,2.4636686,19
13903,Beauvais,49.4300997,2.0823355,19
13904,Creil,49.2607914,2.4733771,19
13905,Trosly-Breuil,49.4011322,2.9882594,19
13906,Plailly,49.1035319,2.5850308,19
13907,Thiescourt,49.5653531,2.8834308,19
13908,Lassigny,49.5880619,2.8428128,19
13909,Canly,49.3863692,2.7075003,19
13910,Orry-la-Ville,49.1312314,2.5137195,19
13911,Montataire,,,19
13912,Choisy-au-Bac,,,19
13913,Pont-Sainte-Maxence,,,19
13914,Montherlant,49.2806903,2.060521083397564,19
13915,Verneuil-en-Halatte,49.273664,2.5188916,19
13916,Saiki,32.9601732,131.8996704,626
13917,Kokonoe,,,626
13918,Oita,,,626
13919,Hita,,,626
13920,Usuki,,,626
13921,Tsukumi,,,626
13922,Saeki,,,626
13923,Beppu,,,626
13924,Usa,,,626
13925,Hiji,,,626
13926,Tsuyama,,,1615
13927,Kasaoka,,,1615
13928,Kurashiki,,,1615
13929,Okayama,34.6553944,133.9194595,1615
13930,Soja,,,1615
13931,Bizen,,,1615
13932,Nanjo,,,734
13933,Ishigaki,,,734
13934,Urasoe,,,734
13935,Kohama,,,734
13936,Naha,,,734
13937,Ginowan,,,734
13938,Yaese,26.124267,127.732141,734
13939,Uruma,26.384705,127.851324,734
13940,Tulsa,36.1563122,-95.9927516,640
13941,Ponca City,36.703647,-97.081898,640
13942,Knowles,36.87414315,-100.19342450715511,640
13943,East Duke,34.6622191,-99.5696411,640
13944,Okemah,35.4325854,-96.3050064,640
13945,Fort Sill,,,640
13946,Woodward,36.43633585,-99.398796825,640
13947,Norman,,,640
13948,Oklahoma City,,,640
13949,El Reno,35.532198,-97.9550578,640
13950,Hickory,34.556441500000005,-96.85732327097968,640
13951,Purcell,35.0154723,-97.3650998,640
13952,Hominy,,,640
13953,Seminole,,,640
13954,Beaver,,,640
13955,Konawa,,,640
13956,Keota,,,640
13957,Edmond,,,640
13958,Bellemont,,,640
13959,Fairland,36.7511833,-94.8474567,640
13960,McAlester,34.9334981,-95.7697934,640
13961,Elk City,35.4140081,-99.4138648,640
13962,Dacome,,,640
13963,Idabel,33.8956647,-94.8263281,640
13964,Kingfisher,,,640
13965,Ada,,,640
13966,Weatherford,35.5261633,-98.7075744,640
13967,Watonga,35.8483867,-98.4133205,640
13968,Braman,36.9236404,-97.3336552,640
13969,Altus,,,640
13970,Guthrie,,,640
13971,Kendrick,35.785409,-96.7749466815744,640
13972,Perry,36.2907352,-97.288396,640
13973,Bowlegs,,,640
13974,Wynona,36.5461806,-96.3272344,640
13975,Bristow,35.8308944,-96.3907747,640
13976,Enid,36.3967623,-97.8791341,640
13977,Olaines pagasts,56.77218315,23.90041102989709,1716
13978,Guarizama,,,2276
13979,Catacamas,,,2276
13980,Přerov,49.4553775,17.4508621,48
13981,Ivaň,49.4245951,17.2513466,48
13982,Prostějov,,,48
13983,Dobrčice,49.4019501,17.4797844,48
13984,Zigartice,49.6922843,17.5811955,48
13985,Šternberk,,,48
13986,Kopeček u Olomouce,49.633114,17.3436404,48
13987,Olomouc,,,48
13988,Troubky,49.4321487,17.3491428,48
13989,Strážisko,,,48
13990,Stádlo,49.7078358,17.2482088,48
13991,Penčice,49.5186301,17.4214741,48
13992,Jezernice,49.5477743,17.6248997,48
13993,Šumperk,,,48
13994,Hranice,49.5481764,17.7347407,48
13995,Zábřeh,,,48
13996,Želechovice,,,48
13997,Křivá Voda,50.0785558,16.8725108,48
13998,Teplice nad Bečvou,49.5285434,17.7400947,48
13999,Zlaté Hory,50.2637622,17.3953643,48
14000,Jeseník,,,48
14001,Bělkovice-Lašťany,,,48
14002,Litovel,49.7013305,17.0758784,48
14003,Bystrovany,,,48
14004,Moravičany,,,48
14005,Vrahovice,49.4807268,17.1484328,48
14006,Samotíšky,,,48
14007,Lipník nad Bečvou,49.5273114,17.5861035,48
14008,Zvole,,,48
14009,Němčice nad Hanou,49.3420839,17.2056673,48
14010,Víceměřice,,,48
14011,Brodek u Přerova,,,48
14012,Iancu Jianu,44.4967553,24.0326134,502
14013,Caracal,,,502
14014,Slatina,,,502
14015,Corabia,,,502
14016,Gostavățu,44.07658,24.5339172,502
14017,Tia Mare,43.865702,24.6341952,502
14018,Omsk,,,510
14019,Isilkul,54.904892,71.259987,510
14020,Tavrichenskoye,,,510
14021,Zhelannoye,54.166344,72.575775,510
14022,Ryazany,,,510
14023,Znamenka,,,510
14024,Krutye Luki,,,510
14025,Chernetsovka,,,510
14026,Etayi,,,2411
14027,Akrotiri Sovereign Base Area,,,2084
14028,Akure,,,787
14029,Erinla,,,787
14030,Owo,7.1962012,5.5868016,787
14031,Ondo,,,787
14032,Angahā,,,2434
14033,Shymkent,,,742
14034,Bayzhansay,,,742
14035,Karabastau,,,742
14036,Arys,,,742
14037,Abay,,,742
14038,Turkistan,,,742
14039,Shardara,,,742
14040,Kentau,,,742
14041,Saryaghash,,,742
14042,Guelph,,,104
14043,Toronto,43.6534817,-79.3839347,104
14044,Gananoque,44.3352722,-76.1646638,104
14045,Cobalt,,,104
14046,Thunder Bay,,,104
14047,Mississauga,,,104
14048,Bracebridge,,,104
14049,Welland,42.9922181,-79.2484192,104
14050,Collingwood,44.5027226,-80.2172379,104
14051,North Bay,,,104
14052,Granton,,,104
14053,Oshawa,,,104
14054,Dryden,,,104
14055,Mimico,,,104
14056,South Porcupine,,,104
14057,Renfrew,45.7300564,-77.2793698,104
14058,Cobourg,43.9595998,-78.1677784,104
14059,Halton Hills,,,104
14060,Thornhill,43.8161477,-79.4245925,104
14061,Richmond Hill,,,104
14062,Almonte,45.226049,-76.1945277,104
14063,Cornwall,,,104
14064,Neys Internment Camp,,,104
14065,Brantford,,,104
14066,Barrie,,,104
14067,Vankleek Hill,45.5196086,-74.6519669,104
14068,Oakville,,,104
14069,Simcoe,,,104
14070,Hagersville,,,104
14071,Kitchener,,,104
14072,Strathroy,,,104
14073,Saint Thomas,,,104
14074,Parry Sound,,,104
14075,Brockville,44.6039207,-75.7016829,104
14076,Bowmanville,,,104
14077,Beckwith,,,104
14078,Yarker,,,104
14079,Kirkland Lake,48.154177,-80.031281,104
14080,Smiths Falls,,,104
14081,Port Arthur,,,104
14082,Maple,43.8594952,-79.5068973,104
14083,Orangeville,,,104
14084,New Tecumseth,,,104
14085,Callander,,,104
14086,Ajax,,,104
14087,Leamington,,,104
14088,Walkerton,,,104
14089,Markham,,,104
14090,Unionville,,,104
14091,Stoney Creek,,,104
14092,Goderich,,,104
14093,Vanier,,,104
14094,Dundas,,,104
14095,Don Mills,,,104
14096,Sarnia,,,104
14097,Meaford,,,104
14098,South Bruce Peninsula,,,104
14099,Pickering,,,104
14100,Manotick,,,104
14101,Lively,,,104
14102,Kapuskasing,,,104
14103,Owen Sound,,,104
14104,Timmins,,,104
14105,Fort Erie,,,104
14106,Ennismore,,,104
14107,Port Colborne,,,104
14108,Cooksville,43.5830451,-79.6240431,104
14109,Thamesville,,,104
14110,Lindsay,44.3551266,-78.7369939,104
14111,Willowdale,,,104
14112,Terrace Bay,48.782437,-87.102356,104
14113,Stevensville,,,104
14114,Walton,43.6774951,-81.3013486,104
14115,Arnprior,45.433515,-76.3543692,104
14116,Bancroft,,,104
14117,Ingersoll,43.037725,-80.88211,104
14118,Lanark,,,104
14119,Bramalea,,,104
14120,Copper Cliff,46.4743667,-81.067045,104
14121,Listowel,,,104
14122,Rockland,,,104
14123,Port Credit,43.5560546,-79.5870828,104
14124,Smooth Rock Falls,,,104
14125,Verner,46.4112427,-80.123348,104
14126,Ohsweken,43.0687351,-80.1179909,104
14127,Fort William,48.3824086,-89.2456153,104
14128,Sturgeon Falls,46.3653409,-79.9321566,104
14129,Landsdowne,45.23721125,-76.20489407768494,104
14130,Carleton Place,,,104
14131,Fergus,43.7059439,-80.3779366,104
14132,Alderville Indian Reserve,,,104
14133,Kenora,,,104
14134,Stouffville,43.9717581,-79.2454446,104
14135,Thornloe,47.6675948,-79.7600853,104
14136,Haldimand,,,104
14137,Iroquois Falls,48.7672213,-80.6770998,104
14138,Varney,44.2859119,-79.4838137,104
14139,Elliot Lake,,,104
14140,Fort Frances,,,104
14141,Atikokan,,,104
14142,Downsview,43.7492988,-79.462248,104
14143,Penetanguishene,,,104
14144,Kemptville,,,104
14145,Puslinch,,,104
14146,Norfolk County,42.7971532,-80.4538365,104
14147,Schreiber,,,104
14148,Palmerston,,,104
14149,Perth,43.4935991,-81.0164111,104
14150,Bailieboro,,,104
14151,Tillsonburg,42.859494,-80.7265015,104
14152,Deseronto,44.195005,-77.049866,104
14153,Wabigoon,,,104
14154,Seaforth,,,104
14155,Temiskaming Shores,,,104
14156,Port Perry,,,104
14157,Thorsby,43.6934508,-79.7577635,104
14158,Carleton County,45.1723117,-75.71412498508786,104
14159,Villanova,45.28713255,-75.90649565316852,104
14160,Burketon Station,,,104
14161,Acton,43.6340679,-80.0351117,104
14162,Cambray,44.4092019,-78.8318396,104
14163,Carleton,,,104
14164,Gravenhurst,44.91741,-79.373131,104
14165,Collins Bay,,,104
14166,Elora,43.681148,-80.429581,104
14167,Wingham,43.886245,-81.31275,104
14168,Hope,,,104
14169,Harriston,,,104
14170,Stittsville,,,104
14171,Caledon East,,,104
14172,Carp,,,104
14173,Vaughan,,,104
14174,South Norwich,,,104
14175,Chapleau,,,104
14176,Nepean,,,104
14177,Orono,43.975028,-78.616447,104
14178,Saint George,,,104
14179,Thamesford,43.0588881,-80.9963088,104
14180,Nairn,43.1116918,-81.5569288,104
14181,Espanola,46.265341,-81.769867,104
14182,Frankford,44.2014122,-77.5957588,104
14183,Floradale,,,104
14184,Kingsville,42.0378963,-82.7396606,104
14185,Port Elgin,44.4358826,-81.3889458,104
14186,East Oxford,44.9203247,-75.6529423,104
14187,Port Dalhousie,43.1988905,-79.2726179,104
14188,Arran Township,,,104
14189,Chesley,44.29874,-81.0952892,104
14190,Allenford,44.5364172,-81.1810222,104
14191,Gentbrugge,51.0447236,3.7588813,96
14192,Gent (Ghent),51.10159575,3.739500874291591,96
14193,Oudenaarde,50.8433705,3.6041443,96
14194,Aalst,50.9383226,4.0392147,96
14195,Sint-Denijs-Westrem,,,96
14196,Geraardsbergen,50.7715779,3.8827287,96
14197,Lokeren,51.1044488,3.9898689,96
14198,Dendermonde,51.0312293,4.098112,96
14199,Temse,51.1253635,4.2133313,96
14200,Sint-Niklaas,51.1646685,4.1395124,96
14201,Kruibeke,51.17625475,4.298036873275151,96
14202,Ninove,,,96
14203,Hamme,51.0977642,4.1377229,96
14204,Munkzwalm,50.8776841,3.7327378,96
14205,Petegem-aan-de-Leie,50.969075,3.5324987,96
14206,Deinze,50.9840526,3.5274017,96
14207,Berlare,51.0251576,4.0034747,96
14208,Meerdonk,51.2588943,4.1511549,96
14209,Sleidinge,51.1319999,3.6789079,96
14210,Bambrugge,50.9199007,3.9288424,96
14211,Ronse,50.7526199,3.601447689906585,96
14212,Erondegem,50.9407226,3.9555369,96
14213,Zottegem,50.8694602,3.8092452,96
14214,Ledeberg,51.0372053,3.7414088,96
14215,Adegem,51.1852968,3.501328333460316,96
14216,Sint-Amandsberg,,,96
14217,Beveren,,,96
14218,Goeferdinge,50.7654043,3.8392513,96
14219,Merelbeke,50.995756150000005,3.74567419991459,96
14220,Eeklo,,,96
14221,Wetteren,50.9983603,3.8731040535437895,96
14222,Sint-Gillis-Waas,51.2179895,4.1286101,96
14223,Opbrakel,50.7921614,3.7463234,96
14224,Herzele,50.86999175,3.898856383085506,96
14225,Zwijnaarde,51.0003917,3.7167702,96
14226,Moerbeke-Waas,51.1740492,3.9412104,96
14227,Belsele,51.14633,4.08979,96
14228,Erembodegem,50.92009,4.0587947,96
14229,Mariakerke,51.0726885,3.6750846,96
14230,Drongen,51.0504639,3.6639157,96
14231,Nazareth,50.959802,3.5963218,96
14232,Astene,50.9845547,3.5628186,96
14233,Zele,51.0683621,4.0385864,96
14234,Grembergen,51.0540034,4.1070284,96
14235,Maldegem,51.2088871,3.4452214,96
14236,Lede,50.9662645,3.9775505,96
14237,Schellebelle,51.0127238,3.928714,96
14238,Namysłów,,,274
14239,Nysa,50.4738029,17.3324733,274
14240,Koźle,50.3448836,18.2109594,274
14241,Głubczyce,,,274
14242,Grodków,,,274
14243,Kędzierzyn-Koźle,,,274
14244,Walce,,,274
14245,Strzelce,,,274
14246,Wachowice,50.8506345,18.4041121,274
14247,Paczków,,,274
14248,Lasowice,50.5122616,17.1021974,274
14249,Skoroszyce,50.5969194,17.3810561,274
14250,Starowice Dolne,50.6441827,17.3294718,274
14251,Brzeg,50.8631471,17.4664982,274
14252,Chrząstowice,50.6606642,18.0751705,274
14253,Krzyzowa Dolina,,,274
14254,Brzeźce,50.3238405,18.2065652,274
14255,Sławięcice,,,274
14256,Komorzno,51.1173725,18.0760747,274
14257,Niwki,50.4985824,18.1574846,274
14258,Olszanka,,,274
14259,Krapkowice,,,274
14260,Dytmarów,50.3298343,17.6765639,274
14261,Prudnik,50.3127615,17.5776325,274
14262,Czarnowąsy,50.7164289,17.9031749,274
14263,Prószków,50.58460575,17.87790760464845,274
14264,Zawadzkie,,,274
14265,Niemodlin,50.6415925,17.6211388,274
14266,Nowy Las,50.3583838,17.4228009,274
14267,Karchów,50.2762968,18.0136393,274
14268,Oran,35.7044415,-0.6502981,592
14269,Bethioua,,,592
14270,Renan,,,592
14271,Ordino,,,2146
14272,Ordu,40.9852301,37.8797732,1646
14273,Ulubey,,,1646
14274,Eugene,,,833
14275,Coos Bay,,,833
14276,Bend,,,833
14277,Oregon City,,,833
14278,Hood River,45.5311636,-121.6475587,833
14279,Hillsboro,45.5228939,-122.989827,833
14280,McMinnville,45.2100367,-123.194463,833
14281,Gresham,,,833
14282,Forest Grove,,,833
14283,Azalea,,,833
14284,Roseburg,,,833
14285,Astoria,46.1882007,-123.8319802,833
14286,Beaverton,45.4871723,-122.80378,833
14287,Newberg,,,833
14288,Grants Pass,,,833
14289,Corvallis,,,833
14290,Canby,45.2629088,-122.6925983,833
14291,Lakeview,42.1887721,-120.345792,833
14292,Woodburn,,,833
14293,The Dalles,,,833
14294,Philomath,,,833
14295,La Grande,,,833
14296,Tualatin,,,833
14297,Milwaukie,,,833
14298,Lake Oswego,,,833
14299,John Day,,,833
14300,Cottage Grove,40.1076665,-88.1956645,833
14301,Klamath Falls,,,833
14302,Orenburg,,,1025
14303,Novotroitsk,,,1025
14304,Energetik,51.8299812,55.07904745904632,1025
14305,Sekretarka,,,1025
14306,Gremyachy,,,1025
14307,Vesyoly,,,1025
14308,Buzuluk,,,1025
14309,Terensay,51.589283,59.50824,1025
14310,Akbulak,,,1025
14311,Louredo Cortegado,,,1112
14312,La Gudiña,,,1112
14313,Orense,,,1112
14314,Mocedo,,,1112
14315,Armariz,42.2263567,-7.75034486931149,1112
14316,Orhei,,,2279
14317,Nador,,,758
14318,Oujda,34.677874,-1.929306,758
14319,Berkane,,,758
14320,Gopalpur,,,2447
14321,Oristano,,,705
14322,Arborea,,,705
14323,Ales,39.768245,8.815632,705
14324,Ghilarza,40.119652,8.834927,705
14325,Cabras,39.9303142,8.5320543,705
14326,Erdenet,,,2271
14327,Flers,48.7484236,-0.5697257,621
14328,La-Lande-de-Patry,48.7956193,-0.5968125,621
14329,Alençon,48.4312059,0.0911374,621
14330,Saint-Fraimbault,48.4863975,-0.6993164,621
14331,Argentan,48.74289,-0.0223386,621
14332,Caligny,48.8078346,-0.5944265,621
14333,La Cochère,48.72451955,0.1574875045528145,621
14334,Bishoftu,,,580
14335,Jeldu,,,580
14336,Fiche,,,580
14337,Bekoji,,,580
14338,Tullu Bollo,,,580
14339,Ambo,,,580
14340,Shenkora,9.16667,36.36667,580
14341,Sheno,,,580
14342,Gimbichu,,,580
14343,Aleltu,,,580
14344,Arsi,,,580
14345,Asella,,,580
14346,Debre Zeit,,,580
14347,Adama,,,580
14348,Dire Jila,,,580
14349,Kofele,,,580
14350,Robe,,,580
14351,Chefe,,,580
14352,near Bekoji,,,580
14353,Huruta,,,580
14354,Lemu,,,580
14355,Eteya,,,580
14356,Waliso,,,580
14357,Borena,5.05059135,37.97430453797929,580
14358,Addis Alem,,,580
14359,Machacamarca,-18.1718352,-67.0198395,1886
14360,Oryol,,,1068
14361,Mtsensk,,,1068
14362,Dolgoye,52.0717907,37.5489805,1068
14363,Yao,,,214
14364,Takatsuki,,,214
14365,Kishiwada,,,214
14366,Neyagawa,,,214
14367,Osaka,,,214
14368,Higashiosaka,34.6950424,135.6522426,214
14369,Sakai,,,214
14370,Tondabayashi,,,214
14371,Suita,34.764884,135.51735,214
14372,Toyonaka,34.7862025,135.4737093,214
14373,Minoh,,,214
14374,Takaishi,34.5366402,135.42631436690732,214
14375,Taisho,34.6655235,135.4801004,214
14376,Tadaoka,,,214
14377,Ibaraki,,,214
14378,Hirakata,,,214
14379,Daito,,,214
14380,Nishiyodogawa,,,214
14381,Osakasayama,,,214
14382,Kawachinagano,,,214
14383,Sennan,,,214
14384,Moriguchi,34.7508397,135.5701445,214
14385,Habikino,,,214
14386,Izumi,34.6571168,135.5059334,214
14387,Settsu,,,214
14388,Kumatori,,,214
14389,Izumisano,,,214
14390,Fujiidera,,,214
14391,Osh,40.60815205,72.79365034036988,1792
14392,Ondangwa,,,2126
14393,Oshali,,,2126
14394,Ehangono,,,2126
14395,Oshakati,,,2126
14396,Osijek,,,895
14397,Đakovo,,,895
14398,Piškorevci,45.2554528,18.399036,895
14399,Belišće,45.6830916,18.4063613,895
14400,Grabovac,,,895
14401,Bapska,45.5472024,18.7233985,895
14402,Šljivoševci,45.656997,18.2164145,895
14403,Karanac,45.7578745,18.6840405,895
14404,Čepin,45.5236008,18.5737213,895
14405,Oslo,59.97239745,10.775729194051896,260
14406,Aker,,,260
14407,Vestre Aker,,,260
14408,Østre Aker,,,260
14409,Grorud,59.9614243,10.8805488,260
14410,Lilleaker,59.9231503,10.6395321,260
14411,Ullern,,,260
14412,Klemetsrud,59.8333503,10.8462078,260
14413,Sørkedalen,,,260
14414,Nordstrand,59.8645605,10.7861425,260
14415,Grefsen,,,260
14416,Kadirli,,,2409
14417,Ife,,,1530
14418,Ilesha,,,1530
14419,Osogbo,7.75832225,4.575044734945106,1530
14420,Ikire,,,1530
14421,Oamaru,-45.0997681,170.9684232,799
14422,Balclutha,,,799
14423,Ranfurly,,,799
14424,Wanaka,,,799
14425,Mosgiel,-45.8749828,170.347348,799
14426,Roxburgh,-45.5393399,169.3139403,799
14427,Cromwell,,,799
14428,Clyde,,,799
14429,Okahandja,,,2216
14430,Otjiwarongo,,,2216
14431,Port-au-Prince,,,1949
14432,La Croix-Des-Missions,,,1949
14433,Porto-Novo,,,1928
14434,Adjohoun,6.6981376,2.516410998155393,1928
14435,Denekamp,52.3746713,7.0055192,246
14436,Vollenhove,,,246
14437,Enschede,,,246
14438,Zwolle,,,246
14439,Kuinre,,,246
14440,Oldenzaal,,,246
14441,Deventer,,,246
14442,Raalte,,,246
14443,Borne,,,246
14444,Almelo,52.3563585,6.6636219,246
14445,Losser,,,246
14446,Weerselo,52.3508632,6.8539238,246
14447,Kampen,52.5559484,5.9033303,246
14448,Holten,,,246
14449,Dalfsen,,,246
14450,Ambt Vollenhove,,,246
14451,Wierden,,,246
14452,Nijverdal,,,246
14453,Wanneperveen,,,246
14454,Tubbergen,,,246
14455,Scheerwolde,,,246
14456,Schalkhaar,52.2683185,6.1946117,246
14457,Ijsselmuiden,,,246
14458,Haaksbergen,,,246
14459,Lutten,,,246
14460,Hardenberg,,,246
14461,Goor,,,246
14462,Hellendoorn,52.39046275,6.451511548705841,246
14463,Avereest,52.6218698,6.3675307,246
14464,Bentelo,,,246
14465,Delden,52.2621018,6.7090631,246
14466,Ommen,52.510347,6.452424670840507,246
14467,Vriezenveen,,,246
14468,Zwartsluis,,,246
14469,Rouveen,,,246
14470,Steenwijk,52.7895502,6.1210477,246
14471,Geesteren,,,246
14472,Okeho,8.0444487,3.3786261564006885,788
14473,Ibadan,7.3786064,3.8969928,788
14474,Oyo,,,788
14475,Ogbomosho,8.133,4.25,788
14476,Padova,45.4077172,11.8734455,399
14477,Camposampiero,,,399
14478,Piove di Sacco,,,399
14479,Este,45.2240069,11.659796,399
14480,Piombino Dese,45.6075204,11.9994148,399
14481,San Martino di Lupari,,,399
14482,Cittadella,,,399
14483,Boara Pisani,45.108085,11.782711,399
14484,Battaglia Terme,45.2881433,11.7818338,399
14485,Vigodarzere,,,399
14486,Veggiano,,,399
14487,Piazzola sul Brenta,45.541496,11.784404,399
14488,Vescovana,45.1345136,11.7084352,399
14489,Monselice,,,399
14490,Galliera Veneta,45.6628395,11.8284875,399
14491,Cadoneghe,45.4586481,11.9201748,399
14492,Tombolo,45.6470275,11.8304219,399
14493,Montagnana,,,399
14494,Teolo,,,399
14495,Lozzo Atestino,45.2909178,11.6304106,399
14496,Vigonza,45.4429539,11.9831493,399
14497,Conselve,45.2337438,11.8740131,399
14498,San Giorgio delle Pertiche,,,399
14499,Paget,-21.1824516,149.1634446,1206
14500,Paget East,-21.17733645,149.1711673908003,1206
14501,Spectacle Island,,,1206
14502,Kuantan,,,2450
14503,Puerto Princesa City,9.7470172,118.74245113705533,812
14504,Cervatos de la Cueza,42.2904319,-4.7693449,1625
14505,Herrera de Pisuerga,42.5938269,-4.3310029,1625
14506,Palencia,42.0108856,-4.5328735,1625
14507,Astudillo,,,1625
14508,Menaza,42.8311225,-4.2147687,1625
14509,Becerril de Campos,42.1079127,-4.6397799,1625
14510,Amusco,42.1728976,-4.4699037,1625
14511,Villaherreros,42.3886413,-4.4626671,1625
14512,Ustica,,,717
14513,Bagheria,,,717
14514,Terrasini,,,717
14515,Cefalù,38.034957,14.0244562,717
14516,Altofonte,,,717
14517,Termini Imerese,,,717
14518,Monreale,38.0826321,13.2919931,717
14519,Bacolor,14.9965611,120.6513934,545
14520,Angeles City,,,545
14521,Lubao,14.9378136,120.600497,545
14522,Magalang,15.2140936,120.6616332,545
14523,Guagua,14.9654074,120.6336297,545
14524,Floridablanca,14.9745982,120.5277236,545
14525,Arayat,15.1504805,120.772694,545
14526,Panamá (Panama City),8.9714493,-79.5341802,806
14527,Taboga,8.7895216,-79.56073999876523,806
14528,El Coco,,,2545
14529,Panevėžys,,,754
14530,Madiniu,,,754
14531,Žvikai,55.7760981,24.6166683,754
14532,Joniškėlis,56.0226638,24.1703394,754
14533,Biržai,,,754
14534,Terpeikiai,,,754
14535,Rokiškis,,,754
14536,Butkiškiai,,,754
14537,Nausėdžiai,56.3641313,24.7749047,754
14538,Kiburiai,56.2365745,24.2294348,754
14539,Daičiūnai,56.1865077,24.2165646,754
14540,Kupiškis,55.8388909,24.9760431,754
14541,Bagdonys,,,754
14542,Alaminos,,,897
14543,Calasiao,16.0089487,120.3571939,897
14544,San Quintin,,,897
14545,Baer,,,897
14546,Lingayen,16.0206363,120.2307093,897
14547,Mangaldan,16.0702806,120.4037803,897
14548,Pafos,,,1947
14549,Statos,34.8912229,32.6092664,1947
14550,Merauke,-7.7925193,140.01832515,1775
14551,Angguruk,,,1775
14552,Jayapura,,,1775
14553,Biak Numfor,,,1775
14554,Manokwari,,,1599
14555,Sorong,-0.8634105,131.2544805,1599
14556,Paraguarí,-25.6207309,-57.1475978,1538
14557,Paramaribo,,,785
14558,Curitiba,,,173
14559,Arapongas,,,173
14560,Jacarezinho,,,173
14561,Campo Mourão,,,173
14562,Ponta Grossa,,,173
14563,Braganey,,,173
14564,Jandaia do Sul,,,173
14565,Tupãssi,,,173
14566,Foz do Iguaçu,,,173
14567,Londrina,-23.3112878,-51.1595023,173
14568,Maringá,,,173
14569,Umuarama,,,173
14570,Palotina,,,173
14571,Paranavaí,,,173
14572,Uraí,,,173
14573,Cascavel,,,173
14574,Marialva,,,173
14575,Cambé,,,173
14576,Xambrê,,,173
14577,Reserva,,,173
14578,Rio Negro,,,173
14579,Assaí,,,173
14580,Santo Antônio da Platina,-23.2957157,-50.0778957,173
14581,Cruzeiro do Oeste,-23.7839582,-53.0709425,173
14582,Jardim Alegre,,,173
14583,Cornélio Procópio,-23.1825218,-50.6499263,173
14584,Barbosa Ferraz,-24.0287182,-52.00811,173
14585,Medianeira,,,173
14586,Nova Cantu,,,173
14587,Matelândia,-25.2404183,-53.9835004,173
14588,Diamante do Norte,,,173
14589,Pato Branco,,,173
14590,Guarapuava,-25.3950986,-51.4622016,173
14591,Marechal Cândido Rondon,-24.5582532,-54.0587821,173
14592,União da Vitória,-26.228596,-51.0869796,173
14593,Bandeirantes,-23.107788,-50.370407,173
14594,João Pessoa,,,1449
14595,Taperoá,,,1449
14596,Campina Grande,,,1449
14597,Sousa,-6.7662029,-38.2319607,1449
14598,Pardubice,,,664
14599,Ústí nad Orlicí,49.9737603,16.3941695,664
14600,Ohrazenice,50.0625379,15.7573081,664
14601,Starý Mateřov,50.0016376,15.7151153,664
14602,Lanškroun,49.9124356,16.6118541,664
14603,Líšnice,,,664
14604,Chrudim,49.9511458,15.7947559,664
14605,Moravská Třebová,,,664
14606,Březiny,,,664
14607,Vysoké Mýto,49.9534727,16.1616455,664
14608,Žamberk,50.0871434,16.4650893,664
14609,Hrochův Týnec,,,664
14610,Svitavy,,,664
14611,Řetová,49.9457944,16.3812246,664
14612,Litomyšl,,,664
14613,Žampach,,,664
14614,Valy,,,664
14615,Staré Čivice,,,664
14616,Červená Voda,,,664
14617,Chroustovice,49.9555258,15.9914315,664
14618,Polička,,,664
14619,Česká Třebová,49.9021593,16.4472039,664
14620,Rozstání,49.7352504,16.7207349,664
14621,Chornice,,,664
14622,Cerekvice nad Loučnou,49.8989467,16.2153158,664
14623,Paris XXe,48.865042,2.398929,4
14624,Paris IXe,48.876019,2.339962,4
14625,Paris XIVe,48.8295667,2.3239624642685364,4
14626,Paris IVe,48.8562021,2.3556193,4
14627,Paris VIIIe,48.8774799,2.31765,4
14628,Paris XIIe,48.8396154,2.3957517,4
14629,Paris Ve,48.8459728,2.3443504,4
14630,Paris Ie,,,4
14631,Paris XIXe,48.889343,2.38436,4
14632,Paris XVIe,48.8631709,2.2757648,4
14633,Paris XIe,,,4
14634,Paris VIe,48.8504333,2.3329507,4
14635,Paris XIIIe,48.8206809,2.3635646,4
14636,Paris XVIIe,48.8842239,2.3223639,4
14637,Paris XVe,48.8413705,2.3003827,4
14638,Paris IIe,48.868743,2.341688,4
14639,Paris XVIIIe,48.8900117,2.3464668,4
14640,Paris Xe,48.876225,2.3595209,4
14641,Paris VIIe,48.8570281,2.3201953,4
14642,Paris IIIe,48.864212,2.360936,4
14643,Parma,,,191
14644,San Secondo Parmense,,,191
14645,Felino,,,191
14646,Sala Baganza,44.7139495,10.2263338,191
14647,Montechiarugolo,,,191
14648,Soragna,,,191
14649,Fidenza,,,191
14650,San Lazzaro di Parma,44.8021078,10.3674791,191
14651,Borgo Val di Taro,,,191
14652,Paro,,,2441
14653,Ananindeua,,,1004
14654,Belém,-1.45056,-48.4682453,1004
14655,Igarapé-Miri,,,1004
14656,Tucuruí,-3.766334,-49.6663654,1004
14657,Abaetetuba,,,1004
14658,Soure,-0.7275759,-48.5189785,1004
14659,Altamira,,,1004
14660,Ostreville,50.3957742,2.3944404,15
14661,Boulogne-sur-Mer,50.7259985,1.6118771,15
14662,Beuvry,50.5337191,2.6864794,15
14663,Carvin,50.4934145,2.9577519,15
14664,Calais,50.9524769,1.8538446,15
14665,Hénin-Beaumont,,,15
14666,Arras,50.291048,2.7772211,15
14667,Lens,,,15
14668,Rouvray,,,15
14669,Lespesses,50.5632812,2.4220283,15
14670,Cucq,,,15
14671,Bailleul-sur-Berthoult,,,15
14672,Sibiville,50.29849,2.32297,15
14673,Grenay,50.4482588,2.7396733,15
14674,Béthune,,,15
14675,Hinges,50.5654606,2.621913,15
14676,Guînes,50.8690859,1.8704408,15
14677,Noyelles-sous-Lens,50.4307524,2.8760012,15
14678,Berck,50.4052576,1.5711617,15
14679,Harnes,50.44741,2.9068246,15
14680,Houdain,50.4524327,2.5378571,15
14681,Oignies,50.4643,2.99387,15
14682,Divion,50.4694,2.50722,15
14683,Bois-Bernard,,,15
14684,Bourecq,50.5716484,2.4339323,15
14685,Bapaume,50.1038538,2.8497506,15
14686,Angres,50.4091556,2.7561083,15
14687,Auchel,50.5037492,2.4682059,15
14688,Norrent-Fontes,50.5855518,2.410162,15
14689,Sainte-Catherine-lès-Arras,,,15
14690,Courrières,,,15
14691,Lillers,50.5606,2.47604,15
14692,Douvrin,50.5101937,2.8318133,15
14693,Saint-Omer,50.7515771,2.2534183,15
14694,Bully-les-Mines,50.4464,2.71989,15
14695,Libercourt,50.4802102,3.0105187,15
14696,Oisy-le-Verger,50.2514165,3.1220023,15
14697,Noyelles-Godault,50.419769,2.996459,15
14698,Allouagne,50.5325,2.50706,15
14699,Saint-Pol-sur-Ternoise,50.3812113,2.3361053,15
14700,Saint-Étienne au Mont,50.6816857,1.6260428,15
14701,La Comté,50.425954,2.4995422,15
14702,Rouvroy,50.393427,2.9036734,15
14703,Rang-du-Fliers,50.4168975,1.6439351,15
14704,Arques,50.7396639,2.3062068,15
14705,Puyo,,,2444
14706,Nong Suea,,,2507
14707,Zerbolò,45.2071663,9.0129546,200
14708,Breme,,,200
14709,Pavia,45.1860043,9.1546375,200
14710,Voghera,,,200
14711,Vigevano,45.3170942,8.858603,200
14712,Broni,45.0621619,9.2611911,200
14713,Gravellona Lomellina,45.327664,8.76414,200
14714,Belgioioso,45.158565,9.313756,200
14715,Stradella,45.0773563,9.2950171,200
14716,Robbio,45.2899709,8.5932785,200
14717,Cozzo,45.192659,8.61104,200
14718,Pieve del Cairo,45.049957,8.804146,200
14719,Pavlodar,,,847
14720,Mayqayyng,,,847
14721,Mikhaylovka,,,847
14722,Aksu,,,847
14723,Aktogay,52.7234423,75.25583251980024,847
14724,Potanino,,,847
14725,Paysandú,,,906
14726,Gorno Varshilo,42.3296581,24.0050642,177
14727,Pazardzhik,42.1884549,24.3318993,177
14728,Peshtera,42.0336471,24.305207,177
14729,Velingrad,42.0283589,23.9944408,177
14730,Panagyurishte,42.5043065,24.1888411,177
14731,Ognyanovo,42.14752,24.41297,177
14732,Pashovi,,,177
14733,Dorkovo,,,177
14734,Rakitovo,41.9911914,24.0876515,177
14735,Velicikovo,,,177
14736,Tsar Asen,42.36227,24.34658,177
14737,Kamenitsa,,,177
14738,Dobrovnitsa,42.21078,24.3798,177
14739,Simeonovets,42.17108,24.10098,177
14740,Peć,,,1590
14741,Gjurakovc,,,1590
14742,Voies,,,1415
14743,Pylos,36.9137968,21.6963888,1415
14744,Kalamata,,,1415
14745,Korinthos,37.9385413,22.9273768,1415
14746,Messenia,36.986899050000005,21.82712495001949,1415
14747,Nafplion,37.565439,22.7971955,1415
14748,Siderokastro,38.1664787,21.7655432,1415
14749,Vourvoura,,,1415
14750,Kalogria,,,1415
14751,Moschochori,37.0714101,21.9933927,1415
14752,Mantinea,36.9570005,22.163854,1415
14753,Dimitsana,37.595289,22.0400063,1415
14754,Megalopolis,37.4012364,22.1356726,1415
14755,Kerasitsa,37.456244,22.41236546829213,1415
14756,Prosimna,37.7129727,22.8417334,1415
14757,Gortynia,37.66499375,22.020189412908067,1415
14758,Barrackpore,,,2023
14759,Maewo,,,2417
14760,Philadelphia,39.9527237,-75.1635262,455
14761,Lansford,,,455
14762,Pittsburgh,,,455
14763,Gwynedd Valley,40.1842749,-75.2562876,455
14764,Milesburg,,,455
14765,Harrisburg,,,455
14766,Chester Heights,,,455
14767,Darby,39.9184461,-75.2590721,455
14768,Uniontown,39.900076,-79.7164326,455
14769,West Chester,,,455
14770,Kennett Square,,,455
14771,Norristown,,,455
14772,Pottstown,,,455
14773,Hollidaysburg,,,455
14774,Coatesville,,,455
14775,Picture Rocks,41.2798029,-76.7130116,455
14776,Bryn Mawr,40.0238245,-75.31734069085473,455
14777,Williamsport,,,455
14778,Bethlehem,40.6178915,-75.3786521,455
14779,Brooklyn,,,455
14780,Erie,,,455
14781,Ashley,,,455
14782,Lower Merion,40.0250214,-75.27688813828287,455
14783,Aliquippa,,,455
14784,Weissport,40.82888585,-75.70230413675668,455
14785,Newton Square,40.5418352,-80.2057199,455
14786,Hershey,,,455
14787,Connellsville,,,455
14788,Manns Choice,40.002581,-78.59113,455
14789,Oil City,41.433948,-79.706441,455
14790,Wyncote,40.0945549,-75.1487863,455
14791,Shippingport,40.6320101,-80.4139539,455
14792,Chambersburg,39.9375112,-77.6612586,455
14793,Sellersville,40.3542858,-75.3050079,455
14794,Haverford,,,455
14795,Bridgeville,,,455
14796,Honesdale,,,455
14797,Wilkes-Barre,41.2464824,-75.8817316,455
14798,Homestead,40.4059025,-79.9119948,455
14799,Irwin,,,455
14800,Muse,,,455
14801,Tobyhanna,,,455
14802,Beaver Springs,,,455
14803,Hellertown,,,455
14804,Marple Newtown,39.9832474,-75.3794599,455
14805,Curwensville,40.9756137,-78.5250243,455
14806,Plymouth Meeting,40.102332,-75.2743467,455
14807,Scranton,41.4086874,-75.6621294,455
14808,Chestnut Hill,40.0770553,-75.2074,455
14809,Glenolden,39.9001126,-75.2890745,455
14810,Dupont,,,455
14811,Ridgway,,,455
14812,Paoli,,,455
14813,Upper Darby,39.9284459,-75.2737955,455
14814,Donora,,,455
14815,Waynesburg,,,455
14816,Sewickley,,,455
14817,Sayre,,,455
14818,Muncy,41.20484,-76.7870991,455
14819,Eagles Mere,,,455
14820,Havertown,,,455
14821,McKeesport,,,455
14822,Meadowlands,40.5085961,-75.38838942827257,455
14823,Allentown,40.6022059,-75.4712794,455
14824,Drexel Hill,,,455
14825,East Stroudsburg,,,455
14826,State College,,,455
14827,Conshohocken,,,455
14828,Brackenridge,,,455
14829,Hazleton,40.9646867,-75.9852789,455
14830,Greenawalds,40.6270955,-75.5178366,455
14831,Pittston,41.3259134,-75.7893604,455
14832,Phoenixville,,,455
14833,Collegeville,,,455
14834,Quakertown,40.4417682,-75.3415667,455
14835,Brier Hill,39.9803532,-79.8281003,455
14836,Hummelstown,40.2653681,-76.7083033,455
14837,New Holland,40.1017643,-76.085227,455
14838,California,,,455
14839,Altoona,,,455
14840,Ardmore,40.0067786,-75.2854622,455
14841,West Grove,,,455
14842,Ambler,40.1545535,-75.2215651,455
14843,Ridley Park,39.8812236,-75.3237993,455
14844,Gulph Mills,40.0711723,-75.3425097,455
14845,Lewisburg,,,455
14846,Sunbury,,,455
14847,Cecil,40.3283542,-80.182406,455
14848,Farrell,,,455
14849,Perry County,40.3966461,-77.2890283,455
14850,Ford City,40.7694379,-79.5317734,455
14851,Rices Landing,,,455
14852,Parkesburg,39.9587161,-75.9193928,455
14853,Reamstown,40.2118035,-76.11635751375,455
14854,Mayfield,41.5382693,-75.5359048,455
14855,Emsworth,,,455
14856,Monroeville,,,455
14857,Media,39.9167783,-75.387693,455
14858,Sykesville,41.0503401,-78.8222537,455
14859,Bellefonte,40.9134862,-77.7737471,455
14860,Lansdale,,,455
14861,Strafford,,,455
14862,Olyphant,41.4688301,-75.602387,455
14863,Johnstown,40.3267407,-78.9219698,455
14864,Perkasie,,,455
14865,Penza,,,1601
14866,Marat,,,1601
14867,Trushnino,,,1601
14868,Vyazovka,,,1601
14869,Zarechny,,,1601
14870,Kuznetsk,,,1601
14871,Komarovka,,,1601
14872,Ipoh,4.5986817,101.0900236,237
14873,Tanjung Piandang,5.076798,100.386678,237
14874,Bagan Serai,,,237
14875,Taiping,4.8546772,100.7438831,237
14876,Batu Gajah,,,237
14877,Sungkai,4.0046715,101.302936,237
14878,Tapah,4.1990915,101.2599231,237
14879,Kuala Kangsar,,,237
14880,Teluk Intan,4.023176,101.026184,237
14881,Baní,,,2527
14882,Nizao,,,2527
14883,Kangar,,,2495
14884,Chusovoy,,,1077
14885,Krasnokamsk,,,1077
14886,Perm,58.5951603,56.3159546,1077
14887,Berezniki,,,1077
14888,Kungur,,,1077
14889,Lysva,,,1077
14890,Ust-Bub,,,1077
14891,Senino,59.857155,55.270496,1077
14892,Lesouchastok,58.4335,57.0971,1077
14893,Serga,57.7765215,56.8880502,1077
14894,Aleksandrovsk,,,1077
14895,Chaykovsky,,,1077
14896,Solikamsk,,,1077
14897,Novoilyinsky,,,1077
14898,Pavlovsky,,,1077
14899,Dolgy Most,,,1077
14900,Osa,,,1077
14901,Gubakha,58.842407,57.555058,1077
14902,Badya,,,1077
14903,Olinda,,,922
14904,Recife,,,922
14905,Camaragibe,,,922
14906,Paulista,,,922
14907,Abreu e Lima,,,922
14908,Jaboatão dos Guararapes,,,922
14909,Bom Conselho,-9.169191,-36.685683,922
14910,Araçoiaba,-7.7856903,-35.0898881,922
14911,Afogados da Ingazeira,,,922
14912,Garanhuns,-8.8905889,-36.4930896,922
14913,Bezerros,-8.2372132,-35.7558262,922
14914,Petrolina,-9.3817334,-40.4968875,922
14915,Pernik,42.6092185,23.0309457,287
14916,Krenets,,,287
14917,Drugan,,,287
14918,Beraintsi,42.8083931,22.5936521,287
14919,Radomir,42.54616,22.96291,287
14920,Rayantsi,42.5332909,22.6755891,287
14921,Vrabcha,42.8671779,22.7073059,287
14922,Kovachevtsi,,,287
14923,Leshnikovtsi,42.7797597,22.5365719,287
14924,Yardzhilovtsi,42.6323918,22.9427869,287
14925,Moshino,42.6220327,23.09180464563092,287
14926,Foligno,42.9559744,12.7034782,406
14927,Spoleto,,,406
14928,Città della Pieve,,,406
14929,Perugia,,,406
14930,Gubbio,43.3517605,12.5772959,406
14931,Sigillo,43.3312955,12.7423157,406
14932,Città di Castello,43.4574214,12.2403118,406
14933,Campello sul Clitunno,42.8228682,12.7762635,406
14934,Umbertide,,,406
14935,Marsciano,,,406
14936,Collazzone,,,406
14937,Pesaro,43.9098114,12.9131228,726
14938,Fano,,,726
14939,Urbino,43.7262608,12.6363135,726
14940,Tavoleto,43.8438497,12.5939243,726
14941,Pergola,,,726
14942,Spoltore,,,1758
14943,Pescara,,,1758
14944,Gödöllő,47.601529,19.3476981,64
14945,Gyón,47.1657001,19.3329587,64
14946,Cegléd,47.1716447,19.7977516,64
14947,Szigethalom,47.3245067,19.0001884,64
14948,Vác,,,64
14949,Leányfalu,47.718888,19.0888422,64
14950,Kóka,47.4891593,19.5806089,64
14951,Márianosztra,47.8648044,18.8719747,64
14952,Tura,47.60935,19.5949442,64
14953,Nógrádverőce,,,64
14954,Üllő,47.3850605,19.3453263,64
14955,Dunakeszi,,,64
14956,Nagymaros,47.7891142,18.9587262,64
14957,Törökbálint,47.4349579,18.9130312,64
14958,Telki,,,64
14959,Nagykáta,47.4138187,19.7503736,64
14960,Pilis,47.2860696,19.5467411,64
14961,Csömör,,,64
14962,Dámszentmiklós,,,64
14963,Örkény,47.1297585,19.4309024,64
14964,Ócsa,47.3011895,19.2313617,64
14965,Vecsés,47.4095417,19.2650378,64
14966,Érd,,,64
14967,Szigetszentmiklós,47.345765,19.0409037,64
14968,Abony,47.1887402,20.0047823,64
14969,Budakeszi,47.5099444,18.929382,64
14970,Kerepes,47.5616135,19.2869071,64
14971,Nagykőrös,47.0374257,19.7863141,64
14972,Alberti,47.2519067,19.6054526,64
14973,Pócsmegyer,47.7158378,19.0956199,64
14974,Úröm,47.5987004,19.0134262,64
14975,Monor,47.3527433,19.4468404,64
14976,Kerepestarcsa,,,64
14977,Pánd,47.3507322,19.6327453,64
14978,Szob,47.8182921,18.8711331,64
14979,Alsónémedi,47.3146713,19.165704,64
14980,Pomáz,47.6468212,19.0236304,64
14981,Blatse,,,1864
14982,Poptún,16.3301185,-89.4194214,1489
14983,Santa Elena de la Cruz,16.9152931,-89.8913088,1489
14984,Phitsanulok,,,1559
14985,Phnom Penh,,,178
14986,Phuket,,,2395
14987,Tuy Hòa,,,2158
14988,Bettola,44.7764457,9.6062795,725
14989,Piacenza,,,725
14990,Pontenure,44.9992666,9.7884285,725
14991,Castelvetro Piacentino,45.1003347,9.9867161,725
14992,Caorso,45.0495995,9.8743749,725
14993,Bobbio,44.769273,9.3862814,725
14994,Gossolengo,45.0011074,9.6162072,725
14995,Rio Grande do Piauí,,,1453
14996,Parnaíba,,,1453
14997,Teresina,,,1453
14998,Picos,,,1453
14999,Quito,-0.2201641,-78.5123274,484
15000,Tumbaco,-0.2122548,-78.4044951,484
15001,Cayambe,-0.0036006,-78.04762331470755,484
15002,Pinar del Río,,,333
15003,San Juan y Martínez,22.2818984,-83.8379053,333
15004,Guane,22.2020234,-84.0829154,333
15005,Viñales,22.616537,-83.709023,333
15006,San Luis,22.2781482,-83.7610493,333
15007,La Palma,22.7481472,-83.5545805,333
15008,Las Martinas,21.9668281,-84.1475508,333
15009,Consolación del Sur,,,333
15010,Portorož,45.5146489,13.5910112,1683
15011,Piran,,,1683
15012,Tampere,61.4980214,23.7603118,122
15013,Vesilahti,,,122
15014,Pälkäne,,,122
15015,Orivesi,61.6775495,24.3587506,122
15016,Kangasala,61.4715042,24.326179483624134,122
15017,Lempäälä,61.316667,23.7499999,122
15018,Ruovesi,,,122
15019,Valkeakoski,,,122
15020,Ylöjärvi,,,122
15021,Nokia,,,122
15022,Pirkkala,,,122
15023,Kuhmalahti,61.5052871,24.561173,122
15024,Virrat,62.2402483,23.7725594,122
15025,Urjala,61.0811504,23.5489697,122
15026,Ikaalinen,61.7701493,23.0633777,122
15027,Hämeenkyrö,61.633333,23.2,122
15028,Parkano,,,122
15029,Pirot,43.17025835,22.585287033228816,1640
15030,Pisa,43.7159395,10.4018624,357
15031,San Miniato,,,357
15032,Vicopisano,,,357
15033,Casale Marittimo,43.297061,10.6153077,357
15034,Fauglia,43.570638,10.514409,357
15035,San Giuliano Terme,43.7629956,10.4410399,357
15036,Pontedera,43.6634536,10.6354851,357
15037,Cascina,43.6766738,10.5492244,357
15038,Castelfranco di Sotto,43.6997153,10.7451778,357
15039,Pistoia,,,953
15040,Montecatini Terme,43.883179,10.7709533,953
15041,Abetone Cutigliano,,,953
15042,Serravalle Pistoiese,43.9058503,10.8330195,953
15043,Ponte Buggianese,,,953
15044,Pescia,43.90171,10.6897811,953
15045,Uzzano,43.8926284,10.7060574,953
15046,Quarrata,43.8475005,10.9777009,953
15047,Monsummano Terme,,,953
15048,Marliana,43.9336995,10.7692761,953
15049,Piura,-5.1971376,-80.6267237,918
15050,Talara,-4.5796872,-81.2718335,918
15051,Curepipe,,,245
15052,Floréal,,,245
15053,Vacoas-Phoenix,,,245
15054,Beau Bassin-Rose Hill,,,245
15055,Beau-Bassin Rose-Hill,,,245
15056,Rose-Hill,-20.2413538,57.4744083,245
15057,Quatre Bornes,,,245
15058,Jos,10.0,9.05,255
15059,Barkin-Ladi,9.57549,8.970077030109152,255
15060,Badou,,,2319
15061,Kpalimé,,,2319
15062,Zgalevo,43.3754537,24.7996616,643
15063,Pleven,43.409022,24.6180123,643
15064,Telish,43.3268991,24.2614262,643
15065,Brashlyanitsa,,,643
15066,Knezha,,,643
15067,Cherven Bryag,,,643
15068,Gulyantsi,43.6408554,24.6944025,643
15069,Brashlyanitza,,,643
15070,Tranchovitsa,43.486496,24.997201,643
15071,Byala Voda,43.6290999,25.0425375,643
15072,Dolna Mitropoliya,,,643
15073,Pljevlja,43.3565611,19.3584715,965
15074,Plovdiv,42.1418541,24.7499297,176
15075,Brestovitsa,42.0797528,24.5914049,176
15076,Asenovgrad,,,176
15077,Khvoina,,,176
15078,Hisarya,42.5132789,24.6948452,176
15079,Sopot,42.6543846,24.7554866,176
15080,Kalekovets,42.2390296,24.8202476,176
15081,Perushtitsa,42.055641,24.5451798,176
15082,Rakovski,42.2873179,24.9659552,176
15083,Starosel,42.4854466,24.5702115,176
15084,Tsarimir,42.3227,24.67244,176
15085,Shishmantsi,42.22503,24.99482,176
15086,Nayden Gerovo,42.3405223,24.4898928,176
15087,Karlovo,,,176
15088,Stamboliyski,42.1363756,24.5376825,176
15089,Dabene,42.59599,24.7644501,176
15090,Krasnovo,42.46604,24.48172,176
15091,Ustina,42.0415693,24.5222786,176
15092,Parvomay,,,176
15093,Maritsa,42.223063,24.72473211546873,176
15094,Bolyartsi,42.06521,24.95517,176
15095,Boretz,,,176
15096,Rokycany,,,147
15097,Plzeň,,,147
15098,Klatovy,,,147
15099,Žichovice,,,147
15100,Šťáhlavy,49.6762177,13.5039893,147
15101,Postřekov,,,147
15102,Stod,,,147
15103,Domažlice,,,147
15104,Plzeň-Doudlevce,49.7215337,13.3829933,147
15105,Dolní Staňkov,49.2214339,13.4791466,147
15106,Vočov,,,147
15107,Trhanov,,,147
15108,Planá u Mariánských Lázní,,,147
15109,Nová Ves,,,147
15110,Líně,,,147
15111,Zruč-Senec,,,147
15112,Horšov,,,147
15113,Třemošná,49.8167442,13.3951971,147
15114,Úlice,49.760792,13.1481721,147
15115,Podgorica,,,942
15116,Mojanovići,42.3384089,19.223515,942
15117,Donji Gorica,,,942
15118,Golubovci,,,942
15119,Tuzi,,,942
15120,Racławówka,,,65
15121,Brzozów,49.6950395,22.0196537,65
15122,Jasło,,,65
15123,Mielec,,,65
15124,Rzeszów,,,65
15125,Tarnobrzeg,50.5715277,21.6704871,65
15126,Sokolnik,,,65
15127,Przemyśl,49.78355525,22.78851130307014,65
15128,Wolina,50.501345,22.1809277,65
15129,Nowotaniec,49.5088885,22.0301733,65
15130,Strzyżów,49.8702087,21.7856291,65
15131,Rozbórz,50.0548563,22.5451595,65
15132,Sokołów Małopolski,50.2311643,22.1189272,65
15133,Łańcut,50.06959495,22.233505598976212,65
15134,Jarosław,50.0106216,22.6783904,65
15135,Wiązownica,,,65
15136,Stalowa Wola,,,65
15137,Sadkowa Góra,50.3917903,21.3306039,65
15138,Nisko,,,65
15139,Dębica,,,65
15140,Żurawiczki,50.02105,22.50272,65
15141,Baranów Sandomierski,,,65
15142,Kańczuga,,,65
15143,Krosno,,,65
15144,Jedlicze,49.714148,21.6421513,65
15145,Dachnów,50.2066775,23.1089757,65
15146,Turbia,50.6198035,21.9862818,65
15147,Lubaczów,,,65
15148,Siennów,49.9634934,22.4886939,65
15149,Kolbuszowa,50.2433277,21.7754563,65
15150,Sanok,,,65
15151,Nowa Dęba,,,65
15152,Dynów,,,65
15153,Lubatowa,49.5460448,21.7594891,65
15154,Majdan Królewski,,,65
15155,Zaczernie,,,65
15156,Jadachy,50.4937594,21.6791385,65
15157,Wielowieś,,,65
15158,Przeworsk,,,65
15159,Bukowsko,49.479049,22.0609368,65
15160,Albigowa,50.020426,22.2245749,65
15161,Rudnik nad Sanem,,,65
15162,Czermin,50.339686,21.3334838,65
15163,Sędziszów Małopolski,,,65
15164,Jeżowe,,,65
15165,Augustów,,,666
15166,Białystok,,,666
15167,Łapy,,,666
15168,Szczuczyn,,,666
15169,Bielsk Podlaski,,,666
15170,Łomża,,,666
15171,Dąbrowa Białostocka,,,666
15172,Sokolka,,,666
15173,Stary Laskowiec,52.9519448,22.2955691,666
15174,Żyliny,54.0743588,22.7866782,666
15175,Siemiatycze,,,666
15176,Ostrynka,53.41027,23.2641868,666
15177,Sejny,54.105725,23.3496591,666
15178,Lachy,,,666
15179,Zelwa,54.0264105,23.4485063,666
15180,Wyszki,52.8413981,22.9853476,666
15181,Lachowo,53.4710736,22.0183428,666
15182,Mońki,,,666
15183,Janowszczyzna,53.3506247,23.4257453,666
15184,Suwałki,,,666
15185,Hajnowka,,,666
15186,Smederevo,44.6651048,20.9271115,1089
15187,Smederevska Palanka,44.3658207,20.9579781,1089
15188,Vaasa,,,125
15189,Pietarsaari,,,125
15190,Vähäkyrö,63.0560665,22.1083711,125
15191,Maalahti,62.9332091,21.5667698,125
15192,Kruunupyy,63.7288259,23.0215188,125
15193,Mustasaari,63.1247621,21.6941345,125
15194,Larsmo,63.7533827,22.7455697,125
15195,Kristiinankaupunki,62.2736018,21.3730807,125
15196,Laihia,,,125
15197,Isokyrö,63.0,22.316667,125
15198,Närpiö,,,125
15199,Heinävesi,,,127
15200,Joensuu,,,127
15201,Juuka,,,127
15202,Kitee,,,127
15203,Lieksa,63.3178213,30.0191312,127
15204,Outokumpu,,,127
15205,Rääkkylä,,,127
15206,Kesälahti,61.8928643,29.8281212,127
15207,Polvijärvi,,,127
15208,Valtimo,,,127
15209,Liperi,,,127
15210,Kontiolahti,,,127
15211,Ilomantsi,,,127
15212,Tohmajärvi,,,127
15213,Nurmes,,,127
15214,Oulunsalo,64.9333388,25.4166674,129
15215,Oulu,,,129
15216,Sievi,63.9082625,24.5159868,129
15217,Raahe,,,129
15218,Muhos,64.8063089,25.9953642,129
15219,Utajärvi,,,129
15220,Nivala,,,129
15221,Pudasjärvi,65.360401,26.9984899,129
15222,Ii,,,129
15223,Reisjärvi,63.6041324,24.9355989,129
15224,Haapavesi,,,129
15225,Kuusamo,,,129
15226,Pyhäjärvi,63.6809739,25.9733504,129
15227,Kalajoki,,,129
15228,Haukipudas,65.1763737,25.3532265,129
15229,Ylivieska,,,129
15230,Haapajärvi,63.7514785,25.3134586,129
15231,Vihanti,64.486985,24.9886756,129
15232,Kiiminki,65.1299324,25.7773028,129
15233,Alavieska,64.1701074,24.2991417,129
15234,Oulainen,,,129
15235,Lumijoki,64.8384044,25.1868431,129
15236,Maaninka,,,588
15237,Kuopio,,,588
15238,Suonenjoki,62.6241926,27.1245609,588
15239,Lapinlahti,63.3638712,27.3984804,588
15240,Tuusniemi,62.8129715,28.473989,588
15241,Tervo,,,588
15242,Iisalmi,,,588
15243,Nilsiä,63.2046382,28.086253,588
15244,Kiuruvesi,63.6527545,26.6196528,588
15245,Siilinjärvi,,,588
15246,Rautalampi,,,588
15247,Vieremä,,,588
15248,Varkaus,,,588
15249,Sonkajärvi,,,588
15250,Karttula,62.858723,27.12962359330484,588
15251,Leppävirta,62.4894313,27.7860813,588
15252,Kaavi,62.9757575,28.4801127,588
15253,Pielavesi,,,588
15254,Juankoski,,,588
15255,Joroinen,,,588
15256,Kolonia,,,2446
15257,Point Fortin,,,2025
15258,Pointe Noire,,,2189
15259,Poltava,49.5897423,34.5507948,1158
15260,Komsomolsk,,,1158
15261,Kremenchuk,,,1158
15262,Hadiach,50.3701299,33.9950534,1158
15263,Suprunivka,49.577499,34.435001,1158
15264,Lubny,,,1158
15265,Reshetylivka,,,1158
15266,Berezniaky,49.865231,33.01287,1158
15267,Kobeliaky,49.1433333,34.2002778,1158
15268,Timki,49.9763251,32.5480832,1158
15269,Pyriatyn,,,1158
15270,Hrebinka,,,1158
15271,Veprik,50.373604,34.172543,1158
15272,Oparić,43.7495834,21.1169778,1585
15273,Jagodina,43.9794256,21.2607688,1585
15274,Jadogina,,,1585
15275,Ćuprija,,,1585
15276,Senjski Rudnik,,,1585
15277,Chojnice,53.6952912,17.5614973,276
15278,Gdynia,,,276
15279,Wejherowo,54.6026348,18.247934,276
15280,Gdańsk,54.3482907,18.6540233,276
15281,Starogard Gdański,,,276
15282,Podjazy,54.28165,17.80819,276
15283,Swornegacie,53.8604117,17.4991394,276
15284,Malbork,54.0287383,19.03939638538356,276
15285,Ustka,54.5811254,16.8612962,276
15286,Człuchów,53.6651462,17.3588324,276
15287,Lębork,,,276
15288,Kwidzyn,53.7335842,18.9319222,276
15289,Puck,,,276
15290,Kościerzyna,,,276
15291,Kartuzy,,,276
15292,Drawsko,,,276
15293,Skórcz,,,276
15294,Jaroszewy,54.02952,18.35888,276
15295,Gardeja,53.61101,18.94734,276
15296,Słupsk,54.4649331,17.028073,276
15297,Bytów,54.1694592,17.4890263,276
15298,Nebrowo Wielkie,53.64791,18.74843,276
15299,Szpęgawsk,,,276
15300,Kaniczki,,,276
15301,Sztum,,,276
15302,Tczew,54.0869532,18.8000293,276
15303,Jastarnia,54.702764,18.6712892,276
15304,Brzeźno Wielkie,53.9894474,18.6458406,276
15305,Kołczygłówki,54.2312103,17.1990819,276
15306,Starkówko,,,276
15307,Pruszcz Gdański,54.2608539,18.6461908,276
15308,Niedźwiady,53.8897816,17.1467362,276
15309,Pszczółki,54.1735247,18.6959942,276
15310,Vigo,42.2376602,-8.7247205,87
15311,Marín,42.3922393,-8.7029421,87
15312,Pontevedra,42.4318876,-8.6431592,87
15313,Aldán,,,87
15314,Cangas de Morrazo,,,87
15315,Tuy,42.0501375,-8.6466411,87
15316,Cangas do Morrazo,,,87
15317,El Grove,42.4693872,-8.8949654,87
15318,La Estrada,43.6119072,-8.1484881,87
15319,Tui,,,87
15320,El Rosal,,,87
15321,La Guardia,41.3882184,2.0031874,87
15322,Gondomar,,,87
15323,Gargamala,42.2706515,-8.453622215107478,87
15324,Redondela,42.284221,-8.6085992,87
15325,Baratier,,,298
15326,Mindouli,-4.2746466,14.3574306,298
15327,Claut,46.2666749,12.5157093,1129
15328,Pordenone,,,1129
15329,San Vito al Tagliamento,45.9145042,12.8565956,1129
15330,Casarsa della Delizia,45.9559372,12.8426929,1129
15331,San Giorgio della Richinvelda,46.0453055,12.8679995,1129
15332,Spilimbergo,46.1113355,12.9016287,1129
15333,San Martino al Tagliamento,46.0208288,12.863761,1129
15334,Sacile,,,1129
15335,Caneva,45.9686618,12.448097,1129
15336,Port Louis,,,1872
15337,Port of Spain,10.6554225,-61.52344575884477,1287
15338,Mount Lambert,,,1287
15339,Buff Bay,,,1959
15340,Boston Beach,,,1959
15341,Hectors River,,,1959
15342,Acarigua,,,1323
15343,Araure,9.5832311,-69.2239795,1323
15344,Postojna,45.773184,14.2216735,1735
15345,Planina,,,1735
15346,Potenza,,,1958
15347,Villazón,,,2472
15348,Požega,,,1098
15349,Marino Selo,45.5045285,16.9681973,1098
15350,Filipovac,45.4207155,17.1712594,1098
15351,Prachinburi,14.0541467,101.3724276,1738
15352,Bang Sapan,11.21430415,99.50982771177414,1050
15353,Azuga,,,1011
15354,Ploiești,44.9417468,26.0236504,1011
15355,Sinaia,,,1011
15356,Breaza,,,1011
15357,Bușteni,,,1011
15358,Câmpina,45.13447195,25.73902889503418,1011
15359,Comarnic,,,1011
15360,Mizil,,,1011
15361,Valea Doftanei,,,1011
15362,Ceptura,45.022927550000006,26.3232973827256,1011
15363,Valenti de Munte,,,1011
15364,Poienarii Burchii,44.7616682,26.0078609,1011
15365,Cornu,45.1573648,25.705197146887407,1011
15366,Trăisteni,,,1011
15367,Talea,,,1011
15368,Slănic,,,1011
15369,Praia,,,1911
15370,Prato,,,1598
15371,Preiļi,,,1974
15372,Prevalje,,,2083
15373,Prešov,,,69
15374,Jarabina,49.3382842,20.6560468,69
15375,Kežmarok,49.1362088,20.4308701,69
15376,Poprad,,,69
15377,Humenné,,,69
15378,Spišská Stará Ves,49.383146,20.3598135,69
15379,Ždiar,,,69
15380,Levoča,,,69
15381,Šarišské Michaľany,,,69
15382,Bardejov,,,69
15383,Kežmarske Zlabý,,,69
15384,Tatranská Matliare,,,69
15385,Hranovnica,48.9877666,20.3093442,69
15386,Spišská Sobota,,,69
15387,Matejovce,,,69
15388,Šuňava,,,69
15389,Vranov nad Topľou,,,69
15390,Stará Ľubovňa,,,69
15391,Nová Lesná,,,69
15392,Priekule,,,2182
15393,Novi Grad,,,2526
15394,Prilep,,,2108
15395,Rijeka,,,731
15396,Mali Lošinj,,,731
15397,Volosko,45.3483902,14.3200644,731
15398,Crikvenica,45.1737049,14.6927906,731
15399,Baška,44.9709329,14.7508013,731
15400,Mrkopalj,,,731
15401,Bakar,45.3066028,14.5346321,731
15402,Novi Vinodolski,45.128264,14.7888328,731
15403,Opatija,,,731
15404,Rab,44.7756866,14.73471222147247,731
15405,Tribalj,,,731
15406,Delnice,,,731
15407,Praputnjak,45.2986187,14.5748939,731
15408,Omišalj,45.2108673,14.5564902,731
15409,Matulji,45.3636807,14.3244359,731
15410,Vrbovsko,45.3740037,15.0781121,731
15411,Kastav,,,731
15412,Spassk-Dalny,44.5978939,132.8355700048992,1149
15413,Vladivostok,,,1149
15414,Kavalerovo,,,1149
15415,Arsenyev,,,1149
15416,Partizansk,,,1149
15417,Ussuriysk,43.7972447,131.9520752,1149
15418,Nakhodka,,,1149
15419,Olga,43.7461009,135.2901676,1149
15420,Novosysoyevka,,,1149
15421,Charlottetown,46.234953,-63.132935,866
15422,Summerside,,,866
15423,Tracadie,46.3466542,-62.9629632,866
15424,Pownal,46.2024025,-62.9728585,866
15425,Murray Harbour,,,866
15426,Prishtinë,,,1097
15427,Banullë,,,1097
15428,Suva Reka,,,824
15429,Prizren,42.2130151,20.7363339,824
15430,Avellaneda,-34.6648394,-58.3628061,468
15431,Lanús,,,468
15432,Vicente López,,,468
15433,San Miguel,-34.540349,-58.7157491,468
15434,Quilmes,,,468
15435,Tigre,,,468
15436,Olavarría,-36.8938752,-60.3231676,468
15437,Tandil,,,468
15438,Bahía Blanca,,,468
15439,Azul,,,468
15440,Don Bosco,,,468
15441,Mar del Plata,-37.4500273,-61.939304,468
15442,Vincente López,,,468
15443,Lomas de Zamora,,,468
15444,Pehuajó,,,468
15445,Burzaco,-34.8258956,-58.3950536,468
15446,Remedios de Escalada,-34.7275895,-58.3953738,468
15447,La Plata,-34.9206797,-57.9537638,468
15448,Zárate,-34.0954713,-59.0245097,468
15449,Trenque Lauquen,-35.9731074,-62.7328794,468
15450,Merlo,-34.6604988,-58.7321695,468
15451,Valentín Alsina,-34.6700111,-58.4098884,468
15452,Chivilcoy,-34.92551735,-60.05005614513065,468
15453,Nueve de Julio,,,468
15454,Banfield,,,468
15455,Las Flores,-36.0142754,-59.0998685,468
15456,Moreno,,,468
15457,Junín,-34.5934412,-60.9461678,468
15458,Coronel Suárez,-37.4585755,-61.9329038,468
15459,General Villegas,-35.032594,-63.0148473,468
15460,Caseros,,,468
15461,Necochea,-38.5545494,-58.7392624,468
15462,Tres Arroyos,-38.3770014,-60.2755685,468
15463,Quequén,-38.5553375,-58.7162217,468
15464,Florentino Ameghino,-34.9319454,-57.9379323,468
15465,Marcos Paz,,,468
15466,Vedia,-34.497864,-61.5420704,468
15467,Coronel Vidal,-37.4465395,-57.7292672,468
15468,Pasteur,-34.44580415,-58.53817832065575,468
15469,Bella Vista,,,468
15470,Pergamino,,,468
15471,Chascomús,,,468
15472,Rojas,-34.1977548,-60.7336808,468
15473,Pavón,-34.3807747,-59.0426333,468
15474,Arrecifes,,,468
15475,General Pirán,-37.276017,-57.7741757,468
15476,Chacabuco,-34.6423582,-60.4708815,468
15477,Saladillo,-35.6388525,-59.7794241,468
15478,América,,,468
15479,Béccar,,,468
15480,Piñeiro,-33.8158159,-59.5047946,468
15481,Villa Fiorito,,,468
15482,Hurlingham,,,468
15483,La Matanza,-34.8195526,-58.1975499,468
15484,General Rodríguez,,,468
15485,Glew,,,468
15486,Azcuénaga,,,468
15487,Campana,,,468
15488,Bragado,,,468
15489,Haedo,,,468
15490,Salto,-34.2917358,-60.2545498,468
15491,Loma Hermosa,,,468
15492,Blaquier,-34.6361917,-62.4778497,468
15493,Baradero,,,468
15494,Pskov,57.7833951,28.3987627,878
15495,Idritsa,56.3333942,28.8920106,878
15496,Ostrov,,,878
15497,Velikiye Luki,,,878
15498,Travino,,,878
15499,Borkino,,,878
15500,Ilyino,,,878
15501,Golovino,57.695801,30.085258,878
15502,Boroviki,56.4198089,28.5098923,878
15503,Porkhov,57.765289,29.551878,878
15504,Kunya,,,878
15505,Ptuj,,,1605
15506,Puducherry,11.9340568,79.8306447,1371
15507,Puebla,,,241
15508,Zacatlan,19.96059515,-98.00572136341704,241
15509,Ixcaquixtla,18.477728,-97.82723506745889,241
15510,Atlixco,18.908889,-98.437778,241
15511,Chilchotla,,,241
15512,Chietla,18.5096737,-98.62205672731923,241
15513,Napalucan,,,241
15514,Puerto Plata,,,2370
15515,Santurce,18.4466626,-66.0686837,322
15516,Fajardo,18.3245149,-65.6531674,322
15517,San Juan,18.465299,-66.116666,322
15518,Bayamón,,,322
15519,Isabela,18.5007536,-67.0237422,322
15520,Río Piedras,18.3974229,-66.050111,322
15521,Humacao,18.1502554,-65.8264835,322
15522,Vega Baja,18.4445314,-66.387587,322
15523,Corozal,,,322
15524,Guaynabo,18.3578671,-66.1120141,322
15525,Yabucoa,18.0502303,-65.8793571,322
15526,Barceloneta,18.4546639,-66.5386877,322
15527,Yauco,,,322
15528,Caguas,,,322
15529,Ponce,18.011564,-66.613958,322
15530,Carolina,18.3808516,-65.9570244,322
15531,Morovis,18.3260248,-66.4075048,322
15532,Vieques,18.1215622,-65.45746403129988,322
15533,Vega Alta,18.4119864,-66.3301167,322
15534,Cayey,18.1127526,-66.1663362,322
15535,Sabana Grande,18.2935475,-66.6799578,322
15536,Arecibo,18.471975,-66.7161704,322
15537,Cataño,18.4410233,-66.1191055,322
15538,Toa Baja,,,322
15539,Ocean Park,,,322
15540,Loíza Aldea,,,322
15541,Toa Alta,18.3887052,-66.247968,322
15542,Cidra,,,322
15543,Juana Díaz,,,322
15544,Orocovis,,,322
15545,Bario Marín Bajo de Patillas,,,322
15546,Ceiba,,,322
15547,Mayagüez,,,322
15548,Quebradillas,18.2299508,-66.2809423,322
15549,Adjuntas,,,322
15550,Ciales,18.26380545,-66.50827910425036,322
15551,Isla Verde,18.4437448,-66.0256004,322
15552,Aguada,18.3797728,-67.1887544,322
15553,Hato Rey,18.4293299,-66.0602693,322
15554,Aibonito,18.1393105,-66.2663961,322
15555,Peñuelas,,,322
15556,Utuado,,,322
15557,Guayama,17.9850901,-66.1135657,322
15558,Aguadilla,18.4297923,-67.1542201,322
15559,Aguas Buenas,18.25041825,-66.13012947319635,322
15560,Canóvanas,,,322
15561,Rio Grande,,,322
15562,Trujillo Alto,18.3542408,-66.007377,322
15563,Naguabo,18.2120824,-65.7353205,322
15564,Guayanilla,18.0177118,-66.7899651,322
15565,Playa Ponce,17.9841575,-66.6166978,322
15566,Penang,5.3701884,100.25329993024786,238
15567,Butterworth,5.3933618,100.366572,238
15568,Multan,30.197838,71.4719683,86
15569,Lahore,31.5656822,74.3141829,86
15570,Faisalabad,31.4220558,73.0923253,86
15571,Dhannowali,,,86
15572,Okara,,,86
15573,Amritsar,31.6343083,74.8736788,86
15574,Nankana Sahib,31.6321143,73.5222358,86
15575,Jalandhar,31.29223115,75.56788777097373,86
15576,Dalwala Mela,,,86
15577,Faridkot,30.6014507,74.79501756894368,86
15578,Gujranwala,32.1525312,74.1933745,86
15579,Ludhiana,30.9090157,75.851601,86
15580,Marar,30.709593,74.5313357,86
15581,Khusropur,31.2688539,75.6330765,86
15582,Firozpur,30.8753832,74.65254375024789,86
15583,Haripur Khalsa,,,86
15584,Sohana,,,86
15585,Murree,33.9056829,73.392674,86
15586,Rawalpindi,33.5914237,73.0535122,86
15587,Muktsar,,,86
15588,Chakar,,,86
15589,Gurdaspur,31.9037264,75.22755867008682,86
15590,Patiala,30.20927775,76.33972313649818,86
15591,Garhshankar,31.2154716,76.1426888,86
15592,Khandoyah,,,86
15593,Dhadda Daultpur,,,86
15594,Dulmial,32.737832,72.9247143,86
15595,Bains,30.8880692,75.73856209888184,86
15596,Kasur,,,86
15597,Behla,,,86
15598,Verowal,,,86
15599,Sialkot,,,86
15600,Qadian,31.8194314,75.3765813,86
15601,Sargodha,,,86
15602,Toba Tek Singh,,,86
15603,Rurewal,31.9731352,74.85746423334027,86
15604,Gojra,,,86
15605,Powadara,,,86
15606,Chichawatni,,,86
15607,Vehari,,,86
15608,Sangrur,30.135717,75.85333259556887,86
15609,Dawari,,,86
15610,Shergarh,29.9923375,74.0570289,86
15611,Bhagrari,,,86
15612,Rupnagar,31.0917102,76.52897012920695,86
15613,Fatuwal,32.1581168,75.1755262,86
15614,Bahawalpur,,,86
15615,Dhok Badhal,,,86
15616,Khanewal,,,86
15617,Pir Mahal,,,86
15618,Nathot,,,86
15619,Sangatpur,31.2990864,75.0400313,86
15620,Jand,,,86
15621,Sarih,,,86
15622,Karnana,,,86
15623,Khan Khana,30.0321374,70.6401114,86
15624,Mianwali,32.5705533,71.5239763,86
15625,Kup Kalan,30.6109832,75.870228,86
15626,Sheikhupura,31.7085285,73.9864014,86
15627,Talagang,32.9235108,72.4139769,86
15628,Gujrat,32.5686782,74.071481,86
15629,Sahiwal,30.6715098,73.1110572,86
15630,Shakargarh,,,86
15631,Bathula,,,86
15632,Hoshiarpur District,31.60929415,75.84597544153354,86
15633,Chakwal,,,86
15634,Sur Singh Wala,30.9698339,74.796854,86
15635,Rajoana Kalan,30.7242899,75.5947245,86
15636,Dolon,30.8011254,75.7837826,86
15637,Jhelum,32.9247256,73.719388,86
15638,Tuse,,,86
15639,Abul Kharāna,,,86
15640,Hasan Abdal,,,86
15641,Sirhali,31.0999257,74.9154006,86
15642,Puno,,,2416
15643,Golfito,8.4275684,-83.05880959101265,1465
15644,Matapalo,,,1465
15645,Puntarenas,9.9773343,-84.8346402,1465
15646,Palmar Sur,8.9509145,-83.4668083,1465
15647,Miramar,,,1465
15648,Piedras Blancas,8.7823809,-83.2417516,1465
15649,Pursat,,,2521
15650,Kandy,7.3868553,80.5194106,1028
15651,Al Gama,,,1028
15652,Chilaw,,,1028
15653,Clermont-Ferrand,45.7774551,3.0819427,144
15654,Lempdes,45.769032,3.1979033,144
15655,Antoingt,45.5003378,3.1742854,144
15656,Combronde,45.9819,3.0889,144
15657,La Bourboule,45.5892481,2.7401614,144
15658,Madriat,45.4321937,3.1868461,144
15659,Thiers,45.855795,3.5489707,144
15660,Saint-Myon,45.9942,3.1317,144
15661,Riom,45.893068,3.1136667,144
15662,Doranges,45.4065521,3.6155494,144
15663,Ambert,,,144
15664,Sinuiju,,,1517
15665,Chungsan,,,1517
15666,Pakchon County,,,1517
15667,Nampo,,,2061
15668,Anju,,,2061
15669,Pyeongyang,,,499
15670,Sosong,,,499
15671,Phyongchon,,,499
15672,Rakwon,,,499
15673,Pau,,,3
15674,Hendaye,43.3641518,-1.7616499,3
15675,Féas,43.1560354,-0.6885319,3
15676,Saint-Jean-de-Luz,43.3870763,-1.6635695,3
15677,Pontacq,43.1856262,-0.1144186,3
15678,Biarritz,43.47114375,-1.552726590666314,3
15679,Bidart,43.4391702,-1.5898909,3
15680,Orthez,43.4874963,-0.7738363,3
15681,Jurançon,,,3
15682,Oloron-Sainte-Marie,43.1922408,-0.6115586,3
15683,La Bastide-Clairence,43.4296536,-1.2559795,3
15684,Bizanos,43.2887961,-0.3531403,3
15685,Baigts-de-Béarn,43.5124975,-0.8388803,3
15686,Anglet,43.4813927,-1.5149935,3
15687,Agnos,43.1629867,-0.6192659,3
15688,Cambo-les-Bains,,,3
15689,Ostabat-Asme,43.2562497,-1.0708405,3
15690,Boucau,43.5236127,-1.4857538,3
15691,Gelos,43.2849213,-0.3708013,3
15692,Perpignan,42.6985304,2.8953121,142
15693,Banyuls-sur-Mer,,,142
15694,Prades,,,142
15695,Arles-sur-Tech,42.4562149,2.6343451,142
15696,Villefranche-de-Conflent,42.5873137,2.3673177,142
15697,Corneilla-del-Vercol,42.6227289,2.9539904,142
15698,Ille-sur-Têt,42.6709665,2.6224853,142
15699,Hollola,60.9882542,25.5152983,586
15700,Lahti,,,586
15701,Heinola,61.2027188,26.031371,586
15702,Orimattila,,,586
15703,Padasjoki,61.3512901,25.2785646,586
15704,Nastola,,,586
15705,Kärkölä,60.86765665,25.25113928211052,586
15706,Sysmä,61.5073697,25.6738915,586
15707,Hämeenkoski,61.0221269,25.1575102,586
15708,Asikkala,61.23322975,25.55287909403357,586
15709,Artjärvi,60.7479073,26.0655425,586
15710,Pärnu,,,452
15711,Paikuse,,,452
15712,Tali,,,452
15713,Saarde,58.1389157,24.9640986,452
15714,Tõstamaa,58.3393854,23.985411170287342,452
15715,Tahkuranna,58.23709035,24.49913947967109,452
15716,Sindi,,,452
15717,Vändra,,,452
15718,Massiaru,57.9766135,24.56423057169994,452
15719,Massu,58.6589704,23.65211682456493,452
15720,Paadrema,58.53623425,23.83247930601918,452
15721,Saulepi,58.355349700000005,23.78621878509016,452
15722,Räpina,58.097553,27.4642713,1166
15723,Põlva,,,1166
15724,Hino,57.98206865,26.706407287378887,1166
15725,Väike-Vertuškino,,,1166
15726,Vranje,42.5558337,21.8976673,972
15727,Bosilegrad,42.4996561,22.4732689,972
15728,Radovnica,42.4142996,22.2246525,972
15729,Surdulica,,,972
15730,Vietalva,,,1801
15731,Pļaviņas,,,1801
15732,Qalyub (Kalyub),,,2150
15733,Banha,,,2150
15734,Turtkul,41.5544131,61.0002405,1621
15735,Nukus,,,1621
15736,Qarshi,,,2233
15737,Kitob,,,2233
15738,Qazax,,,2356
15739,Qazvin,,,1828
15740,Qeqertarsuaq (Godhavn),,,2512
15741,Qina,,,2406
15742,Huzhu,36.8053505,102.1599898,1901
15743,Haiyan County,,,1901
15744,Qom,,,2541
15745,Quaraghandy,,,741
15746,Temirtau,,,741
15747,Saran,,,741
15748,Tonarskiy,,,741
15749,Litvinskoye,,,741
15750,Zhezkazgan,,,741
15751,Zhezqazghan,,,741
15752,Balqash,,,741
15753,Qarajal,,,741
15754,Satbayev,,,741
15755,Shakhtinsk,,,741
15756,Balkhash,,,741
15757,Barshino,,,741
15758,Qubadlı,,,2235
15759,Brisbane,,,156
15760,Tugun,,,156
15761,Nambour,,,156
15762,Townsville,,,156
15763,Cairns,,,156
15764,Tully,,,156
15765,Mount Isa,-20.7289898,139.4931522,156
15766,Toowoomba,,,156
15767,Logan City,,,156
15768,Sunnybank,,,156
15769,Rockhampton,-23.3782137,150.5134227,156
15770,Kippa-Ring,,,156
15771,Clear Mountain,-27.3261412,152.8997087,156
15772,Cherbourg,-26.29031,151.9540222,156
15773,Bundaberg,,,156
15774,Mackay,-21.141956,149.1865149,156
15775,Auchenflower,,,156
15776,Kilcoy,,,156
15777,near Cairns,,,156
15778,Roma,-26.5710356,148.7868137,156
15779,Gold Coast,,,156
15780,Banana Pocket,-17.8519881,146.0067639,156
15781,Emerald,,,156
15782,Redcliffe,,,156
15783,Wynnum,-27.4377187,153.16597426908976,156
15784,Charters Towers,-20.0714089,146.2709824,156
15785,Wondai,-26.3186562,151.8738293,156
15786,Surat,,,156
15787,Beaudesert,,,156
15788,Gladstone,,,156
15789,Meadowbrook,,,156
15790,Herston,,,156
15791,Blackwater,,,156
15792,Maryborough,-25.537583,152.7019182,156
15793,Mundubbera,,,156
15794,Esk,-27.2398683,152.4220194,156
15795,Sunshine Coast,,,156
15796,Surfers Paradise,-27.9989899,153.42398,156
15797,Dalby,-27.1822593,151.2634168,156
15798,Hervey Bay,,,156
15799,Bowen,-20.012125,148.2462901,156
15800,Ingham,,,156
15801,Eidsvold,-25.3712138,151.1227645,156
15802,Longreach,,,156
15803,Moranbah,,,156
15804,Gayndah,,,156
15805,Tingalpa,-27.473625,153.12505373792902,156
15806,Ayr,,,156
15807,Cloncurry,-20.7051873,140.5058305,156
15808,Home Hill,-19.6641743,147.4139793,156
15809,Cooroy,,,156
15810,Springsure,-24.0862495,148.0774581716957,156
15811,Miles,-26.7296445,150.15202047078373,156
15812,Taroom,-25.6407044,149.7982004,156
15813,Coolangatta,-28.170386,153.53044811991248,156
15814,Benowa,,,156
15815,Pittsworth,-27.7199303,151.6344713,156
15816,Everton Park,,,156
15817,Kingaroy,,,156
15818,Joyner,,,156
15819,Santiago de Querétaro,,,243
15820,Amealco de Bonfil,20.1878975,-100.144747,243
15821,San Carlos Sija,,,1299
15822,Coatepeque,,,1299
15823,San Juan Ostuncalco,14.86189975,-91.68024664370247,1299
15824,Quetzaltenango,14.8464612,-91.5194208,1299
15825,Lucena City,13.9651805,121.6489346,1007
15826,Armenia,4.491976149999999,-75.74135085294314,1459
15827,Cancún,,,2196
15828,Cozumel,,,2196
15829,San Miguel de Cozumel,,,2196
15830,Qusar,,,2359
15831,Quthing,,,2307
15832,Beauharnois,45.3139778,-73.875834,33
15833,Sherbrooke,,,33
15834,Montréal,45.5031824,-73.5698065,33
15835,Îles-de-la-Madeleine,47.3220992,-61.8773745,33
15836,Québec City,46.8137431,-71.2084061,33
15837,Le Gardeur,45.7510604,-73.4702203,33
15838,Gatineau,45.4277659,-75.710976,33
15839,Murdochville,48.9602792,-65.4958325,33
15840,Lac St-Jean,48.583335950000006,-72.00487965419292,33
15841,Lachine,,,33
15842,Saint Lambert,,,33
15843,Saint-Jérôme,45.775426,-74.013176,33
15844,Rimouski,,,33
15845,Frelighsburg,45.056061,-72.836609,33
15846,Trois-Rivières,,,33
15847,Greenfield Park,,,33
15848,Mascouche,,,33
15849,Cookshire,,,33
15850,Saint-Janvier-de-Joly,46.485392,-71.667595,33
15851,Pointe-des-Cascades,45.3300608,-73.9695429,33
15852,Charny,46.7132352,-71.271957,33
15853,Repentigny,,,33
15854,Alma,,,33
15855,Sawyerville,45.3381542,-71.5677556,33
15856,Senneville,,,33
15857,Saint-Eustache,,,33
15858,Lévis,,,33
15859,Noranda,,,33
15860,Témiscaming,,,33
15861,Rivière-du-Loup,,,33
15862,Pointe-Claire,45.4566767,-73.8067442,33
15863,Shawinigan,,,33
15864,Louiseville,46.255609,-72.947502,33
15865,Saint-Jean-sur-Richelieu,,,33
15866,Magog,,,33
15867,Drummondville,45.8864303,-72.5018764,33
15868,Saint-Germain,48.4326662,-68.5804306,33
15869,Saint-Léon-le-Grand,46.3135125,-72.9350358,33
15870,Aylmer,,,33
15871,La Tuque,47.441092,-72.78511,33
15872,Saint Laurent,46.8602081,-71.0065238,33
15873,Chicoutimi,,,33
15874,Cap-De-La-Madeleine,46.368253,-72.509079,33
15875,Jonquière,,,33
15876,Salaberry-de-Valleyfield,45.2555575,-74.1316718,33
15877,Saint-François-du-Lac,,,33
15878,Charlesbourg,,,33
15879,Arthabaska,46.0384201,-71.915192,33
15880,Montmagny,46.8529223,-70.3551125,33
15881,Saint-Hyacinthe,45.627484,-72.940636,33
15882,La Baie,48.405959,-71.069183,33
15883,Baie-Comeau,49.2118373,-68.1801406,33
15884,Saint-Étienne-de-Lauzon,,,33
15885,Rouyn-Noranda,,,33
15886,New Richmond,,,33
15887,Prévost,,,33
15888,Lasalle,,,33
15889,Sept-Îles,,,33
15890,Granby,,,33
15891,Rosemere,,,33
15892,Cartierville,45.5324151,-73.7069741,33
15893,Sainte-Agathe-des-Monts,46.046072,-74.279938,33
15894,Grand-Mère,,,33
15895,Sainte-Geneviève-de-Batiscan,46.529766,-72.3398893,33
15896,Sayabec,,,33
15897,Loretteville,,,33
15898,Victoriaville,,,33
15899,Senneterre,48.390458,-77.242813,33
15900,La Sarre,48.8000956,-79.2010223,33
15901,Lachute,,,33
15902,Westmount,,,33
15903,Hull,,,33
15904,Contrecœur,,,33
15905,Lac-Beauport,,,33
15906,Thetford Mines,,,33
15907,Cacouna,47.9171789,-69.5016092,33
15908,Saint-François-de-Pabos,48.3821464,-64.6229965,33
15909,Joliette,,,33
15910,Gracefield,46.0933721,-76.0531906,33
15911,Berthierville,,,33
15912,Lac-Brome,,,33
15913,Longueuil,,,33
15914,Mont-Tremblant,,,33
15915,Cowansville,,,33
15916,Châteauguay,,,33
15917,Ripon,45.7831185,-75.0997632,33
15918,Saint-Barthélemy,46.1912244,-73.1199,33
15919,Dolbeau,,,33
15920,Saint-Roch,,,33
15921,Amos,,,33
15922,Côte-St-Luc,45.4772716,-73.6637524,33
15923,Roberval,,,33
15924,Dorval,,,33
15925,Chibougamau,49.9137407,-74.3713954,33
15926,Bouchette,46.2043381,-75.9566471,33
15927,Laurier-Station,,,33
15928,Saint-Jovite,,,33
15929,Saint-Barnabé,46.394779,-72.880211,33
15930,Kahnawake,45.38196965,-73.67308677410855,33
15931,Boucherville,45.6050197,-73.4526144,33
15932,Chambly,,,33
15933,Sainte-Anne-des-Plaines,45.76417,-73.818855,33
15934,Thurso,45.598185,-75.246048,33
15935,Fleurimont,,,33
15936,Parent,47.9195154,-74.6185295,33
15937,Matane,,,33
15938,Saint-Jean,45.3691908,-73.7644471,33
15939,Venise-en-Québec,,,33
15940,Schefferville,54.8005133,-66.820626,33
15941,Saint-Bruno,48.4719308,-71.653028,33
15942,Saint-Léonard,,,33
15943,Kirkland,45.4529194,-73.8647559,33
15944,Vaudreuil,45.399407,-74.0514805,33
15945,Arvida,48.425897,-71.1821701,33
15946,Saint-Norbert,46.1698417,-73.3147505,33
15947,Shawinigan-Sud,,,33
15948,Plessisville,,,33
15949,Godmanchester,,,33
15950,Saint-Nicolas,,,33
15951,Saint-Gabriel-de-Brandon,46.2833708,-73.36081772624922,33
15952,Pont-Rouge,,,33
15953,Mont-Joli,48.583875,-68.183899,33
15954,La Malbaie,,,33
15955,Rosemont,,,33
15956,Maria,48.1741357,-65.9822498,33
15957,Kingsbury,,,33
15958,Varennes,45.6834691,-73.4362737,33
15959,Knowlton,,,33
15960,Dupuy,48.8302374,-79.3585787,33
15961,La Pocatière,,,33
15962,Val-David,,,33
15963,Matagami,49.7575884,-77.6300251,33
15964,Île-Bizard,,,33
15965,Iberville,45.3039219,-73.2297415,33
15966,Saint-Louis-de-Terrebonne,45.7003711,-73.8070082,33
15967,Port-Cartier,50.0187481,-66.8756913,33
15968,North Hatley,,,33
15969,Saint-Georges,,,33
15970,Sainte-Thècle,,,33
15971,Sainte-Perpétue,,,33
15972,Saint-Félix-de-Valois,46.1700019,-73.4246401,33
15973,Cap-aux-Meules,,,33
15974,Paspébiac,48.0294111,-65.2490836,33
15975,Saint-Rosaire,46.164377,-72.026711,33
15976,Mont-Saint-Hilaire,,,33
15977,Saint-Bruno-de-Montarville,,,33
15978,Sainte-Thérèse,45.6342923,-73.8362379,33
15979,Saint-Cyprien-de-Napierville,45.18291845,-73.43672619659765,33
15980,Saint-Félicien,,,33
15981,Nabukadra,,,2482
15982,Rabat,34.02236,-6.8340222,57
15983,Oulmès,,,57
15984,Salé,,,57
15985,Kénitra,,,57
15986,Khemisset,,,57
15987,Tiflet,,,57
15988,Touarga,,,57
15989,Sidi Kacem,,,57
15990,Témara,,,57
15991,Tiddas,,,57
15992,Ambrolauri,,,1666
15993,Choluri,,,1666
15994,Radlje ob Dravi,,,2180
15995,Lesce,,,2064
15996,Kropa,,,2064
15997,Ragusa,,,2197
15998,Vittoria,,,2197
15999,Banswara,23.49150465,74.35021720129201,395
16000,Gagarwas,,,395
16001,Bali,25.8309289,74.0899658,395
16002,Bikaner,28.0159286,73.3171367,395
16003,Jaipur,,,395
16004,Barmer,,,395
16005,Mount Abu,24.592433,72.7081876,395
16006,Jaisalmer,,,395
16007,Sikar,,,395
16008,Raila,25.6340979,74.6134758,395
16009,Pabna,,,2214
16010,Ramallah,,,2548
16011,Otošnica,42.1971463,22.0797005,1863
16012,Ranong,,,2460
16013,Järvakandi,58.77745335,24.8109553623394,119
16014,Kohila,59.169231800000006,24.75107171322561,119
16015,Sipa,58.928791700000005,24.321046952058776,119
16016,Lohu,59.1323058,24.77998030745483,119
16017,Kehtna,58.92468,24.8732637,119
16018,Rapla,,,119
16019,Vana-Vigala,,,119
16020,Mahtra,59.0990123,25.0096374,119
16021,Trstenik,,,1308
16022,Kruševac,,,1308
16023,Aleksandrovac,,,1308
16024,Razbojna,43.3446829,21.1662876,1308
16025,Ratchaburi,,,2459
16026,Brisighella,44.2221401,11.7722262,197
16027,Faenza,,,197
16028,Bagnacavallo,44.4161484,11.9765495,197
16029,Riolo Terme,44.2770835,11.72452,197
16030,Cotignola,44.3838426,11.9402173,197
16031,Castel Bolognese,44.3204868,11.7992579,197
16032,Massa Lombarda,44.447386,11.8260915,197
16033,Ravne na Koroškem,,,2172
16034,Podayva,,,1279
16035,Ezerche,43.55918,26.30962,1279
16036,Belovets,43.81513,26.39673,1279
16037,Razgrad,43.5258211,26.5230603,1279
16038,Bisertsi,43.88482,26.50372,1279
16039,Nedoklan,43.5492822,26.5986463,1279
16040,Isperih,,,1279
16041,Kubrat,,,1279
16042,Mаdrevo,,,1279
16043,Kraljevo,,,862
16044,Sirča,43.7465089,20.7227096,862
16045,Vrnjačka Banja,,,862
16046,Raška,,,862
16047,Seminara,38.3352574,15.8717134,819
16048,Reggio di Calabria,,,819
16049,Oppido Mamertina,38.2935931,15.9841395,819
16050,Villa San Giovanni,38.2180591,15.638486,819
16051,Monasterace,,,819
16052,Siderno,,,819
16053,Locri,,,819
16054,Correggio,44.770561,10.7797829,1239
16055,Montecchio Emilia,,,1239
16056,Scandiano,,,1239
16057,Castelnovo di Sotto,,,1239
16058,Novellara,44.84297,10.727492,1239
16059,Funchal,32.6496497,-16.9086783,497
16060,Calheta,,,497
16061,Câmara de Lobos,,,497
16062,Porto Santo,33.0657845,-16.336223627136313,497
16063,Ponta Delgada,37.74757445,-25.672678266146384,1661
16064,Horta,38.5795831,-28.70962954787518,1661
16065,Assokolay,,,1656
16066,Maykop,,,1656
16067,Koshekhabl,,,1656
16068,Onguday,,,2032
16069,Gorno-Altaysk,,,2032
16070,Karakoksha,,,2032
16071,Ufa,,,540
16072,Ishimbay,,,540
16073,Mezhgorye,,,540
16074,Imendyash,,,540
16075,Beloretsk,,,540
16076,Baymak,,,540
16077,Chupanovo,,,540
16078,Neftekamsk,,,540
16079,Alegazovo,,,540
16080,Dmitriyevka,,,540
16081,Chuvash-Kubovo,54.882538,56.570061,540
16082,Salavat,,,540
16083,Sterlitamak,,,540
16084,Starokulchubayevo,,,540
16085,Tirlyansky,,,540
16086,Kandry-Kutuy,,,540
16087,Duvan,,,540
16088,Chekmagush,,,540
16089,Baysarovo,,,540
16090,Ulan-Ude,,,428
16091,Oyor,,,428
16092,Soel,53.854805,110.19574,428
16093,Ulekchin,,,428
16094,Petropavlovka,,,428
16095,Mogsokhon,,,428
16096,Sagan-Nur,,,428
16097,Khoronkhoy,,,428
16098,Ust-Muya,56.4149883,115.629074,428
16099,Orongoy,51.519352,107.066025,428
16100,Tashelan,,,428
16101,Makhachkala,,,426
16102,Khasavyurt,43.246916,46.5855184,426
16103,Izerbash,,,426
16104,Kizlyar,43.8546727,46.7139329,426
16105,Khushtada,,,426
16106,Tsurib,,,426
16107,Karata,42.5956742,46.3395265,426
16108,Myurego,,,426
16109,Magaramkent,41.6161537,48.349529,426
16110,Ukhul,,,426
16111,Chokh,,,426
16112,Kaspiysk,,,426
16113,Tarki,42.9455179,47.4967914,426
16114,Akhty,,,426
16115,Kokrek,,,426
16116,Kizilyurt,,,426
16117,Akusha,,,426
16118,Gigatli,,,426
16119,Khurukh,,,426
16120,Gunukh,,,426
16121,Shamshagar,,,426
16122,Karabudakhkent,42.7105994,47.5766777,426
16123,Urada,43.0810478,47.1375636,426
16124,Tanty,,,426
16125,Buynaksk,,,426
16126,Chapayevo,,,426
16127,Uri,,,426
16128,Urakhi,,,426
16129,Kasumkent,,,426
16130,Tsnal,41.6956838,47.9977243,426
16131,Solnechnoye,,,426
16132,Nitilsukh,,,426
16133,Babayurt,,,426
16134,Sabnova,,,426
16135,Irib,,,426
16136,Tlondoda,,,426
16137,Ibragimotar,,,426
16138,Urkhuchimakhi,,,426
16139,Mugi,,,426
16140,Tlyarata,,,426
16141,Kedi,,,426
16142,Mugarty,,,426
16143,Novaya Maka,,,426
16144,Sulak,,,426
16145,Teletl,,,426
16146,Izberbash,,,426
16147,Gurbuki,,,426
16148,Nazran,,,2275
16149,Dolakovo,,,2275
16150,Malgobek,,,2275
16151,Nesterovskaya,,,2275
16152,Surkhakhi,,,2275
16153,Komsomolsky,,,2338
16154,Elista,,,2338
16155,Padany,,,591
16156,Ruskeala,61.9324383,30.5905978,591
16157,Petrozavodsk,,,591
16158,Sortavala,,,591
16159,Nyukhcha,,,591
16160,Yakkima,61.5165082,30.1397856,591
16161,Lumivaara,61.44104,30.1488265,591
16162,Kurkiyoki,,,591
16163,Salmi,,,591
16164,Kem,64.9550895,34.5697446,591
16165,Kondopoga,,,591
16166,Impilakhti,,,591
16167,Naystenyarvi,,,591
16168,Suoyarvi,62.0820094,32.345856,591
16169,Suystamo,,,591
16170,Askiz,,,1602
16171,Abakan,,,1602
16172,Chernogorsk,,,1602
16173,Abaza,,,1602
16174,Syktyvkar,,,845
16175,Ukhta,,,845
16176,Inta,66.04051725,60.13423873435097,845
16177,Ust-Tsilma,,,845
16178,Meshchura,,,845
16179,Izhma,,,845
16180,Vorkuta,67.5035662,64.0627028,845
16181,Diyur,,,845
16182,Sosnogorsk,,,845
16183,Verkhnyaya Maksakovka,,,845
16184,Pechova,,,845
16185,Troitsko-Pechorsk,,,845
16186,Bakur,,,845
16187,Mokhcha,,,845
16188,Russky Sholner,,,838
16189,Tabashino,,,838
16190,Yoshkar-Ola,56.6326996,47.8975847,838
16191,Insar,,,1160
16192,Saransk,,,1160
16193,Povodimovo,,,1160
16194,Protasovo,,,1160
16195,Ruzayevka,,,1160
16196,Aleksandrovka,,,1160
16197,Smolny,,,1160
16198,Antyuryevo,,,1160
16199,Zinovkino,,,1160
16200,Nabornye Syresi,,,1160
16201,Potma,,,1160
16202,Napolnaya Tavla,,,1160
16203,Livadka,,,1160
16204,Kovylkin,,,1160
16205,Atyurevo,,,1160
16206,Yakutsk,,,1065
16207,Tyolyoy-Diring,,,1065
16208,Batamay,63.5263219,129.4186643,1065
16209,Topolinoye,,,1065
16210,Khara,,,1065
16211,Neryungri,,,1065
16212,Bestyakh,65.2812655,124.1209487,1065
16213,Ust-Yudoma,,,1065
16214,Chuonsky,,,1065
16215,Antonovka,,,1065
16216,Churapcha,,,1065
16217,Vladikavkaz,,,1401
16218,Nogir,,,1401
16219,Alagir,,,1401
16220,Ardon,,,1401
16221,Beslan,,,1401
16222,Oktyabrskoye,,,1401
16223,Chikola,,,1401
16224,Zilga,,,1401
16225,Suadag,,,1401
16226,Dzaudzhikau,,,1401
16227,Digora,,,1401
16228,Chermen,,,1401
16229,Elkhotovo,,,1401
16230,Naberezhnye Chelny,,,1148
16231,Nizhnekamsk,,,1148
16232,Leninogorsk,,,1148
16233,Novo-Mazino,,,1148
16234,Kazan,,,1148
16235,Narat-Elga,,,1148
16236,Almetyevsk,,,1148
16237,Kamskoye Uste,55.2015629,49.2680082,1148
16238,Tyukovo,,,1148
16239,Chistopol,,,1148
16240,Kinderi,55.8896315,49.2506951,1148
16241,Bolshiye Yaki,,,1148
16242,Yemelkino,,,1148
16243,Novosheshminsk,55.0616447,51.224884,1148
16244,Chistopolsky rayon,,,1148
16245,Buinsky rayon,,,1148
16246,Isheyevo,,,1148
16247,Shemelka,,,1148
16248,Buinsk,,,1148
16249,Podgornyy,,,1148
16250,Bolgar,,,1148
16251,Bugulma,,,1148
16252,Sardek-Bash,,,1148
16253,Baltasinsky rayon,,,1148
16254,Yudino,55.8195479,48.897472,1148
16255,Bogatyye Saby,,,1148
16256,Naratli,,,1148
16257,Verkhny Bagryazh,,,1148
16258,Dva Polya Artash,,,1148
16259,Tetyushi,,,1148
16260,Orlovka,,,1148
16261,Maslovka,55.1475123,50.013685,1148
16262,Khandagayty,,,427
16263,Khayelrakan,,,427
16264,Chadan,,,427
16265,Toora-Khem,52.4436862,96.175807,427
16266,Retalhuleu,,,2536
16267,Suva,,,581
16268,Naselai,,,581
16269,Kandel,,,40
16270,Schifferstadt,,,40
16271,Adenau,,,40
16272,Trier,49.7596208,6.6441878,40
16273,Mainz,50.0012314,8.2762513,40
16274,Daun,,,40
16275,Kaiserslautern,49.4432174,7.7689951,40
16276,Worms,49.6302618,8.3620898,40
16277,Speyer,49.3165553,8.433615,40
16278,Koblenz,,,40
16279,Neustadt an der Weinstraße,49.3539802,8.1350021,40
16280,Ludwigshafen,49.4704113,8.4381568,40
16281,Landstuhl,,,40
16282,Bitburg,,,40
16283,Bad Marienberg (Westerwald),50.65007605,7.948216997173178,40
16284,Zweibrücken,49.248655,7.3641981,40
16285,Braunweiler,49.8668146,7.7457142,40
16286,Bendorf,50.4238296,7.5732901,40
16287,Altrip,49.432853,8.4981449,40
16288,Idar-Oberstein,,,40
16289,Kirchen (Sieg),50.8081255,7.87987,40
16290,Wittlich,49.9850353,6.88844,40
16291,Pirmasens,49.1996961,7.6087847,40
16292,Neuwied,,,40
16293,Bruchmühlbach,49.38830585,7.465984506648274,40
16294,Olsbrücken,49.538649,7.6594462,40
16295,Germersheim,49.2222749,8.36659,40
16296,Landau in der Pfalz,49.1982825,8.1123441,40
16297,Hagenbach,49.0196679,8.247413,40
16298,Rodalben,49.2384912,7.6392258,40
16299,Enkirch,49.9830387,7.1257579,40
16300,Mühlheim an der Eis,49.5858992,8.1864777,40
16301,Bad Kreuznach,49.8490413,7.8626661,40
16302,Dörrebach,49.9451262,7.7204811,40
16303,Kirn,49.7861037,7.4584035,40
16304,Bad Dürkheim,49.4632944,8.1705063,40
16305,Frankenthal,,,40
16306,Konz,49.6984949,6.5736454,40
16307,Haßloch,49.362976,8.2565755,40
16308,Nastätten,,,40
16309,Bad Sobernheim,49.7843963,7.6520457,40
16310,Maßweiler,49.2707349,7.5288366,40
16311,Grünstadt,,,40
16312,Andernach,50.4391924,7.4023145,40
16313,Eisenberg in der Pfalz,49.5639281,8.1697083,40
16314,Bingen am Rhein,49.9667,7.9,40
16315,Zettingen,50.2286588,7.1974574,40
16316,Birkenfeld,49.6488236,7.1647477,40
16317,Westum,50.5380819,7.2327585,40
16318,Kindsbach,49.4171957,7.6176432,40
16319,Dierdorf,50.5478886,7.6564407,40
16320,Schopp,49.3547721,7.6898368,40
16321,Bassenheim,,,40
16322,Ochtendung,50.3493289,7.3891543,40
16323,Bad Neuenahr-Ahrweiler,,,40
16324,Schweigen,49.0545613,7.9560342,40
16325,Lauterecken,49.6500535,7.5918264,40
16326,Trippstadt,49.3565392,7.7713465,40
16327,Annweiler am Trifels,,,40
16328,Lonsheim,49.7782744,8.0792878,40
16329,Dahn,,,40
16330,Plaidt,50.3924191,7.3904512,40
16331,Mayen,50.3283544,7.2215134,40
16332,Pawtucket,,,1176
16333,Providence,,,1176
16334,Cranston,,,1176
16335,Foster,,,1176
16336,Potter Hill,,,1176
16337,North Kingstown,41.5514283,-71.4693875,1176
16338,Woonsocket,,,1176
16339,Westerly,,,1176
16340,Saunderstown,,,1176
16341,Lyon,45.7578137,4.8320114,8
16342,Villeurbanne,45.7733573,4.8868454,8
16343,Vénissieux,45.6977109,4.8855966,8
16344,Bron,,,8
16345,Oullins,45.7153254,4.8039331,8
16346,Tassin-la-Demi-Lune,45.7598386,4.7657747,8
16347,Écully,,,8
16348,Anse,45.9364662,4.7170072,8
16349,Tarare,45.8942555,4.4371374,8
16350,Villefranche-sur-Saône,45.9864749,4.726611,8
16351,Vernay,46.1572481,4.5294301,8
16352,Givors,45.5844238,4.7696529,8
16353,Condrieu,45.4624294,4.7676199,8
16354,Sainte-Foy-lès-Lyon,45.7362255,4.7934767,8
16355,Saint-Priest,,,8
16356,Gleizé,,,8
16357,Vaulx-en-Velin,,,8
16358,Arnas,,,8
16359,Selat Panjang,,,2071
16360,Ribnica,,,2504
16361,Rieti,,,1202
16362,Magliano Sabina,,,1202
16363,Fara in Sabina,42.2095582,12.7293703,1202
16364,Poggio Mirteto,42.2655187,12.6873028,1202
16365,Rimini,,,351
16366,Santarcangelo di Romagna,44.0634029,12.4467143,351
16367,Coriano,43.965186,12.602374,351
16368,San Leo,43.896961,12.343644,351
16369,San Giovanni in Marignano,,,351
16370,Plaisance,,,1889
16371,Guayaguayare,10.1440532,-61.0370953,1889
16372,Baía Formosa,,,981
16373,Currais Novos,,,981
16374,Açu,,,981
16375,Nova Cruz,-6.482111,-35.4332326,981
16376,Pelotas,,,101
16377,Novo Hamburgo,,,101
16378,Porto Alegre,-30.0324999,-51.2303767,101
16379,Canoas,-29.9216045,-51.1799525,101
16380,Gravataí,-29.9440222,-50.9930938,101
16381,Passo Fundo,,,101
16382,Bagé,-31.3314264,-54.1062808,101
16383,São Sebastião do Caí,,,101
16384,Caxias do Sul,,,101
16385,Cruz Alta,,,101
16386,Erechim,-27.6350709,-52.2738654,101
16387,Júlio de Castilhos,,,101
16388,Lajeado,-29.4671522,-51.9624046,101
16389,Bento Gonçalves,-29.1654014,-51.5197627,101
16390,Viamão,,,101
16391,São Leopoldo,-29.7544405,-51.1516497,101
16392,Venâncio Aires,-29.614306,-52.193159,101
16393,Butiá,-30.1256795,-51.9692224,101
16394,Santa Cruz do Sul,-29.714209,-52.4285807,101
16395,Garibaldi,-29.2562253,-51.5269167,101
16396,Montenegro,-29.6826112,-51.4687455,101
16397,Ijuí,-28.3878734,-53.9201692,101
16398,Jaguari,-29.4695286,-54.66003353501375,101
16399,Arroio dos Ratos,-30.0894524,-51.7265541,101
16400,Roca Sales,-29.2872555,-51.8724318,101
16401,Caçapava do Sul,,,101
16402,Portão,-29.6932554,-51.2331837,101
16403,Colinas,,,101
16404,Uruguaiana,-29.7560726,-57.0867546,101
16405,Roque Gonzales,,,101
16406,Três Coroas,,,101
16407,Carazinho,-28.2981634,-52.7942363,101
16408,Osório,,,101
16409,Santana do Livramento,-30.8894097,-55.5317694,101
16410,São Borja,-28.6592237,-56.0044295,101
16411,Farroupilha,,,101
16412,Igrejinha,-29.569318,-50.791894,101
16413,Santa Tereza,-29.1697808,-51.7363155,101
16414,Rio de Janeiro,,,46
16415,Nova Friburgo,-22.30616605,-42.4934183305119,46
16416,Niterói,,,46
16417,Barra Mansa,,,46
16418,Resende,,,46
16419,São Gonçalo,,,46
16420,Campos dos Goytacazes,-21.7546,-41.3242,46
16421,Volta Redonda,-22.521856,-44.1040128,46
16422,Itaguaí,,,46
16423,Petrópolis,,,46
16424,Macaé,,,46
16425,Araruama,,,46
16426,Barra do Piraí,,,46
16427,Miracema,,,46
16428,Nilópolis,-22.8080114,-43.4138222,46
16429,Duque de Caxias,,,46
16430,Nova Iguaçu,,,46
16431,Angra dos Reis,-23.15554055,-44.23448088153183,46
16432,São João de Meriti,,,46
16433,Paracambi,,,46
16434,Belford Roxo,,,46
16435,Botafogo,-22.94883205,-43.18012245685731,46
16436,Vassouras,-22.4093928,-43.6609318,46
16437,Piraí,-22.65508115,-43.91930614037898,46
16438,Valença,-22.2326385,-43.88639293642494,46
16439,São Fidélis,,,46
16440,Realengo,-22.8772743,-43.4301032,46
16441,Itaboraí,,,46
16442,Bento Ribeiro,-22.8666607,-43.3608367,46
16443,Pereira,,,1250
16444,Rivas,11.4389392,-85.8287394,631
16445,Tola,,,631
16446,Rivera,,,2038
16447,Port Harcourt,,,789
16448,Buguma,4.734071,6.863451,789
16449,Emoh Abua,,,789
16450,Rivne,,,1155
16451,Zahoroshcha,,,1155
16452,Tynne,51.165131,26.771561,1155
16453,Zdolbuniv,50.518994,26.2431096,1155
16454,Dubno,,,1155
16455,Mlynok,,,1155
16456,Ostroh,,,1155
16457,Velykyi Mezhyrichi,,,1155
16458,Velykyi Oleksyn,,,1155
16459,Velykyi Selyshcha,,,1155
16460,Malbon,,,950
16461,Rize,41.0248249,40.5199142,1844
16462,İkizdere,40.7779924,40.5595743,1844
16463,Rocha,-34.4810095,-54.3365608,1080
16464,Castillos,-34.2003023,-53.8608364,1080
16465,Port Mathurin,,,2414
16466,Stavanger,,,795
16467,Haugesund,59.413807,5.2681249,795
16468,Sola,58.88208225,5.356254245388384,795
16469,Randaberg,,,795
16470,Time,,,795
16471,Sandnes,58.98313205,6.394641047340787,795
16472,Sauda,59.70456595,6.462093764721425,795
16473,Klepp,58.7326787,5.354318419705924,795
16474,Strand,59.02031475,6.015425784935906,795
16475,Roi Et,,,1562
16476,Civitavecchia,42.0937524,11.7922462,206
16477,Velletri,,,206
16478,Monterotondo,,,206
16479,Nettuno,41.4575382,12.661425,206
16480,Anzio,41.4471008,12.6285618,206
16481,Tivoli,,,206
16482,Grottaferrata,41.788616,12.6667408,206
16483,Marino,41.7697883,12.6586082,206
16484,Colonna,41.833718,12.753184,206
16485,Bracciano,,,206
16486,Frascati,,,206
16487,Albano Laziale,41.7288894,12.6582689,206
16488,Castel Gandolfo,41.7425222,12.6488774,206
16489,Allumiere,42.156218,11.9038323,206
16490,Lanuvio,,,206
16491,Zagarolo,41.8383835,12.83105,206
16492,Colleferro,,,206
16493,Bellegra,,,206
16494,Genzano di Roma,,,206
16495,Guidonia Montecelio,,,206
16496,Olevano Romano,,,206
16497,Subiaco,41.9267153,13.0944317,206
16498,Ariccia,41.720709,12.6713481,206
16499,Fiumicino,41.7712145,12.2278855,206
16500,Palestrina,,,206
16501,Magdiwang,,,1994
16502,Porto Velho,-8.7494525,-63.8735438,1349
16503,Palmas,-10.3175555,-48.3053707,1349
16504,Boa Vista,,,2474
16505,Roscommon,53.6312446,-8.19068,935
16506,Boyle,53.9723298,-8.3012564,935
16507,Castlerea,,,935
16508,Taganrog,47.2392184,38.87550310009352,982
16509,Shakhty,,,982
16510,Rostov-na-Donu,47.2216548,39.7096061,982
16511,Zherebkov,,,982
16512,Matveyev Kurgan,,,982
16513,Belaya Kalitva,,,982
16514,Ust-Kamensk,,,982
16515,Salsk,,,982
16516,Novocherkassk,47.41066,40.101986,982
16517,Volgodonsk,,,982
16518,Azov,,,982
16519,Kamensk-Shakhtinsky,,,982
16520,Gluboky,,,982
16521,Morozovsk,48.352379,41.828762,982
16522,Kazanskaya,,,982
16523,Konstantinovsk,47.582352,41.097084,982
16524,Ovoshchesovkhoz,,,982
16525,Krym,47.303017,39.51408,982
16526,Bataysk,,,982
16527,Aksay,,,982
16528,Semikarakorsk,,,982
16529,Bolshaya Martynovka,,,982
16530,Razvilnoye,,,982
16531,Novospasovka,48.9119,40.456039,982
16532,Sovkhoz Gigant,,,982
16533,Oinafa,-12.4889591,177.1240166,1791
16534,Badia Polesine,45.0940564,11.4934621,718
16535,Guarda Veneta,44.9803991,11.8028519,718
16536,Rovigo,,,718
16537,Porto Viro,45.0253113,12.2252372,718
16538,Bagnolo di Po,45.0160084,11.5011924,718
16539,Rožaje,,,2432
16540,Ruggell,47.2346644,9.538134,1294
16541,Ruse,43.8350657,25.957973495516235,873
16542,Nikolovo,43.8668,26.10882,873
16543,Krivnya,43.65111,26.33112,873
16544,Pirgovo,43.73136,25.85922,873
16545,Byala,,,873
16546,Obretenik,43.58042,25.81017,873
16547,Svalenik,43.58287,26.13272,873
16548,Sandrovo,43.9330544,26.1138784,873
16549,Batin,43.656476,25.6767479,873
16550,Musongati,,,2471
16551,Songea,,,2386
16552,Nkanda Bweru,,,2332
16553,Hyesan,,,2327
16554,Spas-Klepiki,,,964
16555,Ryazan,54.4226732,40.5705246,964
16556,Mys Dobroy Nadezhdy,,,964
16557,Pokrovo-Shishkino,,,964
16558,Katino,53.932476,39.18861,964
16559,Tyrnovo,,,964
16560,Timoshkino,,,964
16561,Gavrilovskoye,54.4145114,41.8455247,964
16562,Shatsk,,,964
16563,Kalikino,,,964
16564,Serebryan,,,964
16565,Kasimov,,,964
16566,Troitskoye,,,964
16567,Lukyanovka,,,964
16568,Moshki,,,964
16569,Davydovo,,,964
16570,Vyazhnevka,,,964
16571,Gaverdovo,54.505497,40.126572,964
16572,Bruxelles (Brussels),50.8465573,4.351697,97
16573,Saint-Josse-ten-Noode,50.8508197,4.3691634,97
16574,Saint-Gilles,50.8249958,4.3454841,97
16575,Etterbeek,,,97
16576,Woluwé-Saint-Pierre,50.8370253,4.4274636,97
16577,Ixelles,50.8331141,4.3668279,97
16578,Molenbeek-Saint-Jean,50.8545959,4.338636,97
16579,Sint-Joost-ten-Node,50.8508197,4.3691634,97
16580,Uccle,,,97
16581,Laeken,,,97
16582,Anderlecht,50.8390983,4.3296526,97
16583,Watermael-Boitsfort,50.7981063,4.4176441,97
16584,Forest,50.811795,4.3181187,97
16585,Berchem-Sainte-Agathe,50.8649231,4.2946734,97
16586,Schaerbeek,50.8676041,4.3737121,97
16587,Woluwe-Saint-Lambert,,,97
16588,Auderghem,,,97
16589,Koekelberg,50.8606042,4.3315503,97
16590,Jette,,,97
16591,San Carlos de Bariloche,,,816
16592,Viedma,,,816
16593,General Roca,,,816
16594,Maquinchao,-41.2483655,-68.7012651,816
16595,Fray Bentos,-33.1165167,-58.3130977,816
16596,Ñorquincó,,,816
16597,Valcheta,,,816
16598,Tres Árboles,-32.3985434,-56.7108096,816
16599,Península San Pedro,,,816
16600,Rēzekne,,,2105
16601,Rīga,,,232
16602,Mitan,,,232
16603,Ipiki,,,1832
16604,Rūjiena,57.89476245,25.324340292529826,1832
16605,Ta Phraya,,,2368
16606,Orissaare,,,1309
16607,Kuressaare,,,1309
16608,Pöide,58.508291,23.0456751,1309
16609,Pihtla,58.3022588,22.6976394,1309
16610,Lümanda,58.28561545,22.052923894566376,1309
16611,Püttlingen,,,36
16612,Saarbrücken,,,36
16613,Homburg,,,36
16614,Merzig,49.4427023,6.6374902,36
16615,Saarlouis,,,36
16616,Bexbach,49.347299,7.2548948,36
16617,Quierschied,49.3260163,7.052847,36
16618,Illingen,49.3777244,7.0525145,36
16619,Völklingen,49.2522866,6.859519,36
16620,Schwalbach,49.3027081,6.8220722,36
16621,Lebach,,,36
16622,Blieskastel,49.2370918,7.2599036,36
16623,Kota Kinabalu,,,1984
16624,Tinompok,,,1984
16625,Kota Belud,,,1984
16626,Karawanella,7.0235747,80.2613831,1029
16627,Morawaka,,,1029
16628,Oschatz,,,37
16629,Leipzig,51.3406321,12.3747329,37
16630,Dresden,51.0493286,13.7381437,37
16631,Chemnitz,50.8323531,12.918914,37
16632,Günsdorf,50.6672114,12.8587691,37
16633,Weißwasser,,,37
16634,Meißen,51.1630871,13.4704939,37
16635,Plauen im Vogtland,,,37
16636,Marienberg,,,37
16637,Dippoldiswalde,,,37
16638,Löbau,51.0993856,14.671919,37
16639,Bad Muskau,,,37
16640,Zwickau,50.7185043,12.4939267,37
16641,Bautzen,,,37
16642,Riesa,51.3038241,13.308828,37
16643,Räckelwitz,51.2563036,14.2234761,37
16644,Rochlitz,51.0456789,12.7990531,37
16645,Annaberg-Buchholz,,,37
16646,Thallwitz,51.4325278,12.6806613,37
16647,Eilenburg,51.4586736,12.6344389,37
16648,Weißenborn,50.8714928,13.3980846,37
16649,Döbeln,51.1167001,13.1166999,37
16650,Sohland an der Spree,51.0480913,14.427963,37
16651,Brockau,50.6070427,12.2138912,37
16652,Glauchau,50.8199031,12.5397873,37
16653,Löbnitz,51.5916291,12.4634919,37
16654,Freiberg,,,37
16655,Hoyerswerda,51.4333103,14.250083,37
16656,Dommitzsch,51.6401155,12.8818456,37
16657,Burgstädt,50.9199843,12.8056571,37
16658,Klingenthal,,,37
16659,Freital,,,37
16660,Zschopau,,,37
16661,Crimmitschau,50.8162378,12.3867217,37
16662,Pirna,,,37
16663,Borna,51.1241649,12.4999055,37
16664,Limbach-Oberfrohna,50.8608138,12.7545462,37
16665,Görlitz,51.1563185,14.991018,37
16666,Seifhennersdorf,50.9346533,14.6092022,37
16667,Dohna,50.955232,13.8587012,37
16668,Meerane,50.8427835,12.4581578,37
16669,Mildenau,,,37
16670,Mügeln,51.2335824,13.0181304,37
16671,Rodewisch,,,37
16672,Böhlen,51.2027284,12.3859676,37
16673,Frankenberg,50.9110365,13.0331023,37
16674,Oberlungwitz,50.7894372,12.7343596,37
16675,Zwenkau,51.2182735,12.324152,37
16676,Werdau,,,37
16677,Zittau,,,37
16678,Falkenstein im Vogtland,,,37
16679,Bad Düben,51.5911653,12.5856428,37
16680,Bernsdorf,51.3710839,14.0694111,37
16681,Pegau,,,37
16682,Bad Schandau,50.918091,14.1534018,37
16683,Siegmar-Schönau,50.8214525,12.8775814,37
16684,Mauldorf,,,37
16685,Oelsnitz,50.4155268,12.1722832,37
16686,Wilsdruff,51.0524125,13.5362765,37
16687,Cunewalde,51.098481,14.514475,37
16688,Geyer,50.623596,12.9249831,37
16689,Schkeuditz,51.3963509,12.2216292,37
16690,Torgau,51.5581272,13.0046538,37
16691,Arnsdorf,51.0970348,13.9934028,37
16692,Wilkau-Haßlau,50.6750523,12.5115613,37
16693,Wurzen,51.3709574,12.7410574,37
16694,Clausnitz,,,37
16695,Lommatzsch,51.1952586,13.3111561,37
16696,Ehrenfriedersdorf,,,37
16697,Elsterberg,50.6036333,12.176645,37
16698,Brandis,51.3346604,12.6089036,37
16699,Lohsa,51.3845926,14.4052355,37
16700,Großenhain,51.2911845,13.5317153,37
16701,Penig,50.9331827,12.7075852,37
16702,Groitzsch,51.15,12.2833,37
16703,Schneeberg im Erzgebirge,,,37
16704,Coswig,,,37
16705,Mühlbach,51.2954943,13.6692743,37
16706,Sebnitz,,,37
16707,Bennewitz,51.3551242,12.7089736,37
16708,Borsdorf,51.3457561,12.5411263,37
16709,Bad Elster,,,37
16710,Grimma,51.2383379,12.7287511,37
16711,Wehrdorf,,,37
16712,Oybin,,,37
16713,Mittweida,,,37
16714,Langenbernsdorf,,,37
16715,Waldheim,,,37
16716,Oberwiesenthal,50.4355522,12.948936691898684,37
16717,Kamenz,51.270139,14.0948628,37
16718,Wermsdorf,,,37
16719,Großpösna,51.2667,12.5,37
16720,Großsteinberg,51.2524724,12.6385366,37
16721,Heidenau,50.9735851,13.8753917,37
16722,Johanngeorgenstadt,,,37
16723,Rammenau,51.1539243,14.1357119,37
16724,Königstein,50.9185261,14.0732271,37
16725,Flöha,,,37
16726,Radebeul,51.0999765,13.6767995,37
16727,Markranstädt,51.3026177,12.2204644,37
16728,Tannenberg,,,37
16729,Frauenstein,50.8024134,13.5382248,37
16730,Radeberg,51.1151413,13.9175257,37
16731,Gröditz,51.4121605,13.4473168,37
16732,Geringswalde,51.0760493,12.9048523,37
16733,Delitzsch,51.5255661,12.342857,37
16734,Sayda,,,37
16735,Lauta,,,37
16736,Geithain,51.054325,12.694675,37
16737,Breitenbrunn,50.4756535,12.7667543,37
16738,Strehla,51.370557,13.2397429,37
16739,Schlettau,,,37
16740,Markkleeberg,51.2785751,12.3718819,37
16741,Colditz,51.1295496,12.8065842,37
16742,Rittersgrün,50.4747047,12.8044038,37
16743,Deuben,51.11794245,12.08414045669184,660
16744,Freyburg,51.2126192,11.7696956,660
16745,Großkorbetha,51.26003575,12.020274373932548,660
16746,Magdeburg,52.1315889,11.6399609,660
16747,Halle (Saale),,,660
16748,Lutherstadt Wittenberg,51.8666527,12.646761,660
16749,Wernigerode,,,660
16750,Staßfurt,51.8514515,11.5929455,660
16751,Aken (Elbe),51.85,12.05,660
16752,Schkopau,51.3902906,11.9854347,660
16753,Zeitz,51.0491637,12.1349991,660
16754,Lutherstadt Eisleben,51.5283282,11.5465911,660
16755,Merseburg,51.3564413,11.996148,660
16756,Eckartsberga,51.1231891,11.5604073,660
16757,Calbe (Saale),51.9034006,11.7761208,660
16758,Sangerhausen,,,660
16759,Bad Lauchstädt,51.3949623,11.9004966,660
16760,Halberstadt,51.8953514,11.0520563,660
16761,Quedlinburg,51.7855428,11.1519933,660
16762,Bernburg (Saale),51.7930788,11.7391606,660
16763,Schönebeck (Elbe),52.0205998,11.7383277,660
16764,Laucha an der Unstrut,51.2233104,11.682231,660
16765,Bad Schmiedeberg,51.6883775,12.7409236,660
16766,Naumburg,51.1525648,11.8099186,660
16767,Wolmirstedt,52.2484924,11.6267388,660
16768,Lützen,51.2585623,12.1459521,660
16769,Salzwedel,52.8528456,11.1539699,660
16770,Rogätz,52.3176324,11.7683998,660
16771,Gerbstedt,51.6186924,11.6366979,660
16772,Mansfeld,,,660
16773,Nebra,51.2873083,11.5787877,660
16774,Querfurt,,,660
16775,Stendal,52.6050782,11.8594279,660
16776,Bad Dürrenberg,,,660
16777,Köthen (Anhalt),,,660
16778,Aschersleben,51.7559549,11.462134,660
16779,Baasdorf,51.7083845,11.9776621,660
16780,Obergreißlau,51.1737421,11.955786843174089,660
16781,Burg bei Magdeburg,52.2705632,11.8588198,660
16782,Colbitz,52.3175511,11.6084006,660
16783,Recklingen,52.7342442,11.2271867,660
16784,Thale,51.7527606,11.037722,660
16785,Leuna,51.3233638,12.0195081,660
16786,Löderburg,51.8778817,11.5398637,660
16787,Osterfeld,,,660
16788,Weißenfels,51.1999793,11.9667857,660
16789,Gardelegen,52.5266697,11.3929784,660
16790,Thielbeer,52.8463977,11.4826709,660
16791,Harzgerode,,,660
16792,Genthin,52.4063738,12.1561742,660
16793,Blankenburg (Harz),,,660
16794,Schwanebeck,51.96012075,11.11692632078903,660
16795,Elbingerode,,,660
16796,Stapelburg,51.8982642,10.666009672642364,660
16797,Havelberg,52.8250425,12.0741929,660
16798,Rohrberg,52.7121974,11.01892821588492,660
16799,Teutschenthal,51.45,11.8,660
16800,Klötze,52.6276465,11.165058,660
16801,Tangermünde,52.5431104,11.9722524,660
16802,Ostrau im Saalkreis,,,660
16803,Egeln,51.9400891,11.4273755,660
16804,Eilsleben,52.1436228,11.236309505228766,660
16805,Güsen,52.34293,11.9799789,660
16806,Wegeleben,51.8850182,11.1747108,660
16807,Hohenmölsen,51.1573976,12.0981844,660
16808,Gommern,52.0739555,11.8307231,660
16809,Saga,-17.6549774,-65.6836978,738
16810,Miyaki,33.3275817,130.4548945,738
16811,Karatsu,,,738
16812,Tosu,33.3778536,130.5061966,738
16813,Yoshinogari,,,738
16814,Shiroishi,,,738
16815,Kangel,,,2306
16816,Content Gap,,,1891
16817,Papine,,,1891
16818,Vieille Case,15.6143053,-61.4046943,1891
16819,Half Way Tree,18.0118757,-76.7968643,1891
16820,Gordon Town,18.036453,-76.7189455,1891
16821,Priory,,,1960
16822,Ocho Rios,,,1960
16823,Lime Hall,,,1960
16824,Keith,,,1960
16825,Portmore,17.9717917,-76.8738048,1363
16826,Linstead,,,1363
16827,Spanish Town,,,1363
16828,Macca Tree,,,1363
16829,Kitson Town,,,1363
16830,Browns Hall,18.0647603,-77.131083,1363
16831,Ewarton,,,1363
16832,Carib Territory,,,2156
16833,Burnt Savannah,,,1934
16834,Black River,,,1934
16835,Kingstown,,,1892
16836,Goodwill,15.305083,-61.3854155,1892
16837,Ellerton,,,1892
16838,Woodlands,,,1892
16839,Loubiere,15.275216,-61.373425,1892
16840,Basseterre,,,1894
16841,Montego Bay,,,1888
16842,Gouyave,,,1916
16843,Pie Corner,13.3069969,-59.5844074,1246
16844,Pichelin,,,2091
16845,Mahaut,,,1753
16846,Massacre,,,1753
16847,Speightstown,,,2297
16848,Parham,,,2297
16849,Ogees,,,2008
16850,Bayfield,13.1661442,-59.4536699,1783
16851,Freetown,17.0466628,-61.7031162,1783
16852,Cedar Valley,,,2413
16853,Morant Bay,,,2413
16854,Saint Louis,16.0280445,-16.5048686,1675
16855,Galoya Toucouleur,,,1675
16856,Sandy Ground,18.0580902,-63.1000249,1917
16857,Niiza,,,359
16858,Honjo,,,359
16859,Urawa,,,359
16860,Okegawa,,,359
16861,Kawaguchi,,,359
16862,Saitama,,,359
16863,Kitamoto,,,359
16864,Tokorozawa,,,359
16865,Toda,35.8175874,139.6778944,359
16866,Iruma,,,359
16867,Kumagaya,,,359
16868,Tsurugashima,,,359
16869,Matsubushi,,,359
16870,Ageo,,,359
16871,Yokoze,,,359
16872,Yono,,,359
16873,Hanno,,,359
16874,Kasukabe,,,359
16875,Chichibu,,,359
16876,Arakawa,,,359
16877,Nagatoro,,,359
16878,Oi,35.848487,139.518173,359
16879,Yashio,,,359
16880,Yoshikawa,,,359
16881,Kamifukuoka,,,359
16882,Koshigaya,,,359
16883,Ogose,35.9645056,139.2941313,359
16884,Sakado,,,359
16885,Soka,35.8262233,139.8061784,359
16886,Adapazarı,40.7726291,30.4038575,1348
16887,Akyazı,40.6814188,30.6246106,1348
16888,Sakarya,40.7726291,30.4038575,1348
16889,Yuzhno-Sakhalinsk,,,1439
16890,Korsakov,46.632815,142.7810147,1439
16891,Leonidovo,49.283333,142.866667,1439
16892,Dolinsk,,,1439
16893,Prigorodnoye,,,1439
16894,Gastello,,,1439
16895,Shakhtyorsk,49.1592435,142.1070013,1439
16896,Pobedino,49.8393805,142.8107856,1439
16897,Kolendo,,,1439
16898,Espargos,,,784
16899,Samarra,34.2,43.9,1507
16900,Monterrubio de Armuña,41.0277653,-5.6422552,971
16901,Ciudad Rodrigo,40.5973921,-6.5335182,971
16902,Santa María de Sando,40.9787511,-6.1289175,971
16903,Lagunilla,40.3247404,-5.9717522,971
16904,Villares de la Reina,,,971
16905,Béjar,40.3865812,-5.7649619,971
16906,Villamayor de Armuña,41.0043695,-5.6750119,971
16907,Saldus,,,1803
16908,Salerno,,,721
16909,Sarno,,,721
16910,Pagani,40.7498877,14.6133234,721
16911,Castel San Giorgio,,,721
16912,Baronissi,40.7469385,14.7699874,721
16913,Battipaglia,,,721
16914,Nocera Inferiore,,,721
16915,Giffoni Valle Piana,,,721
16916,San Ramón de la Nueva Orán,,,1404
16917,Salta,,,1404
16918,Tartagal,-22.5194493,-63.7986328,1404
16919,Wals,47.7910257,12.9651982,149
16920,Abtenau,47.5642319,13.3460333,149
16921,Tamsweg,,,149
16922,Salzburg,,,149
16923,Saalbach,47.3914586,12.6364473,149
16924,Wals-Siezenheim,47.7986,12.9807,149
16925,Zell am See,,,149
16926,Schwarzach im Pongau,,,149
16927,Hallein,,,149
16928,Kleinarl,,,149
16929,Radstadt,,,149
16930,Ebenau,,,149
16931,Sankt Martin bei Lofer,47.5660104,12.7064192,149
16932,Lungötz,,,149
16933,Saalfelden am Steinernen Meer,,,149
16934,Altenmarkt im Pongau,,,149
16935,Sankt Gilgen,,,149
16936,Plainfeld,47.8323325,13.1831669,149
16937,Oberburgau,,,149
16938,Sankt Koloman,,,149
16939,Mittersill,,,149
16940,Kuchl,,,149
16941,Oberndorf bei Salzburg,,,149
16942,Thalgau,47.8414905,13.2535481,149
16943,Neukirchen am Großvenediger,,,149
16944,Mariapfarr,,,149
16945,Werfen,,,149
16946,Bad Gastein,,,149
16947,Bischofshofen,,,149
16948,Leogang,,,149
16949,Mauterndorf,,,149
16950,Filzmoos,,,149
16951,Sankt Johann im Pongau,,,149
16952,Piesendorf,,,149
16953,Mitterberghütten,,,149
16954,Strobl,47.7170199,13.4835153,149
16955,Rauris,,,149
16956,Catbalogan,11.7753199,124.8829549,1359
16957,Samara,,,1027
16958,Togliatti,,,1027
16959,Novokuybyshevsk,,,1027
16960,Syzran,,,1027
16961,Elkhovoye Ozero,,,1027
16962,Zubchaninovka,53.2533032,50.3306273,1027
16963,Tolyatti,,,1027
16964,Otradny,53.376175,51.348053,1027
16965,Neftegorsk,,,1027
16966,Zhigulevsk,,,1027
16967,Samarqand,39.6550017,66.9756954,407
16968,Urgut,39.4092386,67.2494167,407
16969,Kenagas,,,407
16970,Krasnogvardeyskaya,,,407
16971,Pastdargom district,39.762045,66.54765735263736,407
16972,Kattaqorgon,,,407
16973,Khobi,,,1658
16974,Berdzenauli,,,1658
16975,Mukhurcha,42.3208565,42.2451745,1658
16976,Mestia,,,1658
16977,Zugdidi,,,1658
16978,Badiauri,,,1658
16979,Riqe,,,1658
16980,Chkhorotsqu,,,1658
16981,Tsalenjikha,,,1658
16982,Abasha,,,1658
16983,Mtiskalta,,,1658
16984,Söğütpınar,41.0646652,36.6406925,1815
16985,Çarşamba,41.1982911,36.7270196,1815
16986,Samsun,,,1815
16987,Akguney,41.5566692,35.479145,1815
16988,Kavak,41.0773428,36.0431355,1815
16989,Bakuriani,,,2075
16990,Akhalkalaki,,,2075
16991,Borjomi,,,2075
16992,Samut Prakan,13.5949486,100.5966707,1048
16993,Samrong,13.6450158,100.5966038,1048
16994,Dhonburi,,,1048
16995,Samut Sakhon,13.5497782,100.2742813,1051
16996,Sabana Grande de Palenque,,,983
16997,Yaguate,,,983
16998,San Juan de Tibás,,,109
16999,Calle Blancos,,,109
17000,San José de Mayo,-34.3396765,-56.7138662,109
17001,Ciudad Colón,9.9458515,-84.1879358,109
17002,Curridabat,9.9137692,-84.0400515,109
17003,Paso Ancho,9.9089624,-84.0788707,109
17004,Chirraca,9.8114093,-84.1695724,109
17005,San Isidro de El General,,,109
17006,San Juan de la Maguana,18.8972366,-71.32585000300287,650
17007,Barataria,10.64986,-61.4623113,1053
17008,Morvant,10.6577414,-61.4759089,1053
17009,Laventille,,,1053
17010,Talita,-32.3066202,-66.7367662,814
17011,San Luis Potosí,,,774
17012,Charcas,23.2730516,-101.10875736813342,774
17013,Rioverde,21.9792678,-100.24819727900706,774
17014,El Salado,,,774
17015,Soledad de Graciano Sánchez,22.1874129,-100.9368949,774
17016,Malacatán,14.9106935,-92.09291434928303,1493
17017,San Rafael Pie de la Cuesta,14.92963025,-91.90547600237409,1493
17018,San Marcos,14.9643813,-91.7943267,1493
17019,Bellavista,,,1993
17020,Uchiza,,,1993
17021,San Pedro de Macorís,,,380
17022,Consuelo,18.59425105,-69.25322781097822,380
17023,Soyapango,13.7036577,-89.1501583,388
17024,Villa Delgado,,,388
17025,Mejicanos,,,388
17026,Sancti Spíritus,21.9228148,-79.4464743,336
17027,Meneses,22.2560608,-79.2618895,336
17028,Jatibonico,21.9421689,-79.17144,336
17029,Manacas Iznaga,,,336
17030,Mota,,,336
17031,Cabaiguán,,,336
17032,Yaguajay,,,336
17033,Fomento,,,336
17034,Mayajigua,22.2452075,-79.0724226,336
17035,Vanimo,,,2003
17036,Sandys,-43.6486037,171.2136493,1746
17037,Toco,,,2415
17038,Wildhaus,,,1038
17039,Lütisburg,47.4118542,9.0466332,1038
17040,Sankt Gallen,,,1038
17041,Oberriet,47.3234908,9.5712982,1038
17042,Altstätten,,,1038
17043,Rorschach,47.4780562,9.505248,1038
17044,Wattwil,,,1038
17045,Schänis,47.1576426,9.0438307,1038
17046,Uzwil,,,1038
17047,Grabs,,,1038
17048,Bronschhofen,,,1038
17049,Walenstadt-Tscherlach,,,1038
17050,Wangs,,,1038
17051,Thal,48.6906523,7.3282746,1038
17052,Flums,,,1038
17053,Bad Ragaz,,,1038
17054,Berneck,,,1038
17055,Mosnang,,,1038
17056,Pfäfers-Vättis,,,1038
17057,Rapperswil,47.2251961,8.8171133,1038
17058,Sennwald,,,1038
17059,Sankt Gallenkappel,,,1038
17060,Wil,47.465266,9.0415478,1038
17061,Eschenbach,,,1038
17062,Flawil,,,1038
17063,Gossau,,,1038
17064,Niederuzwil,,,1038
17065,Zuberwangen,,,1038
17066,Oberbüren,,,1038
17067,Walenstadt,,,1038
17068,Buchs,47.1673411,9.4796782,1038
17069,Kirchberg,47.4095086,9.026700891313263,1038
17070,Sargans,47.0453859,9.4453692,1038
17071,Häggenschwil,,,1038
17072,Toggenburg,,,1038
17073,Degersheim,47.3724541,9.2000872,1038
17074,Marbach,,,1038
17075,Diepoldsau,,,1038
17076,Goldach,47.4738651,9.4668518,1038
17077,Jona,47.2299661,8.837658,1038
17078,Nesslau,,,1038
17079,Bollingen,47.2193029,8.8947267,1038
17080,Katako-Kombe,-3.0792941000000003,24.805240112418115,1408
17081,Espiritu Santo,,,2039
17082,Luganville,,,2039
17083,Sant Julià de Lòria,,,1876
17084,Porto União,-26.2336416,-51.082771,1260
17085,Ponte Serrada,,,1260
17086,Florianópolis,,,1260
17087,Joinville,,,1260
17088,Xanxerê,,,1260
17089,Lages,,,1260
17090,Blumenau,-26.9195567,-49.0658025,1260
17091,Tubarão,,,1260
17092,Concórdia,,,1260
17093,Criciúma,-28.6789941,-49.3695627,1260
17094,Garuva,-26.0294904,-48.8545202,1260
17095,São Joaquim,-28.2924972,-49.9353255,1260
17096,Abelardo Luz,-26.5705893,-52.3280339,1260
17097,São José,,,1260
17098,Brusque,-27.0964628,-48.9136323,1260
17099,Descanso,-26.8246854,-53.5017586,1260
17100,Nova Trento,,,1260
17101,Indaial,,,1260
17102,Seara,,,1260
17103,Timbó,,,1260
17104,Saudades,,,1260
17105,Orleans,,,1260
17106,Chapecó,-27.0922364,-52.6166878,1260
17107,Pomerode,-26.7356218,-49.1770095,1260
17108,Joaçaba,-27.1737204,-51.5065214,1260
17109,Itajaí,-26.9046787,-48.6552979,1260
17110,São Miguel do Oeste,-26.7278977,-53.5176689,1260
17111,Salete,-26.9841891,-50.0076205,1260
17112,Caçador,-26.7737784,-51.0134844,1260
17113,Armazém,-28.2624996,-49.0190126,1260
17114,Santa Catarina (Santa Katarina),,,1260
17115,Jaraguá do Sul,,,1260
17116,Ibirama,,,1260
17117,Canoinhas,-26.1755121,-50.3949592,1260
17118,Capinzal,,,1260
17119,Santa Cruz de la Sierra,,,1257
17120,Montero,-17.3420202,-63.2557687,1257
17121,Puerto Deseado,,,1257
17122,Santa Cruz de La Palma,,,389
17123,Arico,,,389
17124,Santa Cruz de Tenerife,28.467178,-16.2507843,389
17125,Agulo,28.1881791,-17.1945669,389
17126,Barlovento,28.8294169,-17.803359,389
17127,Tegueste,,,389
17128,San Cristóbal de La Laguna,28.4857715,-16.3159422,389
17129,Los Llanos de Aridane,,,389
17130,Los Realejos,,,389
17131,La Libertad,,,2347
17132,Montañita,,,2347
17133,Rafaela,,,470
17134,Villa Eloísa,-32.9623404,-61.5462137,470
17135,Casilda,,,470
17136,Carcarañá,,,470
17137,Elortondo,-33.6990435,-61.6204733,470
17138,Barrancas,-32.234183,-60.9811677,470
17139,Capitán Bermúdez,-32.7343908,-60.7489971,470
17140,Rufino,,,470
17141,Malabrigo,,,470
17142,Arroyo Seco,-33.154614,-60.5082223,470
17143,Pujato,-33.0176021,-61.0430978,470
17144,Puerto San Martín,-32.7057618,-60.7638833,470
17145,Las Rosas,-32.47548955,-61.57765214740667,470
17146,Funes,-32.9168704,-60.8105603,470
17147,Cañada Rosquín,,,470
17148,Larrechea,-31.9343347,-61.0479966,470
17149,Suardi,-30.5342762,-61.9610646,470
17150,Villa Gobernador Gálvez,,,470
17151,Cañada de Gómez,,,470
17152,Granadero Baigorria,,,470
17153,San Carlos Centro,,,470
17154,Teodelina,,,470
17155,Bernardo de Irigoyen,,,470
17156,Pilar (Santa Fe),-31.4348997,-61.2575506,470
17157,Sunchales,-30.9450891,-61.5608072,470
17158,El Trébol,,,470
17159,Santa Rosa de Calchines,,,470
17160,Santo Tomé,,,470
17161,Venado Tuerto,,,470
17162,Laguna Paiva,-31.3063821,-60.6586713,470
17163,Cafferata,-33.4395421,-62.0862837,470
17164,Firmat,,,470
17165,Roldán,,,470
17166,Cuilapa,14.276824,-90.2989113,1708
17167,Bucaramanga,7.1255169,-73.1182624,1263
17168,San Juan de Girón,,,1263
17169,Barbosa,,,1263
17170,Piedecuesta,,,1263
17171,Zapatoca,,,1263
17172,Guaca,6.8760761,-72.8557642,1263
17173,Onzaga,6.3438974,-72.816606,1263
17174,Santiago de los Caballeros,,,376
17175,Tamboril,19.4873105,-70.6125659,376
17176,Licey al Medio,,,376
17177,Independencia,,,183
17178,Puente Alto,,,183
17179,Recoleta,-33.408827,-70.61534842455276,183
17180,Talagante,,,183
17181,Vitacura,,,183
17182,San Bernardo,-33.5922859,-70.7045838,183
17183,Melipilla,-33.46995105,-70.67928159868325,183
17184,Quinta Normal,-33.440368,-70.6802912,183
17185,Las Condes,,,183
17186,Ñuñoa,,,183
17187,Buin,-33.7319741,-70.7419619,183
17188,Lo Barnechea,,,183
17189,Maipú,,,183
17190,Santiago de Cuba,20.0214637,-75.8294928,341
17191,Palma Soriano,20.2126686,-75.9973941,341
17192,El Caney,,,341
17193,Alto Songo,,,341
17194,Dos Caminos,20.18505935,-75.78779139755875,341
17195,Palmarito de Cauto,20.3224287,-75.9183826,341
17196,Chivirico,,,341
17197,La Maya,20.1684214,-75.6475838,341
17198,La Prueba,,,341
17199,Siboney,,,341
17200,Santiago del Estero,,,946
17201,Colonia Dora,,,946
17202,Los Alcarrizos,,,1817
17203,Los Mina,18.5031098,-69.8644645,1817
17204,Maria Auxiliadora,18.4987281,-69.8871334,1817
17205,Villa Mella,,,1817
17206,Santo Domingo de Los Colorados,,,2270
17207,Rogatica,,,1660
17208,Pale,,,1660
17209,Saratov,,,1169
17210,Engels,,,1169
17211,Volsk,52.042755,47.386032,1169
17212,Balashov,51.5546717,43.1430732,1169
17213,Atkarsk,,,1169
17214,Balakovo,,,1169
17215,Yershov,,,1169
17216,Petrovsk,,,1169
17217,Porubezhka,,,1169
17218,Alekseyevka,,,1169
17219,Stepnoye,,,1169
17220,Zizevsky,,,1169
17221,Miri,,,1982
17222,Kuching,,,1982
17223,Bau,,,1982
17224,La Flèche,47.6968408,-0.0746149,1175
17225,Le Mans,48.0073849,0.1967849,1175
17226,Thorée-les-Pins,47.6871926,0.0423401,1175
17227,Saint-Corneille,48.0663752,0.3437644,1175
17228,Malicorne-sur-Sarthe,47.8144856,-0.0881093,1175
17229,Allonnes,47.969283,0.1578819,1175
17230,Cumberland House,53.9536112,-102.267635,180
17231,Moosomin,,,180
17232,Regina,,,180
17233,Saskatoon,52.131802,-106.660767,180
17234,Humboldt,,,180
17235,Wolseley,50.4226733,-103.266383,180
17236,Prince Albert,,,180
17237,Weyburn,49.6651238,-103.854034,180
17238,Swift Current,50.2849138,-107.7984496,180
17239,Moose Jaw,50.401515,-105.542908,180
17240,North Battleford,,,180
17241,Kamsack,,,180
17242,Tisdale,,,180
17243,Fillmore,49.883333,-103.433333,180
17244,Macklin,,,180
17245,Truax,49.9049163,-104.945642,180
17246,Heward,49.7396035,-103.1490658,180
17247,Balcarres,50.804747,-103.5427231,180
17248,Kipling,,,180
17249,Alsask,51.3761751,-109.9947745,180
17250,Maple Creek,49.9056917,-109.4800219,180
17251,Red Pheasant Reserve,,,180
17252,Vanguard,,,180
17253,Yorkton,,,180
17254,Bruno,52.2663037,-105.5189092,180
17255,Shaunavon,,,180
17256,Whitewood,50.3313195,-102.2673483,180
17257,Outlook,51.4866125,-107.0610496,180
17258,Mullingar,,,180
17259,Wilkie,,,180
17260,Birch Hills,,,180
17261,Kennedy,,,180
17262,Carrot River,,,180
17263,Shellbrook,,,180
17264,Sedley,,,180
17265,Drinkwater,50.29516705,-105.13356109382084,180
17266,Mervin,53.3349349,-108.8763731,180
17267,Kelvington,52.1643973,-103.5228082,180
17268,Biggar,52.0576499,-107.984618,180
17269,Loon Lake,54.025278,-109.160556,180
17270,Vidora,49.3264536,-109.4090816,180
17271,Drake,,,180
17272,Oxbow,,,180
17273,Gravelbourg,,,180
17274,Waskesiu Lake,,,180
17275,Lumsden,,,180
17276,Creelman,,,180
17277,Uranium City,,,180
17278,Wakaw,,,180
17279,Norquay,,,180
17280,Paddockwood,53.5073657,-105.563887,180
17281,Dafoe,,,180
17282,Canora,,,180
17283,Preeceville,,,180
17284,Carlyle,,,180
17285,Daloa,,,1630
17286,Domangbeu,6.9846699,-7.0188161,1630
17287,Bouaflé,,,1630
17288,Sassari,,,710
17289,Sennori,40.7894457,8.5916589,710
17290,Alghero,40.5587291,8.3153206,710
17291,Porto Torres,40.8370333,8.4013292,710
17292,La Maddalena,41.2127826,9.4066598,710
17293,Ozieri,,,710
17294,Pozzomaggiore,40.398756,8.660219,710
17295,Padria,40.396355,8.629919,710
17296,Osilo,40.744063,8.671115,710
17297,Pori,61.4866126,21.7972071,120
17298,Harjavalta,61.3125216,22.1357413,120
17299,Eura,61.1304007,22.1302126,120
17300,Köyliö,,,120
17301,Nakkila,,,120
17302,Ulvila,61.5508046,22.1660449,120
17303,Merikarvia,61.8521313,21.4823628,120
17304,Rauma,,,120
17305,Huittinen,,,120
17306,Kokemäki,,,120
17307,Kankaanpää,,,120
17308,Jämijärvi,61.8212196,22.6970217,120
17309,Pomarkku,61.6935412,22.0083959,120
17310,Luvia,61.3601139,21.6267263,120
17311,Siikainen,61.8766739,21.8216558,120
17312,Karvia,62.1362507,22.5684414,120
17313,Kiikoinen,,,120
17314,Carei,47.6829338,22.4695102,930
17315,Satu Mare,47.7891763,22.8725598,930
17316,Hodod,47.4025956,23.0250179,930
17317,Craidorolţ,47.61341,22.7039343,930
17318,Giungi,47.5732192,22.7754673,930
17319,Pişcolt,47.5800207,22.2995982,930
17320,Negrești-Oaș,47.8729032,23.4270648,930
17321,Cherța Mică,,,930
17322,Tătărești,,,930
17323,Halmeu,,,930
17324,Pabaži,,,1866
17325,Saulkrasti,,,1866
17326,Korhogo,,,1902
17327,Ferkessédougou,,,1902
17328,Dapaong,,,1902
17329,Chambéry,45.5662672,5.9203636,620
17330,Aix-les-Bains,45.6886292,5.9146362,620
17331,Bourg-Saint-Maurice,,,620
17332,Albertville,,,620
17333,Courchevel,,,620
17334,Aime-la-Plagne,,,620
17335,Les Saisies,,,620
17336,Moûtiers,,,620
17337,Épersy,45.743591,5.968073641090996,620
17338,Tresserve,45.6731168,5.8955448,620
17339,Voglans,45.6322094,5.8971446,620
17340,Bourdeau,45.68364,5.8561401,620
17341,Modane,,,620
17342,Tignes,,,620
17343,Saint-Jean-de-Maurienne,,,620
17344,Freney,45.1936,6.62709,620
17345,Fontcouverte-la-Toussuire,,,620
17346,Saint Martin de Belleville,,,620
17347,Saint-Ours,,,620
17348,Brides-les-Bains,,,620
17349,Sainte-Foy-Tarentaise,,,620
17350,Flumet,,,620
17351,Varazze,44.3592996,8.5753273,831
17352,Savona,,,831
17353,Sassello,44.4789695,8.4901712,831
17354,Cairo Montenotte,44.3992684,8.2745606,831
17355,Alassio,44.0080109,8.1730265,831
17356,Albenga,,,831
17357,Pietra Ligure,,,831
17358,Carcare,44.3574727,8.2901625,831
17359,Celle Ligure,44.3463235,8.5444342,831
17360,Sawhag,,,2151
17361,La Chapelle-de-Guinchay,46.2110224,4.7555202,604
17362,Le Creusot,46.8054064,4.4285961,604
17363,Chenôves,,,604
17364,Saint-Vallier,,,604
17365,Mâcon,,,604
17366,La Guiche,46.5445899,4.4506059,604
17367,Montceau-les-Mines,46.6740455,4.3631681,604
17368,Chalon-sur-Saône,,,604
17369,Bragny-sur-Saône,46.9102154,5.0318928,604
17370,Saint-Rémy,,,604
17371,Écuisses,46.7565885,4.5382451,604
17372,Schaan,51.1115151,6.4906526,1296
17373,Neunkirch,,,1152
17374,Schaffhausen,47.6960491,8.634513,1152
17375,Merishausen,47.7609436,8.6099627,1152
17376,Oberhallau,,,1152
17377,Beggingen,47.7666674,8.5363808,1152
17378,Herblingen,47.724033,8.6628742,1152
17379,Flensburg,54.7833021,9.4333264,51
17380,Kiel,54.3227085,10.135555,51
17381,Lauenburg,53.3789803,10.5513889,51
17382,Itzehoe,53.919448,9.5172441,51
17383,Neumünster,54.0757442,9.9815377,51
17384,Pinneberg,53.7278939,9.6979598,51
17385,Ratzeburg,53.7011061,10.774288,51
17386,Zarpen,53.870798,10.5163198,51
17387,Rendsburg,,,51
17388,Eckernförde,54.4716456,9.8374947,51
17389,Uetersen,53.6851608,9.669827,51
17390,Lübeck,53.866444,10.684738,51
17391,Blomesche Wildnis,53.8056131,9.4506092,51
17392,Brunsbüttel,,,51
17393,Schleswig,54.51851,9.5653284,51
17394,Büttel (Elbe),,,51
17395,Mölln,53.62892,10.6880174,51
17396,Bad Oldesloe,,,51
17397,Elskop,53.8136649,9.4981417,51
17398,Elmshorn,,,51
17399,Strande,54.4375322,10.1742064,51
17400,Friedrichstadt,54.3760004,9.0897716,51
17401,Möglin,54.3323296,9.879399130291295,51
17402,Reinbek,53.5098898,10.2511001,51
17403,Travemünde,53.939609,10.858719231581194,51
17404,Malente,54.1707841,10.5593123,51
17405,Husum,54.4853638,9.0538156,51
17406,Schenefeld (Kreis Steinburg),54.0484989,9.4703368,51
17407,Wahlstedt,53.9528957,10.2121481,51
17408,Averfleth-bei-Wilster,,,51
17409,Kreuz,54.80019265,9.41538422308017,51
17410,Elpersbüttel,54.0733317,9.0450158,51
17411,Meldorf,54.08988,9.070633,51
17412,Oldenburg in Holstein,54.2922574,10.8809805,51
17413,Burg auf Fehmarn,,,51
17414,Bad Segeberg,,,51
17415,Kappeln,,,51
17416,Bad Schwartau,53.9196435,10.6978692,51
17417,Drage (Steinburg),54.0042722,9.5193297,51
17418,Wedel,,,51
17419,Neukirchen,54.8687122,8.7339915,51
17420,Geesthacht,,,51
17421,Heiligenhafen,54.3717445,10.9809235,51
17422,Friedrichskoog,54.0072866,8.8841226,51
17423,Heide,54.1948456,9.0929015,51
17424,Eutin,,,51
17425,Wohltorf,53.5167,10.2833,51
17426,Glückstadt,53.787927,9.4238157,51
17427,Bredeneek,54.2625689,10.3026237,51
17428,Weddinghusen,54.2161651,9.0910468,51
17429,Preetz,,,51
17430,Timmendorfer Strand,53.9981853,10.7799016,51
17431,Stoos,,,1317
17432,Schwyz,,,1317
17433,Einsiedeln,,,1317
17434,Rothenthurm,,,1317
17435,Lachen,,,1317
17436,Rickenbach,,,1317
17437,Illgau,,,1317
17438,Ibach,,,1317
17439,Altendorf,,,1317
17440,Feusisberg,47.1867433,8.7486302,1317
17441,Gersau,,,1317
17442,Sattel,,,1317
17443,Freienbach,47.204411,8.7598816,1317
17444,Kirkcaldy,56.1110218,-3.1582296,30
17445,Bellshill,55.8189311,-4.0225794,30
17446,Carluke,,,30
17447,Dunfermline,56.0713724,-3.4616183,30
17448,Paisley,,,30
17449,Larkhall,55.7401064,-3.9746052,30
17450,Motherwell,55.7902072,-3.9920191,30
17451,Leith,,,30
17452,Bannockburn,,,30
17453,Grantown-on-Spey,,,30
17454,Bearsden,,,30
17455,Falkirk,,,30
17456,Kilbirnie,55.7551369,-4.6854587,30
17457,Bellsquarry,55.8684517,-3.5279525,30
17458,Bothwell,55.8026551,-4.0676955,30
17459,Galashiels,55.616418,-2.8070791,30
17460,Kirkintilloch,55.9383914,-4.1549049,30
17461,Greenock,55.9473423,-4.7564721,30
17462,Milngavie,,,30
17463,Arbroath,56.5586729,-2.5815669,30
17464,Kilbarchan,,,30
17465,Kilmarnock,55.6100589,-4.4964652,30
17466,Torphins,57.105248,-2.6231389,30
17467,Dumfries,55.0691397,-3.6107936,30
17468,Langbank,,,30
17469,Stirling,,,30
17470,Muirdean,55.6547345,-3.189232,30
17471,Dalbeattie,,,30
17472,West Linton,,,30
17473,Tain,57.8119372,-4.0550663,30
17474,Alloa,56.1156137,-3.7922423,30
17475,Johnstone,55.836517,-4.5122831,30
17476,Stonehaven,56.9640234,-2.2087993,30
17477,Haddington,,,30
17478,Dunblane,,,30
17479,Balerno,,,30
17480,Ladybank,,,30
17481,Elderslie,,,30
17482,Coatbridge,,,30
17483,Broxburn,,,30
17484,Kilmacolm,55.8938547,-4.6272584,30
17485,Kirkcolm,54.9731454,-5.0810195,30
17486,Dumbarton,55.9432443,-4.5708479,30
17487,Bathgate,55.9009224,-3.6414828,30
17488,Maryhill,55.8871256,-4.2863706,30
17489,Burntisland,56.0593631,-3.2330993,30
17490,West Benhar,55.8562372,-3.7665473,30
17491,Ardrossan,55.6400504,-4.8148569,30
17492,Leven,56.1954351,-2.99692,30
17493,Dufftown,57.4580974,-3.1310294,30
17494,Bonnybridge,56.0014357,-3.8876642,30
17495,Townhill,56.0888013,-3.4386691,30
17496,Golspie,,,30
17497,Fraserburgh,,,30
17498,Shotts,55.8196688,-3.8073229,30
17499,Halfmorton,,,30
17500,Stornoway,58.2084053,-6.3881174,30
17501,Kirkcudbright,54.8352482,-4.0543927,30
17502,Cupar,56.3193913,-3.0116545,30
17503,Merchiston,55.9342873,-3.2183839,30
17504,Crailing,55.5147443,-2.4960707,30
17505,Carnwath,,,30
17506,Musselburgh,55.9421202,-3.0538516,30
17507,Hawick,55.422564,-2.7866951,30
17508,Kilsyth,55.9765389,-4.0559704,30
17509,Durris,57.0558627,-2.3756862,30
17510,Shawlands,55.8293953,-4.2924269,30
17511,Kilwinning,55.6540048,-4.6992011,30
17512,Saasaig,57.1056497,-5.8596429,30
17513,Aviemore,,,30
17514,Sanday,59.24840415,-2.582431851851428,30
17515,Kelso,55.5983788,-2.4338366,30
17516,Campsie Glen,55.992677,-4.2295283,30
17517,Borthwick,55.8253851,-3.0103769,30
17518,Helensburgh,56.0033464,-4.7342935,30
17519,Plean,56.0652645,-3.8754375,30
17520,Hillhead,55.8756224,-4.2870955,30
17521,Campbeltown,55.4241858,-5.6051005,30
17522,Lamington,,,30
17523,West Kilbride,55.6947934,-4.8572629,30
17524,Tighnabruaich,55.9015931,-5.2398196,30
17525,Kingussie,,,30
17526,Thorntonhall,55.7691362,-4.2510703,30
17527,Kirkwall,,,30
17528,Dunoon,55.9470831,-4.924916,30
17529,Moffat,,,30
17530,Inchinnan,55.8914578,-4.4372189,30
17531,Insch,57.3433947,-2.6120391,30
17532,Govan,55.859793,-4.3226578,30
17533,Doonholm,55.4274471,-4.6243194,30
17534,Troon,55.5437893,-4.663906,30
17535,Gavinton,55.76209,-2.370619,30
17536,Huntly,,,30
17537,Cults,,,30
17538,Castle Douglas,54.9401001,-3.9305352,30
17539,Newport-on-Tay,56.4397014,-2.9416726,30
17540,Marykirk,56.7820654,-2.5156131,30
17541,Stranraer,,,30
17542,Girvan,55.2413151,-4.8553579,30
17543,Hill of Beath,,,30
17544,Broughty Ferry,,,30
17545,Bettyhill,,,30
17546,Tarbolton,,,30
17547,Forfar,,,30
17548,Freuchie,56.2485952,-3.1569725,30
17549,Rhu,56.0181861,-4.7794157,30
17550,Prestwick,,,30
17551,Blackfriars,56.3388884,-2.7979895107833803,30
17552,Bankfoot,,,30
17553,Catrine,55.5043269,-4.3318299,30
17554,Coylton,55.4452047,-4.5173594,30
17555,Blairhall,,,30
17556,Isle of Bute,,,30
17557,Jedburgh,55.4776435,-2.5553768,30
17558,Anderston,55.8615484,-4.2728027,30
17559,Balvicar,56.2921666,-5.6135518,30
17560,Inverkeithing,,,30
17561,Gourock,55.9620009,-4.8178728,30
17562,Kelvinside,55.8830888,-4.3027842,30
17563,Ballachulish,56.6767553,-5.1325011,30
17564,Lockerbie,,,30
17565,Milnathort,,,30
17566,Cathcart,55.8169882,-4.2624244,30
17567,Auchinloch,55.9116503,-4.1437622,30
17568,Peebles,,,30
17569,Buckie,57.6762821,-2.9648973,30
17570,Croy,57.5203619,-4.0100973,30
17571,Port Glasgow,55.9342865,-4.689854,30
17572,Whitburn,55.8667819,-3.6849014,30
17573,Segovia,40.9481192,-4.1172101,618
17574,Palazuelos de Eresma,,,618
17575,Valverde del Majano,,,618
17576,Hontoria,40.9078559,-4.1248104,618
17577,Elbeuf,,,607
17578,Rouen,,,607
17579,La Cerlangue,49.5071407,0.4148421,607
17580,Le Havre,49.4938975,0.1079732,607
17581,Dieppe,49.9246182,1.0791444,607
17582,Mont-Saint-Aignan,,,607
17583,Eu,50.0491699,1.4175744,607
17584,Sainte-Adresse,49.5052482,0.0805655,607
17585,Maromme,49.476737,1.0308208,607
17586,Moulineaux,,,607
17587,Ouainville,49.7844397,0.5902585,607
17588,Tôtes,49.6792572,1.0471768,607
17589,Pierrecourt,49.8966996,1.6609511,607
17590,Harfleur,49.5075158,0.200141,607
17591,Saint-Pierre-lès-Elbeuf,49.2745217,1.0476368,607
17592,Montivilliers,,,607
17593,Le Petit-Quevilly,49.4238,1.06208,607
17594,Fécamp,,,607
17595,Le Trait,49.4819151,0.8087513,607
17596,Oissel,49.3424375,1.0957098,607
17597,Villers-Écalles,,,607
17598,Saint-Aubin-les-Elbeuf,,,607
17599,Argueil,49.54221,1.5144499,607
17600,Le Houlme,49.5096,1.03741,607
17601,Écalles-Alix,49.615824,0.8235891,607
17602,Saint-Valery-en-Caux,49.8597004,0.7106831,607
17603,Petit-Couronne,49.3818,1.0333,607
17604,Lillebonne,49.5188282,0.534411,607
17605,Barentin,49.5459699,0.9522586,607
17606,Bernières,49.6209373,0.4762172,607
17607,Bosc-le-Hard,49.6285853,1.1763192,607
17608,Bois-Guillaume,49.4704819,1.1199476,607
17609,Bondy,48.9031,2.48291,137
17610,Epinay-sur-Seine,48.9525181,2.3145039,137
17611,Aubervilliers,48.9146078,2.3821895,137
17612,Montfermeil,,,137
17613,Saint-Ouen,48.911729,2.334267,137
17614,Villepinte,,,137
17615,Montreuil-sous-Bois,,,137
17616,Le Raincy,48.8986666,2.5155626,137
17617,Bagnolet,,,137
17618,Drancy,,,137
17619,Noisy-le-Sec,,,137
17620,La Courneuve,,,137
17621,Neuilly-Plaisance,48.8608712,2.5060144,137
17622,Tremblay-en-France,,,137
17623,Villemomble,48.881886,2.5076181,137
17624,Pantin,48.8965023,2.4019804,137
17625,Le Blanc-Mesnil,,,137
17626,Livry-Gargan,48.917335,2.5298854,137
17627,Rosny-sous-Bois,,,137
17628,Le Bourget,48.9351403,2.4258354,137
17629,Noisy-le-Grand,48.8478586,2.5529612,137
17630,Les Lilas,,,137
17631,Romainville,48.8852958,2.4358326,137
17632,Neuilly-sur-Marne,48.8565557,2.5290045,137
17633,Lagny-sur-Marne,,,134
17634,Meaux,48.9582708,2.8773541,134
17635,Vendrest,49.046335,3.0924314,134
17636,Melun,,,134
17637,Thorigny-sur-Marne,48.8841856,2.7115737,134
17638,Fontainebleau,48.4049375,2.7015872,134
17639,Chevrainvilliers,48.2445017,2.615608,134
17640,Coulommiers,,,134
17641,Fouju,48.5863987,2.7785364,134
17642,Saint-Fargeau-Ponthierry,48.5361215,2.5273471,134
17643,Villeparisis,48.939344,2.6176193,134
17644,Lorrez-le-Bocage-Préaux,48.2422759,2.897160019920482,134
17645,Saint-Pierre-les-Nemours,48.2637127,2.6870183,134
17646,Voulton,48.6175233,3.3342597,134
17647,Ozoir-la-Ferriere,,,134
17648,Moret-sur-Loing,48.3633576,2.813519159377565,134
17649,Tournan-en-Brie,48.7403305,2.7645642,134
17650,Champagne-sur-Seine,48.3948577,2.8028617,134
17651,Congis-sur-Thérouanne,49.0064755,2.9742277,134
17652,Provins,,,134
17653,Bellot,48.8570412,3.3182562,134
17654,Varreddes,,,134
17655,Montereau-Fault-Yonne,,,134
17656,Claye-Souilly,48.9460871,2.6883703,134
17657,Ferrières-en-Brie,48.8213887,2.7045126,134
17658,Dampmart,48.8852184,2.7355279,134
17659,Petaling Jaya,3.0988792,101.6454202,239
17660,Kajang,,,239
17661,Kuala Selangor,,,239
17662,Banting,2.8027574,101.4956767,239
17663,Klang,,,239
17664,Subang Jaya,,,239
17665,Kuala Kubu Bharu,,,239
17666,Sükhbaatar,50.22670075,106.22639446475068,1838
17667,Al-Soki,,,2502
17668,Seoul,,,224
17669,Buk Chong,,,224
17670,Gyungnam,,,224
17671,Aracajú,,,1217
17672,Capela,,,1217
17673,Nuuk,,,1608
17674,Dakuni,,,1926
17675,Serua,-18.4493218,177.91326555,1926
17676,Sevastopol,44.6054434,33.5220842,870
17677,Gornja Rogatica,,,560
17678,Subotica,,,560
17679,Lovćenac,,,560
17680,Bačka Topola,,,560
17681,Čantavir,,,560
17682,Bačka Novu Sel,,,560
17683,Palić,,,560
17684,Senta,,,477
17685,Kikinda,,,477
17686,Srpski Krstur,,,477
17687,Novi Kneževac,,,477
17688,Camas,37.4020115,-6.0331571,573
17689,Sevilla (Seville),37.3886303,-5.9953403,573
17690,La Rinconada,37.4867198,-5.9814868,573
17691,Las Cabezas de San Juan,,,573
17692,Osuna,,,573
17693,San Juan de Aznalfarache,,,573
17694,Olivares,,,573
17695,Utera,,,573
17696,Morón de la Frontera,37.1215305,-5.4559583,573
17697,Marchena,37.3269051,-5.4161717,573
17698,Utrera,37.1824646,-5.7817506,573
17699,Alcalá de Guadaíra,37.3397709,-5.8408396,573
17700,Carmona,37.4717882,-5.641291,573
17701,Écija,,,573
17702,Villanueva del Río y Minas,37.6551394,-5.7112257,573
17703,Coria del Río,37.2892112,-6.0535287,573
17704,Mairena del Alcor,37.3730933,-5.7489246,573
17705,Dutovlje,,,1209
17706,Lipica,45.667971,13.8830679,1209
17707,Sfax,,,1563
17708,Masakin,,,1563
17709,Jiaocheng,,,1629
17710,Danfeng,,,1629
17711,Weinan,,,1629
17712,Shenmu,38.8363189,110.31071222098475,1629
17713,Shangluo,33.8691156,109.9378112,1629
17714,Baoji,,,1629
17715,Al-Ubayyid (El-Obeid),,,1471
17716,Geili,,,1471
17717,Arish,,,2407
17718,Penglai,37.7949103,120.824268,107
17719,Xintai,35.9094557,117.7620286,107
17720,Zibo,,,107
17721,Binzhou,,,107
17722,Qingdao,,,107
17723,Weifang,,,107
17724,Yishui,,,107
17725,Yantai,,,107
17726,Dezhou,,,107
17727,Wendeng District,37.1954062,122.0834466,107
17728,Linqing,36.8459198,115.7118439,107
17729,Laiyang,36.9786591,120.7068644,107
17730,Zhaoyuan,,,107
17731,Pingdu,36.7842974,119.9493639,107
17732,Zouping,,,107
17733,Laizhou,,,107
17734,Zaozhuang,,,107
17735,Cao,22.5717667,120.34914801946309,107
17736,Liaocheng,36.4441808,115.9642007,107
17737,Jimo,36.4083982,120.5348775,107
17738,Boshan,,,107
17739,Laixi,,,107
17740,Pingyi,35.5177818,117.6097303,107
17741,Weihai,,,107
17742,Yiyuan,,,107
17743,Shouguang,,,107
17744,Jining,,,107
17745,Rongcheng,37.1649467,122.482296,107
17746,Laiwu,,,107
17747,Changyi,,,107
17748,Zoucheng,,,107
17749,Heze,,,107
17750,Xuecheng,,,107
17751,Linyi,,,107
17752,Shanghai,54.8906646,-2.9301663,162
17753,Chongming District,,,162
17754,Songjiang,31.0344052,121.2232077,162
17755,Changning,31.2221187,121.4200917,162
17756,Putuo District,,,162
17757,Xuhui District,,,162
17758,Yangquan,,,108
17759,Taiyuan,37.870009,112.5452739,108
17760,Changzhi,,,108
17761,Xinzhou,,,108
17762,Taigu county,,,108
17763,Pingyao,37.2037904,112.1771043,108
17764,Dingxiang,38.5307322,112.9966972,108
17765,Kalba,,,2403
17766,Khorfakkan,,,2403
17767,Port Vila,,,2040
17768,Éfaté,,,2040
17769,Gori,,,1657
17770,Skra,41.9973753,44.0135415,1657
17771,Ruisi,,,1657
17772,Tskhilon,,,1657
17773,Kornisi,,,1657
17774,Tskhinvali,42.19047345,43.9399957747521,1657
17775,Vakhtana,,,1657
17776,Dzlevisjvari,,,1657
17777,Ghvlevi,41.9797023,43.9717306,1657
17778,Natsargora,42.07307,43.728037,1657
17779,Maibara,,,846
17780,Otsu,,,846
17781,Omihachiman,,,846
17782,Takashima District,,,846
17783,Hikone,,,846
17784,Ritto,,,846
17785,Yasu,35.0932388,136.0159278,846
17786,Izumo,,,1616
17787,Nita,,,1616
17788,Matsue,,,1616
17789,Hirata,,,1616
17790,Hamada,34.8991982,132.0799984,1616
17791,Okuizumo,,,1616
17792,Nishihama,,,1616
17793,Gyumri,40.7852085,43.8416095,1067
17794,Ashotsk,,,1067
17795,Artik,40.6198428,43.9707866,1067
17796,Ghazanchi,,,1067
17797,Akhuryan,40.7812656,43.8996897,1067
17798,Numazu,,,360
17799,Fujinomiya,,,360
17800,Shizuoka,,,360
17801,Gotemba,,,360
17802,Yaizu,,,360
17803,Hamamatsu,,,360
17804,Iwata,34.706481,137.851285,360
17805,Fuji,35.362799,138.730781,360
17806,Hamana,34.73914325,137.56609320050097,360
17807,Yuto,34.70201,137.630323,360
17808,Kannami,,,360
17809,Shimada,,,360
17810,Mishima,,,360
17811,Oyama,,,360
17812,Fujieda,34.8493225,138.2522508,360
17813,Susono,,,360
17814,Fujikawa,,,360
17815,Omaezaki,,,360
17816,Shkodër,,,1784
17817,Grudë e Re,42.1107471,19.5329692,1784
17818,Chanco,,,2244
17819,Novi Pazar,43.3472116,27.1956421,1788
17820,Veliki Preslav,43.16084,26.81207,1788
17821,Ivanski,43.14127,27.03476,1788
17822,Shumen,43.2703797,26.9247362,1788
17823,Zyryanovsk,,,1740
17824,Oskemen,,,1740
17825,Urzhar,,,1740
17826,Ridder,,,1740
17827,Izatulla,,,1740
17828,Serebryansk,,,1740
17829,Ayaguz,,,1740
17830,Semey,,,1740
17831,Zaysan,,,1740
17832,Georgievka,,,1740
17833,Ubinka,,,1740
17834,Cheremshanka,,,1740
17835,Altyn-Shoky,,,1740
17836,Sibiu,45.7973912,24.1519202,1020
17837,Dumbrăveni,,,1020
17838,Mediaș,46.1625212,24.3473855,1020
17839,Bazna,46.2006511,24.2834268,1020
17840,Cisnădie,45.7168421,24.1546237,1020
17841,Dechang,,,473
17842,Chengdu,,,473
17843,Guanghan,,,473
17844,Weiyuan,,,473
17845,Yaan,,,473
17846,Zigong,,,473
17847,Xichong,,,473
17848,Neijiang,29.5827203,105.0544575,473
17849,Deyang,,,473
17850,Hunan,,,473
17851,Mianzhu,,,473
17852,Mianyang,,,473
17853,Suining,,,473
17854,Panzhihua,,,473
17855,Yibin,,,473
17856,Dazhou,,,473
17857,Langzhong,,,473
17858,Luzhou,,,473
17859,Nanchong,,,473
17860,Meigu,,,473
17861,Dujiangyan,,,473
17862,Leshan,,,473
17863,Jiangyou,31.9525495,104.9347205,473
17864,Xichang,,,473
17865,Xindu County,31.3969363,100.678534,473
17866,Guangyuan,,,473
17867,Meishan,,,473
17868,Sidi Bel Abbès,35.1907399,-0.6341153,993
17869,Le Telagh,,,993
17870,Sidi Bou Said,,,536
17871,Es Souda,,,536
17872,Gammouda,35.0994328,9.456528,536
17873,Poggibonsi,,,1400
17874,Siena,,,1400
17875,Sigulda,57.1540561,24.8567141,1717
17876,Allažu,,,1717
17877,Sihanoukville,,,2553
17878,Namchi,,,2190
17879,Gaafour,,,2379
17880,Staro Selo,43.98945,26.5387,1572
17881,Silistra,44.118308,27.2600031,1572
17882,Beit Hanoun,,,2305
17883,Culiacán,,,768
17884,Mazatlán,,,768
17885,Guasave,,,768
17886,Ahome,,,768
17887,Los Mochis,25.7928058,-108.990188,768
17888,Copala,,,768
17889,Guamúchil,,,768
17890,Cubiri de la Loma,,,768
17891,Karachi,,,269
17892,Naushahro Firoz,,,269
17893,Khairpur,,,269
17894,Murid,,,269
17895,Sing Buri,,,2310
17896,Singapore,,,933
17897,Pulau Blakang Mati,,,933
17898,Potong Pasir,1.33141385,103.8691378518722,933
17899,Pasir Panjang,1.27620135,103.7914758234202,933
17900,Singida,,,2016
17901,Sinop,,,2186
17902,Sint Maarten,,,2076
17903,Fyzabad,,,1337
17904,Siparia,,,1337
17905,Palo Seco,,,1337
17906,Lambeau,,,1337
17907,La Brea,,,1337
17908,Buenos Ayres,10.1040214,-61.6857957,1337
17909,Melilli,,,1133
17910,Siracusa,,,1133
17911,Avola,36.9095158,15.1350006,1133
17912,Ferla,37.1185821,14.9411382,1133
17913,Shirin,,,2209
17914,Guliston,,,2209
17915,Petrinja,45.4415284,16.278763,943
17916,Sisak,45.4891806,16.374592,943
17917,Drenovac Banski,45.3067174,16.2321139,943
17918,Grabovica,,,943
17919,Kutinska Slatina,,,943
17920,Ludina,,,943
17921,Prelošćica,45.4377521,16.4864986,943
17922,Sivas,39.74698465,37.03964787691677,372
17923,Eskiköy,39.474339,36.801365,372
17924,Roskilde,,,373
17925,Køge,,,373
17926,Kalundborg,55.6833793,11.0993619,373
17927,Sorø,55.4365822,11.5629363,373
17928,Næstved,,,373
17929,Slagelse,55.4061196,11.3525415,373
17930,Faxe,,,373
17931,Ringsted,55.446817,11.7975218,373
17932,Holbæk,55.7186117,11.7135474,373
17933,Nykøbing Sjælland,,,373
17934,Tølløse,,,373
17935,Vordingborg,55.0102518,11.9097478,373
17936,Skikda,36.879882,6.907485,1485
17937,Skopje,42.00396245,21.420395499999994,877
17938,Saraj,,,877
17939,Skrunda,56.6722334,22.0279141,1689
17940,Malmö,55.6052931,13.0001566,432
17941,Lund,,,432
17942,Osby,,,432
17943,Landskrona,,,432
17944,Helsingborg,56.0442098,12.703706,432
17945,Dösjebro,,,432
17946,Höör,,,432
17947,Ängelholm,,,432
17948,Ystad,,,432
17949,Kävlinge,,,432
17950,Staffanstorp,55.65,13.2,432
17951,Sjöbo,,,432
17952,Svedala,,,432
17953,Hässleholm,56.157986,13.7653328,432
17954,Kristianstad,56.0293778,14.1566859,432
17955,Lomma,,,432
17956,Perstorp,,,432
17957,Glumslöv,,,432
17958,Vellinge,,,432
17959,Trelleborg,,,432
17960,Svalöv,,,432
17961,Klippan,,,432
17962,Bromölla,56.116667,14.55,432
17963,Höganäs,,,432
17964,Eslöv,55.85,13.316667,432
17965,Bjuv,56.0856449,12.9139805,432
17966,Hörby,,,432
17967,Simrishamn,55.566667,14.3,432
17968,Härslöv,,,432
17969,Skurup,55.4815088,13.554477,432
17970,Häglinge,,,432
17971,Cranmore,,,1504
17972,Sligo,54.27051505,-8.473712233276224,1504
17973,Sliven,42.6817633,26.3153528,283
17974,Kotel,42.8873776,26.4491598,283
17975,Nova Zagora,42.4934682,26.0090132,283
17976,Shivachevo,42.6861958,26.0284812,283
17977,Bikovo,42.4755927,26.1898508,283
17978,Krushare,,,283
17979,Slovenj Gradec,,,1631
17980,Slovenska Bistrica,46.3631917,15.5980494,1642
17981,Strug,,,1642
17982,Loče,,,2299
17983,Smiltene,,,1326
17984,Roslavl,,,1351
17985,Smolensk,,,1351
17986,Pochinok,54.404776,32.4407898,1351
17987,Yartsevo,,,1351
17988,Olsha,,,1351
17989,Krasnoye,,,1351
17990,Pechorsk,,,1351
17991,Gagarin,,,1351
17992,Krasny,,,1351
17993,Devin,,,1671
17994,Smolyan,,,1671
17995,Rudozem,41.4860848,24.8466756,1671
17996,Chepelare,,,1671
17997,Stoykite,,,1671
17998,Sofia,42.6977028,23.3217359,175
17999,Vrazhdebna,42.7100916,23.4076453,175
18000,Gorni Bogrov,42.7197959,23.5297102,175
18001,Novi Iskar,42.8143844,23.3582609,175
18002,Zheleznitsa,42.5337763,23.3662545,175
18003,Bistritsa,42.5861626,23.3601017,175
18004,Bukhovo,,,175
18005,Samokov,,,1333
18006,Slivnitsa,,,1333
18007,Chavdar,42.627564,24.08529294925335,1333
18008,Botevgrad,42.9078544,23.7929451,1333
18009,Ihtiman,42.4384955,23.8143825,1333
18010,Borovets,,,1333
18011,Stambolovo,,,1333
18012,Gorna Malina,42.6939963,23.7059625,1333
18013,Makotsevo,42.693748,23.7960473,1333
18014,Kokalyane,42.58238,23.41601,1333
18015,Elin Pelin,42.6691132,23.6021426,1333
18016,Osikovitsa,42.9367642,24.0106718,1333
18017,Godech,43.0157976,23.0470159,1333
18018,Bogaovtsi,,,1333
18019,Govedartsi,,,1333
18020,Kostenets,42.3076287,23.8588278,1333
18021,Zlatitsa,42.7116955,24.1389525,1333
18022,Kostinbrod,42.8131989,23.2156511,1333
18023,Trimbach,,,1182
18024,Olten,47.3496571,7.903787,1182
18025,Grenchen,,,1182
18026,Biberist,47.1810605,7.5626086,1182
18027,Oensingen,,,1182
18028,Lüsslingen,47.191419,7.501381,1182
18029,Wangen bei Olten,,,1182
18030,Herbetswil,,,1182
18031,Niedergösgen,,,1182
18032,Kleinlützel,47.4259552,7.4172702,1182
18033,Solothurn,,,1182
18034,Hägendorf,47.3331671,7.8365612,1182
18035,Mümliswil-Ramiswil,47.3454976,7.65813,1182
18036,Recherswil,,,1182
18037,Lommiswil,,,1182
18038,Balsthal,,,1182
18039,Egerkingen,,,1182
18040,Langendorf,47.2214533,7.5154309,1182
18041,Wisen,47.3923239,7.885972,1182
18042,Wolfwil,,,1182
18043,Oberbuchsiten,47.3117986,7.7652017,1182
18044,Bettlach,47.2017347,7.4254322,1182
18045,Bärschwil,47.3820245,7.4730851,1182
18046,Petropavl,,,1360
18047,Novopokrovka,,,1360
18048,Shkurovka,,,1360
18049,Bishkul,,,1360
18050,Aysha,10.75267585,42.57159405,1922
18051,Jijiga,9.3508526,42.8003788,1922
18052,Quevauvillers,49.8233023,2.085971,6
18053,Pargny,49.814451,2.9517092,6
18054,Amiens,49.8941708,2.2956951,6
18055,Flixecourt,50.0117096,2.082582,6
18056,Templeux-le-Guérard,,,6
18057,Péronne,,,6
18058,Courcelette,50.0587336,2.7476623,6
18059,Rue,45.3029429,-75.550401,6
18060,Mers-les-Bains,50.0656325,1.3889703,6
18061,Corbie,,,6
18062,Le Quesne,,,6
18063,Boves,49.8463524,2.3932912,6
18064,Guizancourt,49.73572,1.99353,6
18065,Montdidier,49.6460204,2.570196,6
18066,Mont-Saint-Quentin,49.9474342,2.932509190098038,6
18067,Maricourt,49.9810369,2.784992,6
18068,Estrées-Deniécourt,49.8749958,2.824122,6
18069,Albert,,,6
18070,Muille-Villette,49.7248605,3.0670629,6
18071,Moreuil,49.7705466,2.486822,6
18072,Longavesnes,,,6
18073,Kaposvár,46.3564692,17.7886886,59
18074,Lengyeltóti,,,59
18075,Nagybajom,46.3936575,17.511875,59
18076,Balatonlelle,46.7867617,17.6965209,59
18077,Balatonföldvár,46.8491197,17.8792403,59
18078,Rózsahegy,,,59
18079,Nagyatád,,,59
18080,Barcs,45.9605366,17.4634342,59
18081,Siófok,46.9071694,18.0541598,59
18082,Csököly,46.2991833,17.5544034,59
18083,Kőröshegy,46.8312694,17.9005457,59
18084,Marcali,46.5833484,17.4123002,59
18085,Buzsák,46.6487053,17.5774653,59
18086,Somogyszil,46.5203533,17.9941954,59
18087,Mosdós,46.3535065,17.9868705,59
18088,Kánya,46.6999371,18.0679218,59
18089,Répáspuszta,46.43086,17.8430226,59
18090,Szenta,46.251405,17.1749628,59
18091,Balatonújlak,46.6759752,17.383049,59
18092,Kéthely,46.6469444,17.3933315,59
18093,Balatonboglár,46.7785372,17.6553331,59
18094,Németlad,,,59
18095,Tapsony,46.4535213,17.3354013,59
18096,Nemesdéd,46.4297304,17.2438609,59
18097,Bárdibükk,46.3276043,17.6759594,59
18098,Bormio,,,1283
18099,Sondalo,,,1283
18100,Sondrio,,,1283
18101,Chiavenna,,,1283
18102,Tirano,,,1283
18103,Valdisotto,,,1283
18104,Colorina,46.1510725,9.7328367,1283
18105,Morbegno,,,1283
18106,Ponte in Valtellina,,,1283
18107,Livigno,,,1283
18108,Valfurva,,,1283
18109,Campodolcino,46.4028756,9.3532536,1283
18110,Cino,46.1581488,9.4861372,1283
18111,Chiesa in Valmalenco,,,1283
18112,Madesimo,,,1283
18113,Bianzone,,,1283
18114,Songkhla,7.1973429,100.593205,1561
18115,Hermosillo,,,765
18116,Álamos,27.0226935,-108.9346037,765
18117,Coahuila,29.32369985,-100.9725701423298,765
18118,Soyopa,,,765
18119,Cananea,30.986517,-110.2888925,765
18120,Estación Ortiz,,,765
18121,Guaymas,,,765
18122,Caborca,,,765
18123,Quiriego,27.5917481,-109.37431384903331,765
18124,Navojoa,,,765
18125,Huatabampo,26.6048776,-109.2320626640382,765
18126,Agua Prieta,,,765
18127,Ciudad Obregón,,,765
18128,Los Hoyos,,,765
18129,Nahuizalco,,,1477
18130,Sonsonate,13.72213,-89.72302136667982,1477
18131,Aynabo,,,2011
18132,Las Anod,,,2011
18133,Ojuel,41.7164742,-2.2762911,1288
18134,San Pedro Manrique,42.029187,-2.229759,1288
18135,Soria,,,1288
18136,Casillas de Berlanga,41.4293711,-2.7964291,1288
18137,Ágreda,41.8548465,-1.9214614,1288
18138,Morón de Almazán,41.414252,-2.4127325,1288
18139,Mercedes,-33.2484204,-58.0298671,1079
18140,Dolores,-33.5300696,-58.2170674,1079
18141,Cagang,,,1995
18142,Souk Ahras,,,2373
18143,Tafraout,29.720472,-8.9744529,761
18144,Tiznit,,,761
18145,Agadir,,,761
18146,Ouirane,,,761
18147,Inezgane,30.3562929,-9.5459347,761
18148,Oulad Berhil,,,761
18149,Belfaa,,,761
18150,Ambam,,,1990
18151,Ebolowa,,,1990
18152,Abang,,,1990
18153,Kribi,,,1990
18154,Rose Park,,,90
18155,Two Wells,,,90
18156,Gawler,-34.5973311,138.7448933,90
18157,Port Lincoln,-34.7211905,135.8592218,90
18158,Murray Bridge,-35.1309451,139.2651638,90
18159,Elizabeth Vale,,,90
18160,Belair,,,90
18161,Victor Harbor,-35.5545579,138.6234743,90
18162,Tailem Bend,,,90
18163,Berri,,,90
18164,North Adelaide,,,90
18165,Barmera,-34.2532589,140.4579655,90
18166,Whyalla,-33.0382085,137.5843572,90
18167,Cummins,-34.2644192,135.726256,90
18168,Glenelg,-34.9803673,138.5143342,90
18169,Mount Gambier,-37.8246698,140.78195963207455,90
18170,Seacliff,-35.0322783,138.5205924,90
18171,Kingscote,,,90
18172,Booleroo Centre,,,90
18173,Modbury,,,90
18174,Loxton,,,90
18175,Karoonda,-35.0938511,139.8962521,90
18176,Jamestown,-33.2074897,138.6034723,90
18177,Port Augusta,,,90
18178,Mount Barker,-35.0641302,138.8586385,90
18179,Medindie,,,90
18180,Morgan,,,90
18181,Cowell,,,90
18182,Evandale,-34.9055202,138.6354131,90
18183,Solomontown,-33.18175775,138.0273782499214,90
18184,Lobethal,-34.9050605,138.8764755,90
18185,Dry Creek,-34.8148068,138.567052,90
18186,Nairne,-35.0364036,138.9095876,90
18187,Quorn,-32.3469384,138.0421184,90
18188,Happy Valley,,,90
18189,Balaklava,,,90
18190,Penola,-37.3761655,140.8404168,90
18191,Renmark,-34.1743516,140.7468863,90
18192,Glanville,-34.8441045,138.490891,90
18193,Aiken,33.5616173,-81.7224579,639
18194,Walterboro,32.9021377,-80.6672631,639
18195,Newberry,34.3266879,-81.5830086,639
18196,Beaufort,32.3850708,-80.6923169,639
18197,Van Wyck,,,639
18198,Hartsville,,,639
18199,Dunbarton,,,639
18200,Sumter,,,639
18201,Mauldin,,,639
18202,North Charleston,,,639
18203,Clemson,34.6850749,-82.8364111,639
18204,Gaffney,,,639
18205,Myrtle Beach,,,639
18206,Deadwood,,,639
18207,Hopkins,,,639
18208,Summerville,,,639
18209,General Santos City,,,2110
18210,Maltana,,,2110
18211,Pine Ridge,,,641
18212,Milbank,45.219131,-96.635617,641
18213,Rapid City,,,641
18214,Frankfort,,,641
18215,Faulkton,45.034974,-99.123998,641
18216,Sioux Falls,43.5476008,-96.7293629,641
18217,Mobridge,,,641
18218,Mitchell,43.70953,-98.025379,641
18219,Flandreau,,,641
18220,Yankton,43.0115255,-97.3967561,641
18221,Marion Junction,,,641
18222,Ellsworth Air Force Base,44.1471806,-103.0867515079389,641
18223,Lobatse,,,2006
18224,Choma,,,2053
18225,Monze,,,2053
18226,Maamba,,,2053
18227,Bo,,,2053
18228,Rakhuna,,,2053
18229,Maasin City,10.1325061,124.8385147,975
18230,Invercargill,-46.4118465,168.3470632,267
18231,East Gore,-46.0887868,168.9635453,267
18232,Winton,,,267
18233,Kumba,,,1529
18234,Tiko,,,1529
18235,Buea,,,1529
18236,Limbe,,,1529
18237,Zelovo,43.744731900000005,16.54503399958704,365
18238,Makarska,,,365
18239,Split,,,365
18240,Sinj,,,365
18241,Imotski,43.4471115,17.2179703,365
18242,Selca,,,365
18243,Klis,43.5613005,16.5211008,365
18244,Hrvace,,,365
18245,Zvečanje,,,365
18246,Kaštel Lukšić,43.5585857,16.3652155,365
18247,Sumartin,43.285089150000005,16.87475515,365
18248,Trogir,43.5164142,16.2497163,365
18249,Farkaždin,,,561
18250,Srpska Crnja,,,561
18251,Zrenjanin,,,561
18252,Melenci,,,561
18253,Srpski Itebej,,,561
18254,Sečanj,,,561
18255,Torak,,,561
18256,Jajce,,,1091
18257,Paklarevo,44.2507951,17.603355,1091
18258,Sremska Mitrovica,44.9701654,19.6124132,1179
18259,Ruma,,,1179
18260,Berkasovo,45.1488963,19.2599231,1179
18261,Inđija,,,1179
18262,Stara Pazova,44.9846077,20.1588763,1179
18263,Seine Bight,,,2385
18264,Stara Zagora,42.4248111,25.6257479,644
18265,Opan,42.1756295,25.688984040125007,644
18266,Kazanlak,42.6191296,25.3933333,644
18267,Medovo,42.37111,25.2017601,644
18268,Aprilovo,42.1932701,25.85695,644
18269,Galabovo,,,644
18270,Gurkovo,42.6577054,25.7932924,644
18271,Polski Gradets,42.1889802,26.1096298,644
18272,Turiya,42.57273,25.1821401,644
18273,Chirpan,42.199981,25.3256972,644
18274,Khristyanovo,,,644
18275,Radnevo,,,644
18276,Mirovo,42.172651,25.1383809,644
18277,Yessentuki,,,859
18278,Ladovskaya Balka,,,859
18279,Stavropol,,,859
18280,Nevinnomyssk,,,859
18281,Pyatigorsk,,,859
18282,Blagodarny,,,859
18283,Mineralnye Vody,,,859
18284,Izobilny,,,859
18285,Svetlograd,,,859
18286,Zelenokumsk,,,859
18287,Mikhaylovsk,,,859
18288,Verkhnestepnoy,,,859
18289,Kislovodsk,,,859
18290,Solnechnodolsk,,,859
18291,Budyonnovsk,,,859
18292,Liezen,,,160
18293,Kindberg,47.5049711,15.4498601,160
18294,Knittelfeld,,,160
18295,Rottenmann,47.524226,14.3585643,160
18296,Graz,47.0708678,15.4382786,160
18297,Kapfenberg,47.4405481,15.2901669,160
18298,Schladming,,,160
18299,Judenburg,,,160
18300,Murau,,,160
18301,Bruck an der Mur,,,160
18302,Leoben,,,160
18303,Ramsau am Dachstein,,,160
18304,Admont,,,160
18305,Trofaiach,,,160
18306,Zeltweg,,,160
18307,Voitsberg,,,160
18308,Floing,47.2620383,15.743553199533856,160
18309,Lieboch,,,160
18310,Kraubath an der Mur,,,160
18311,Fehring,46.9360244,16.0104808,160
18312,Weiz,,,160
18313,Feldbach,46.9525777,15.8887826,160
18314,Wörschach,,,160
18315,Bairisch Kölldorf,46.8731266,15.9275423,160
18316,Altaussee,,,160
18317,Unterpremstätten,46.9661342,15.4026678,160
18318,Hirschegg,,,160
18319,Öblarn,,,160
18320,Eisenerz,,,160
18321,Sankt Johann am Tauern,,,160
18322,Bad Aussee,,,160
18323,Hartberg,,,160
18324,Leibnitz,46.7804762,15.5407005,160
18325,Niklasdorf,47.3969055,15.1571394,160
18326,Bärnbach,,,160
18327,Wagna,46.766314,15.5571703,160
18328,Bad Radkersburg,46.6880556,15.9880546,160
18329,Frojach-Katsch,,,160
18330,Seckau,,,160
18331,Gnas,46.8742452,15.826349,160
18332,Gaal,47.2731973,14.6694941,160
18333,Mariazell,,,160
18334,Mürzzuschlag,47.6053538,15.6723805,160
18335,Jauring,,,160
18336,Krieglach,47.5453375,15.5596098,160
18337,Gumpenberg,,,160
18338,Trautmannsdorf in Oststeiermark,,,160
18339,Vordernberg,,,160
18340,Lamia,,,670
18341,Stylida,,,670
18342,Khalkida,,,670
18343,Delfi,,,670
18344,Evrytania,,,670
18345,Karystos,,,670
18346,Domokos,,,670
18347,Euboia,,,670
18348,Nacka,,,436
18349,Lidingö,,,436
18350,Vaxholm,59.4012797,18.2594743,436
18351,Södertälje,,,436
18352,Sundbyberg,,,436
18353,Täby,59.4670482,18.0658494,436
18354,Sollentuna,,,436
18355,Järfälla,,,436
18356,Solna,59.3251172,18.0710935,436
18357,Ekerö,59.2904595,17.813072,436
18358,Huddinge,,,436
18359,Haninge,,,436
18360,Upplands Väsby,,,436
18361,Norrtälje,,,436
18362,Österåker,59.4935366,18.4453926,436
18363,Botkyrka,,,436
18364,Tyresö,,,436
18365,Danderyd,,,436
18366,Vallentuna,,,436
18367,Nynäshamn,,,436
18368,Boo,,,436
18369,Märsta,,,436
18370,Nykvarn,,,436
18371,Podgora,,,2047
18372,Tórshavn,,,2321
18373,Struga,,,2308
18374,Strumica,,,1861
18375,Novo Konjarevo,,,1861
18376,Kosturino,41.3571219,22.6095841,1861
18377,Benešov,,,482
18378,Zvánovice,,,482
18379,Příbram,,,482
18380,Rakovnik,,,482
18381,Mladá Boleslav,,,482
18382,Bylany (Chrášťany),,,482
18383,Brandýs nad Labem-Stará Boleslav,,,482
18384,Paběnice,,,482
18385,Rožmitál pod Třemšínem,,,482
18386,Čáslav,,,482
18387,Kutná Hora,,,482
18388,Unhošť,,,482
18389,Kladno,,,482
18390,Třebotov,,,482
18391,Kolín,,,482
18392,Křivoklát,,,482
18393,Beroun,,,482
18394,Vyžlovka,,,482
18395,Hořovice,,,482
18396,Slaný,,,482
18397,Černolice,,,482
18398,Vlašim,,,482
18399,Stochov,,,482
18400,Městec Králové,,,482
18401,Pašinka,,,482
18402,Mělník,,,482
18403,Nymburk,,,482
18404,Dolní Kralovice,,,482
18405,Babice,,,482
18406,Poděbrady,,,482
18407,Kladno-Dubí,,,482
18408,Benátky nad Jizerou,,,482
18409,Libodřice,,,482
18410,Zalužany,,,482
18411,Křenična,,,482
18412,Libiš,,,482
18413,Úvaly,,,482
18414,Kralupy nad Vltavou,,,482
18415,Rožďalovice,,,482
18416,Kostelní Lhota,,,482
18417,Polepy,,,482
18418,Sobočice,,,482
18419,Byškovice,,,482
18420,Libušín,,,482
18421,Slivínko,,,482
18422,Bohdaneč,,,482
18423,Nešuchyně,,,482
18424,Chotutice,,,482
18425,Dojetřice,,,482
18426,Libčice nad Vltavou,,,482
18427,Velké Popovice,,,482
18428,Postřižín,,,482
18429,Sedlec-Prčice,,,482
18430,Buštěhrad,,,482
18431,Dolní Lhota,,,482
18432,Dolní Počaply,,,482
18433,Rataje nad Sázavou,,,482
18434,Přezletice,,,482
18435,Dobřichovice,,,482
18436,Městečko,,,482
18437,Benešov u Prahy,,,482
18438,Postupice,,,482
18439,Přílepy,,,482
18440,Zlonice,,,482
18441,Vatra Dornei,,,658
18442,Fălticeni,47.4597637,26.30255,658
18443,Rădăuți,47.8461055,25.9181822,658
18444,Siret,,,658
18445,Gura Humorului,,,658
18446,Liteni,47.5204905,26.528299,658
18447,Câmpulung Moldovenesc,47.5297764,25.5597482,658
18448,Suceava,,,658
18449,Berchișești,,,658
18450,Dohestii Mari,,,658
18451,Bainet,47.9673739,25.9449636,658
18452,Climăuți,47.9658593,25.9274877,658
18453,Stulpicani,47.4585147,25.7650455,658
18454,Râșca,47.3567267,26.2343367,658
18455,Dorna Candrenilor,,,658
18456,Horodnic de Jos,,,658
18457,Straja,47.9182518,25.5527501,658
18458,Ostra,,,658
18459,Costisa-Radauti,,,658
18460,Crucea de Sus,,,658
18461,Ţibeni,47.8161826,26.0243805,658
18462,Vadul Moldovei,,,658
18463,Broșteni,,,658
18464,Cuyotenango,14.541995,-91.572307,1490
18465,Sincelejo,,,316
18466,Cumaná,,,316
18467,San Onofre,9.7386264,-75.5234228,316
18468,Carúpano,10.6493808,-63.2542332,316
18469,Nueva Loja,,,2442
18470,Butare,,,1410
18471,Aux Cayes,18.1959363,-73.7470182,1410
18472,Gitarama,,,1410
18473,Cavaillon,18.2996035,-73.6536976,1410
18474,Iglesias,,,1130
18475,Santadi,39.091832,8.716439,1130
18476,Muravera,39.420945,9.573551,1130
18477,Villasor,39.380439,8.942839,1130
18478,Las Plassas,,,1130
18479,San Gavino Monreale,,,1130
18480,Bukavu,,,867
18481,Buston,,,986
18482,Sordorovo,,,986
18483,Shurab,40.0462667,70.5411511,986
18484,Khujand,,,986
18485,Mastchokh district,,,986
18486,Mamuju,-2.6756302,118.8847947,1795
18487,Makassar,-5.1342962,119.4124282,74
18488,near Makassar,,,74
18489,Barru,-4.4337339,119.6778273395556,74
18490,Pelantungan,,,1429
18491,Kendari,-3.9918068,122.5180066,79
18492,Bau-Bau,-5.4578127,122.598476226801,79
18493,Konawe Regency,,,79
18494,Tondano,,,77
18495,Manado,1.4900578,124.8408708,77
18496,Kawangkoan,,,77
18497,Muntok,,,77
18498,Jolo,6.0536561,121.0002644,921
18499,Lagus Tapul,,,921
18500,Siasi,5.5451683,120.8151131,921
18501,Maimbung,5.9554387,121.0171515,921
18502,Bukittinggi,,,1430
18503,Padang,-0.9247587,100.3632561,1430
18504,Palembang,,,1390
18505,Medan,3.5896654,98.6738261,394
18506,Tebing Tinggi,3.3273686,99.1623025,394
18507,Pematang Siantar,2.9588631,99.0653646,394
18508,Binjai,3.6063964,98.4899865,394
18509,Sidikalang,2.7584791,98.2985156,394
18510,Kisaran,,,394
18511,Klambir Lima,3.6418114,98.5957029,394
18512,Sumuran,1.5891986,99.2310658,394
18513,Sumqayıt,40.5961585,49.6696668,538
18514,Hlukhiv,,,1171
18515,Oleksyne,,,1171
18516,Svesa,,,1171
18517,Shostka,51.864355,33.4728542,1171
18518,Velykyi Budky,,,1171
18519,Krasnopillia,,,1171
18520,Iskriskovshchina,,,1171
18521,Sumy,,,1171
18522,Glukhiv,,,1171
18523,Konotop,,,1171
18524,Bobrove,,,1171
18525,Mikolayivka,,,1171
18526,Malaya Rybitsa,,,1171
18527,Romny,,,1171
18528,Uhroïdy,,,1171
18529,Boromlia,,,1171
18530,Perekrestivka,,,1171
18531,Bilopillia,,,1171
18532,Seredyna-Buda,,,1171
18533,Kosivshchina,,,1171
18534,Uspenka,51.121117,33.72794,1171
18535,Stepanivka,50.9417042,34.6422099,1171
18536,Phanom District,,,2225
18537,Surat Thani,,,2225
18538,Surin,,,533
18539,Si Khoraphum,,,533
18540,Chumphon Buri,,,533
18541,Sariosiyo,,,2462
18542,Denov,,,2462
18543,Termez,,,2462
18544,Akouda,,,1042
18545,Susa (Sousse),35.8288175,10.6405392,1042
18546,Zaouiet Sousse,35.78578495,10.617340329264223,1042
18547,Kalaa Srira,,,1042
18548,Vestmannaeyjar,,,1954
18549,Selfoss,,,1954
18550,Eyrarbakki,,,1954
18551,Njarðvík,,,2309
18552,Vágur,,,2365
18553,Yekaterinburg,56.839104,60.60825,829
18554,Arti,,,829
18555,Asbest,,,829
18556,Lesnoy,57.1609684,60.0904405,829
18557,Kamyshlov,,,829
18558,Nizhny Tagil,,,829
18559,Turinsk,,,829
18560,Karpinsk,59.7667893,60.0009267,829
18561,Alapayevsk,,,829
18562,Pervouralsk,,,829
18563,Kamensk-Uralsky,,,829
18564,Degtyarsk,,,829
18565,Irbit,,,829
18566,Krasnoturyinsk,,,829
18567,Kachkanar,,,829
18568,Serov,59.6051267,60.5733483,829
18569,Volchanka,59.8926537,60.0212577,829
18570,Tavda,,,829
18571,Bobrovka,,,829
18572,Polevskoy,56.442108,60.165859,829
18573,Sredneuralsk,56.991631,60.46888,829
18574,Severouralsk,,,829
18575,Kirovgrad,,,829
18576,Verkhnyaya Pyshma,,,829
18577,Artyomovsky,,,829
18578,Shaburovo,,,829
18579,Novouralsk,,,829
18580,Tolmachyovo,,,829
18581,Zugres,,,829
18582,Uktus,,,829
18583,Rosifa,,,829
18584,Bogdanovich,,,829
18585,Kolding,,,374
18586,Odense,,,374
18587,Vejle,55.7066917,9.5365649,374
18588,Sønderborg,54.9089186,9.7897999,374
18589,Esbjerg,55.4645112,8.4509882,374
18590,Nyborg,55.307877,10.8098069,374
18591,Haderslev,,,374
18592,Assens,55.27662735,10.065798622553976,374
18593,Fredericia,55.56863795,9.669422317856972,374
18594,Kerteminde,55.4717102,10.62838842891754,374
18595,Vejen,55.4759005,9.1357438,374
18596,Svendborg,55.0597191,10.6123386,374
18597,Tønder,54.9380637,8.8629408,374
18598,Billund,,,374
18599,Tommerup Stationsby,,,374
18600,Middelfart,55.44699795,9.93698602688241,374
18601,Skærbæk,55.157032,8.765738,374
18602,Varde,55.6164692,8.4854037,374
18603,Aabenraa,55.0493844,9.4177616,374
18604,Meghri,,,1771
18605,Kapan,39.2127745,46.3988672533492,1771
18606,Angekhakot,,,1771
18607,Nyíregyháza,47.9557802,21.7167982,62
18608,Nyírpazony,47.9808396,21.7990918,62
18609,Nyírvasvári,47.8194242,22.1878373,62
18610,Kisvárda,48.2257593,22.0784247,62
18611,Szamossályi,47.9063781,22.6103075,62
18612,Tiszapolgár,,,62
18613,Vásárosnamény,48.1267635,22.312647,62
18614,Csengerújfalu,47.8050817,22.6216413,62
18615,Nagyhálasz,48.1322422,21.7593891,62
18616,Mátészalka,47.9539113,22.3208477,62
18617,Kemecse,48.0678349,21.7986929,62
18618,Vámosatya,48.1969673,22.4088716,62
18619,Nyírbátor,47.839511,22.1322309,62
18620,Újfehértó,47.8008977,21.6829931,62
18621,Fábiánháza,47.8486592,22.356661,62
18622,Tiszalök,48.0171761,21.3749662,62
18623,Nagykálló,47.874296,21.8434965,62
18624,Gyüre,48.1758965,22.2669136,62
18625,Máriapócs,47.8793156,22.0258708,62
18626,Nyírlugos,47.6920499,22.0417654,62
18627,Cotuí,19.058468,-70.1533738,379
18628,Fantino,,,379
18629,Patrocínio Paulista,,,172
18630,Catanduva,-21.1331035,-48.9712817,172
18631,São Bernardo do Campo,-23.7080345,-46.5506747,172
18632,São Paulo,-23.5506507,-46.6333824,172
18633,Porto Ferreira,-21.8529134,-47.4794943,172
18634,Santa Rita do Passa Quatro,-21.7103738,-47.4777943,172
18635,Santo André,,,172
18636,Araçatuba,-21.207992,-50.4390225,172
18637,Ribeirão Preto,,,172
18638,Rubineia,-20.1718325,-50.9995571,172
18639,Botucatu,-22.8879628,-48.4410712,172
18640,Ferraz de Vasconcelos,,,172
18641,Bauru,-22.3218102,-49.0705863,172
18642,Piracicaba,-22.7398075,-47.66800924997932,172
18643,Jundiaí,-23.1887668,-46.884506,172
18644,Mogi das Cruzes,-23.5234284,-46.1926671,172
18645,São Carlos,,,172
18646,Coronel Macedo,-23.6304001,-49.313234,172
18647,Marília,,,172
18648,Franca,-20.5381768,-47.4009795,172
18649,Limeira,,,172
18650,Osvaldo Cruz,-21.7962773,-50.879119,172
18651,Araraquara,-21.7886713,-48.1773096,172
18652,Cubatão,,,172
18653,São José dos Campos,-23.1867782,-45.8854538,172
18654,Osasco,-23.5324859,-46.7916801,172
18655,Casa Branca,-21.7743137,-47.0852175,172
18656,Mauá,-23.6669527,-46.4616922,172
18657,Álvares Machado,,,172
18658,São Caetano do Sul,,,172
18659,Garça,-22.2125766,-49.6547994,172
18660,Guarujá,-23.9927768,-46.2558332,172
18661,Americana,-22.7392463,-47.3306032,172
18662,Carapicuíba,-23.5234673,-46.8406808,172
18663,Tupi Paulista,-21.3861179,-51.5763259,172
18664,Santos,-23.9335988,-46.3286399,172
18665,Vinhedo,-23.0298535,-46.9749847,172
18666,Sertãozinho,-21.1375782,-47.9913741,172
18667,Capivari,-22.9999295,-47.5031066,172
18668,São José do Rio Preto,-20.8125851,-49.3804212,172
18669,Ilha Solteira,,,172
18670,Lorena,-22.7367652,-45.1070876,172
18671,Leme,-22.1844807,-47.385295,172
18672,Presidente Prudente,,,172
18673,Guarulhos,,,172
18674,Registro,,,172
18675,Santa Maria da Serra,-22.5691072,-48.157095,172
18676,Neves Paulista,-20.842992,-49.635767,172
18677,Piraju,,,172
18678,Nova Odessa,-22.7805746,-47.2993805,172
18679,Lins,-21.6741873,-49.7518932,172
18680,Suzano,,,172
18681,Jaú,,,172
18682,Colina,,,172
18683,Matão,-21.6033611,-48.3660603,172
18684,Diadema,,,172
18685,Juquiá,,,172
18686,São Manuel,-22.732081,-48.572316,172
18687,Campinas,,,172
18688,Quintana,-22.0705513,-50.308652,172
18689,São Vicente,-23.9664177,-46.3861401,172
18690,Atibaia,,,172
18691,São Roque,,,172
18692,Guaratinguetá,,,172
18693,Tupã,,,172
18694,Mococa,-21.464731,-47.002405,172
18695,Cotia,-23.603889,-46.918889,172
18696,Descalvado,,,172
18697,Pirassununga,,,172
18698,Santo Antônio de Posse,-22.6053304,-46.9197291,172
18699,São João da Boa Vista,,,172
18700,Boa Esperança do Sul,-21.9930206,-48.3917372,172
18701,Sorocaba,,,172
18702,Guararapes,,,172
18703,Itatiba,-23.0055542,-46.8397726,172
18704,Lucélia,,,172
18705,Itanhaém,,,172
18706,Rio Claro,,,172
18707,Orlândia,,,172
18708,Penápolis,,,172
18709,Vista Alegre do Alto,-21.171293,-48.6299172,172
18710,Campo Limpo Paulista,-23.207791,-46.788919,172
18711,Ibitinga,,,172
18712,Amparo,,,172
18713,Ibirá,,,172
18714,Araras,,,172
18715,Aguaí,,,172
18716,Pedregulho,-20.25071,-47.4808786,172
18717,Andradina,-20.896505,-51.3742765,172
18718,Parapuã,,,172
18719,Tietê,,,172
18720,Jacareí,,,172
18721,Ilhabela,,,172
18722,Indiaporã,-19.9802644,-50.2906035,172
18723,Cruzeiro,,,172
18724,Bela Vista,-23.5601219,-46.6500338,172
18725,São Joaquim da Barra,,,172
18726,Itu,-23.2637798,-47.2998462,172
18727,Lençóis Paulista,-22.6029897,-48.8031367,172
18728,São Sebastião,,,172
18729,Peruíbe,,,172
18730,Alto da Lapa,,,172
18731,Dracena,,,172
18732,Bertioga,,,172
18733,Caieiras,,,172
18734,Morungaba,,,172
18735,Conchal,,,172
18736,Artur Nogueira,,,172
18737,Ipaussu,,,172
18738,Pacaembu,,,172
18739,Arujá,,,172
18740,Rosárial,-23.6668923,-47.2452676,172
18741,Barueri,-23.5112184,-46.8764612,172
18742,Valinhos,,,172
18743,Potirendaba,-21.0457369,-49.3767154,172
18744,Pindamonhangaba,-22.9364,-45.4622602,172
18745,Caraguatatuba,,,172
18746,Barra Bonita,,,172
18747,Promissão,,,172
18748,Sumaré,-22.8217964,-47.267105,172
18749,Pariquera-Açu,,,172
18750,Taubaté,,,172
18751,Guaíra,-20.3245873,-48.3148818,172
18752,Adamantina,,,172
18753,Campos do Jordão,,,172
18754,Itapeva,-23.9849105,-48.8803886,172
18755,São Tomé,0.3389242,6.7313031,1543
18756,Lobata District,,,1543
18757,Sédhiou,,,2335
18758,San,,,2263
18759,Markala,,,2263
18760,Sétif,,,1610
18761,Aïn Azel,,,1610
18762,Djemila,,,1610
18763,Chișcăreni,47.550435,28.0196367829154,1655
18764,Sóc Trăng,,,2398
18765,Nyköping,58.7545409,17.0120656,939
18766,Strängnäs,,,939
18767,Flen,59.05,16.716667,939
18768,Katrineholm,58.9959119,16.2062225,939
18769,Eskilstuna,59.3717379,16.5051474,939
18770,Oxelösund,58.666667,17.083056,939
18771,Ripsa,,,939
18772,Bälinge,58.8438555,17.296518532226283,939
18773,Vingåker,,,939
18774,Uulbayan,46.47007345,112.29389375575866,1665
18775,Zalău,,,1550
18776,Marca,47.2154472,22.5552539,1550
18777,Jibou,47.260376,23.2578878,1550
18778,Șimleu Silvaniei,47.2305359,22.7933051,1550
18779,Villahermosa,,,1525
18780,Experiencia,,,1525
18781,Tabuk,,,2531
18782,Tacna,-18.01386,-70.2511032,1273
18783,Paso de Toros,-32.8108095,-56.5174948,974
18784,Tacuarembó,-31.7110183,-55.9788762,974
18785,Tres Cruces,,,974
18786,Tadjourah,,,2334
18787,Tanna,,,1085
18788,Tahoua,,,2405
18789,Dongshi,,,332
18790,Taichung City,24.1586239,120.64486705,332
18791,Fengyuan,,,332
18792,Dakuinuku,,,2445
18793,Naisaumua,,,2445
18794,Vatukarasa,,,2445
18795,Nauluvatau,,,2445
18796,Nabilo,,,2445
18797,Wailotua,,,2445
18798,Tainan,,,330
18799,Wundanyi,,,2490
18800,Hsinchu,24.8066333,120.9686833,323
18801,Yunlin County,23.6990775,120.5245511,323
18802,Nantou County,,,323
18803,Chiayi,,,323
18804,Pingtung,,,323
18805,Hualien,,,323
18806,Taitung,,,323
18807,Beigang,23.575525,120.302393,323
18808,Taipei,,,323
18809,Changhua,,,323
18810,Changhua County,24.0755667,120.5444667,323
18811,Guangfu,23.669084,121.423496,323
18812,Hengchun,22.0026559,120.7446924,323
18813,Pingtung County,22.6828017,120.487928,323
18814,Nantou,,,323
18815,Hualien County,23.9913421,121.6197276,323
18816,Chiayi County,23.4591664,120.2930004,323
18817,Taitung County,,,323
18818,Yilan,,,323
18819,Yuanli,,,323
18820,Kinmen County,,,323
18821,Puli,,,323
18822,Fuching,,,323
18823,Miaoli County,,,323
18824,Chinchiang,,,323
18825,Alishan,,,323
18826,Miaoli,,,323
18827,Qinan,,,323
18828,Penghu County,,,323
18829,Taizz,,,2341
18830,Pietà,,,2157
18831,Kok-Say,,,2033
18832,Talas,,,2033
18833,Yntymak,,,2033
18834,Ozgorush,,,2033
18835,Kok-Tyub,,,2033
18836,Talsi,,,1356
18837,Tampico,,,772
18838,Nuevo Laredo,27.4930246,-99.507425,772
18839,Aldama,22.9196081,-98.0741727,772
18840,Reynosa,26.0907673,-98.2788191,772
18841,Ciudad Madero,22.2474012,-97.8373079,772
18842,Ciudad Victoria,,,772
18843,Tambacounda ,,,2224
18844,Tambov,52.9019574,41.3578918,1163
18845,Raksha,53.5642934,41.6213071,1163
18846,Mordovo,52.089058,40.762287,1163
18847,Lysyye Gory,,,1163
18848,Morshansk,,,1163
18849,Pichersk,,,1163
18850,Belomestnaya Kriusha,,,1163
18851,Michurinsk,52.8946613,40.5071721,1163
18852,Thanjavur (Tanjore),10.72258755,79.10836010799466,81
18853,Coimbatore,11.0018115,76.9628425,81
18854,Aarani,12.6723617,79.28553676811457,81
18855,Chennai (Madras),13.0659961,80.20563404616402,81
18856,Vellore,,,81
18857,Tiruchirappalli,,,81
18858,Arkonam,,,81
18859,Coonoor,11.3459447,76.7965283,81
18860,Madurai,9.9261153,78.1140983,81
18861,Tanga,-18.0892188,-66.6027032,1046
18862,Tétouan,,,760
18863,Ksar-el-Kebir,,,760
18864,Larache,35.1952327,-6.152913,760
18865,Tanjah (Tangier),,,760
18866,Fnideq,,,760
18867,El Jebha,,,760
18868,Ouazzane,,,760
18869,Mergui,12.4319552,98.5955711,1806
18870,Taoyuan,,,635
18871,Tarabulus (Tripoli),,,1653
18872,Taraclia,,,2238
18873,Waitara,-39.0028236,174.2364324,801
18874,New Plymouth,,,801
18875,Patea,-39.7568612,174.4751722,801
18876,Hawera,-39.5893462,174.2837207,801
18877,Opunake,,,801
18878,Martina Franca,,,1613
18879,Mottola,,,1613
18880,Taranto,,,1613
18881,Grottaglie,,,1613
18882,Massafra,40.5888311,17.1169895,1613
18883,Iquique,-20.2140657,-70.1524646,305
18884,Pozo Almonte,-20.2597061,-69.7861372,305
18885,Huara,-19.9957872,-69.7727034,305
18886,Omurtag,43.1085755,26.4174525,1222
18887,Targovishte,43.251196,26.5727944,1222
18888,Popovo,43.3481473,26.2271967,1222
18889,Konop,43.19607,26.33807,1222
18890,Alvanovo,43.29924,26.67006,1222
18891,San Bernardo de la Frontera de Tarija,,,2261
18892,Tarlac City,15.4861218,120.5893473,811
18893,Gaillac,43.9016766,1.8967943,900
18894,Castres,43.6053809,2.2411289,900
18895,Carmaux,44.0554587,2.1672886387681576,900
18896,Sorèze,43.4539616,2.0678397,900
18897,Albi,43.9277552,2.147899,900
18898,Cahuzac-sur-Vère,43.9831,1.91227,900
18899,Graulhet,,,900
18900,Saint-Juéry,43.9490655,2.2096659,900
18901,Mazamet,43.4902317,2.3764363,900
18902,Lavaur,,,900
18903,Moissac,,,1121
18904,Castelsarrasin,44.0395151,1.1072875,1121
18905,Montauban,44.0175835,1.3549991,1121
18906,Bruniquel,44.0551674,1.6646413,1121
18907,Caussade,44.1608142,1.5365375,1121
18908,Valls,,,115
18909,Tarragona,,,115
18910,Amposta,,,115
18911,Reus,41.1555564,1.1076133,115
18912,El Vendrell,41.2187789,1.5317501324786442,115
18913,Tortosa,,,115
18914,Ascó,,,115
18915,Ulldecona,,,115
18916,El Morell,41.1923512,1.2071006,115
18917,Vilaplana,41.2281084,1.0336452,115
18918,Torredembarra,,,115
18919,Tivenys,40.9063633,0.5123178,115
18920,Hospitalet del Infante,,,115
18921,Montblanc,41.3762309,1.1620703,115
18922,Vinyols i els Arcs,41.1139986,1.0387245,115
18923,Vilaseca,,,115
18924,Tartu,58.3801207,26.72245,645
18925,Rannu,58.24165365,26.21711842191692,645
18926,Pangodi,58.1945941,26.580845251684543,645
18927,Karepa,,,645
18928,Sootaga,58.4932415,26.71583694438935,645
18929,Vorbuse,58.4257592,26.645296,645
18930,Elva,,,645
18931,Tähtvere,,,645
18932,Raadi,58.40258415,26.75915462703545,645
18933,Kodijärve,58.181825,26.535097938775337,645
18934,Sliema,35.9088919,14.504638,1414
18935,Hobart,-42.8825088,147.3281233,159
18936,Burnie,-41.0523688,145.9064073,159
18937,Wynyard,-40.9875424,145.7282223,159
18938,Smithton,-40.8415455,145.1282245,159
18939,Ulverstone,-41.1571818,146.1705057,159
18940,Latrobe,,,159
18941,Port Frederick,,,159
18942,King Island,-39.8686056,143.9785801055024,159
18943,Šiaudaliai,,,1173
18944,Tauragė,,,1173
18945,Šilalė,,,1173
18946,Jurbarkas,,,1173
18947,Dungeriai,55.4906732,22.3972885,1173
18948,Skaudvilė,55.408444,22.577692,1173
18949,Nerkin Karmiraghbyur,,,2337
18950,Tbilisi,,,145
18951,Tehran,35.6892523,51.3896004,695
18952,Shahriar,,,695
18953,Eslamshahr,,,695
18954,Shemiran,35.699035,51.4372976,695
18955,Qods,,,695
18956,Tekirdağ,,,2028
18957,Tel Aviv,,,188
18958,Holon,,,188
18959,Herzliya,,,188
18960,Ramat Gan,,,188
18961,Yafo (Jaffa),32.0852997,34.7818064,188
18962,Bat Jam (Bat Yam),,,188
18963,Bnei Brak,,,188
18964,Roșiorii de Vede,,,1018
18965,Turnu Măgurele,,,1018
18966,Băbăița,44.1614995,25.3833103,1018
18967,Trivalea-Moșteni,,,1018
18968,Drăgănești-Vlașca,44.1016543,25.5976772,1018
18969,Zimnicea,43.6542344,25.3655464,1018
18970,Rietavas,55.7229408,21.9270804,985
18971,Telšiai,55.9928428,22.2515497,985
18972,Plungė,55.9139294,21.8533903,985
18973,Viekšniai,56.2356964,22.5125824,985
18974,Mažeikiai,,,985
18975,Palūksčiai,,,985
18976,Džiuginėnai,55.9847382,22.1847231,985
18977,Collierville,35.042036,-89.6645266,637
18978,Chattanooga,,,637
18979,Saint Bethlehem,,,637
18980,Lincoln County,35.1711024,-86.5783704,637
18981,Oak Ridge,36.0103562,-84.2696449,637
18982,Harriman,,,637
18983,Clarksville,36.5277607,-87.3588703,637
18984,Gallatin,,,637
18985,Millington,35.3414745,-89.8973084,637
18986,Alcoa,35.7847143,-83.986599,637
18987,Tracy City,35.2603569,-85.7360833,637
18988,Pinewood,35.9114535,-87.4697371,637
18989,Teramo,42.6612893,13.6983524,966
18990,Montorio al Vomano,42.5827062,13.6325193,966
18991,Giulianova,42.7534856,13.9667011,966
18992,Nereto,42.8189452,13.8160547,966
18993,Canzano,42.6467837,13.8031426,966
18994,Tortoreto,42.8039836,13.912405,966
18995,Kuala Terengganu,,,1985
18996,Kuala Dungun,,,1985
18997,Kemaman,,,1985
18998,Narni,,,1271
18999,Terni,42.5641417,12.6405466,1271
19000,San Gemini,,,1271
19001,Otricoli,42.4230234,12.4776861,1271
19002,Orvieto,,,1271
19003,Amelia,42.5535279,12.4167756,1271
19004,Zarubyntsi,49.69322,25.69119,984
19005,Mlynyska,49.19197,25.7523,984
19006,Kremenets,,,984
19007,Monastyryska,49.0908395,25.1717816,984
19008,Ternopil,,,984
19009,Stare Misto,49.2813043,25.1181988,984
19010,Mukhavka,,,984
19011,Buchach,,,984
19012,Hrada,,,984
19013,Chumali,,,984
19014,Gnidava,49.8441164,25.8270429,984
19015,Gvardeyskoye,,,984
19016,Belfort,47.6379599,6.8628942,599
19017,Cunelières,,,599
19018,Lepuix,47.759702,6.8183942,599
19019,Castelserás,40.9813378,-0.1459457,1111
19020,Alfambra,40.5470763,-1.0336291,1111
19021,Pancrudo,40.7620908,-1.0292935,1111
19022,Blesa,41.0515376,-0.8856396,1111
19023,Terriente,40.2973356,-1.5044307,1111
19024,Tetovo,42.0068297,20.9728556,1582
19025,Taylor,32.2793121,-99.8812612,331
19026,Terrell,,,331
19027,Sugar Land,,,331
19028,San Antonio,,,331
19029,Houston,,,331
19030,Dallas,,,331
19031,Fort Worth,32.753177,-97.3327459,331
19032,Conroe,,,331
19033,Sherman,,,331
19034,Texas City,29.396013,-94.9175485,331
19035,Corpus Christi,,,331
19036,Sweetwater,32.4709519,-100.405938,331
19037,Lubbock,,,331
19038,McAllen,26.204114,-98.2300605,331
19039,Nacogdoches,,,331
19040,Amarillo,35.20729,-101.8371192,331
19041,Rosenberg,,,331
19042,El Paso,,,331
19043,Prairie View,,,331
19044,Killeen,,,331
19045,Duncanville,,,331
19046,Humble,29.9988312,-95.2621553,331
19047,Brownsville,,,331
19048,Collinsville,33.5614982,-96.9111138,331
19049,Pineland,31.2479659,-93.9743556,331
19050,Farmersville,,,331
19051,Haney Grove,,,331
19052,Harris County,,,331
19053,Grand Prairie,,,331
19054,Borger,35.6689767,-101.3919481,331
19055,Brownwood,31.7070026,-98.9831022,331
19056,Arroyo Gardens,,,331
19057,Coleman,31.7766863,-99.4461098,331
19058,Odessa,,,331
19059,Plano,,,331
19060,Socorro,,,331
19061,McKinney,,,331
19062,Bryan,,,331
19063,Hidalgo County,26.3530256,-98.216445,331
19064,Palestine,,,331
19065,Corsicana,,,331
19066,Van Alystyne,,,331
19067,Comanche,31.9130171,-98.527388,331
19068,Hidalgo,,,331
19069,Burleston,,,331
19070,Sabinal,29.3214163,-99.4683805,331
19071,Brenham,,,331
19072,Del Rio,,,331
19073,Southlake,,,331
19074,Celeste,,,331
19075,Big Spring,32.250398,-101.4787356,331
19076,Cuero,,,331
19077,Floresville,,,331
19078,Yoakum,,,331
19079,Garland,,,331
19080,Travis,,,331
19081,Slidell,33.3598365,-97.3916885,331
19082,Kilgore,,,331
19083,Waxahachie,,,331
19084,Beeville,28.4008319,-97.7483312,331
19085,San Angelo,31.4649685,-100.4405094,331
19086,San Saba,31.122268,-98.8397049,331
19087,Brownfield,33.1811661,-102.274237,331
19088,Mesquite,,,331
19089,Center,31.7952814,-94.1803576,331
19090,Silsbee,30.3490978,-94.1779626,331
19091,Tulia,34.5390629,-101.767781,331
19092,Keller,,,331
19093,Richardson,,,331
19094,Tyler,,,331
19095,Brady,,,331
19096,Galveston,29.3872254,-94.992736,331
19097,Robert Lee,31.8952852,-100.483126,331
19098,Pecos,30.7857437,-102.8065415,331
19099,Jasper,,,331
19100,Jefferson,29.834772,-94.1704496,331
19101,Texarkana,,,331
19102,Breckenridge,,,331
19103,College Station,,,331
19104,Rockwall,,,331
19105,Barstow,,,331
19106,Fort Arthur,,,331
19107,Slaton,33.4343676,-101.643524,331
19108,Longview,32.5007031,-94.74049,331
19109,La Porte,,,331
19110,Thanh Hoá,,,2207
19111,Thessaloniki,,,672
19112,Volos,,,672
19113,Larisa,,,672
19114,Karditsa,39.3660304,21.9287519,672
19115,Trikala,39.5564697,21.6905283,672
19116,Kalampaka,39.70186025,21.6058460034982,672
19117,Nea Anchialos,,,672
19118,Almyros,39.1747945,22.7856757,672
19119,Thimphu,,,2259
19120,Joal-Fadiouth,,,959
19121,Ndiass,,,959
19122,Kholpa,,,959
19123,Mbour,,,959
19124,Kayar,,,959
19125,Bargny,,,959
19126,Pointe-Sarène,,,959
19127,Thiès,14.791461,-16.925605,959
19128,Tivaouane,14.951507,-16.812868,959
19129,Keur Moussa,,,959
19130,Bichelsee,,,1034
19131,Romanshorn,47.5654452,9.3776036,1034
19132,Sommeri,,,1034
19133,Mettendorf,47.5773047,8.9701351,1034
19134,Frauenfeld,,,1034
19135,Wängi,47.496703,8.9533301,1034
19136,Sirnach,47.461402,8.9934296,1034
19137,Münsterlingen,,,1034
19138,Arbon,47.5149257,9.4304026,1034
19139,Weinfelden,,,1034
19140,Tägerwilen,,,1034
19141,Fischingen,,,1034
19142,Ermatingen,,,1034
19143,Bischofszell,,,1034
19144,Schlatt,47.6682701,8.699623514442717,1034
19145,Matzingen,47.5199826,8.934077,1034
19146,Bettwiesen,47.4973742,9.0257786,1034
19147,Egnach,47.5432155,9.3814541,1034
19148,Kreuzlingen,47.6464362,9.1725621,1034
19149,Bottighofen,,,1034
19150,Hugelshofen,,,1034
19151,Hosenruck,,,1034
19152,Neukirch-Egnach,47.5286684,9.3699981,1034
19153,Scherzingen,,,1034
19154,Uttwil,,,1034
19155,Amriswil,,,1034
19156,Thành phố Hồ Chí Minh,,,326
19157,near Thành phố Hồ Chí Minh (Ho Chi Minh City),,,326
19158,Thái Nguyên,,,2289
19159,Mühlhausen,51.2094255,10.4589044,151
19160,Tambach-Dietharz,,,151
19161,Jena,50.9281717,11.5879359,151
19162,Erfurt,,,151
19163,Suhl,,,151
19164,Sondershausen,51.3666041,10.8668419,151
19165,Gera,50.8765537,12.0832666,151
19166,Altenburg,,,151
19167,Gotha,,,151
19168,Zeulenroda,,,151
19169,Zella-Mehlis,,,151
19170,Greiz,50.7783814,12.0763533,151
19171,Schleiz,,,151
19172,Meiningen,50.56761,10.4153029,151
19173,Apolda,,,151
19174,Rudolstadt,50.7206063,11.3401985,151
19175,Friedrichroda,50.861175,10.5639143,151
19176,Unterschönau,50.7132973,10.5917564,151
19177,Bad Langensalza,51.1082267,10.6464452,151
19178,Ilmenau,50.6867695,10.9142385,151
19179,Steinbach-Hallenberg,,,151
19180,Nordhausen,51.5051574,10.7925317,151
19181,Großbreitenbach,,,151
19182,Urnshausen,50.7363024,10.1745102,151
19183,Hildburghausen,,,151
19184,Bad Salzungen,,,151
19185,Arnstadt,50.8349097,10.9461479,151
19186,Gebesee,51.1167,10.9333,151
19187,Sonneberg,,,151
19188,Geschwenda,50.7312967,10.8223739,151
19189,Ruhla,,,151
19190,Eisenach,,,151
19191,Schmalkalden,,,151
19192,Langewiesen,,,151
19193,Buttstädt,51.1213474,11.4168304,151
19194,Artern,51.3627798,11.2935249,151
19195,Bad Frankenhausen,51.3560142,11.1005235,151
19196,Herges-Hallenberg,,,151
19197,Weida,50.7581426,12.0470063,151
19198,Gräfenthal,,,151
19199,Bernshausen,50.7297103,10.1943351,151
19200,Heilbad Heiligenstadt,,,151
19201,Lobenstein,50.4424064,11.652167003663436,151
19202,Neuhaus am Rennweg,,,151
19203,Schmölln,,,151
19204,Dankmarshausen,50.9278459,10.0145976,151
19205,Sitzendorf,50.6317635,11.1685504,151
19206,Mattstedt,51.05985475,11.511705980367523,151
19207,Waltershausen,,,151
19208,Ronneburg,,,151
19209,Weimar,,,151
19210,Ohrdruf,,,151
19211,Oberhof,,,151
19212,Kahla,50.8025663,11.5877025,151
19213,Pößneck,50.694735,11.5953247,151
19214,Struth-Helmershof,,,151
19215,Möhrenbach,,,151
19216,Ebersdorf,,,151
19217,Wüstheuterode,,,151
19218,Crock,,,151
19219,Eisenberg,50.9691346,11.8961116,151
19220,Grimmelshausen,,,151
19221,Georgenthal,,,151
19222,Sömmerda,51.1618258,11.1174874,151
19223,Crawinkel,50.7814644,10.7860895,151
19224,Schlegel,50.40336015,11.592283742198452,151
19225,Sachsenbrunn,50.4472974,10.9493656,151
19226,Schleusingen,50.5098447,10.7525581,151
19227,Lauscha,,,151
19228,Neustadt an der Orla,,,151
19229,Eisfeld,50.4269984,10.908994,151
19230,Oberschönau,,,151
19231,Benshausen,,,151
19232,Seebergen,50.9203928,10.7981139,151
19233,Altenfeld,,,151
19234,Plaue,50.7776493,10.8980915,151
19235,Huế,16.4639321,107.5863388,1664
19236,Tianjin,,,325
19237,Hedong,39.1272111,117.2456639,325
19238,Hexi District,,,325
19239,Wuqing,39.3782811,117.0357792,325
19240,Hangu,39.271708,117.799897,325
19241,Tiaret,,,2243
19242,Dagze,,,2475
19243,Lugano,,,516
19244,Bellinzona,,,516
19245,Giubiasco,46.1739158,9.0134077,516
19246,Locarno,,,516
19247,Mendrisio,,,516
19248,Sorengo,,,516
19249,Faido,,,516
19250,Meride,,,516
19251,Morbio Inferiore,45.8530469,9.016289,516
19252,Quinto,,,516
19253,Airolo,,,516
19254,Semione,,,516
19255,Bidogno,,,516
19256,Claro,,,516
19257,Breganzona,46.0064653,8.9284461,516
19258,Chiasso,45.8355209,9.0290169,516
19259,Adigrat,,,1923
19260,Wukro,,,1923
19261,Maychew,,,1923
19262,Sinkata,,,1923
19263,Tesenkanet,,,1923
19264,Dingazi Banda,14.1798207,2.5543642,792
19265,Timișoara,45.7538355,21.2257474,501
19266,Sinersig,,,501
19267,Buziaș,,,501
19268,Periam,46.0422872,20.8711212,501
19269,Făget,45.8558027,22.1768874,501
19270,Lugoj,45.6862542,21.9063162,501
19271,Jimbolia,45.7917331,20.7183733,501
19272,Grănicerii,45.4417039,20.8817471,501
19273,Orțișoara,45.9636056,21.1983354,501
19274,Hitiaş,45.7106288,21.5986312,501
19275,Teș,45.847477,21.6575411,501
19276,Uivar,45.6580591,20.9058375,501
19277,Sânnicolau Mare,,,501
19278,Douera,,,995
19279,Bouharoun,36.6248757,2.657232,995
19280,Cherchell,36.6075021,2.1901982,995
19281,Koléa,,,995
19282,Hadjout,36.5121198,2.4142888,995
19283,Thurles,,,397
19284,Templemore,52.794722,-7.833889,397
19285,Clonmel,,,397
19286,Ballyneale,52.3748335,-7.4675949,397
19287,Rosegreen,52.4690792,-7.8336227,397
19288,Bealacune,,,397
19289,Nenagh,,,397
19290,Kilcarney,,,397
19291,Erinagh,52.80869535,-8.271579649167283,397
19292,Kilcummin,,,397
19293,Birdhill,,,397
19294,Cappauniac,52.39919115,-8.014714371519668,397
19295,Tipperary,,,397
19296,Carrick-on-Suir,52.349167,-7.413056,397
19297,Ballingarry,52.5865294,-7.5418999,397
19298,Cashel,52.5167478,-7.8879311,397
19299,Emly,52.4572434,-8.340032930501259,397
19300,Cloughjordan,52.9429227,-8.0392342,397
19301,Tirana,,,1324
19302,Innsbruck,,,998
19303,Sankt Johann in Tirol,,,998
19304,Hall in Tirol,,,998
19305,Wörgl,,,998
19306,Lermoos,,,998
19307,Zams,,,998
19308,Flirsch,,,998
19309,Kematen in Tirol,,,998
19310,Zell am Ziller,,,998
19311,Reith bei Seefeld,,,998
19312,Steinach am Brenner,,,998
19313,Rum,,,998
19314,Kufstein,,,998
19315,Schwaz,,,998
19316,Kitzbühel,,,998
19317,Imst,,,998
19318,Rinn,,,998
19319,Seefeld in Tirol,,,998
19320,Lienz,,,998
19321,Landeck,47.1424135,10.5704571,998
19322,Reutte,,,998
19323,Jerzens,47.1512086,10.7469146,998
19324,Sankt Anton am Arlberg,,,998
19325,Fulpmes,,,998
19326,Kaltenbach,47.6614417,12.4227352,998
19327,Matrei in Osttirol,,,998
19328,Breitenwang,,,998
19329,Brixlegg,,,998
19330,Ehenbichl,,,998
19331,Assling,,,998
19332,Scheffau am Wilden Kaiser,,,998
19333,Schwoich,,,998
19334,Sankt Jakob in Defereggen,46.946262950000005,12.262485628651376,998
19335,Bruggen,,,998
19336,Erl,47.6815667,12.1803984,998
19337,Telfes im Stubai,47.1643915,11.3597328,998
19338,Obernberg am Brenner,,,998
19339,Vomp,,,998
19340,Kramsach,47.4417283,11.8856798,998
19341,Tulfes,,,998
19342,Hopfgarten im Brixental,,,998
19343,Sillian,,,998
19344,Lanersbach,,,998
19345,Going am Wilden Kaiser,,,998
19346,Mayrhofen,,,998
19347,Kreith Stubai,,,998
19348,Kirchberg in Tirol,,,998
19349,Matrei am Brenner,,,998
19350,Kundl,,,998
19351,Walchsee,,,998
19352,Telfs,,,998
19353,Gerlos,,,998
19354,Jenbach,,,998
19355,Ehrwald,,,998
19356,Absam,,,998
19357,Neustift im Stubaital,,,998
19358,Sölden,,,998
19359,Mutters,,,998
19360,Ellbögen,,,998
19361,Obergurgl,,,998
19362,Vent,,,998
19363,Mieming,,,998
19364,Tissemsilt,,,2372
19365,Tivat,42.4303762,18.6988104,1774
19366,Azazga,,,996
19367,Tizi Ouzou,,,996
19368,Larbaâ Nath Irathen,36.6374918,4.2028466,996
19369,Beni Douala,,,996
19370,Taourirt Adène,,,996
19371,Igoufaf,36.6660684,4.2042762,996
19372,Tišina,,,2260
19373,San Pablo del Monte,,,1527
19374,Tlaxcala,19.3167101,-98.2386138,1527
19375,Tenancingo,,,1527
19376,Hueyatlipce,,,1527
19377,San Gabriel Cuauhtla,,,1527
19378,Xaltocan,19.423333,-98.209444,1527
19379,Contla de Juan Cuamatzi,,,1527
19380,Tlemcen,,,611
19381,Zaouiet Yagoubi,,,611
19382,Maghnia,,,611
19383,Roxborough ,,,1882
19384,Lowlands,,,1882
19385,Tochigi,36.3818177,139.733591,1302
19386,Shimotsuke,,,1302
19387,Kanuma,,,1302
19388,Nikko,,,1302
19389,Tsuga,,,1302
19390,Imaichi,,,1302
19391,Sano,,,1302
19392,Uto Miyaiti,,,1302
19393,Ashikaga,,,1302
19394,Utsunomiya,,,1302
19395,Haga,,,1302
19396,Kaminokawa,,,1302
19397,Nasushiobara,,,1302
19398,Shioya,,,1302
19399,Ohira,36.3651312,139.6902692,1302
19400,Nasu,,,1302
19401,Burao,9.3014858,45.4849998,1547
19402,Niksar,,,1842
19403,Kayacık,40.3999008,36.0528729,1842
19404,Tokat,40.3233534,36.552162,1842
19405,Zile,40.3005345,35.8823475,1842
19406,Almus,40.3750133,36.9037319,1842
19407,Tokushima,,,1759
19408,Komatsushima,,,1759
19409,Naruto,,,1759
19410,Itano,,,1759
19411,Yamakawa,,,1759
19412,Kainan,,,1759
19413,Mima,,,1759
19414,Naga,,,1759
19415,Tokyo,,,210
19416,Nakano,35.718123,139.664468,210
19417,Kodaira,35.72522,139.476606,210
19418,Fussa,,,210
19419,Setagaya,35.646096,139.65627,210
19420,Shinjuku,,,210
19421,Mitaka,,,210
19422,Meguro,,,210
19423,Tachikawa,35.724463,139.404766,210
19424,Itabashi,35.774143,139.681209,210
19425,Minato,,,210
19426,Higashiyamato,,,210
19427,Kita,,,210
19428,Edogawa,,,210
19429,Nerima,,,210
19430,Koto,,,210
19431,Bunkyo,,,210
19432,Higashimurayama,,,210
19433,Akasaka,,,210
19434,Chuo,35.666255,139.775565,210
19435,Kiyose,,,210
19436,Nishitokyo,,,210
19437,Toshima,35.725913,139.7166365,210
19438,Hachioji,35.660175,139.283071,210
19439,Machida,,,210
19440,Suginami,35.6994929,139.6362876,210
19441,Tanashi,35.7273146,139.5394387,210
19442,Komae,35.634023,139.575977,210
19443,Chofu,35.660036,139.554815,210
19444,Shinagawa,35.599252,139.73891,210
19445,Azabu,,,210
19446,Taito,,,210
19447,Adachi,,,210
19448,Musashino,,,210
19449,Talavera de la Reina,,,1301
19450,Los Navalmorales,39.7259654,-4.6404217,1301
19451,Huerta de Valdecarábanos,39.862804,-3.6112173,1301
19452,El Puente del Arzobispo,39.8031703,-5.1718509,1301
19453,Villaluenga de la Sagra,40.0271087,-3.9115161,1301
19454,Cobeja,40.0235161,-3.8581058,1301
19455,Chaparral,3.7245851,-75.485156,1342
19456,Ibagué,,,1342
19457,Armero,4.9623792,-74.9049753,1342
19458,Líbano,4.9229399,-75.0647738,1342
19459,Tomila,,,1342
19460,Podbro,,,2170
19461,Fácánkert,46.4480102,18.7361471,681
19462,Szekszárd,46.3891285,18.7138448,681
19463,Bonyhád,46.2984212,18.532191,681
19464,Paks,46.6229468,18.8589364,681
19465,Újdombóvár,46.3836987,18.1567035,681
19466,Dombóvár,46.3778989,18.1332865,681
19467,Dunaföldvár,46.810432,18.9222921,681
19468,Bátaszék,46.1932111,18.7231457,681
19469,Nak,46.4734401,18.0525048,681
19470,Lengyel,46.3750193,18.3686395,681
19471,Saréyamou,,,2223
19472,Tomsk,,,899
19473,Nashchyokova,,,899
19474,Krivosheino,,,899
19475,Seversk,,,899
19476,Bolshaya Sarovka,58.1032319,83.2506021,899
19477,Moryakovsky Zaton,,,899
19478,Tofoa,,,2280
19479,Holonga,,,2280
19480,Prokuplje,43.2343484,21.5884422,1096
19481,Torino,,,192
19482,Grugliasco,,,192
19483,Angrogna,,,192
19484,Ivrea,,,192
19485,Pinerolo,,,192
19486,Chivasso,45.1909588,7.8871864,192
19487,Condove,,,192
19488,Torre Pellice,44.8207682,7.2237145,192
19489,Chiomonte,,,192
19490,Santena,44.9491112,7.7718109,192
19491,Chieri,45.0138842,7.8223544,192
19492,Pralormo,44.859744,7.901431,192
19493,Venaria Reale,45.1348114,7.6268658,192
19494,Moncalieri,,,192
19495,Bardonecchia,,,192
19496,Collegno,,,192
19497,Bollengo,45.470859,7.94202,192
19498,Rivoli,,,192
19499,Susa,,,192
19500,Gassino Torinese,,,192
19501,Ciriè,,,192
19502,Lanzo Torinese,45.2733505,7.4774108,192
19503,Ala di Stura,,,192
19504,Toshkent,39.6727562,66.9985652,554
19505,Chirchiq,,,190
19506,Oqqorgon,40.9012903,69.0784305,190
19507,Yangiabad,,,190
19508,Bustanlik,,,190
19509,Bekobod,,,190
19510,Olmazor,,,190
19511,Tavaksai,,,190
19512,Oqtosh,41.6406159,69.7672712,190
19513,Angren,,,190
19514,Olmaliq,,,190
19515,Toytepa,,,190
19516,Tottori,,,1514
19517,Yonago,,,1514
19518,Hokuei,,,1514
19519,Sakaiminato,35.5391751,133.2318575,1514
19520,Yazu,,,1514
19521,Kotoura,,,1514
19522,Tovuz,40.93321775,45.66801443521464,1219
19523,Toyama,,,1830
19524,Takaoka,,,1830
19525,Oyabe,36.6755895,136.8688637,1830
19526,Namerikawa,,,1830
19527,Imizu,,,1830
19528,Kosugi,,,1830
19529,Nefta,,,2361
19530,Trabzon,,,440
19531,Kitale,,,1968
19532,Tighina,,,409
19533,Tiraspol,,,409
19534,Căinari,,,409
19535,Dubăsari,,,409
19536,Tîrnauca,46.8152636,29.5525679,409
19537,Camenca,,,409
19538,Grigoriopol,,,409
19539,Cernița,,,409
19540,Trapani,38.0173961,12.5160225,722
19541,Salemi,,,722
19542,Favignana,37.9314018,12.3274291,722
19543,Marsala,37.7979221,12.4342091,722
19544,Castellammare del Golfo,,,722
19545,Castelvetrano,,,722
19546,Erice,,,722
19547,Trashigang,,,2055
19548,Tsenkharla,,,2440
19549,Trbovlje,46.1262946,15.0368392,842
19550,Gacko,,,1593
19551,Hum,42.7284887,18.1946559,1593
19552,Trebinje,,,1593
19553,Baljci,,,1593
19554,Nevesinje,,,1593
19555,Ljubinje,,,1593
19556,Trebnje,,,2144
19557,Treinta y Tres,-33.2315713,-54.3862595,962
19558,Bunkers Hill,,,1879
19559,Ulster Spring,,,1879
19560,Duncans,18.4691988,-77.5362232,1879
19561,Clarks Town,,,1879
19562,Sherwood Content,,,1879
19563,Rovereto,,,1134
19564,Trento,,,1134
19565,Riva del Garda,46.0794447,11.1124669,1134
19566,Canazei,,,1134
19567,Cavalese,,,1134
19568,Cles,,,1134
19569,Folgaria,,,1134
19570,Moena,,,1134
19571,Ziano di Fiemme,,,1134
19572,Giovo,46.154162,11.1381327,1134
19573,Tione di Trento,,,1134
19574,Arco,,,1134
19575,Predazzo,,,1134
19576,Primiero San Martino di Castrozza,,,1134
19577,Castello-Molina di Fiemme,,,1134
19578,Mezzolombardo,46.2064855,11.096013564422783,1134
19579,Pergine Valsugana,,,1134
19580,Tesero,,,1134
19581,Horné Ozorovce,48.7365726,18.2359651,519
19582,Handlová,,,519
19583,Trenčín,,,519
19584,Považská Bystrica,,,519
19585,Myjava,48.75408065,17.57651278309739,519
19586,Bojnice,48.7799591,18.5821986,519
19587,Partizánske,48.6265223,18.371762,519
19588,Nováky,48.7164472,18.5408304,519
19589,Ilava,,,519
19590,Trenčianske Teplice,48.9094451,18.1702976,519
19591,Nové Mesto nad Váhom,48.7633248,17.8303857,519
19592,Dubnica nad Váhom,,,519
19593,Prievidza,48.7718361,18.6234916,519
19594,Kubrá,48.890769250000005,18.091379489294702,519
19595,Chynorany,48.6101761,18.2740449,519
19596,Horné Motešice,48.8484107,18.184612285388365,519
19597,Bánovce nad Bebravou,48.7216671,18.2598263,519
19598,Montebelluna,45.7762844,12.0452878,204
19599,Castelfranco Veneto,,,204
19600,Cimadolmo,45.787132,12.3616121,204
19601,Conegliano,45.8862172,12.2977566,204
19602,Breda di Piave,45.7237273,12.3312346,204
19603,Treviso,,,204
19604,Vazzola,45.8376705,12.3795417,204
19605,Oderzo,45.7833709,12.4937783,204
19606,Preganziol,,,204
19607,Maserada sul Piave,45.7494106,12.3193327,204
19608,Cornuda,45.8317308,12.0076655,204
19609,Ponzano Veneto,45.723851,12.194218,204
19610,Loria,45.7284237,11.8655848,204
19611,Motta di Livenza,,,204
19612,Valdobbiadene,,,204
19613,Spresiano,45.7803913,12.2593456,204
19614,Volpago del Montello,,,204
19615,Pederobba,45.8695205,11.9695508,204
19616,Santa Lucia di Piave,45.8491855,12.284264,204
19617,Vittorio Veneto,,,204
19618,Mareno di Piave,45.8408562,12.3512554,204
19619,Triesen,,,2100
19620,Triesenberg,,,2060
19621,Trieste,,,403
19622,Duino-Aurisina,45.7703815,13.675293129019462,403
19623,Muggia,45.5986173,13.7710497,403
19624,Monrupino,45.7178121,13.797445058824698,403
19625,Belonia,,,2096
19626,Agartala,,,2096
19627,Chinneripalayam,,,2096
19628,Trnava,48.3697197,17.5849147,371
19629,Skalica,,,371
19630,Šamorín,,,371
19631,Piešťany,,,371
19632,Špačine,,,371
19633,Hlohovec,48.4278838,17.798782,371
19634,Suchá nad Parnou,48.4123658,17.48995,371
19635,Dunajská Streda,,,371
19636,Baka,47.9046685,17.5265767,371
19637,Sereď,48.2889032,17.7308808,371
19638,Smolenice,48.5063832,17.4319834,371
19639,Topoľníky,47.9677622,17.7857453,371
19640,Galanta,48.1910498,17.7270629,371
19641,Ružindol,48.3700107,17.4943815,371
19642,Veľké Kostoľany,48.5083021,17.7238721,371
19643,Ohrady,,,371
19644,Veľký Diosek,48.2052983,17.6440484,371
19645,Trstín,,,371
19646,Tromsø,,,798
19647,Målselv,,,798
19648,Alta,,,798
19649,Vadsø,70.22671985,29.782800932798843,798
19650,Kautokeino,,,798
19651,Bardu,,,798
19652,Hammerfest,,,798
19653,Harstad,68.799943,16.5440322,798
19654,Tana,,,798
19655,Lenvik,69.4444763,18.1584412,798
19656,Nesseby,,,798
19657,Kåfjord,,,798
19658,Sørreisa,,,798
19659,Salangen,,,798
19660,Bjarkøy,,,798
19661,Valera,9.3148173,-70.6081655,1310
19662,Trondheim,,,258
19663,Rennebu,,,258
19664,Stjørdal,63.4627028,11.134472299094192,258
19665,Meldal,,,258
19666,Levanger,63.746342,11.2999563,258
19667,Mosvik,63.8182824,11.0050557,258
19668,Oppdal,,,258
19669,Roan,,,258
19670,Støren,,,258
19671,Røros,,,258
19672,Leka,,,258
19673,Melhus,,,258
19674,Inderøy,,,258
19675,Steinkjer,,,258
19676,Meråker,,,258
19677,Ørland,,,258
19678,Selbu,,,258
19679,Namsos,,,258
19680,Snåsa,,,258
19681,Frosta,63.5876765,10.699205061606404,258
19682,Orkdal,63.2644545,9.814118350000005,258
19683,Rissa,,,258
19684,Namdalseid,,,258
19685,Malvik,,,258
19686,Hitra,,,258
19687,Verdal,,,258
19688,Snillfjord,,,258
19689,Fosnes,,,258
19690,Leksvik,,,258
19691,Høylandet,,,258
19692,Tržič,,,2087
19693,Ročevnica,,,2087
19694,Ha Seqhoe,,,2296
19695,Kisangani,0.5184021,25.2057292,832
19696,Apia,,,818
19697,Motoʻotua,,,818
19698,Vaigaga,,,818
19699,Afega,,,818
19700,Magiagi Tai,,,818
19701,San Miguel de Tucumán,,,469
19702,Burruyacú,-26.4995747,-64.7434868,469
19703,Benjamín Aráoz,-26.8136723,-65.143916,469
19704,San Isidro de Lules,-26.9222189,-65.3377612,469
19705,Tukums,,,1241
19706,Lapino,53.8775122,37.1291594,1072
19707,Tula,13.1349183,123.7338749,1072
19708,Alexandrovka,,,1072
19709,Beketovo,,,1072
19710,Belokolodezskoye,,,1072
19711,Aleksin,,,1072
19712,Shchokino,54.004465,37.5179079,1072
19713,Novomoskovsk,54.011013,38.290943,1072
19714,Uzlovaya,53.978512,38.160255,1072
19715,Annenki,,,1072
19716,Odoyev,,,1072
19717,Zhitovo,,,1072
19718,Revyakino,,,1072
19719,Bogoroditsk,,,1072
19720,Sloboda,,,1072
19721,Kramskoye,,,1072
19722,Lidinka,,,1072
19723,Chilia Veche,45.4141658,29.2891938,1144
19724,Maliuc,45.1770077,29.1098642,1144
19725,Văcăreni,45.3256506,28.1949727,1144
19726,Mila 23,45.1736701,29.1311974,1144
19727,Peceneaga,45.0084884,28.1487232,1144
19728,Tulcea,,,1144
19729,Sulina,45.15541425,29.652728883222483,1144
19730,Somova,45.1920384,28.658676,1144
19731,Crișan,45.1735502,29.389012,1144
19732,Mahmudia,45.0860739,29.0875986,1144
19733,Valea Nucarilor,45.0439166,28.9373609,1144
19734,Dunăvățu de Jos,44.9828091,29.2233922,1144
19735,Babadag,,,1144
19736,Caraorman,45.0785669,29.389665985307715,1144
19737,Carcaliu,45.1868804,28.1486955,1144
19738,Jurilovca,44.7592842,28.8742061,1144
19739,Sarichioi,44.9445828,28.8518226,1144
19740,Murighiol,45.037097,29.1660355,1144
19741,Slava Cercheză,44.9012554,28.557107,1144
19742,Tumbes,,,2380
19743,Tacarigua,,,2026
19744,Mount Hope,,,2026
19745,Arouca,,,2026
19746,Trincity,,,2026
19747,Ambato,-1.2422413,-78.6287594,1316
19748,Pelileo,,,1316
19749,Tunis,48.8712458,2.3782194,596
19750,Marsa,,,596
19751,Gammarth,36.9051527,10.2982512,596
19752,Kram,36.8479991,10.294355505265166,596
19753,Bardo,,,596
19754,Fouchana,,,596
19755,Sers,,,596
19756,Salambo,,,596
19757,La Goulette,,,596
19758,Grand Turk Island,,,2174
19759,Cockburn Town,,,2174
19760,Tuzla,44.5391105,18.675193,563
19761,Živinice,,,563
19762,Gradačac,,,563
19763,Ratkovići,44.7360711,18.8103331,563
19764,Tver,56.8348155,35.8937442,1159
19765,Lyubino,,,1159
19766,Sheteyevo,,,1159
19767,Vyshny Volochok,,,1159
19768,Ulitino,,,1159
19769,Poloski,,,1159
19770,Kostonosovo,,,1159
19771,Plotniki,,,1159
19772,Lovtsovo,,,1159
19773,Kimry,56.8734395,37.3556968,1159
19774,Rzhev,,,1159
19775,Tyumen,,,1284
19776,Tobolsk,,,1284
19777,Novaya Zaimka,,,1284
19778,Salairka,,,1284
19779,Ishim,56.1092126,69.457152,1284
19780,Tayozhny,,,1284
19781,Soloboyevo,,,1284
19782,Los Hornos,,,1318
19783,Rubio,7.6951055,-72.3646525,1318
19784,Tariba,7.8208151,-72.2228003,1318
19785,Möngönmorit,,,1662
19786,Batsümber sum,,,1662
19787,Lün sum,,,1662
19788,Sėrgėlėn sum,,,1662
19789,Bornuur sum,,,1662
19790,Zaamar sum,,,1662
19791,Erdenesant sum,,,1662
19792,Bayanchandman sum,,,1662
19793,Bayantsogt sum,,,1662
19794,Delgerkhaan sum,,,1662
19795,Simat,,,1240
19796,Burnt Forest,,,1240
19797,Eldoret,,,1240
19798,Cheptiret,,,1240
19799,Moiben,,,1240
19800,Kabenes,,,1240
19801,Ubon Ratchathani,15.2274235,104.8589462,1557
19802,Contamana,,,2546
19803,Udine,,,880
19804,Visco,,,880
19805,Sutrio,46.512002,12.9907568,880
19806,Cividale del Friuli,,,880
19807,Paluzza,,,880
19808,Gemona del Friuli,,,880
19809,Tolmezzo,,,880
19810,Cervignano del Friuli,45.8228339,13.336382,880
19811,Forni Avoltri,46.586831,12.776908,880
19812,San Daniele del Friuli,,,880
19813,Talmassons,45.9295576,13.1170643,880
19814,Amaro,46.3740306,13.0953599,880
19815,Aquileia,45.7696144,13.3697982,880
19816,Palmanova,,,880
19817,Pasian di Prato,,,880
19818,Pontebba,,,880
19819,Forni di Sopra,46.4202272,12.5855959,880
19820,Tarvisio,46.5052624,13.5783734,880
19821,Ruda,45.8382313,13.4019302,880
19822,Grimacco,46.16744915,13.581181386911547,880
19823,Muzzana del Turgnano,45.8181089,13.129263,880
19824,Latisana,,,880
19825,Mereto di Tomba,46.0497523,13.0427514,880
19826,Codroipo,45.9611171,12.9789516,880
19827,Mortegliano,45.9458064,13.1727963,880
19828,Ravascletto,,,880
19829,Izhevsk,,,513
19830,Votkinsk,,,513
19831,Mozhga,,,513
19832,Sharkan,,,513
19833,Igra,,,513
19834,Grakhovo,,,513
19835,Glazov,,,513
19836,Glasov,,,513
19837,Kovalyovo,,,513
19838,Debyosy,,,513
19839,Sarapul,,,513
19840,Kozino,,,513
19841,Logachi,,,513
19842,Kizner,,,513
19843,Kamennoye,,,513
19844,Uva,,,513
19845,Udon Thani,,,2458
19846,Ulaanbaatar,,,412
19847,Ulcinj,,,2048
19848,Ulsan,,,228
19849,Ulyanovsk,,,1576
19850,Sengiley,,,1576
19851,Tsilna,,,1576
19852,Kalmayur,,,1576
19853,Barashevo,,,1576
19854,Corneşti,,,2109
19855,Ungheni,,,2109
19856,Panrieng,,,2428
19857,Bentiu,,,2428
19858,Bihać,44.8146563,15.86896,830
19859,Krnja Jela,44.6187758,16.4062319,830
19860,Ključ,,,830
19861,Bosanska Krupa,,,830
19862,Sanski Most,,,830
19863,Bosanski Petrovac,44.5543706,16.3686978,830
19864,Linden,,,1745
19865,Christianburg,6.027989099999999,-58.29987221833067,1745
19866,Bath Settlement,,,1745
19867,Bawku,11.0607602,-0.2422876,1945
19868,Nasir,,,1031
19869,Malakal,9.5388487,31.6584168,1031
19870,Uppsala,,,525
19871,Knivsta,60.0900461,17.7722672,525
19872,Enköping,,,525
19873,Älvkarleby,,,525
19874,Tobo,,,525
19875,Heby,60.1112056,17.2094088,525
19876,Andermatt,,,1242
19877,Altdorf,46.8820732,8.6413922,1242
19878,Schattdorf,,,1242
19879,Bürglen,,,1242
19880,Hospental,,,1242
19881,Erstfeld,46.8215088,8.6499636,1242
19882,Bristen,,,1242
19883,Göschenen,,,1242
19884,Usulután,13.3456749,-88.43942901382775,1475
19885,Santa Elena,13.3816098,-88.4115828,1475
19886,Jucuapa,13.5139331,-88.3846805,1475
19887,Nueva Granada,13.5956318,-88.4488091,1475
19888,Park City,,,459
19889,Parowan,,,459
19890,Salt Lake City,40.7596198,-111.886797,459
19891,Ogden,41.2230048,-111.9738429,459
19892,Provo,40.2337289,-111.6587085,459
19893,Layton,,,459
19894,West Jordan,,,459
19895,Tooele,,,459
19896,Logan,41.7313063,-111.834914,459
19897,Helper,39.6841305,-110.854605,459
19898,Fort Douglas,40.7653418,-111.83256760529602,459
19899,Tremonton,,,459
19900,Panguitch,,,459
19901,Payson,,,459
19902,American Fork,,,459
19903,Bountiful,,,459
19904,Visaginas,,,938
19905,Anykščiai,55.5257935,25.1061247,938
19906,Utena,,,938
19907,Bobėnai,55.283925,26.648773,938
19908,Navikai,55.6055703,26.1730498,938
19909,Zarasai,55.7304035,26.2471471,938
19910,Zarasų,55.5126321,25.6432574,938
19911,Ignalina,,,938
19912,Vidiškės,,,938
19913,Utrecht,52.080985600000005,5.12768396945229,252
19914,Amersfoort,52.16377025,5.408884537568014,252
19915,Zeist,52.0892832,5.2276307,252
19916,Abcoude-Proosdij,,,252
19917,Woerden,52.08701595,4.876687198673499,252
19918,Lopik,51.9818527,4.941539299456483,252
19919,Oudewater,,,252
19920,Rhenen,,,252
19921,Breukelen,52.171959,5.002675,252
19922,De Hoef,,,252
19923,Nieuwegein,,,252
19924,Vleuten,,,252
19925,Schalkwijk,,,252
19926,Baarn,,,252
19927,Loenersloot,52.2297811,4.9989774,252
19928,Vianen,51.989011,5.0937308,252
19929,De Bilt,,,252
19930,Doorn,52.0333163,5.3455956,252
19931,Bunnik,,,252
19932,Houten,,,252
19933,Mijdrecht,52.2060181,4.8648168,252
19934,Linschoten,52.0643061,4.9128416,252
19935,Amerongen,52.000487,5.4600535,252
19936,Spakenburg,,,252
19937,Driebergen,52.0651958,5.2897704,252
19938,Veenendaal,52.0259814,5.5539239,252
19939,Leusden,,,252
19940,Bilthoven,52.1289693,5.2046134,252
19941,Harmelen,,,252
19942,Lopikerkapel,51.9920702,5.0464631,252
19943,Renswoude,52.0724219,5.5308677368115005,252
19944,Loosdrecht,,,252
19945,Tienhoven,,,252
19946,Ruwiel,52.18347865,4.987810862290271,252
19947,Werkhoven,,,252
19948,Wilnis,52.195378,4.899067,252
19949,Nijenrode,,,252
19950,Abcoude,,,252
19951,Hoogland,52.1872469,5.3762224,252
19952,Uttar Pradesh,,,80
19953,Allahabad,25.4381302,81.8338005,80
19954,Jhansi,25.529855,78.65278023546288,80
19955,Saharanpur,29.9856799,77.50406459058038,80
19956,Dehradun,28.9524082,77.2570896,80
19957,Jaitpur Kalan,26.8349424,78.7105298,80
19958,Lucknow,26.8381,80.9346001,80
19959,Muzaffarnagar,,,80
19960,Varanasi,25.3356491,83.0076292,80
19961,Pinahat,,,80
19962,Agra,27.1752554,78.0098161,80
19963,Varanassi,,,80
19964,Meerut,29.0018557,77.76796714992041,80
19965,Raebareli,,,80
19966,Bahipur,28.2936521,78.4837532,80
19967,Sitapur,27.50267475,80.833513937751,80
19968,Bulandshahr,,,80
19969,Barabanki,26.9421406,81.38560869842297,80
19970,Faizabad,,,80
19971,Uttarkashi,,,80
19972,Aligarh,,,80
19973,Khurja,,,80
19974,Budaun,28.116667,78.983333,80
19975,Bareilly,,,80
19976,Etawah,,,80
19977,Uttaradit,17.6203598,100.0972647,1868
19978,Garur,,,179
19979,Nainital,29.29499495,79.41625112686134,179
19980,Chamoli,,,179
19981,Ranikhet,29.6323007,79.4154141676432,179
19982,Polonnaruwa,,,2315
19983,Lohja,,,121
19984,Espoo,60.2047672,24.6568435,121
19985,Helsinki,60.1674881,24.9427473,121
19986,Kerava,60.4034398,25.1041013,121
19987,Tuusula,60.4017496,25.0280695,121
19988,Vihti,,,121
19989,Porvoo,60.3953913,25.6604862,121
19990,Vantaa,,,121
19991,Sipoo,60.376199,25.2651428,121
19992,Mäntsälä,60.6339269,25.3188193,121
19993,Hyvinkää,,,121
19994,Myrskylä,60.6702833,25.8513925,121
19995,Kauniainen,,,121
19996,Hanko,59.8228008,22.9695005,121
19997,Mårtensby,60.3882227,25.2341239,121
19998,Loviisa,60.4564226,26.2271433,121
19999,Kirkkonummi,,,121
20000,Järvenpää,,,121
20001,Pukkila,60.6455948,25.581976,121
20002,Raseborg,,,121
20003,Inkoo,60.0461105,24.0042086,121
20004,Karkkila,60.5342609,24.2105252,121
20005,Askola,60.5271593,25.6000156,121
20006,Lapinjärvi,60.6273036,26.1981468,121
20007,Pornainen,60.4756432,25.3745932,121
20008,Helsingin maalaiskunta,,,121
20009,Tes sum,,,1647
20010,Baruunturuun sum,,,1647
20011,Naranbulag sum,48.9500141,92.8959703,1647
20012,Khyargas sum,49.3620296,93.8060653,1647
20013,Ulaangom,,,1647
20014,Öndörkhangai sum,,,1647
20015,Sanza Pombo,,,2114
20016,Vaduz,,,1720
20017,Falealupo,,,2402
20018,Antsirabe,-19.871403,47.034667,1338
20019,Saint-Mandé,48.8432434,2.4159739,133
20020,Joinville-le-Pont,48.8183717,2.4668077,133
20021,Saint-Maurice,,,133
20022,Créteil,48.7771486,2.4530731,133
20023,Alfortville,48.8051624,2.4197113,133
20024,Vitry-sur-Seine,,,133
20025,Nogent-sur-Marne,,,133
20026,Champigny-sur-Marne,,,133
20027,Saint-Maur-des-Fossés,,,133
20028,Villeneuve-Saint-Georges,,,133
20029,Le Perreux-sur-Marne,48.840627,2.5077111,133
20030,Ivry-sur-Seine,,,133
20031,Chennevières,48.7965001,2.530442,133
20032,Fontenay-sous-Bois,,,133
20033,Sucy-en-Brie,,,133
20034,Choisy-le-Roi,48.7630238,2.4093664,133
20035,Thiais,,,133
20036,Villeneuve-le-Roi,48.7350308,2.4077003,133
20037,Maisons-Alfort,48.8012045,2.4309703,133
20038,Le Kremlin-Bicêtre,48.8125893,2.3570028,133
20039,Valenton,48.7443189,2.4699741,133
20040,Bry-sur-Marne,48.8352872,2.5193322,133
20041,Charenton-le-Pont,48.8198479,2.4159508,133
20042,Villecresnes,48.7208822,2.5327265,133
20043,Sierre,,,1258
20044,Saxon,46.1452873,7.1807405,1258
20045,Salins,,,1258
20046,Sion,,,1258
20047,Zermatt,,,1258
20048,Leukerbad,,,1258
20049,Verbier,,,1258
20050,Grône,,,1258
20051,Evionnaz,,,1258
20052,Morgins,,,1258
20053,Bruson,,,1258
20054,Saas-Fee,,,1258
20055,Obergesteln,,,1258
20056,Martigny,,,1258
20057,Champéry,,,1258
20058,Monthey,,,1258
20059,Crans-Montana,,,1258
20060,Port-Valais,,,1258
20061,Visp,,,1258
20062,Brig-Glis,,,1258
20063,Nendaz,,,1258
20064,Les Crosets,,,1258
20065,Varen,,,1258
20066,Riederalp,,,1258
20067,Orsières,,,1258
20068,Saas-Almagell,,,1258
20069,Oberwald,,,1258
20070,Lax,,,1258
20071,Chippis,46.2805414,7.5406261,1258
20072,Saas-Grund,,,1258
20073,Les Marécottes,,,1258
20074,Fiesch,,,1258
20075,Icogne,,,1258
20076,Naters,,,1258
20077,Täsch,,,1258
20078,Münster-Geschinen,,,1258
20079,Eyholz,,,1258
20080,Staldenried,,,1258
20081,Isérables,,,1258
20082,Arolla,,,1258
20083,Riddes,,,1258
20084,Játiva,,,574
20085,Onteniente,38.8208523,-0.6099929,574
20086,Manises,,,574
20087,Sueca,39.2025604,-0.3111645,574
20088,Torrent,,,574
20089,Alcira,,,574
20090,Silla,,,574
20091,Gandía,,,574
20092,Cocentaina,,,574
20093,Alberique,39.1164369,-0.5201838,574
20094,Sollana,39.2784514,-0.3818215,574
20095,Puebla Larga,,,574
20096,La Eliana,,,574
20097,Bufali,38.8685464,-0.5169017,574
20098,Alboraya,,,574
20099,Cullera,39.1647217,-0.2542313,574
20100,Genovés,39.7122485,-0.7018937,574
20101,Algemesí,39.190758,-0.4357471,574
20102,Mogente,38.8753162,-0.7495353,574
20103,Castellar-Oliveral,39.4296913,-0.3633469,574
20104,Pedralba,39.6053522,-0.7260062,574
20105,Benifaió,39.2854089,-0.426264,574
20106,Paiporta,,,574
20107,Utiel,39.5680838,-1.2051778,574
20108,Godella,,,574
20109,Puka,58.05497645,26.2339073063316,1790
20110,Otepää,,,1790
20111,Valga,,,1790
20112,Tõrva,,,1790
20113,Palupera,,,1790
20114,Sangaste,,,1790
20115,Koikküla,57.690655,26.297411403229543,1790
20116,Vijciems,,,1802
20117,Valka,57.7729106,26.0160341,1802
20118,Valladolid,41.6521807,-4.728605,947
20119,Laguna de Duero,,,947
20120,Castronuño,41.3887733,-5.2633186,947
20121,Íscar,,,947
20122,Moraleja de Cuéllar,,,947
20123,Cistérniga,41.6121464,-4.6851558,947
20124,Siete Iglesias de Trabancos,41.3517512,-5.1846146,947
20125,Villalón de Campos,42.0984494,-5.0347132,947
20126,Castromonte,41.7732772,-5.0403843,947
20127,Cali,,,1264
20128,Buenaventura,3.8881929,-77.0738324,1264
20129,Pradera,,,1264
20130,El Cerrito,,,1264
20131,Palmira,,,1264
20132,Dagua,,,1264
20133,La Cumbre,,,1264
20134,Buga,3.9000578,-76.302013,1264
20135,Argelia,4.72657535,-76.12149700179468,1264
20136,Tuluá,,,1264
20137,Jamundí,,,1264
20138,Roldanillo,4.4091166,-76.1543744,1264
20139,Zarzal,,,1264
20140,Sevilla,,,1264
20141,Ginebra,3.7237049,-76.2687988,1264
20142,Yumbo,,,1264
20143,Bouaké,7.6906058,-5.0298408,1903
20144,Botro,,,1903
20145,Valmiera,,,1136
20146,Valparaíso,-33.0458456,-71.6196749,304
20147,Viña del Mar,,,304
20148,San Felipe,,,304
20149,Cabildo,-32.4265909,-71.0663299,304
20150,Quillota,-32.879997,-71.2473555,304
20151,Quilpué,,,304
20152,Los Andes,-32.8336867,-70.5981609,304
20153,Palomar,-32.7725358,-70.7999324,304
20154,La Ligua,-32.4496375,-71.2316695,304
20155,Reñaca,,,304
20156,Villa Alemana,-33.0441903,-71.3725464,304
20157,Almendral,-33.0468741,-71.6129442,304
20158,Laguna Salada,,,2248
20159,Van,20.0059936,-75.8433911,1214
20160,Özalp,,,1214
20161,Toulon,43.1257311,5.9304919,491
20162,La Seyne-sur-Mer,,,491
20163,Gassin,43.2291533,6.585476,491
20164,Hyères,,,491
20165,Sainte-Maxime,,,491
20166,Ollioules,43.1397205,5.8483538,491
20167,Sanary-sur-Mer,43.1177238,5.8008839,491
20168,Barjols,43.558133,6.0056803,491
20169,Fréjus,43.4330308,6.7360182,491
20170,Saint-Raphaël,,,491
20171,Varaždin,,,467
20172,Ludbreg,,,467
20173,Mali Bukovec,46.2857024,16.7382994,467
20174,Busto Arsizio,,,405
20175,Gallarate,,,405
20176,Solbiate Olona,45.6513793,8.887751,405
20177,Varese,45.817549,8.8263532,405
20178,Cittiglio,,,405
20179,Angera,,,405
20180,Caronno Pertusella,45.5971023,9.0509248,405
20181,Olgiate Olona,,,405
20182,Saronno,,,405
20183,Somma Lombardo,45.6836207,8.7070874,405
20184,Cassano Magnago,45.6752214,8.8255843,405
20185,Tradate,,,405
20186,Golasecca,,,405
20187,Cadero,46.05682,8.7737347,405
20188,Travedona Monate,45.80506565,8.67419949031834,405
20189,Galliate Lombardo,45.7845815,8.7708941,405
20190,Jerago con Orago,45.70803255,8.793964384105962,405
20191,Arcisate,45.860392,8.8596177,405
20192,Morazzone,,,405
20193,Castellanza,,,405
20194,Besnate,,,405
20195,Gorla Minore,45.6443309,8.8978959,405
20196,La Guaira,10.6008225,-66.9431585,1403
20197,Maiquetia,,,1403
20198,Naiguatá,,,1403
20199,Valchi Dol,43.4071616,27.5549924,281
20200,Lopushna,43.00158,27.18801,281
20201,Oreshak,43.3014075,27.9135151,281
20202,Belogradets,43.35156,27.33323,281
20203,Beloslav,43.1905492,27.7048397,281
20204,Dolni Chiflik,42.9925676,27.7187564,281
20205,Laitila,60.8801155,21.6926352,589
20206,Uusikaupunki,,,589
20207,Turku,60.4517531,22.2670522,589
20208,Somero,60.6299165,23.5139982,589
20209,Salo,60.3846716,23.1286377,589
20210,Loimaa,60.8472453,23.0513931,589
20211,Aura,60.6499508,22.5865661,589
20212,Sauvo,60.3432104,22.6943202,589
20213,Naantali,,,589
20214,Taivassalo,60.5619353,21.6132334,589
20215,Lieto,60.5054982,22.4584171,589
20216,Vehmaa,60.6830484,21.7056766,589
20217,Masku,,,589
20218,Raisio,,,589
20219,Oripää,,,589
20220,Paimio,,,589
20221,Szombathely,,,58
20222,Sárvár,47.2517426,16.9342165,58
20223,Körmend,,,58
20224,Pöse,47.3182895,16.5800605,58
20225,Kőszeg,47.3894949,16.5406843,58
20226,Nagycenk,,,58
20227,Celldömölk,,,58
20228,Sorokpolány,47.137679,16.6757279,58
20229,Borgáta,47.1618331,17.0798627,58
20230,Ják,47.141049,16.5807225,58
20231,Söpte,47.2818913,16.6509297,58
20232,Csepreg,47.401594,16.7078418,58
20233,Jánosháza,47.1198765,17.1642699,58
20234,Szentgotthárd,46.9528507,16.2748541,58
20235,Nick,47.4020181,17.0196686,58
20236,Rábasömjén,47.2779292,16.9161583,58
20237,Mikosszéplak,47.0323673,16.9746297,58
20238,Dömötöri,47.1335452,16.7331724,58
20239,Vasvár,47.0490649,16.7998821,58
20240,Kenyeri,47.3860703,17.092601,58
20241,Vutcani,46.4632551,27.9512623,505
20242,Alexandru Vlahuță,46.4261434,27.6396762,505
20243,Hârsova,46.6708506,27.5460762,505
20244,Vaslui,,,505
20245,Văleni,,,505
20246,Șuletea,46.2886914,27.9133349,505
20247,Bârlad,,,505
20248,Pungești,,,505
20249,Fălciu,46.2949302,28.1428376,505
20250,Negrești,46.8231969,27.4533994,505
20251,Poenesti,,,505
20252,Bunești,46.8311254,27.9705507,505
20253,Ivănești,46.6441014,27.4635265,505
20254,Coroiești,46.2475687,27.4792964,505
20255,Huși,,,505
20256,Băcani,,,505
20257,Avignon,43.9492493,4.8059012,130
20258,Valréas,,,130
20259,Pertuis,,,130
20260,Carpentras,44.0554043,5.0487681,130
20261,Bollène,44.2803882,4.7484092,130
20262,Robion,43.8441157,5.112215,130
20263,Apt,,,130
20264,Chavannes,46.5285212,6.5726698,350
20265,Orbe,,,350
20266,Vaulion,46.6883547,6.3894066,350
20267,Lausanne,,,350
20268,Payerne,,,350
20269,Aigle,,,350
20270,Villars-sur-Ollon,,,350
20271,Leysin,,,350
20272,La Tour-de-Peilz,,,350
20273,Morges,,,350
20274,Vevey,46.4602978,6.8418655,350
20275,Chesières,,,350
20276,Concise,46.8511242,6.7205199,350
20277,Genolier,,,350
20278,Montreux,,,350
20279,Le Sentier,46.606022,6.2314896,350
20280,Sainte-Croix,46.822522,6.5009286,350
20281,Nyon,46.3820585,6.2402791,350
20282,Pully,,,350
20283,Crissier,,,350
20284,Les Avants,,,350
20285,Yverdon-les-Bains,46.7785711,6.6409158,350
20286,Bex,46.2513776,7.0123881,350
20287,Moudon,46.6680664,6.8003478,350
20288,Ormont-Dessous,,,350
20289,Le Brassus,,,350
20290,Saint-Loup,,,350
20291,Les Diablerets,,,350
20292,Cully-Lutry,,,350
20293,Yvorne,,,350
20294,Ormont-Dessus,,,350
20295,Vecpiebalga,,,2080
20296,Kurmene,,,2101
20297,Velenje,,,2119
20298,Veles,,,2418
20299,Veliko Tarnovo,43.0820584,25.6321312,988
20300,Rusalya,43.1667921,25.4567033,988
20301,Pavlikeni,43.2379033,25.3069689,988
20302,Gorna Oryahovitsa,43.1222791,25.6887918,988
20303,Svishtov,43.6158817,25.3509536,988
20304,Tarnovo,43.0820584,25.6321312,988
20305,Kutsina,,,988
20306,Samovodene,43.14179,25.6013,988
20307,Saint-Maurice-le-Girard,46.6444444,-0.8036111,1232
20308,Fontenay-le-Comte,46.4660771,-0.8064003,1232
20309,La Roche-sur-Yon,,,1232
20310,Le Langon,46.4386111,-0.9486111,1232
20311,Luçon,46.4555953,-1.1645595,1232
20312,Portogruaro,45.775598,12.8374571,398
20313,Venezia,45.4371908,12.3345898,398
20314,Concordia Sagittaria,45.7561044,12.8449558,398
20315,Mirano,,,398
20316,Dolo,,,398
20317,Mira,,,398
20318,San Stino di Livenza,45.7310782,12.6800084,398
20319,Chioggia,,,398
20320,Noale,45.550156,12.0720437,398
20321,Cavarzere,45.1360987,12.0812854,398
20322,Jesolo,45.5367094,12.6383337,398
20323,San Donà di Piave,45.6294811,12.5641057,398
20324,Santa Maria di Sala,45.5050934,12.0339862,398
20325,Vigonovo,45.387011,12.0075139,398
20326,Ventspils,,,990
20327,Vārve,,,2031
20328,Užava,,,2031
20329,Veracruz,19.2003429,-96.1383572,766
20330,Tlacotalpan,18.6121189,-95.6611673,766
20331,Jalapa,19.5126856,-96.9041599,766
20332,Xalapa,,,766
20333,Coatzacoalcos,18.1396787,-94.4501731,766
20334,Orizaba,18.8497366,-97.1060062,766
20335,Nanchital de Lázaro Cárdenas,,,766
20336,Poza Rica,,,766
20337,Minatitlán,17.992773,-94.5567103,766
20338,Alvarado,18.82874235,-95.9238540059007,766
20339,Chicontepec,21.01418665,-98.05392695354034,766
20340,Tierra Blanca,18.5272475,-96.21520077487332,766
20341,Altotonga,19.764922,-97.12807451269066,766
20342,San Andrés Tuxtla,18.4633672,-95.19831533920046,766
20343,Perote,19.51086405,-97.26853448069734,766
20344,Santiago de Veraguas,8.0989867,-80.9803978,919
20345,Verbania,45.9344082,8.5580062,1128
20346,Formazza,,,1128
20347,Omegna,,,1128
20348,Baveno,,,1128
20349,Bognanco,,,1128
20350,Domodossola,,,1128
20351,Craveggia,46.1396628,8.4907662,1128
20352,Vercelli,45.3251557,8.4227666,1278
20353,Lozzolo,45.6256427,8.3217739,1278
20354,Pezzana,45.2619592,8.4822794,1278
20355,Borgosesia,,,1278
20356,Randolph,,,1177
20357,Winhall,,,1177
20358,Brattleboro,,,1177
20359,Morrisville,,,1177
20360,Peru,43.2298853,-72.8992081,1177
20361,Fort Ethan Allen,44.49857455,-73.15504747404384,1177
20362,Landgrove,,,1177
20363,Bennington,,,1177
20364,Middlebury,,,1177
20365,Townshend,,,1177
20366,Barre,,,1177
20367,Proctor,,,1177
20368,Weathersfield,43.39076205,-72.4713504795204,1177
20369,East Montpelier,,,1177
20370,Caprino Veronese,45.6059385,10.7951325,402
20371,Bussolengo,45.4720721,10.7498794,402
20372,Verona,,,402
20373,Buttapietra,45.3420898,10.99859,402
20374,Bosco Chiesanuova,45.6221024,11.0295169,402
20375,Villafranca di Verona,,,402
20376,Isola della Scala,,,402
20377,Zevio,45.3751312,11.1358815,402
20378,Negrar di Valpolicella,,,402
20379,Bardolino,45.5475595,10.7242145,402
20380,Pressana,45.2847491,11.4020905,402
20381,Costermano sul Garda,,,402
20382,San Pietro di Morubio,45.2429863,11.2281869,402
20383,Cologna Veneta,,,402
20384,Minerbe,45.2408619,11.3348386,402
20385,Rivoli Veronese,,,402
20386,Brenzone sul Garda,45.6928612,10.7720118,402
20387,Tregnago,,,402
20388,Malcesine,45.7643442,10.8100598,402
20389,Lazise,,,402
20390,Illasi,,,402
20391,San Bonifacio,45.3956425,11.2700817,402
20392,Peschiera del Garda,,,402
20393,Hnífsdalur,,,1757
20394,Ísafjörður,,,1757
20395,Patreksfjörður,65.5972919,-24.0008951,1757
20396,Arnarfjörður,65.7922158,-23.871594322888733,1757
20397,Tønsberg,59.2677363,10.4080715,261
20398,Skien,,,261
20399,Larvik,59.053173,10.027182,261
20400,Nøtterøy,,,261
20401,Notodden,59.5593283,9.2592923,261
20402,Porsgrunn,59.1400961,9.6585971,261
20403,Kragerø,58.8696217,9.4142145,261
20404,Horten,59.4101728,10.443739186052063,261
20405,Sandefjord,59.07990035,10.28043216859497,261
20406,Stokke,59.2213545,10.30039258333334,261
20407,Tjøme,,,261
20408,Sande,59.5872896,10.2075012,261
20409,Bø,,,261
20410,Holmestrand,,,261
20411,Tinn,,,261
20412,Drangedal,,,261
20413,Sauherad,,,261
20414,Bamble,59.0180854,9.5443134928992,261
20415,Kviteseid,,,261
20416,Vinje,,,261
20417,Austevoll,60.0603843,4.943296323343294,414
20418,Ulvik,,,414
20419,Voss,,,414
20420,Vik,61.034966350000005,6.594105058640873,414
20421,Stord,59.82502055,5.488370639966453,414
20422,Leikanger,,,414
20423,Askøy,,,414
20424,Odda,,,414
20425,Kvinnherad,59.95317235,6.032514050433982,414
20426,Naustdal,61.5095147,5.716199,414
20427,Førde,61.4521759,5.8571725,414
20428,Stryn,61.8218058,6.802968514467588,414
20429,Etne,,,414
20430,Luster,,,414
20431,Grundarfjörður,,,1955
20432,Olafsvík,,,1955
20433,Akranes,,,1955
20434,Staðarsveit,,,1955
20435,Veszprém,47.0933824,17.9080406,683
20436,Tapolca,,,683
20437,Pápa,47.3261087,17.4705293,683
20438,Nyírlak,46.9976888,17.2472456,683
20439,Szentgál,47.1125816,17.7351064,683
20440,Hajmáskér,47.1444695,18.0142678,683
20441,Várpalota,,,683
20442,Balatonfüred,46.9567254,17.888892,683
20443,Devecser,47.104052,17.4364185,683
20444,Balatonalmádi,47.030277,18.0155756,683
20445,Zirc,47.2613795,17.8718188,683
20446,Balatonaliga,,,683
20447,Tés,47.257864,18.0304856,683
20448,Ajka,,,683
20449,Sümeg,46.9784329,17.2811657,683
20450,Pápasalamon,47.2296047,17.4221592,683
20451,Kővágóörs,46.8490382,17.6016096,683
20452,Pizzo,38.7356749,16.1622949,729
20453,Filandari,38.61956525,16.032063666497855,729
20454,Filadelfia,,,729
20455,Vibo Valentia,38.6748544,16.0985276,729
20456,Monterosso Calabro,38.716999,16.2910587,729
20457,Asiago,,,349
20458,Vicenza,45.5488306,11.5478825,349
20459,Roana,,,349
20460,Gallio,,,349
20461,Bassano del Grappa,45.7669109,11.7343469,349
20462,Solagna,45.8167214,11.7181699,349
20463,Schio,45.7113511,11.3553593,349
20464,Thiene,45.7059893,11.4797197,349
20465,Noventa Vicentina,45.2906283,11.5398835,349
20466,Malo,,,349
20467,Valdagno,,,349
20468,Marostica,,,349
20469,Piovene Rocchette,,,349
20470,Chiampo,,,349
20471,Sandrigo,,,349
20472,Sovizzo,45.5280283,11.4456338,349
20473,Isola Vicentina,45.6286685,11.4431478,349
20474,Arzignano,,,349
20475,Carrè,,,349
20476,Lonigo,45.3881155,11.38799,349
20477,Longare,,,349
20478,Nanto,45.4219948,11.6050065,349
20479,Camisano Vicentino,,,349
20480,Zugliano,,,349
20481,Pozzoleone,45.6489562,11.6790903,349
20482,Lugo di Vicenza,45.7529864,11.5233854,349
20483,Cororooke,-38.2871583,143.5231001,29
20484,Clifton Hill,-37.78887625,144.99536132966975,29
20485,Ballarat,-37.5623013,143.8605645,29
20486,Alexandra,,,29
20487,Wangaratta,-36.356434,146.3228311,29
20488,Yallourn,-38.1929415,146.34202950625087,29
20489,Hawthorn,-37.8244246,145.0317207,29
20490,Warracknabeal,-36.2510282,142.3953525,29
20491,Carlton,,,29
20492,East Melbourne,-37.812498,144.9858851,29
20493,Essendon,-37.75214325,144.91291698213774,29
20494,Geelong,-38.1493248,144.3598241,29
20495,Mirboo North,-38.3946955,146.1554849741433,29
20496,Warragul,-38.1588674,145.933629,29
20497,Shepparton,-36.381072,145.3993172,29
20498,Albert Park,-37.8477725,144.9620086605321,29
20499,Wodonga,-36.1205539,146.8880837,29
20500,Flowerdale,-37.3297645,145.30342368617028,29
20501,Leongatha,-38.4761569,145.9458605,29
20502,Bendigo,-36.7590183,144.2826718,29
20503,Frankston,-38.1444729,145.1268808,29
20504,South Melbourne,-37.8334603,144.9570188,29
20505,Walwa,-35.9640275,147.7357043,29
20506,Glen Huntly,-37.8923791,145.0413689,29
20507,Castlemaine,-37.0664778,144.2200032,29
20508,Warrnambool,-38.3826242,142.4814199,29
20509,Caulfield,-37.8774532,145.042254,29
20510,Tallangatta,-36.2166166,147.1778983,29
20511,Colac,-38.3399766,143.5858537,29
20512,Edenhope,-37.0373011,141.2903039,29
20513,Footscray,-37.8013738,144.90240845323024,29
20514,Yea,-37.2130473,145.4224688,29
20515,Bairnsdale,-37.8254509,147.6304752,29
20516,Terang,-38.2399682,142.9146792,29
20517,Falls Creek,,,29
20518,Stawell,-37.0586869,142.7745476,29
20519,Armadale,-37.8561562,145.0193253,29
20520,Mornington,,,29
20521,Mount Beauty,,,29
20522,Werribee,,,29
20523,Mildura,-34.195274,142.1503146,29
20524,Dandenong,,,29
20525,Benalla,,,29
20526,Myrtleford,,,29
20527,Sunshine,-37.7881371,144.8327056,29
20528,Port Fairy,-38.3855117,142.2366722,29
20529,Moonee Ponds,-37.765935,144.9192614,29
20530,Cobden,-38.3282494,143.07788,29
20531,Oakleigh,-37.9066691,145.1113071043693,29
20532,Kerang,-35.7338373,143.9204152,29
20533,Serviceton,-36.40223,141.02215175667288,29
20534,Echuca,,,29
20535,Rosebud,-38.3710325,144.9095115,29
20536,McKinnon,,,29
20537,Mooroolbark,,,29
20538,Wantirna,,,29
20539,Swan Hill,,,29
20540,Lilydale,,,29
20541,Traralgon,,,29
20542,Box Hill,,,29
20543,Wonthaggi,,,29
20544,Malmsbury,-37.1887679,144.38278,29
20545,Morwell,-38.2362806,146.3977139,29
20546,Tawonga South,,,29
20547,Parkdale,-37.9930593,145.0763034,29
20548,Moe,,,29
20549,Greensborough,,,29
20550,Noble Park,,,29
20551,Bentleigh East,,,29
20552,Bookar,,,29
20553,Springvale,-37.9497002,145.1539023,29
20554,Mulgrave,,,29
20555,Beechworth,,,29
20556,Numurkah,-36.0930602,145.4416699,29
20557,Glen Waverley,,,29
20558,Mount Waverley,,,29
20559,Tawonga,-36.6980345,147.1454227,29
20560,Nhill,,,29
20561,Carlton North,-37.7845585,144.9728553,29
20562,Berwick,,,29
20563,Yarrawonga,,,29
20564,Ferntree Gully,,,29
20565,Orbost,,,29
20566,Queenscliff,-38.2671132,144.6612949,29
20567,Moyhu,-36.5768633,146.3775021,29
20568,Boronia,,,29
20569,Birchip,-35.9827621,142.9159408,29
20570,Robinvale,-34.5840409,142.7739356,29
20571,Dimboola,-36.4554409,142.0270495,29
20572,Warburton,,,29
20573,Bruthen,,,29
20574,Nathalia,,,29
20575,South Purrumbete,-38.347884,143.20557903251813,29
20576,Woodend,-37.3536857,144.5341381,29
20577,Cobram,,,29
20578,Templestowe,,,29
20579,Gramada,43.8345091,22.6520974,1005
20580,Vidin,43.9858809,22.8773117,1005
20581,Bregovo,,,1005
20582,Gomotartsi,44.0912358,22.9679382,1005
20583,Dissay,,,1123
20584,Poitiers,46.5802596,0.340196,1123
20585,Châtellerault,46.8180047,0.545812,1123
20586,Genouillé,46.1069807,0.3372403,1123
20587,Le Rochereau,46.69531465,0.1397228350042823,1123
20588,Montmorillon,46.4249573,0.8682027,1123
20589,Ligugé,46.5201627,0.3325911,1123
20590,Vientiane,,,2269
20591,Viesīte,,,2034
20592,Vihiga,,,2266
20593,Bærum,,,262
20594,Drammen,59.6964936,10.175641950012762,262
20595,Fredrikstad,,,262
20596,Sarpsborg,,,262
20597,Asker,,,262
20598,Lørenskog,,,262
20599,Kongsberg,59.59455005,9.670860075643745,262
20600,Halden,59.0680555,11.537191002239751,262
20601,Hønefoss,,,262
20602,Ullensaker,,,262
20603,Hobøl,,,262
20604,Moss,59.4347974,10.6619753,262
20605,Hurdal,,,262
20606,Nes,60.1705037,11.455117948252838,262
20607,Sørum,,,262
20608,Lunner,,,262
20609,Nesodden,,,262
20610,Rakkestad,,,262
20611,Jevnaker,,,262
20612,Hemsedal,,,262
20613,Ås,59.67928085,10.774163640502412,262
20614,Nannestad,,,262
20615,Ål,,,262
20616,Lillestrøm,,,262
20617,Sudndalen,,,262
20618,Hole,,,262
20619,Sigdal,,,262
20620,Ski,,,262
20621,Modum,60.01051165,10.019163234857526,262
20622,Hurum,59.624111,10.519056,262
20623,Rælingen,,,262
20624,Eidsvoll,,,262
20625,Nedre Eiker,59.75660565,10.038476759332148,262
20626,Rygge,59.3779677,10.7480223,262
20627,Askim,,,262
20628,Krødsherad,,,262
20629,Vestby,59.55985625,10.711865345334502,262
20630,Skedsmo,,,262
20631,Aremark,59.1859253,11.687334481145378,262
20632,Hol,,,262
20633,Spydeberg,,,262
20634,Mysen,,,262
20635,Trøgstad,59.6353728,11.3062298,262
20636,Enebakk,59.7692492,11.104546563719158,262
20637,Svelvik,59.59000155,10.375691563665043,262
20638,Viljandi,58.36454,25.5878074,1674
20639,Vana-Võidu,58.38041315,25.667585596476997,1674
20640,Tarvastu,58.24220015,25.93579669157996,1674
20641,Karksi-Nuia,,,1674
20642,Mõisaküla,58.0920278,25.1836234,1674
20643,Kõo,58.63076305,25.721476944863767,1674
20644,Õisu,,,1674
20645,Sagua la Grande,,,334
20646,Las Villas,22.40077645,-79.96245169707085,334
20647,Vueltas,,,334
20648,Caibarién,,,334
20649,San Juan de los Yeras,22.3329027,-80.1055704,334
20650,Esperanza,22.4452261,-80.0968761,334
20651,Encrucijada,22.6194233,-79.8666486,334
20652,Placetas,22.3142933,-79.6533987,334
20653,San Antonio de las Vueltas,22.5162432,-79.7013103,334
20654,Cifuentes,22.644493,-80.046555,334
20655,Manacas,,,334
20656,Báez,,,334
20657,San Diego del Valle,22.5486509,-80.0969264,334
20658,Manicaragua,22.1502204,-79.9767109,334
20659,Quemado de Güines,22.7874053,-80.2529926,334
20660,Vilnius,,,755
20661,Pabradė,,,755
20662,Ukmergė,,,755
20663,Naujalaukis,54.5937468,24.4836134,755
20664,Miodzioł,,,755
20665,Didžiasalis,54.645425,25.4035598,755
20666,Vepriai,55.150653,24.5742629,755
20667,Žagarinė,54.4481157,25.1061095,755
20668,Lentvaris,,,755
20669,Elektrėnai,,,755
20670,Kalesninkai,54.1928529,24.8410557,755
20671,Šalčininkai,,,755
20672,Nemenčinė,54.8476292,25.4689647,755
20673,Vinnytsia,49.2320162,28.467975,1156
20674,Kysliak,,,1156
20675,Dziunkiv,49.458389,29.444389,1156
20676,Yurkivka,48.69244,28.582584,1156
20677,Zhmerynka,,,1156
20678,Peshchanka,,,1156
20679,Illintsi,49.1136358,29.2024356,1156
20680,Shpykiv,,,1156
20681,Litin,49.3289764,28.0740254,1156
20682,Biliy Kamin,,,1156
20683,Tulchyn,48.6730485,28.8569476,1156
20684,Subotivka,,,1156
20685,Orativ,,,1156
20686,Duplje,45.8624984,13.9473857,1254
20687,Rabcu pri Vipavi,,,1254
20688,Uato-Lari,-8.76831005,126.5734633023754,687
20689,Eagle Rock,39.115068,-78.4579199,908
20690,Newport News,37.0914429,-76.5213892,908
20691,Covington,37.7934528,-79.9939484,908
20692,Fredericksburg,38.3031837,-77.4605399,908
20693,Charlottesville,,,908
20694,Mobjack,37.375138,-76.3474438,908
20695,Virginia Beach,,,908
20696,Roanoke,,,908
20697,Radford,37.1343148,-80.5749169,908
20698,Blacksburg,37.2296566,-80.4136767,908
20699,Fort Belvoir,,,908
20700,Crozier,37.6370639,-77.7971297,908
20701,Martinsville,,,908
20702,The Plains,38.8624506,-77.774073,908
20703,Chesapeake,,,908
20704,Middleburg,38.9690189,-77.7355056,908
20705,Berkley,,,908
20706,Ringgold,36.608194,-79.2952978,908
20707,Williamsburg,37.2708788,-76.7074042,908
20708,Harrisonburg,38.4493315,-78.8688833,908
20709,Lynchburg,37.4137536,-79.1422464,908
20710,Wise,,,908
20711,Ashburn,,,908
20712,Neteča,45.9213559,17.4007441,1444
20713,Nova Bukovica,45.6616494,17.7717552,1444
20714,Navapolatsk,,,99
20715,Orsha,54.5119008,30.4254486,99
20716,Vitebsk,,,99
20717,Haradok,,,99
20718,Polatsk,,,99
20719,Lepiel,,,99
20720,Knyazhitsa,,,99
20721,Ulyanawka,,,99
20722,Palminka,,,99
20723,Pestunitsa,,,99
20724,Vymno,55.4445332,30.335793461178746,99
20725,Chashniki,,,99
20726,Zaslonovo,,,99
20727,Sharkovshchina,,,99
20728,Dolzha,,,99
20729,Podozertsi,,,99
20730,Novalukoml,54.656502,29.1416823,99
20731,Kartevshchina,,,99
20732,Belchytsa,,,99
20733,Tukhinka,,,99
20734,Dubrowna,,,99
20735,Dzyornavichy,,,99
20736,Syanno,,,99
20737,Hlybokaye,,,99
20738,Andreevshchyna,,,99
20739,Montefiascone,42.5379248,12.0309974,713
20740,Tarquinia,,,713
20741,Civita Castellana,42.295226,12.40917,713
20742,Canino,42.4639626,11.7495088,713
20743,Zierbena,43.3518319,-3.082039,347
20744,Bilbao,43.2630018,-2.9350039,347
20745,Bérriz,,,347
20746,Las Arenas,43.326471,-3.0112193,347
20747,Algorta,43.3530429,-3.0134081,347
20748,Guecho,43.3479409,-3.0087671,347
20749,Ceberio,43.1476164,-2.8481716,347
20750,Guernica,43.3143628,-2.6778511,347
20751,Portugalete,,,347
20752,Gallarta,43.3193692,-3.0674382,347
20753,Lejona,43.3271048,-2.9846079,347
20754,Baracaldo,43.29548,-2.9900933,347
20755,Ubide,43.0241516,-2.6888828,347
20756,Getxo,,,347
20757,Yurre (Igorre),43.162763,-2.7786669,347
20758,Ondárroa,,,347
20759,Elgóibar,43.2631852,-2.4935845,347
20760,Santurtzi,,,347
20761,Basauri,43.235372,-2.8920543,347
20762,Amoroto,43.3277464,-2.5147793,347
20763,Abadiño,43.1531317,-2.6078471,347
20764,Deusto,43.2715451,-2.9495998,347
20765,Sestao,43.309341,-3.0074501,347
20766,San Julián de Musques,43.3230375,-3.1243029,347
20767,Arrieta,43.3416679,-2.7693167,347
20768,Lekeitio,43.3637081,-2.5059965,347
20769,Ermua,,,347
20770,Larrabezúa,43.2612471,-2.7959022,347
20771,Elorrio,43.1304644,-2.5426453,347
20772,Leuven,50.879202,4.7011675,93
20773,Tienen,,,93
20774,Oorbeek,50.7987925,4.891046,93
20775,Vilvoorde,50.928711,4.423126,93
20776,Veltem-Beisem,50.9020979,4.6255138,93
20777,Dworp,50.7303901,4.2985231,93
20778,Asse,50.9094333,4.2015646,93
20779,Vossem,50.8354014,4.5607522,93
20780,Sint-Pieters-Leeuw,50.7800261,4.2443604,93
20781,Elewijt,50.96953845,4.507563891854126,93
20782,Merchtem,50.9593636,4.2335677,93
20783,Halle,,,93
20784,Diest,50.9844318,5.0504341,93
20785,Dilbeek,50.84415525,4.26567484962928,93
20786,Weerde,50.9722782,4.479869,93
20787,Opvelp,50.8088266,4.793162,93
20788,Landen,50.7530146,5.0813154,93
20789,Meensel-Kiezegem,50.8966808,4.9167699,93
20790,Sint-Joris-Weert,50.8032485,4.6524453,93
20791,Aarschot,50.9842743,4.836429,93
20792,Overijse,50.7701622,4.5351806,93
20793,Zichem,51.0014178,4.9856978,93
20794,Kessel-Lo,50.8852456,4.7313734,93
20795,Wezemaal,50.9482598,4.7544622,93
20796,Rotselaar,50.9514713,4.7094054,93
20797,Kapelle-op-den-Bos,,,93
20798,Aleksandrov,,,1438
20799,Gorodishchi,,,1438
20800,Kovrov,,,1438
20801,Vladimir,,,1438
20802,Strunino,56.374,38.586,1438
20803,Murom,,,1438
20804,Yerosovo,,,1438
20805,Gus-Khrustalny,,,1438
20806,Mishino,,,1438
20807,Yakimets,,,1438
20808,Balakirevo,,,1438
20809,Mihaljevići,,,1329
20810,Zvornik,,,1329
20811,Vlasenica,44.1671373,18.928396768598613,1329
20812,Srebrenica,,,1329
20813,Himarë,40.102163,19.7472977,1793
20814,Vlorë,40.4707602,19.4912716,1793
20815,Sarandë,,,1793
20816,Kotelnikovo,,,892
20817,Volgograd,48.6484138,44.38497559012991,892
20818,Volzhsky,,,892
20819,Burlatsky,,,892
20820,Kamyshin,,,892
20821,Linyovo,,,892
20822,Verkhnekumsky,,,892
20823,Vozhega,,,928
20824,Cherepovets,,,928
20825,Vologda,59.2264585,39.87223908258888,928
20826,Kergozero,60.5043147,37.38480379784288,928
20827,Sokol,59.462799,40.112858,928
20828,Nikolsk,,,928
20829,Veliky Ustyug,,,928
20830,Malaya Lipenka,,,928
20831,Tyoplyy Ruchey,,,928
20832,Babyevo,,,928
20833,Vasyunino,,,928
20834,Rozbuy,,,928
20835,Aflao,6.1160471,1.1914021,668
20836,Ho,6.6126598,0.4688932,668
20837,Apirede,,,668
20838,Lutsk,,,916
20839,Tsuman,50.82962,25.88413,916
20840,Dovzhitsiya,,,916
20841,Korets,,,916
20842,Kovel,,,916
20843,Karpylivka,50.8452577,25.8445578,916
20844,Zhorany,,,916
20845,Novovolynsk,,,916
20846,Ivanichi,,,916
20847,Kremenets Novy,,,916
20848,Chetvertnia,,,916
20849,Liubeshiv,,,916
20850,Sankt Gallenkirch,,,999
20851,Feldkirch,47.2375671,9.5981724,999
20852,Dornbirn,,,999
20853,Bregenz,,,999
20854,Zwischenwasser,47.281639,9.6638683,999
20855,Muntlix,47.2822845,9.6595002,999
20856,Schwarzach,,,999
20857,Bezau,,,999
20858,Egg,47.4314481,9.8973803,999
20859,Lech am Arlberg,,,999
20860,Warth,,,999
20861,Bludenz,,,999
20862,Hohenems,47.3639973,9.689271,999
20863,Klaus,47.30773405,9.62502506904386,999
20864,Hittisau,,,999
20865,Lustenau,47.4276538,9.6599406,999
20866,Zürs am Arlberg,,,999
20867,Mellau,,,999
20868,Tschagguns,,,999
20869,Schruns,,,999
20870,Andelsbuch,,,999
20871,Altach,,,999
20872,Bartholomäberg,,,999
20873,Hörbranz,47.554821,9.7513786,999
20874,Nüziders,47.1717622,9.8003634,999
20875,Au,,,999
20876,Rankweil,47.2703808,9.6426923,999
20877,Höchst,,,999
20878,Riezlern,,,999
20879,Lauterach,,,999
20880,Alberschwende,,,999
20881,Schlins,47.2049457,9.6978746,999
20882,Götzis,,,999
20883,Chios,,,1707
20884,Mitilini,,,1707
20885,Kleio,,,1707
20886,Lemnos,,,1707
20887,Krasnoye Zagorye,,,1066
20888,Mishenka,,,1066
20889,Voronezh,,,1066
20890,Staraya Veduga,,,1066
20891,Rossosh,,,1066
20892,Kalacheevskiy,,,1066
20893,Losevo,51.732788,38.833374,1066
20894,Khrenovoye,,,1066
20895,Storozhevoye,,,1066
20896,Semiluki,51.690403,39.022186,1066
20897,Bobrov,51.0967999,40.0307798,1066
20898,La Bresse,,,1119
20899,Gérardmer,,,1119
20900,Remiremont,,,1119
20901,Cornimont,,,1119
20902,Épinal,,,1119
20903,Saint-Dié-des-Vosges,48.2873153,6.9477708,1119
20904,Thaon-les-Vosges,48.2504885,6.4192819,1119
20905,Rambervillers,48.3466306,6.6361176,1119
20906,Fresse-sur-Moselle,,,1119
20907,Neufchâteau,48.3553014,5.6948571,1119
20908,Plainfaing,48.1728732,7.0148547,1119
20909,La Chapelle-aux-Bois,48.0375023,6.3326157,1119
20910,Deyvillers,48.2008034,6.5141237,1119
20911,Bussang,,,1119
20912,Mirecourt,48.3005302,6.1312974,1119
20913,Saulcy-sur-Meurthe,48.2376936,6.9604301,1119
20914,Xonrupt-Longemer,,,1119
20915,Châtel-sur-Moselle,48.3131315,6.3932974,1119
20916,Laveline-devant-Bruyères,48.1839836,6.7580586,1119
20917,Ventron,,,1119
20918,Éloyes,48.0926885,6.6112215,1119
20919,Tâmboeşti,,,1600
20920,Focșani,,,1600
20921,Mera,,,1600
20922,Adjud,46.100503,27.181015,1600
20923,Câmpuri,46.0098693,26.806004,1600
20924,Vratsa,,,1104
20925,Chiren,43.330707,23.5795599,1104
20926,Mezdra,,,1104
20927,Pudria,,,1104
20928,Oryahovo,,,1104
20929,Tarnava,43.50116,23.87919,1104
20930,Borovan,43.446358,23.73543162136836,1104
20931,Kozloduy,43.7750934,23.7293313,1104
20932,Mizia,43.689742,23.8536171,1104
20933,Vrhnika,,,2179
20934,Vukovar,,,559
20935,Stari Mikanovci,45.2860426,18.5592723,559
20936,Vinkovci,45.2652826,18.803858221195988,559
20937,Korođ,45.406716,18.7448303,559
20938,Vuzenica,46.5987762,15.16477,1606
20939,Nové Město na Moravě,,,530
20940,Jihlava,,,530
20941,Třebíč,,,530
20942,Oudoleň,,,530
20943,Pelhřimov,49.4308737,15.2232341,530
20944,Havlíčkův Brod,,,530
20945,Žďár nad Sázavou,,,530
20946,Okříšky,49.2455475,15.7692189,530
20947,Studnice,,,530
20948,Petrovice u Třebíče,49.23812995,15.795219862621517,530
20949,Radňovice,,,530
20950,Golčův Jeníkov,,,530
20951,Třešť,49.2911919,15.4830063,530
20952,Vojnův Meštec,,,530
20953,Horní Cerekev,,,530
20954,Chotěboř,,,530
20955,Počátky,,,530
20956,Reženčice,49.36750465,15.35214696560382,530
20957,Jiřice,49.5532182,15.3183362,530
20958,Světlá nad Sázavou,49.6680082,15.403934,530
20959,Želiv,,,530
20960,Râmnicu Vâlcea,,,1227
20961,Tomșani,45.124566,24.046965,1227
20962,Câineni,45.51541775,24.302758009519764,1227
20963,Urzicuta,,,1227
20964,Berislăvești,,,1227
20965,Călimănești,,,1227
20966,Karlstad,,,434
20967,Torsby,60.5,13.083333,434
20968,Filipstad,59.7,14.183333,434
20969,Forshaga,,,434
20970,Kristinehamn,,,434
20971,Charlottenberg,,,434
20972,Säffle,59.116667,12.85,434
20973,Arvika,59.766667,12.65,434
20974,Hammarö,,,434
20975,Björneborg,,,434
20976,Årjäng,,,434
20977,Sysselbäck,,,434
20978,Koppom,,,434
20979,Eda,,,434
20980,Råda,,,434
20981,Älvsbacka,,,434
20982,Grums,59.45,13.083333,434
20983,Kil,,,434
20984,Munkfors,,,434
20985,Lycksele,64.6,18.166667,1435
20986,Umeå,,,1435
20987,Bjurholm,,,1435
20988,Skellefteå,,,1435
20989,Vilhelmina,,,1435
20990,Åsele,,,1435
20991,Nordmaling,,,1435
20992,Norsjö,,,1435
20993,Vännäs,,,1435
20994,Kusmark,,,1435
20995,Sorsele,65.75,16.75,1435
20996,Malå,65.2023976,18.7510343,1435
20997,Sollefteå,63.383333,16.916667,435
20998,Örnsköldsvik,,,435
20999,Sundsvall,62.3907552,17.3071024,435
21000,Härnösand,,,435
21001,Kramfors,,,435
21002,Timrå,,,435
21003,Ånge,,,435
21004,Köpmanholmen,,,435
21005,Västerås,59.6110992,16.5463679,886
21006,Arboga,59.3971086,15.8407053,886
21007,Sala,,,886
21008,Kungsör,,,886
21009,Köping,,,886
21010,Surahammar,,,886
21011,Fagersta,,,886
21012,Skinnskatteberg,59.816667,15.75,886
21013,Norberg,60.0864052,15.9533232,886
21014,Nora,,,886
21015,Göteborg (Gothenburg),,,433
21016,Skövde,,,433
21017,Kungälv,57.9,11.916667,433
21018,Mölndal,57.6564918,12.0153085,433
21019,Vänersborg,58.3811988,12.3226877,433
21020,Nödinge,57.8945651,12.0537583,433
21021,Lidköping,58.5037196,13.1576427,433
21022,Borås,,,433
21023,Åmål,58.983838,12.6126708,433
21024,Ulricehamn,57.8,13.383333,433
21025,Strömstad,58.9377567,11.1736096,433
21026,Uddevalla,58.3490555,11.9382855,433
21027,Lysekil,58.3965726,11.4196339,433
21028,Munkedal,58.55,11.666667,433
21029,Vårgårda,58.0340071,12.7769271,433
21030,Mariestad,,,433
21031,Partille,57.7333362,12.1166649,433
21032,Öckerö,,,433
21033,Tibro,,,433
21034,Tidaholm,58.2,13.933333,433
21035,Bergsjön,,,433
21036,Falköping,58.2,13.516667,433
21037,Lerum,57.833333,12.3,433
21038,Trollhättan,,,433
21039,Alingsås,,,433
21040,Angered,,,433
21041,Götene,,,433
21042,Vanersnas,,,433
21043,Gråbo,,,433
21044,Blidsberg,,,433
21045,Svenljunga,57.483333,13.1,433
21046,Lilla Edet,,,433
21047,Rydboholm,,,433
21048,Tanum,58.75,11.416667,433
21049,Mölnlycke,57.6583613,12.1135762,433
21050,Stenungsund,,,433
21051,Skara,,,433
21052,Töreboda,58.716667,14.1,433
21053,Karlsborg,58.583333,14.5,433
21054,Herrljunga,,,433
21055,Urvaste,57.9145071,26.5829128,941
21056,Võru,,,941
21057,Vastseliina,57.7324535,27.2822103,941
21058,Antsla,,,941
21059,Kirumpää,57.8652042,26.99240161233483,941
21060,Vĩnh Long,,,2554
21061,Tokoroa,,,1105
21062,Matamata,,,1105
21063,Morrinsville,,,1105
21064,Waihi,-37.391462,175.8403538,1105
21065,Paeroa,-37.3804671,175.6704263,1105
21066,Waiuku,-37.359169,174.70573578797428,1105
21067,Te Kuiti,,,1105
21068,Ngaruawahia,-37.6662658,175.1500534,1105
21069,Thames,,,1105
21070,Putaruru,-38.0511675,175.7789554,1105
21071,Otorohanga,-38.186037,175.2112083,1105
21072,Taupo,,,1105
21073,Te Awamutu,-38.0101564,175.3257827,1105
21074,Te Aroha,,,1105
21075,Wakayama,,,358
21076,Yuasa,,,358
21077,Hashimoto,34.3258291,135.6190034,358
21078,Kudoyama,34.2771651,135.5723119,358
21079,Tanabe,,,358
21080,Arida,,,358
21081,Kamitonda,,,358
21082,Ito District,,,358
21083,Neath,,,22
21084,Hawarden,53.1847774,-3.0266607,22
21085,Llanferres,53.1361273,-3.2147508,22
21086,Port Talbot,51.5952353,-3.7824148,22
21087,Merthyr Tydfil,51.7455659,-3.3786082,22
21088,Chepstow,,,22
21089,Cardiff,,,22
21090,Corris,52.6526395,-3.8428724,22
21091,Caldicot,51.5912466,-2.7517629,22
21092,Bridgend,51.5049859,-3.5756674,22
21093,Penallt,51.7780024,-2.6974126897992035,22
21094,Aberdare,,,22
21095,Carmarthen,,,22
21096,Pontypridd,,,22
21097,Criccieth,52.9206106,-4.2332414,22
21098,Blaina,51.7645432,-3.1602994,22
21099,Abertillery,,,22
21100,Llanbradach,,,22
21101,Morriston,51.6667495,-3.9243273,22
21102,Mountain Ash,51.6821033,-3.3764418,22
21103,Lawrenny,,,22
21104,Maesteg,51.6088841,-3.6583848,22
21105,Kerry,52.5049415,-3.2342335,22
21106,Nantymoel,51.6262972,-3.5423467,22
21107,Llangollen,52.9694033,-3.1711111,22
21108,Barry,51.4065052,-3.2666925,22
21109,Aberystwyth,52.4143113,-4.0816846,22
21110,Caerphilly,,,22
21111,St Asaph,,,22
21112,Presteigne,52.2724167,-3.0059756,22
21113,Troedyraur,52.0815189,-4.4433331,22
21114,Penarth,51.4357312,-3.175096,22
21115,Abergavenny,,,22
21116,Chirk,52.9320109,-3.056386,22
21117,Llanllawddog,51.9426937,-4.2455143,22
21118,Wrexham,53.0465084,-2.9937869,22
21119,Prestatyn,53.3345598,-3.4029487,22
21120,Rhondda Valley,,,22
21121,Ferndale,51.6604343,-3.447014,22
21122,Upper Cwmbran,51.6653886,-3.0482436,22
21123,Tredegar,51.7732557,-3.2469535,22
21124,Bodelwyddan,,,22
21125,Abbeycwmhir,52.3313804,-3.3905287,22
21126,Porthcawl,51.4795563,-3.7040704,22
21127,Blaenavon,51.7728191,-3.0843833,22
21128,Llanbedr,52.8203328,-4.109581,22
21129,Griffithstown,51.6887716,-3.0322361,22
21130,Cwmbach,51.7069389,-3.4144803,22
21131,Llanelli,51.6797331,-4.1620223,22
21132,Haverfordwest,51.8021275,-4.9684249,22
21133,Abercynon,51.6430833,-3.3296312,22
21134,Tonypandy,51.6246695,-3.4595279,22
21135,Gorseinon,51.6693797,-4.0415918,22
21136,Llanover,51.7684936,-2.9970159,22
21137,Ystrad,,,22
21138,Llansteffan,51.772463,-4.3927996,22
21139,Ammanford,,,22
21140,Cowbridge,51.4616852,-3.4472705,22
21141,St Davids,,,22
21142,Blackwood,,,22
21143,Builth Wells,,,22
21144,Caernarfon,53.1394364,-4.2769751,22
21145,Abertysswg,51.7425871,-3.2601049,22
21146,Pretzsch,,,1943
21147,Olsztyn,,,146
21148,Mikołajki,53.7981816,21.5772462,146
21149,Prostki,53.7005864,22.4324226,146
21150,Ostróda,53.7028533,19.9623028,146
21151,Elbląg,54.1988997,19.44108568736702,146
21152,Biesal,53.7227038,20.1913907,146
21153,Kętrzyn,,,146
21154,Zalewo,,,146
21155,Iłowo-Osada,53.1669769,20.2976146,146
21156,Ostrzeszewo,53.7656342,20.5367517,146
21157,Węgorzewo,54.2138162,21.7416569,146
21158,Sulimy,53.6569021,22.0829731,146
21159,Drygały,53.6850655,22.1066885,146
21160,Mrągowo,53.8685741,21.305158654982986,146
21161,Raczek,,,146
21162,Morąg,53.9119982,19.9279895,146
21163,Ełk,,,146
21164,Korsze,54.1707614,21.1442323,146
21165,Giżycko,54.040092,21.7713092,146
21166,Nidzica,,,146
21167,Braniewo,54.3791309,19.82222248898661,146
21168,Lubawa,53.5005027,19.73544859292484,146
21169,Bartoszyce,54.2534341,20.80839323665569,146
21170,Olsztynek,53.5834201,20.2816198,146
21171,Iława,,,146
21172,Susz,53.7166619,19.3385289,146
21173,Dobre Miasto,,,146
21174,Biskupiec,,,146
21175,Łęgajny,53.82065,20.63563,146
21176,Katlewo,53.4075975,19.813503,146
21177,Pasłęk,54.0626346,19.6565365,146
21178,Gajrowskie,54.0470587,22.1842092,146
21179,Lidzbark Warmiński,,,146
21180,Henryków,,,146
21181,Szczytno,,,146
21182,Gołdap,54.3080218,22.3018802,146
21183,Samoniny,,,146
21184,Pisz,,,146
21185,Działdowo,53.2406366,20.184686473571944,146
21186,Tolkmicko,54.3201802,19.5270187,146
21187,Maleczewo,53.7749882,22.301057,146
21188,Reszel,,,146
21189,Barde,,,2532
21190,Seattle,47.6038321,-122.330062,462
21191,Redmond,,,462
21192,Tacoma,47.2455013,-122.438329,462
21193,Spokane,47.6571934,-117.42351,462
21194,Sedro-Woolley,48.504994,-122.235109,462
21195,Oak Harbor,,,462
21196,Coupeville,,,462
21197,Olympia,47.0451022,-122.8950075,462
21198,Renton,,,462
21199,Port Townsend,48.1179702,-122.769544,462
21200,Bothell,47.7623204,-122.2054035,462
21201,Leroy,31.493721,-87.96583386165612,462
21202,Shoreline,,,462
21203,Port Angeles,48.118146,-123.430741,462
21204,Federal Way,,,462
21205,Shelton,,,462
21206,Montesano,46.9812063,-123.602662,462
21207,Mercer Island,47.5766324,-122.2276378,462
21208,Wenatchee,,,462
21209,Yakima,46.601557,-120.510842,462
21210,Pullman,46.7304268,-117.173895,462
21211,Puyallup,,,462
21212,Richland,,,462
21213,Chehalis,46.6599653,-122.963432,462
21214,Omak,,,462
21215,Tonasket,,,462
21216,Bremerton,,,462
21217,Walla Walla,46.2055155,-118.5174284,462
21218,Port Gamble,47.8542606,-122.583758,462
21219,Tieton,46.7020686,-120.75535,462
21220,Gig Harbor,,,462
21221,Prosser,,,462
21222,Ellenburg,,,462
21223,Colville,48.5465695,-117.905537,462
21224,Moses Lake,,,462
21225,White Salmon,,,462
21226,Poulsbo,47.7391366,-122.63928,462
21227,Wasit,,,2354
21228,Dungarvan,52.0897488,-7.6210306,699
21229,Ring Gaelteacht,,,699
21230,Woodstown,52.2032227,-7.015218085411178,699
21231,Sandalankawa,,,2505
21232,Mongomo,,,2374
21233,Lower Hutt,,,263
21234,Upper Hutt,,,263
21235,Carterton,-41.0243023,175.5259467,263
21236,Porirua,,,263
21237,Masterton,,,263
21238,Paremata,,,263
21239,Featherston,-41.1168142,175.3227241,263
21240,Petone,-41.2249675,174.8790351,263
21241,Paraparaumu,,,263
21242,Alt-Plötzin,,,1940
21243,Kekem,,,2138
21244,Bafoussam,,,2138
21245,Bangou,,,2138
21246,Njissé,,,2138
21247,Lafé-Baleng,,,2138
21248,Baleveng,,,2138
21249,Bandjoun,,,2138
21250,Kolkata (Calcutta),22.6012775,88.3841474,26
21251,Darjeeling,,,26
21252,Siliguri,,,26
21253,Baranagar,,,26
21254,Adra,23.495768,86.6746476,26
21255,Bankura,23.132377,87.20819250835955,26
21256,Krishnagar,22.1894844,88.6955123,26
21257,Bishnupur,,,26
21258,Jalpaiguri,26.62628045,88.73344851670664,26
21259,Howrah,22.5736296,88.3251045,26
21260,Khidirpur,22.5376181,88.3158211,26
21261,Hokitika,,,800
21262,Greymouth,-42.4499469,171.2079875,800
21263,Dunollie,,,800
21264,West End,26.6850232,-78.9647591,1880
21265,Kaptabuk,,,2229
21266,Kapenguria,,,2229
21267,Halleck,39.4792529,-79.9392345,457
21268,Parkersburg,39.2667309,-81.5620755,457
21269,Roane County,38.6943369,-81.3366149,457
21270,Bens Run,39.4577235,-81.1157084,457
21271,Kingwood,39.4717557,-79.6833884,457
21272,Fairview,,,457
21273,Oswald,,,457
21274,Martinsburg,39.4562528,-77.9639604,457
21275,Fairmont,39.4850848,-80.1425781,457
21276,Wheeling,40.0639616,-80.7209149,457
21277,Cheylan,38.1948904,-81.50156730855767,457
21278,Wellsburg,,,457
21279,Charles Town,39.2891836,-77.859581,457
21280,Gits,50.9968855,3.095616,95
21281,Oostnieuwkerke,50.9404849,3.0592908,95
21282,Kortrijk,,,95
21283,Oostende (Ostend),,,95
21284,Brugge (Bruges),,,95
21285,Roeselare,50.9444948,3.124765,95
21286,Ieper (Ypres),50.85169675,2.891473683275896,95
21287,Beernem,51.1405698,3.3347317,95
21288,Bredene,51.2408491,2.9647914,95
21289,Sint-Andries,51.1920224,3.1780136262253955,95
21290,Poperinge,,,95
21291,Sint-Michiels,51.18087935,3.2078641093492006,95
21292,Knokke,,,95
21293,Veurne,,,95
21294,Lombardsijde,51.1490698,2.7568759,95
21295,Varsenare,51.1900214,3.1433949,95
21296,Izegem,,,95
21297,Anzegem,50.8325437,3.478405,95
21298,Oudenburg,51.1841877,3.0049405,95
21299,Tielt,,,95
21300,Rollegem-Kapelle,50.8688267,3.1455823,95
21301,Menen,50.7937353,3.167044465823752,95
21302,Waregem,50.8868222,3.4323622,95
21303,Oekene,50.9208558,3.1602762,95
21304,Deerlijk,,,95
21305,Nieuwpoort,51.1294306,2.751666,95
21306,Torhout,51.0587812,3.091151794323812,95
21307,Heule,50.8433241,3.2348571,95
21308,Zwevegem,50.78285655,3.375586376478683,95
21309,Blankenberghe,51.3112589,3.1323429,95
21310,Wingene,51.0581655,3.2779667,95
21311,Nieuwkapelle,50.9991723,2.7999065,95
21312,Diksmuide,,,95
21313,Klerken,50.9980095,2.9047521,95
21314,Egem,51.0150187,3.2594327,95
21315,Lendelede,50.8863643,3.2380365,95
21316,Vlamertinge,50.8553795,2.8218204,95
21317,Kumasi,,,524
21318,Bakau,,,524
21319,Sekondi,4.937,-1.7127928,524
21320,Fort Portal,0.6561907,30.2779432,524
21321,Tanji,,,524
21322,Sekondi-Takoradi,4.927456,-1.7490216,524
21323,Kiunga,,,524
21324,Suam,,,524
21325,Takoradi,4.887401,-1.7519316,524
21326,Sibanor,,,524
21327,Brikama,,,524
21328,Banjulunding,,,524
21329,Mongu,,,524
21330,Sefwi,,,524
21331,Merredin,,,88
21332,Cunderdin,,,88
21333,Cottesloe,-31.9955715,115.7558367,88
21334,Bunbury,,,88
21335,North Fremantle,-32.0327438,115.7549789,88
21336,Fremantle,,,88
21337,East Fremantle,-32.035363000000004,115.76878040412583,88
21338,Joondalup,,,88
21339,Margaret River,-33.9531776,115.0769369,88
21340,Dampier,,,88
21341,Manjimup,-34.626374,116.28260393544473,88
21342,Kalgoorlie,-30.7464139,121.473223,88
21343,Middle Swan,-31.8599389,116.0180672,88
21344,Kelmscott,-32.1164024,116.0163062,88
21345,Day Dawn,-27.4666649,117.8666818,88
21346,Northam,-31.6535192,116.6726927,88
21347,Narrogin,-32.9341978,117.1778676,88
21348,Viveash,,,88
21349,Moora,,,88
21350,Mount Lawley,,,88
21351,Busselton,,,88
21352,Geraldton,,,88
21353,Attadale,,,88
21354,Karratha,,,88
21355,Mullewa,,,88
21356,Broome,,,88
21357,Port Hedland,,,88
21358,Mahogany Creek,,,88
21359,Leonora,,,88
21360,Dalwallinu,-30.1299745,116.9455416754274,88
21361,Katanning,-33.62429899999999,117.70428061684044,88
21362,Nedlands,-31.9799209,115.8057167,88
21363,Greenmount,,,88
21364,Denmark,-34.936027,117.1316105871886,88
21365,Gwelup,,,88
21366,Mount Claremont,,,88
21367,Pinjarra,,,88
21368,Esperance,,,88
21369,Collie,,,88
21370,South Perth,-31.9809661,115.8639433,88
21371,Nannup,,,88
21372,Kellerberrin,,,88
21373,Wyndham,,,88
21374,Dianella,,,88
21375,Victoria Park,-31.9723554,115.8954511,88
21376,Mosman Park,-32.0178686,115.7637593,88
21377,Wau,,,2375
21378,Cape Town,,,25
21379,Bellville,-33.9064324,18.6270614,25
21380,Caledon,,,25
21381,Somerset West,-34.0822195,18.8489342,25
21382,Robben Island,-33.805299950000006,18.36888354984039,25
21383,Albertinia,,,25
21384,Hartenbos,,,25
21385,Bredasdorp,,,25
21386,Oudtshoorn,,,25
21387,Stellenbosch,-33.934444,18.869167,25
21388,Mosselbay,,,25
21389,Kenwyn,,,25
21390,Wynberg,,,25
21391,Robertson,,,25
21392,Malmesbury,,,25
21393,Clanwilliam,,,25
21394,Parow,-33.9025,18.5869444,25
21395,Piketberg,,,25
21396,Paarl,,,25
21397,George,,,25
21398,Kraaifontein,,,25
21399,Velddrif,,,25
21400,Banz,,,2394
21401,Athlone,53.4228434,-7.9425897,1505
21402,Savanna-La-Mar,18.2193686,-78.1326673,1896
21403,Georges Plain,,,1896
21404,Campile,52.2879607,-6.9413398,949
21405,Wexford,,,949
21406,Kilmacanogue,,,1282
21407,Delgany,,,1282
21408,Rathdrum,52.9316289,-6.2313761,1282
21409,Wicklow,,,1282
21410,Arklow,52.79683525,-6.151457033480968,1282
21411,Heatherbrook,,,1282
21412,Poznań,52.4082663,16.9335199,275
21413,Piła,,,275
21414,Szczytniki Duchowne,52.51853,17.67192,275
21415,Gniezno,52.52465015,17.598152438162245,275
21416,Śrem,52.0893322,17.0156809,275
21417,Środa Wielkopolska,,,275
21418,Nekla,,,275
21419,Wielichowo,,,275
21420,Goślinowo,52.57304,17.61765,275
21421,Kalisz,51.74736505,18.079590087700037,275
21422,Oborniki,,,275
21423,Opalenica,52.3088119,16.4124256,275
21424,Koło,,,275
21425,Sompolno,52.3884355,18.5030075,275
21426,Gostyń,,,275
21427,Zbąszyń,52.2501028,15.9209286,275
21428,Rawicz,,,275
21429,Leszno,51.8436498,16.5744141,275
21430,Kępno,,,275
21431,Zakrzewo,52.3991372,16.7189385,275
21432,Książ,,,275
21433,Tykadłów,51.8581882,18.1296397,275
21434,Trzeboń,,,275
21435,Turek,,,275
21436,Ostrowo,51.6471864,17.80376070395092,275
21437,Grodzisk Wielkopolski,,,275
21438,Krotoszyn,51.695926,17.4374158,275
21439,Trzcianka,,,275
21440,Walkowice,53.01985,16.59485,275
21441,Ostrów Wielkopolski,,,275
21442,Grabionna,53.11812,17.05653,275
21443,Nowy Tomyśl,,,275
21444,Kościan,,,275
21445,Wągrowiec,,,275
21446,Swarzędz,,,275
21447,Kostrzyń,,,275
21448,Jarocin,51.9739233,17.5011254,275
21449,Bojanowo,,,275
21450,Urbanowo,52.27095,16.40587,275
21451,Września,,,275
21452,Kopanie,51.838046,16.8627279,275
21453,Sieraków,52.6513857,16.0808137,275
21454,Orliczko,,,275
21455,Bartoszewice,,,275
21456,Starzyny,52.4939724,16.7555085,275
21457,Rudno,,,275
21458,Przyłęki,,,275
21459,Jabłonowo,52.6551804,16.1928884,275
21460,Kramsk,52.2666155,18.4259533,275
21461,Lipka Krajeńska,53.4972794,17.2572823,275
21462,Złotów,53.3631938,17.034694,275
21463,Baszków,51.6801786,17.2896263,275
21464,Łuczywno,52.2932086,18.5059748,275
21465,Konin,52.25590205,18.26786621174872,275
21466,Rybin,51.37292,17.73801,275
21467,Drachowo,52.4438664,17.6527196,275
21468,Robaczynie,,,275
21469,Luboń,52.3458174,16.8784788,275
21470,Strzałkowo,52.3110408,17.814898,275
21471,Chomęcice,52.3317159,16.7469373,275
21472,Zasutowo,52.3511281,17.4669659,275
21473,Pobiedziska,52.4773387,17.2870352,275
21474,Szamotuły,,,275
21475,Pogrzybów,51.7098006,17.7143356,275
21476,Chodzież,,,275
21477,Nowy Karmin,51.8213565,17.6627816,275
21478,Podrzewie,52.49592,16.38859,275
21479,Mochy,52.0020459,16.1703641,275
21480,Wien (Vienna),,,92
21481,Simmering,48.1694815,16.419897239942376,92
21482,Süßenbrunn,48.277789,16.494958,92
21483,Floridsdorf,48.27981505,16.412134555336003,92
21484,Hietzing,48.17854095,16.25298581556564,92
21485,Erlaa,48.1451262,16.30878158845671,92
21486,Oberlaa,48.1423146,16.3998868,92
21487,Ottakring,,,92
21488,Alt-Erlaa,48.1479404,16.3090157,92
21489,Unterdöbling,48.2477929,16.3486163,92
21490,Inzersdorf,48.1479542,16.3522127,92
21491,Willingen,,,2062
21492,Merrill,45.180522,-89.683459,548
21493,Sheboygan,43.7128967,-87.9370433,548
21494,Janesville,42.6829765,-89.0226793,548
21495,Wausau,,,548
21496,West Allis,,,548
21497,De Pere,,,548
21498,Stevens Point,,,548
21499,Milwaukee,,,548
21500,Deerfield,43.0519434,-89.0756675,548
21501,Albion,42.8803036,-89.0691508,548
21502,La Crosse,,,548
21503,River Falls,,,548
21504,Waukesha,,,548
21505,North Richmond,44.2731164,-88.4159088,548
21506,Green Bay,,,548
21507,Wild Rose,44.1800174,-89.2475259,548
21508,Eau Claire,,,548
21509,West Bend,,,548
21510,Racine,42.7260523,-87.7825242,548
21511,Kenosha,42.5846773,-87.8212263,548
21512,Cedarburg,43.2966545,-87.9875348,548
21513,Waumandee,44.3034151,-91.7054367,548
21514,Fond du Lac,43.7533414,-88.4493796,548
21515,Perry Township,,,548
21516,Prairie du Chien,,,548
21517,Waupun,43.633216,-88.7296352,548
21518,True,,,548
21519,Cheeseville,43.468888,-88.0806488,548
21520,Platteville,,,548
21521,Stoughton,,,548
21522,Siren,,,548
21523,Wisconsin Rapids,,,548
21524,Neenah,,,548
21525,Lake Geneva,,,548
21526,New Diggings,42.5354858,-90.335498,548
21527,Oshkosh,,,548
21528,Oconomowoc,,,548
21529,Waupaca,44.4927889,-88.9650419,548
21530,Portage,,,548
21531,Poynette,,,548
21532,Brookfield,,,548
21533,Pulaski,,,548
21534,Little Black,45.1060795,-90.3295838,548
21535,Elkhorn,42.6719206,-88.543494,548
21536,Menomonie,,,548
21537,Dodgeville,,,548
21538,Gillette,45.50930105,-89.4199702444993,548
21539,Mequon,,,548
21540,Plover,,,548
21541,Colfax,,,548
21542,Hales Corners,,,548
21543,Minocqua,,,548
21544,Greendale,,,548
21545,Fort Atkinson,42.9288944,-88.8370509,548
21546,Dousman,,,548
21547,Bitam,2.0786422,11.4944412,1643
21548,Séguéla,,,2349
21549,Jackson Hole,43.684017,-110.4436629263118,1692
21550,Riverton,,,1692
21551,Casper,,,1692
21552,Lander,,,1692
21553,Cheyenne,,,1692
21554,Big Horn,44.4952545,-108.0024782,1692
21555,Worland,44.0168463,-107.955772,1692
21556,Rock Springs,,,1692
21557,Ili Kazakh,,,883
21558,Hotan,37.1144827,79.9200157,883
21559,Ürümqi,43.419754,87.319461,883
21560,Altay,,,883
21561,Jeminay County,,,883
21562,Fuyun,,,883
21563,Karamay,,,883
21564,Kashi (Kashgar),,,883
21565,Çartar,39.7477778,47.0113889,1858
21566,Urgench,,,1084
21567,Shovot district,,,1084
21568,Gökçedere,40.6074878,29.173104,1840
21569,Sakata,,,221
21570,Yamagata,38.2553393,140.3400205,221
21571,Obanazawa,,,221
21572,Mamurokawa,,,221
21573,Kanayama,,,221
21574,Nagai,,,221
21575,Tsuruoka,,,221
21576,Yonezawa,,,221
21577,Shonai,38.8499339,139.9042443,221
21578,Mogami,,,221
21579,Nanyang,,,221
21580,Hikari,,,851
21581,Fukue,34.0471135,130.9156608,851
21582,Iwakuni,,,851
21583,Shunan,,,851
21584,Hagi,,,851
21585,Nagato,,,851
21586,Shimonoseki,,,851
21587,Hofu,,,851
21588,Ube,,,851
21589,Yamaguchi,,,851
21590,Gubkinsky,,,2065
21591,Novy Urengoy,,,2065
21592,Salekhard,,,2065
21593,Labytnangi,,,2065
21594,Isawa,,,1516
21595,Minami-Alps,,,1516
21596,Kobuchisawa,,,1516
21597,Fuefuki,,,1516
21598,Yamanashi,,,1516
21599,Kofu,,,1516
21600,Otsuki,,,1516
21601,Enzan,,,1516
21602,Fujiyoshida,,,1516
21603,Higashiyamanashi,,,1516
21604,Valchi Izvor,42.1445909,26.9158724,1455
21605,Yambol,42.483935,26.5105553,1455
21606,Kalchevo,42.4308251,26.6056693,1455
21607,General Inzovo,42.31996,26.4343699,1455
21608,Malomir,42.2807801,26.5177099,1455
21609,Elhovo,,,1455
21610,Kukorevo,,,1455
21611,Yamoussoukro,,,2523
21612,Yangon (Rangoon),16.8305877,96.2191864,549
21613,Yaritagua,,,2042
21614,Nirgua,,,2042
21615,Yaroslavl,,,1221
21616,Rybinsk,,,1221
21617,Lykoshino,,,1221
21618,Savino,,,1221
21619,Olebino,,,1221
21620,Gavrilov-Yam,,,1221
21621,Yasothon,,,2396
21622,Yazd,,,2213
21623,Yerevan,,,154
21624,Yerushalayim (Jerusalem),,,1597
21625,Yevlax,,,2241
21626,Birobidzhan,,,2178
21627,Paron,,,1200
21628,Sens,,,1200
21629,Vault-de-Lugny,47.49806,3.85011,1200
21630,Courson-les-Carrières,47.6142957,3.5006656,1200
21631,Coulanges-la-Vineuse,47.7006728,3.5811877,1200
21632,Auxerre,47.7961287,3.570579,1200
21633,Champs-sur-Yonne,47.739362,3.6014046,1200
21634,Charbuy,47.8228,3.4658,1200
21635,El Negrito,,,2142
21636,Olanchito,,,2142
21637,El Progreso,,,2142
21638,Yozgat,39.8221974,34.8080972,1059
21639,Yigitler,39.2790149,34.9516802,1059
21640,Boğazlıyan,39.191259,35.2462844,1059
21641,Whitehorse,,,992
21642,Qujing,,,1595
21643,Xiaobaihu,,,1595
21644,Zhaotong,,,1595
21645,Lijiang,26.8595868,100.2249797,1595
21646,Kunming,,,1595
21647,Tonghai,,,1595
21648,Tengchong,25.0283988,98.4936839,1595
21649,Heqing,26.5635805,100.1751503,1595
21650,Houilles,48.9229416,2.1868998,2
21651,Saint-Quentin-en-Yvelines,48.7818613,2.015952118728746,2
21652,Orgeval,48.9175,1.96982,2
21653,Mantes-la-Jolie,,,2
21654,Crespières,48.8821534,1.9202924,2
21655,Saint-Germain-en-Laye,,,2
21656,Croissy-sur-Seine,,,2
21657,Poissy,48.927439,2.0428293,2
21658,Maule,48.9079595,1.8505364,2
21659,Aubergenville,,,2
21660,Le Vésinet,48.894254,2.1347291,2
21661,Meulan,49.0049712,1.9100835,2
21662,Les Mureaux,48.9931578,1.909928,2
21663,Maisons-Laffitte,48.9461437,2.1450951,2
21664,Rambouillet,48.6452851,1.819207,2
21665,Le Port-Marly,,,2
21666,Sartrouville,48.9409016,2.1585037,2
21667,Le Mesnil-Saint-Denis,,,2
21668,Chatou,48.8897044,2.1573695,2
21669,Le Pecq,48.8972505,2.1066273,2
21670,Conflans-Sainte-Honorine,,,2
21671,Louveciennes,48.8616969,2.1130641,2
21672,Vaux-sur-Seine,49.0061998,1.9636465,2
21673,Triel-sur-Seine,48.980925,2.0030818,2
21674,Bougival,48.8642975,2.1377696,2
21675,Sherlovaya Gora,,,425
21676,Chernovskiye Kopi,,,425
21677,Tsagan-Chelutay,,,425
21678,Mogocha,53.7362642,119.7624853,425
21679,Nerchinsk,51.97694,116.588341,425
21680,Tsagan-Oluy,,,425
21681,Chita,,,425
21682,Zugalay,,,425
21683,Novaya Zarya,,,425
21684,Krasnokamensk,,,425
21685,Zacapa,14.9707219,-89.5297411,1825
21686,Teúl de González Ortega,21.3503371,-103.40502595493749,891
21687,Zacatecas,,,891
21688,Guadalupe,,,891
21689,Pánuco,22.97860765,-102.47536382477968,891
21690,Wałcz,,,280
21691,Koszalin,,,280
21692,Połczyn-Zdrój,,,280
21693,Szczecin,,,280
21694,Białogard,,,280
21695,Kołobrzeg,,,280
21696,Stargard Szczeciński,,,280
21697,Chojna,,,280
21698,Niemierzyno,53.80425,15.82744,280
21699,Marcinkowice,53.2673778,16.1861844,280
21700,Gryfino,,,280
21701,Sokółka,,,280
21702,Międzyzdroje,53.9282745,14.448903,280
21703,Sławno,54.36114195,16.6754076140828,280
21704,Świnoujście,,,280
21705,Nowogard,53.6687698,15.1225889,280
21706,Łubowo,53.5865,16.39199,280
21707,Bobolin,,,280
21708,Szczecinek,,,280
21709,Sulimice,,,280
21710,Pyrzyce,,,280
21711,Gryfice,53.9148529,15.1987062,280
21712,Stare Czarnowo,53.2819458,14.7807553,280
21713,Trzebiatów,,,280
21714,Police,,,280
21715,Kamień Pomorski,,,280
21716,Rymań,,,280
21717,Dargosław,54.0011757,15.3836494,280
21718,Płoty,53.8043384,15.2680368,280
21719,Zieleniewo,54.00284,16.33994,280
21720,Ustronie Morskie,54.2135984,15.7560763,280
21721,Trzebież,,,280
21722,Barlinek,,,280
21723,Choszczno,53.1704801,15.4167349,280
21724,Wolin,53.9131743,14.52001388837596,280
21725,Resko,53.7733969,15.4056058,280
21726,Strączno,53.2432975,16.3863291,280
21727,Dołuje,53.4359192,14.4026625,280
21728,Zadar,,,479
21729,Silba,44.38012115,14.69532392398137,479
21730,Karin Gornji,,,479
21731,Žegar,,,479
21732,Bruvno,44.4014245,15.8946906,479
21733,Kisovec,,,2251
21734,Pojatno,45.9042874,15.8021438,1332
21735,Sveti Martin pod Okićem,45.749642,15.7360314,1332
21736,Vučilčevo,,,1332
21737,Donja Lomnica,45.7117085,16.0205866,1332
21738,Zaječar,,,1694
21739,Debelica,43.6639243,22.2546002,1694
21740,Uzhhorod,48.6265186,22.2886512,875
21741,Onokivtsi,,,875
21742,Klyucharky,,,875
21743,Vary,48.123604,22.707464,875
21744,Berehove,48.2050985,22.6453246,875
21745,Velykyi Bereznyi,48.88985,22.45812,875
21746,Velykyi Lazy,,,875
21747,Khust,48.1764917,23.291166,875
21748,Mukachevo,48.4421119,22.7185408,875
21749,Lazeshchyna,,,875
21750,Irshava,48.31924,23.0417599,875
21751,Yasinia,,,875
21752,Zalaegerszeg,46.8415803,16.8456316,944
21753,Keszthely,46.7675081,17.2462801,944
21754,Zalaszentgrót,46.9438023,17.0790205,944
21755,Nagykanizsa,,,944
21756,Nova,46.6851951,16.6779487,944
21757,Sármellék,46.7080843,17.1682755,944
21758,Pakod,46.9569741,16.9941457,944
21759,Nagyfalud,,,944
21760,Kisrada,46.6002783,17.118564,944
21761,Olongapo,,,1809
21762,Cabangan,15.1589463,120.0554631,1809
21763,Chinde,-18.4655802,36.44820938849418,1767
21764,Zamboanga,7.9043,123.3194,951
21765,El Perdigón,41.4135073,-5.7529143,565
21766,Villadepera,,,565
21767,Corrales del Vino,41.3577746,-5.7252637,565
21768,Fresno de la Ribera,41.5287524,-5.5676104,565
21769,Timbara,,,2274
21770,Zanjan,,,2250
21771,Bondoukou,8.0397992,-2.7984258,1904
21772,Tankessi,7.34672,-3.2045512,1904
21773,Kouassi-Datèkro,,,1904
21774,Sombor,,,924
21775,Svetozar Miletić,,,924
21776,Odžaci,,,924
21777,Bezdan,,,924
21778,Crvenka,,,924
21779,Sivac,,,924
21780,Prigrevica,,,924
21781,Telečka,,,924
21782,Apatin,,,924
21783,Široki Brijeg,,,1912
21784,Ljubuški,,,1912
21785,Posušje,43.4712288,17.3271281,1912
21786,Zaporizhzhia,,,1069
21787,Stepnohirsk,,,1069
21788,Melitopol,,,1069
21789,Berdiansk,,,1069
21790,Molochna,,,1069
21791,Enerhodar,,,1069
21792,Novoye,,,1069
21793,Tokmak,,,1069
21794,Hnarovske,,,1069
21795,Zaragoza (Saragossa),,,391
21796,Codo,41.3334059,-0.6994359,391
21797,Mediana de Aragón,41.4666749,-0.7074317,391
21798,Calatayud,,,391
21799,Fuendejalón,,,391
21800,Borja,41.8348235,-1.5337542,391
21801,Tarazona,41.9065093,-1.7216461,391
21802,Novillas,41.9339098,-1.394695,391
21803,Songino sum,,,411
21804,Nömreg sum,,,411
21805,Santmargats sum,,,411
21806,Nuga,,,411
21807,Vlissingen,,,1236
21808,Goes,,,1236
21809,Sas van Gent,51.2277846,3.7999364,1236
21810,Groede,51.3793344,3.5067157,1236
21811,Westkapelle,,,1236
21812,Sint Maartensdijk,51.548799,4.0782993,1236
21813,Hontenisse,,,1236
21814,Kortgene,,,1236
21815,Tholen,,,1236
21816,Hulst,51.331593600000005,4.087732758731072,1236
21817,Kapelle,51.4879711,3.96063,1236
21818,Oostburg,,,1236
21819,Zierikzee,,,1236
21820,Renesse,51.7311823,3.7719799,1236
21821,Ovezande,51.4287982,3.8244515,1236
21822,Heinkenszand,51.4723969,3.8168553,1236
21823,Westdorpe,51.2302243,3.823928,1236
21824,Sistevo,,,1862
21825,Kakanj,,,857
21826,Zenica,,,857
21827,Visoko,,,857
21828,Zavidovići,44.4388706,18.1458239,857
21829,Taraz,,,739
21830,Kolkhoz imena Krupskoy,,,739
21831,Telman,43.6601545,73.7760144,739
21832,Tegistik,43.343063,71.450264,739
21833,Shu,,,739
21834,Mirniy,,,739
21835,Korday,,,739
21836,Karatau,43.176197,70.46489,739
21837,Hangzhou,,,472
21838,Jiaxing,30.7474425,120.7510971,472
21839,Jinhua,,,472
21840,Shaoxing,,,472
21841,Quzhou,,,472
21842,Anji,,,472
21843,Ningbo,,,472
21844,Jiande,,,472
21845,Wenzhou,,,472
21846,Wenling,28.3761941,121.3808408,472
21847,Changxing,,,472
21848,Yongkang,,,472
21849,Xiangshan,,,472
21850,Zhuji,29.7296617,120.1805427,472
21851,Linhai,,,472
21852,Wengzhou,,,472
21853,Lanxi,29.2117769,119.455345,472
21854,Huzhou,,,472
21855,Lishui,,,472
21856,Yueqing,,,472
21857,Tongxiang,,,472
21858,Myroliubivka,50.0814388,28.7896162,1231
21859,Ovruch,,,1231
21860,Zhytomyr,,,1231
21861,Strizhevka,,,1231
21862,Baranivka,,,1231
21863,Berdychiv,,,1231
21864,Polissya,,,1231
21865,Malyn,,,1231
21866,Tetereshti,,,1231
21867,Belokorovichi,,,1231
21868,Leznik,,,1231
21869,Oussouye,12.4889623,-16.5432771,1652
21870,Affinian,,,1652
21871,Mlomp,,,1652
21872,Ziguinchor,,,1652
21873,Bandial,,,1652
21874,Priboj,,,915
21875,Kosjerić,,,915
21876,Užice,,,915
21877,Nova Varoš,,,915
21878,Prijepolje,43.389209,19.6493525,915
21879,Sjenica,,,915
21880,Buđevo,43.1450766,20.0519113,915
21881,Dolní Bečva,49.4549771,18.1941873,437
21882,Kroměříž,49.2984191,17.3929804,437
21883,Zlín,,,437
21884,Valašské Meziříčí,,,437
21885,Vlčnov,,,437
21886,Fryšták,49.2852044,17.6834631,437
21887,Ludkovice,49.1147363,17.7266096,437
21888,Zubří,,,437
21889,Hluk,,,437
21890,Střelná,49.1772695,18.0977088,437
21891,Vsetín,,,437
21892,Uherské Hradiště,,,437
21893,Otrokovice,49.2088284,17.5353865,437
21894,Napajedla,49.1715891,17.5113718,437
21895,Lužná,,,437
21896,Kelč,,,437
21897,Nový Hrozenkov,49.3369685,18.1979346,437
21898,Bystřice pod Hostýnem,,,437
21899,Rožnov pod Radhoštěm,,,437
21900,Uherský Ostroh,,,437
21901,Zomba,,,2265
21902,Covè,7.2999575,2.298927334403489,1285
21903,Zug,,,1153
21904,Baar,,,1153
21905,Voorburg,,,250
21906,Rotterdam,51.9244424,4.47775,250
21907,Delft,,,250
21908,Vlaardingen,,,250
21909,Den Haag (The Hague),,,250
21910,Gouda,52.0114922,4.7106094,250
21911,Ridderkerk,,,250
21912,Leiden,,,250
21913,Bleiswijk,,,250
21914,Oud Ade,,,250
21915,Schiedam,51.91718,4.4019149,250
21916,Nootdorp,,,250
21917,Schiebroek,,,250
21918,Schoonrewoerd,,,250
21919,Nieuwkoop,52.1500947,4.7761706,250
21920,Alblasserdam,51.8599524,4.666202275442476,250
21921,Berkel en Rodenrijs,51.9911323,4.4739774,250
21922,Hazerswoude,,,250
21923,Honselersdijk,,,250
21924,Sliedrecht,51.8250939,4.7741716,250
21925,Maassluis,51.9219917,4.2541194,250
21926,Lisse,,,250
21927,Zoetermeer,52.06228915,4.487754536970652,250
21928,Zevenhuizen,,,250
21929,Boskoop,52.0742348,4.6631166,250
21930,IJsselmonde,,,250
21931,Bodegraven,52.0834347,4.7510872,250
21932,Schoonhoven,,,250
21933,Leimuiden,52.2239922,4.6724358,250
21934,Alphen aan den Rijn,52.1131403,4.6408411999450685,250
21935,Haastrecht,,,250
21936,Leiderdorp,52.15705765,4.543378647059756,250
21937,Wassenaar,,,250
21938,Spijkenisse,,,250
21939,Rijnsburg,52.1893268,4.438952,250
21940,Gorinchem,51.8296133,4.9738743,250
21941,Pijnacker,52.0200581,4.434186,250
21942,Ter Aar,,,250
21943,Krimpen aan den IJssel,51.9166979,4.608369872564271,250
21944,Dirksland,,,250
21945,Leidschendam,,,250
21946,Naaldwijk,51.9930016,4.2074197,250
21947,Oegstgeest,52.1833669,4.472129402976295,250
21948,Woubrugge,,,250
21949,Hellevoetsluis,,,250
21950,Bergschenhoek,,,250
21951,Reeuwijk,,,250
21952,Leerdam,,,250
21953,Nieuwerkerk aan den Ijssel,51.9675284,4.6116776,250
21954,Lekkerkerk,,,250
21955,Hardinxveld,,,250
21956,Vrijenban,52.0169905,4.3646301,250
21957,Hazerswoude-Rijndijk,,,250
21958,Brielle,51.901662,4.1626292,250
21959,Delfshaven,,,250
21960,Maasdam,,,250
21961,Oude Wetering,52.2149902,4.6454613,250
21962,Nieuwveen,,,250
21963,Monster,52.0223028,4.1715344,250
21964,Kralingen,51.9259281,4.5082547,250
21965,Abbenbroek,51.8491758,4.2435913,250
21966,Wateringen,,,250
21967,Westvoorne,,,250
21968,Scheveningen,52.1067449,4.2736937,250
21969,Sassenheim,52.2246356,4.5199218,250
21970,Poeldijk,,,250
21971,De Lier,,,250
21972,Waddinxveen,,,250
21973,Warmond,52.1979528,4.5028721,250
21974,Overschie,51.9385073,4.4300816,250
21975,Rijswijk,52.0446265,4.3188215,250
21976,Koudekerk aan den Rijn,52.1319621,4.5908325,250
21977,Barendrecht,,,250
21978,Oud-Beijerland,51.8214436,4.4164728,250
21979,Oostflakkee,,,250
21980,Capelle aan den IJssel,51.9312552,4.5883596,250
21981,Oudshoorn,52.1512796,4.6548668,250
21982,Zoeterwoude,,,250
21983,Stompwijk,,,250
21984,Meerkerk,52.0704196,4.5358603,250
21985,Roelofarendsveen,,,250
21986,Mijnsheerenland,51.7987352,4.4874953,250
21987,Zwammerdam,,,250
21988,Katwijk aan Zee,52.2048978,4.3965975,250
21989,Middelharnis,,,250
21990,Oude Tonge,51.6914369,4.2138731,250
21991,Hoogvliet,51.8652855,4.3641111,250
21992,Maracaibo,,,555
21993,Sucre,,,555
21994,Santa Bárbara de Zulia,,,555
21995,Machiques,10.0596326,-72.5463146,555
21996,Lagunillas,,,555
21997,Cabimas,,,555
21998,Bachaquero,,,555
21999,Zürich,,,518
22000,Horgen,,,518
22001,Dietikon,,,518
22002,Winterthur,,,518
22003,Bülach,47.5172321,8.5407118,518
22004,Schlieren,,,518
22005,Pfäffikon,,,518
22006,Dielsdorf,,,518
22007,Wetzikon,,,518
22008,Kloten,47.4525133,8.5861477,518
22009,Männedorf,,,518
22010,Rüti,,,518
22011,Wädenswil,,,518
22012,Fischenthal,,,518
22013,Bonstetten,,,518
22014,Uster,,,518
22015,Eglisau,,,518
22016,Adliswil,,,518
22017,Wald,,,518
22018,Thalwil,,,518
22019,Hausen,,,518
22020,Regensdorf,,,518
22021,Dällikon,47.4399418,8.4388272,518
22022,Meilen,47.270428,8.6412249,518
22023,Hombrechtikon,47.2523354,8.7680277,518
22024,Bäretswil,,,518
22025,Urdorf,,,518
22026,Laufen-Uhwiesen,47.6709937,8.6350982,518
22027,Embrach,47.5056384,8.5941089,518
22028,Mönchaltorf,,,518
22029,Feuerthalen,47.6914771,8.64598,518
22030,Obfelden,47.2617701,8.4197059,518
22031,Marthalen,,,518
22032,Oerlikon,47.4104211,8.5445851,518
22033,Stadel bei Niederglatt,47.5280984,8.467585,518
22034,Affoltern am Albis,47.2782467,8.4521518,518
22035,Richterswil,47.2091079,8.7017051,518
22036,Girenbad,,,518
22037,Dübendorf,,,518
22038,Grüt,,,518
22039,Illnau-Effretikon,,,518
22040,Kilchberg,,,518
22041,Hirzel,47.2159036,8.6101778,518
22042,Oberweningen,,,518
22043,Bachs,,,518
22044,Elgg,47.4902329,8.8669115,518
22045,Ellikon an der Thur,47.5633514,8.8242689,518
22046,Stäfa,,,518
22047,Fehraltorf,,,518
22048,Bietenholz,,,518
22049,Brütten,,,518
22050,Truttikon,,,518
22051,Wettswil am Albis,,,518
22052,Hedingen,47.2984412,8.4489755,518
22053,Neftenbach,47.528176,8.6680365,518
22054,Vitoria,42.8465088,-2.6724025,348
22055,Gopegui,42.961898,-2.7286368,348
22056,Murguía,,,348
22057,Llodio,43.1417601,-2.9622358,348
22058,Amurrio,,,348
22059,Aramayona,43.0352061,-2.585761508234,348
22060,Ávila,,,1921
22061,San Miguel de Corneja,40.4873512,-5.2862732,1921
22062,Mariehamn,60.102423,19.94126,1818
22063,Jomala,60.1550371,19.9513366,1818
22064,Tranbjerg,,,2478
22065,Çanakkale,,,932
22066,Korgun,,,2120
22067,İskilip,,,1843
22068,Sungurlu,,,1843
22069,Çorum,,,1843
22070,Çorak,40.3471594,35.0511976,1843
22071,Kargı,40.8827644,34.9105836,1843
22072,Mbandaka,,,1407
22073,Bondamba-Ikengo,,,1407
22074,Tahiti,-17.68734395,-149.44516811423745,18
22075,Chillán,,,2522
22076,Örebro,59.2747287,15.2151181,1040
22077,Karlskoga,,,1040
22078,Kumla,59.3404355,15.2238367,1040
22079,Askersund,58.866667,14.916667,1040
22080,Glanshammar,,,1040
22081,Hällefors,,,1040
22082,Degerfors,,,1040
22083,Lindesberg,59.2329404,15.4824048,1040
22084,Hallsberg,59.05,15.25,1040
22085,Ljusnarsberg,,,1040
22086,Linköping,58.4098135,15.6245252,1041
22087,Motala,,,1041
22088,Norrköping,58.5909124,16.1903511,1041
22089,Åtvidaberg,58.166667,16.0,1041
22090,Finspång,,,1041
22091,Söderköping,58.45,16.333333,1041
22092,Valdemarsvik,58.2,16.6,1041
22093,Ödeshög,58.183333,14.683333,1041
22094,Vadstena,,,1041
22095,Mjölby,,,1041
22096,Nariinteel sum,,,1723
22097,Guchin-Us sum,,,1723
22098,Khujirt sum,,,1723
22099,Kharkhorin sum,,,1723
22100,Taragt,46.07951285,102.819476159464,1723
22101,Sant,46.01859095,103.96560154433809,1723
22102,Arvaikheer sum,,,1723
22103,Bat-Ölzii sum,,,1723
22104,Bogd sum,,,1723
22105,Kadaň,50.3761991,13.2710364,148
22106,Chomutov,,,148
22107,Podbořany,,,148
22108,Most,,,148
22109,Litoměřice,,,148
22110,Teplice,,,148
22111,Ústí nad Labem,,,148
22112,Česká Kamenice,50.7994117,14.4165592,148
22113,Děčín,50.7824196,14.2147221,148
22114,Žatec,50.3274423,13.545952,148
22115,Hrobce,50.4624681,14.230796,148
22116,Roudnice nad Labem,50.4255496,14.2616915,148
22117,Louny,,,148
22118,Litvínov,50.6009532,13.6110485,148
22119,Benešov nad Ploučnicí,50.7413413,14.3112047,148
22120,Meziboří,,,148
22121,Fukov,,,148
22122,Peruc,,,148
22123,Varnsdorf,50.9124244,14.6194058,148
22124,Bílina,50.5486059,13.7746622,148
22125,Budyně nad Ohří,,,148
22126,Jirkov,50.5000597,13.4476266,148
22127,Rumburk,,,148
22128,Lenešice,50.3751609,13.7658954,148
22129,Duchcov,,,148
22130,Modrá,50.7605703,14.0827185,148
22131,Hora Svaté Kateřiny,,,148
22132,Drmaly,,,148
22133,Ledvice,50.5850123,13.7720256,148
22134,Vrbno nad Lesy,50.3225147,13.9069723,148
22135,Běhánky,,,148
22136,Krásná Lípa,50.9145647,14.5062621,148
22137,Lomazice,,,148
22138,Malšovice,50.7351544,14.1697037,148
22139,Črna na Koroškem,,,2069
22140,Adlešiči,,,2052
22141,Đà Nẵng,,,2393
22142,Ērgļi,,,2431
22143,Tarxien,,,2453
22144,Żebbuġ,,,2353
22145,İsmayıllı,40.788056,48.1485653,1787
22146,Üsküdar,41.0265498,29.0151321,259
22147,İstanbul,41.006381,28.9758715,259
22148,Beyazıt,41.009722,28.9665055,259
22149,Gaziosmanpaşa,,,259
22150,Kadıköy,,,259
22151,Şişli,,,259
22152,İzmir,,,1208
22153,Konak,,,1208
22154,Karşıyaka,,,1208
22155,Rāmava,,,2435
22156,Łódź,51.7687323,19.4569911,277
22157,Kutno,52.2220021,19.387595057455435,277
22158,Rożny,51.13045,19.37654,277
22159,Wolbórz,51.5036311,19.830319,277
22160,Tomaszów Mazowiecki,51.5194865,20.033754059009127,277
22161,Opoczno,51.3782439,20.2931754,277
22162,Drzewica,51.4508384,20.4773617,277
22163,Bełchatów,,,277
22164,Zgierz,,,277
22165,Uniejów,51.9741302,18.793245,277
22166,Piątek,52.0689883,19.4799726,277
22167,Pabianice,,,277
22168,Łask,,,277
22169,Grzymaczew,51.5952276,18.4090869,277
22170,Maciszewice,51.6705143,18.4588776,277
22171,Luboszewy,,,277
22172,Sieradz,,,277
22173,Stara Gazomia,51.4969836,19.742513,277
22174,Ozorków,51.9587654,19.289306361024188,277
22175,Piotrków Trybunalski,,,277
22176,Skierniewice,,,277
22177,Łęczyca,,,277
22178,Kamieńsk,51.204172,19.4970714,277
22179,Wyborów,,,277
22180,Rawa Mazowiecka,51.7624929,20.2519293,277
22181,Radomsko,,,277
22182,Karczmy,,,277
22183,Łowicz,,,277
22184,Poddębice,,,277
22185,Dzietrzkowice,51.15685,18.3261,277
22186,Bogusławice,,,277
22187,Wieluń,,,277
22188,Burzenin,,,277
22189,Brodnia,,,277
22190,Głowno,,,277
22191,Konstantynów Łódzki,51.7475546,19.3255118,277
22192,Małecz,51.6182392,20.0063992,277
22193,Ruda Śląska,50.2858001,18.8747933,278
22194,Siemianowice,50.31285075,19.017785857354603,278
22195,Katowice,50.2137321,19.00588775660632,278
22196,Marklowice,,,278
22197,Racibórz,,,278
22198,Piotrowicach Śląskich,,,278
22199,Istebna,,,278
22200,Czechowice-Dziedzice,,,278
22201,Świętochłowice,50.2854551,18.9308513,278
22202,Skoczów,49.7999039,18.7877583,278
22203,Bielsko-Biała,,,278
22204,Gliwice,,,278
22205,Sosnowiec,,,278
22206,Będzin,,,278
22207,Rybnik,50.1105691,18.553187366087336,278
22208,Cieszyn,,,278
22209,Jaworze,,,278
22210,Żory,,,278
22211,Wodzisław Śląski,,,278
22212,Szczyrk,,,278
22213,Czeladź,50.3184581,19.0736572,278
22214,Szopienice,,,278
22215,Żywiec,49.6791207,19.1856696,278
22216,Jasienica,49.8494893,18.9317165,278
22217,Bestwinka,49.60373625,19.11446395,278
22218,Kobyla,50.0948615,18.6708966,278
22219,Rajcza,,,278
22220,Radlin,50.04119,18.464668902631203,278
22221,Chorzów,50.2885563,18.97044253093511,278
22222,Tarnowskie Góry,50.4445194,18.8554757,278
22223,Śródza,,,278
22224,Gotartowice,50.0733316,18.623338066719256,278
22225,Zabrze,50.31428055,18.781576310579183,278
22226,Mysłowice,50.2146692,19.1365177,278
22227,Kostuchna,50.1936046,18.9907024,278
22228,Piekary,50.375779050000006,18.93793888798101,278
22229,Palowice,50.09878,18.72563,278
22230,Knurów,50.2216536,18.6706574,278
22231,Dąbrowa Górnicza,50.3308692,19.2078918,278
22232,Świerklaniec,,,278
22233,Bystra Śląska,,,278
22234,Bytom,,,278
22235,Blachownia,,,278
22236,Wisła,,,278
22237,Kozy,,,278
22238,Jaworznik,50.3981936,19.0705375,278
22239,Pszczyna,49.9778328,18.9425124,278
22240,Wartogłowiec,50.128615,18.9993752,278
22241,Bielsko,,,278
22242,Jastrzębie-Zdrój,,,278
22243,Częstochowa,50.8120466,19.113213,278
22244,Lubliniec,50.6432152,18.686058619494062,278
22245,Kobiernice,,,278
22246,Rogoźnik,50.4015961,19.03412088370241,278
22247,Wędzina,50.8304787,18.5997509,278
22248,Zawiercie,50.4844179,19.4333887,278
22249,Zbrosławice,50.4291109,18.7682495,278
22250,Jastrzębie Zdrój,,,278
22251,Kazimierówka,49.7025,19.0305556,278
22252,Koniaków,,,278
22253,Zwardoń,,,278
22254,Krzanowice,50.017931,18.1216249,278
22255,Tychy,,,278
22256,Drogomyśl,49.8868383,18.7580611,278
22257,Myszków,,,278
22258,Sławków,,,278
22259,Buków,49.999897,18.2886841,278
22260,Buczkowice,,,278
22261,Jaworzno,,,278
22262,Zabrze-Mikulczyce,50.3252412,18.7888578,278
22263,Nowy Bytom,50.2869006,18.8740407,278
22264,Kłobuck,,,278
22265,Węgierska Górce,,,278
22266,Brzeziny,50.3458423,18.974811924542077,278
22267,Truskolasy,50.8666596,18.8268776,278
22268,Orzesze,,,278
22269,Michałkowice,,,278
22270,Dąbrówka Mała,50.2788413,19.06486762109448,278
22271,Bielszowice,,,278
22272,Wyry,,,278
22273,Sucha Góra,50.3986834,18.8630916,278
22274,Lipiny,50.3061132,18.8915787,278
22275,Goleszów,,,278
22276,Roztropice,,,278
22277,Rydułtowy,50.058436,18.4171831,278
22278,Niedobczyce,50.06961925,18.50100426460708,278
22279,Radziechowy,49.6459948,19.1332049,278
22280,Starachowice,,,418
22281,Stary Sokołów,51.1405336,20.3062734,418
22282,Sandomierz,,,418
22283,Kielce,50.85402845,20.60991568734511,418
22284,Skarżysko-Kamienna,,,418
22285,Mostki,50.616617,21.2047522,418
22286,Oględów,50.565097,21.123107,418
22287,Opatowiec,50.2425871,20.7237798,418
22288,Ostrowiec,50.9398768,21.38743,418
22289,Chmielnik,50.6145952,20.7510406,418
22290,Straszów,51.019659,20.3809502,418
22291,Danków,,,418
22292,Kołomań,51.0039748,20.6037971,418
22293,Końskie,,,418
22294,Chmielów,,,418
22295,Staszów,,,418
22296,Bieliny Kapitulne,,,418
22297,Busko-Zdrój,50.46759,20.71919,418
22298,Mozgawa,50.4414667,20.5129906,418
22299,Klimontów,50.6563871,21.4506186,418
22300,Włostów,50.7464985,21.4413527,418
22301,Eustachów,50.9319607,20.2658299,418
22302,Şirvan,39.9549667,48.9455904,1816
22303,Şırnak,,,2382
22304,Şəki,,,2519
22305,Şərur,,,2467
22306,Šempeter pri Gorici,,,2118
22307,Šentjur,,,1623
22308,Šenčur,,,1623
22309,Šiauliai,,,757
22310,Kelmė,,,757
22311,Pakruojis,55.9777084,23.8451797,757
22312,Kuršėnai,,,757
22313,Tyruliai,55.7727388,23.3450716,757
22314,Naujoji Akmenė,,,757
22315,Radviliškis,,,757
22316,Meldiniai,,,757
22317,Steigviliai,56.1906206,24.0067997,757
22318,Aušrėnai,,,757
22319,Šibenik,43.7343845,15.8941361,823
22320,Vodice,43.7602196,15.7788084,823
22321,Knin,44.04085,16.199433,823
22322,Ervenik,44.108204,15.9412748,823
22323,Mokro Polje,44.0823219,16.0457544,823
22324,Drniš,43.8602746,16.1557855,823
22325,Skradin,,,823
22326,Tribunj,43.7561722,15.7461183,823
22327,Goriš,43.8050002,16.0137435,823
22328,Cera,43.706418,16.1892793,823
22329,Škofja Loka,,,2058
22330,Šmartno ob Paki,,,2253
22331,Štip,41.7556912,22.1734492,1589
22332,Kragujevac,,,840
22333,Stragari,,,840
22334,Dolac,,,840
22335,Aranđelovac,,,840
22336,Bečevica,43.9848793,20.6409502,840
22337,Žabljak,,,2514
22338,Griže,,,2227
22339,Žalec,,,2227
22340,Železniki,46.2141585,14.143838,1286
22341,Žilina,,,663
22342,Liptovský Mikuláš,49.0835785,19.612785,663
22343,Dolný Kubín,,,663
22344,Martin,,,663
22345,Sokolče,,,663
22346,Čadca,,,663
22347,Rokytnice,,,663
22348,Horná Štubňa,48.8235821,18.8846711,663
22349,Zákopčie,49.4064256,18.7306004,663
22350,Liptovský Hrádok,,,663
22351,Námestovo,49.423550250000005,19.458483687700223,663
22352,Rabčice,,,663
22353,Ružomberok,,,663
22354,Liptovský Peter,49.0534762,19.733516,663
22355,Važec,,,663
22356,Východná,,,663
22357,Kláštor pod Znievom,,,663
22358,Turzovka,49.4051478,18.6262948,663
22359,Kysucké Nové Mesto,,,663
22360,Vrútky,49.1088603,18.9250702,663
22361,Krásná Hôrka,49.32675205,19.54907036911727,663
22362,Demänová,,,663
22363,Nová Bystrica,49.3450356,19.0111197,663
22364,Žiri,,,2082
22365,Zabreznica,,,2049
22366,Žirovnica,,,2049
22367,Talmaza,,,2149
22368,Ștefan Vodă,,,2149
22369,Antwerp,,,
22370,Squaw Valley,,,
22371,München,,,
22372,Cortina d'Ampezzo,,,
22373,Chamonix,,,
